protocol,model,fold,subject,y_true,y_prob,same_subject_in_train,dataset,seed
P1_image,vgg16,0,HC:V02,0,0.4993293583393097,True,kaggle:spiral,1
P1_image,vgg16,0,HC:V11,0,0.4155639111995697,True,kaggle:spiral,1
P1_image,vgg16,0,PD:V03,1,0.6752167344093323,True,kaggle:spiral,1
P1_image,vgg16,0,PD:V06,1,0.5522024631500244,True,kaggle:spiral,1
P1_image,vgg16,0,PD:V07,1,0.6308838129043579,False,kaggle:spiral,1
P1_image,vgg16,0,PD:V08,1,0.40043318271636963,True,kaggle:spiral,1
P1_image,vgg16,0,HC:V03,0,0.42565014958381653,True,kaggle:spiral,1
P1_image,vgg16,0,HC:V06,0,0.4487966299057007,True,kaggle:spiral,1
P1_image,vgg16,0,HC:V07,0,0.34020084142684937,True,kaggle:spiral,1
P1_image,vgg16,0,HC:V08,0,0.46420952677726746,True,kaggle:spiral,1
P1_image,vgg16,0,HC:V12,0,0.3927457928657532,True,kaggle:spiral,1
P1_image,vgg16,0,HC:V12,0,0.3318771421909332,True,kaggle:spiral,1
P1_image,vgg16,0,HC:V55,0,0.45599186420440674,True,kaggle:spiral,1
P1_image,vgg16,0,HC:V55,0,0.4663563668727875,True,kaggle:spiral,1
P1_image,vgg16,0,HC:V55,0,0.392865926027298,True,kaggle:spiral,1
P1_image,vgg16,0,HC:V55,0,0.4212510287761688,True,kaggle:spiral,1
P1_image,vgg16,0,HC:V55,0,0.43875306844711304,True,kaggle:spiral,1
P1_image,vgg16,0,HC:V55,0,0.44406628608703613,True,kaggle:spiral,1
P1_image,vgg16,0,HC:V55,0,0.417584091424942,True,kaggle:spiral,1
P1_image,vgg16,0,HC:V55,0,0.3734375536441803,True,kaggle:spiral,1
P1_image,vgg16,0,HC:V55,0,0.4962281286716461,True,kaggle:spiral,1
P1_image,vgg16,0,PD:V03,1,0.6431739926338196,True,kaggle:spiral,1
P1_image,vgg16,0,PD:V03,1,0.6079348921775818,True,kaggle:spiral,1
P1_image,vgg16,0,PD:V03,1,0.6736260652542114,True,kaggle:spiral,1
P1_image,vgg16,0,PD:V03,1,0.6343048214912415,True,kaggle:spiral,1
P1_image,vgg16,0,PD:V04,1,0.6028234362602234,True,kaggle:spiral,1
P1_image,vgg16,0,PD:V07,1,0.6461751461029053,False,kaggle:spiral,1
P1_image,vgg16,0,PD:V07,1,0.6171165108680725,False,kaggle:spiral,1
P1_image,vgg16,0,PD:V09,1,0.5910098552703857,True,kaggle:spiral,1
P1_image,vgg16,0,PD:V11,1,0.44408583641052246,True,kaggle:spiral,1
P1_image,vgg16,0,PD:V12,1,0.5531811118125916,True,kaggle:spiral,1
P1_image,vgg16,0,PD:V12,1,0.485508531332016,True,kaggle:spiral,1
P1_image,vgg16,0,PD:V13,1,0.5285689234733582,True,kaggle:spiral,1
P1_image,vgg16,0,PD:V14,1,0.637615978717804,True,kaggle:spiral,1
P1_image,vgg16,1,HC:V01,0,0.5645257234573364,True,kaggle:spiral,1
P1_image,vgg16,1,HC:V04,0,0.5376166105270386,True,kaggle:spiral,1
P1_image,vgg16,1,HC:V05,0,0.6767024397850037,True,kaggle:spiral,1
P1_image,vgg16,1,HC:V07,0,0.6165284514427185,True,kaggle:spiral,1
P1_image,vgg16,1,HC:V09,0,0.5813061594963074,True,kaggle:spiral,1
P1_image,vgg16,1,HC:V10,0,0.5984753966331482,True,kaggle:spiral,1
P1_image,vgg16,1,HC:V55,0,0.622359037399292,True,kaggle:spiral,1
P1_image,vgg16,1,PD:V01,1,0.56817626953125,False,kaggle:spiral,1
P1_image,vgg16,1,PD:V02,1,0.7127761244773865,True,kaggle:spiral,1
P1_image,vgg16,1,PD:V03,1,0.7020000219345093,True,kaggle:spiral,1
P1_image,vgg16,1,PD:V03,1,0.7099770307540894,True,kaggle:spiral,1
P1_image,vgg16,1,PD:V04,1,0.6834136247634888,True,kaggle:spiral,1
P1_image,vgg16,1,PD:V10,1,0.6364421844482422,True,kaggle:spiral,1
P1_image,vgg16,1,PD:V11,1,0.5985388159751892,True,kaggle:spiral,1
P1_image,vgg16,1,PD:V14,1,0.6733037829399109,True,kaggle:spiral,1
P1_image,vgg16,1,HC:V01,0,0.6078174710273743,True,kaggle:spiral,1
P1_image,vgg16,1,HC:V02,0,0.6418053507804871,True,kaggle:spiral,1
P1_image,vgg16,1,HC:V03,0,0.5242469310760498,True,kaggle:spiral,1
P1_image,vgg16,1,HC:V04,0,0.522916316986084,True,kaggle:spiral,1
P1_image,vgg16,1,HC:V06,0,0.5908285975456238,True,kaggle:spiral,1
P1_image,vgg16,1,HC:V08,0,0.6038348078727722,True,kaggle:spiral,1
P1_image,vgg16,1,HC:V09,0,0.5880957841873169,True,kaggle:spiral,1
P1_image,vgg16,1,HC:V10,0,0.5891438722610474,True,kaggle:spiral,1
P1_image,vgg16,1,HC:V11,0,0.579108476638794,True,kaggle:spiral,1
P1_image,vgg16,1,HC:V11,0,0.5791532397270203,True,kaggle:spiral,1
P1_image,vgg16,1,PD:V01,1,0.5645425915718079,False,kaggle:spiral,1
P1_image,vgg16,1,PD:V01,1,0.5968270301818848,False,kaggle:spiral,1
P1_image,vgg16,1,PD:V03,1,0.6950701475143433,True,kaggle:spiral,1
P1_image,vgg16,1,PD:V05,1,0.6955528259277344,True,kaggle:spiral,1
P1_image,vgg16,1,PD:V08,1,0.6082863807678223,True,kaggle:spiral,1
P1_image,vgg16,1,PD:V10,1,0.5997704863548279,True,kaggle:spiral,1
P1_image,vgg16,1,PD:V11,1,0.6134493947029114,True,kaggle:spiral,1
P1_image,vgg16,1,PD:V12,1,0.6689468622207642,True,kaggle:spiral,1
P1_image,vgg16,1,PD:V14,1,0.7044696807861328,True,kaggle:spiral,1
P1_image,vgg16,2,HC:V03,0,0.4918082356452942,True,kaggle:spiral,1
P1_image,vgg16,2,HC:V06,0,0.5024877190589905,True,kaggle:spiral,1
P1_image,vgg16,2,HC:V08,0,0.4808799922466278,True,kaggle:spiral,1
P1_image,vgg16,2,HC:V55,0,0.46752914786338806,True,kaggle:spiral,1
P1_image,vgg16,2,HC:V55,0,0.48477649688720703,True,kaggle:spiral,1
P1_image,vgg16,2,HC:V55,0,0.4888884723186493,True,kaggle:spiral,1
P1_image,vgg16,2,PD:V05,1,0.6035860776901245,True,kaggle:spiral,1
P1_image,vgg16,2,PD:V09,1,0.5582875609397888,True,kaggle:spiral,1
P1_image,vgg16,2,PD:V15,1,0.5202561616897583,False,kaggle:spiral,1
P1_image,vgg16,2,HC:V01,0,0.4626905620098114,True,kaggle:spiral,1
P1_image,vgg16,2,HC:V02,0,0.494010865688324,True,kaggle:spiral,1
P1_image,vgg16,2,HC:V04,0,0.48461422324180603,True,kaggle:spiral,1
P1_image,vgg16,2,HC:V05,0,0.48060473799705505,True,kaggle:spiral,1
P1_image,vgg16,2,HC:V05,0,0.45077642798423767,True,kaggle:spiral,1
P1_image,vgg16,2,HC:V07,0,0.47739630937576294,True,kaggle:spiral,1
P1_image,vgg16,2,HC:V09,0,0.5080324411392212,True,kaggle:spiral,1
P1_image,vgg16,2,HC:V10,0,0.47508272528648376,True,kaggle:spiral,1
P1_image,vgg16,2,HC:V12,0,0.47887688875198364,True,kaggle:spiral,1
P1_image,vgg16,2,HC:V55,0,0.47512707114219666,True,kaggle:spiral,1
P1_image,vgg16,2,HC:V55,0,0.4769483208656311,True,kaggle:spiral,1
P1_image,vgg16,2,PD:V02,1,0.5088552236557007,True,kaggle:spiral,1
P1_image,vgg16,2,PD:V02,1,0.5417748093605042,True,kaggle:spiral,1
P1_image,vgg16,2,PD:V03,1,0.5821671485900879,True,kaggle:spiral,1
P1_image,vgg16,2,PD:V04,1,0.4751552939414978,True,kaggle:spiral,1
P1_image,vgg16,2,PD:V05,1,0.5354600548744202,True,kaggle:spiral,1
P1_image,vgg16,2,PD:V06,1,0.4959656596183777,True,kaggle:spiral,1
P1_image,vgg16,2,PD:V06,1,0.5058087706565857,True,kaggle:spiral,1
P1_image,vgg16,2,PD:V08,1,0.5150237679481506,True,kaggle:spiral,1
P1_image,vgg16,2,PD:V09,1,0.5543941855430603,True,kaggle:spiral,1
P1_image,vgg16,2,PD:V10,1,0.49633896350860596,True,kaggle:spiral,1
P1_image,vgg16,2,PD:V13,1,0.5479460954666138,True,kaggle:spiral,1
P1_image,vgg16,2,PD:V13,1,0.5292350649833679,True,kaggle:spiral,1
P1_image,vgg16,2,PD:V15,1,0.535147488117218,False,kaggle:spiral,1
P1_image,vgg16,2,PD:V15,1,0.5356937050819397,False,kaggle:spiral,1
P2_subject,vgg16,0,HC:V55,0,0.5171844363212585,False,kaggle:spiral,1
P2_subject,vgg16,0,HC:V55,0,0.4932432770729065,False,kaggle:spiral,1
P2_subject,vgg16,0,HC:V55,0,0.5252683758735657,False,kaggle:spiral,1
P2_subject,vgg16,0,HC:V55,0,0.5235470533370972,False,kaggle:spiral,1
P2_subject,vgg16,0,PD:V04,1,0.8833575248718262,False,kaggle:spiral,1
P2_subject,vgg16,0,PD:V05,1,0.9824105501174927,False,kaggle:spiral,1
P2_subject,vgg16,0,PD:V06,1,0.7817869186401367,False,kaggle:spiral,1
P2_subject,vgg16,0,PD:V08,1,0.6165297031402588,False,kaggle:spiral,1
P2_subject,vgg16,0,PD:V10,1,0.7083178162574768,False,kaggle:spiral,1
P2_subject,vgg16,0,HC:V12,0,0.5094943046569824,False,kaggle:spiral,1
P2_subject,vgg16,0,HC:V12,0,0.5628685355186462,False,kaggle:spiral,1
P2_subject,vgg16,0,HC:V12,0,0.4965144097805023,False,kaggle:spiral,1
P2_subject,vgg16,0,HC:V55,0,0.5363627076148987,False,kaggle:spiral,1
P2_subject,vgg16,0,HC:V55,0,0.5930299758911133,False,kaggle:spiral,1
P2_subject,vgg16,0,HC:V55,0,0.534137487411499,False,kaggle:spiral,1
P2_subject,vgg16,0,HC:V55,0,0.6216001510620117,False,kaggle:spiral,1
P2_subject,vgg16,0,HC:V55,0,0.5666192173957825,False,kaggle:spiral,1
P2_subject,vgg16,0,HC:V55,0,0.5282804369926453,False,kaggle:spiral,1
P2_subject,vgg16,0,HC:V55,0,0.49383366107940674,False,kaggle:spiral,1
P2_subject,vgg16,0,HC:V55,0,0.5361731648445129,False,kaggle:spiral,1
P2_subject,vgg16,0,HC:V55,0,0.7489826083183289,False,kaggle:spiral,1
P2_subject,vgg16,0,HC:V55,0,0.628309965133667,False,kaggle:spiral,1
P2_subject,vgg16,0,HC:V55,0,0.5164478421211243,False,kaggle:spiral,1
P2_subject,vgg16,0,PD:V04,1,0.917508602142334,False,kaggle:spiral,1
P2_subject,vgg16,0,PD:V04,1,0.8732154369354248,False,kaggle:spiral,1
P2_subject,vgg16,0,PD:V05,1,0.8888840079307556,False,kaggle:spiral,1
P2_subject,vgg16,0,PD:V05,1,0.9021164178848267,False,kaggle:spiral,1
P2_subject,vgg16,0,PD:V06,1,0.6293014287948608,False,kaggle:spiral,1
P2_subject,vgg16,0,PD:V06,1,0.7173585891723633,False,kaggle:spiral,1
P2_subject,vgg16,0,PD:V08,1,0.6298201084136963,False,kaggle:spiral,1
P2_subject,vgg16,0,PD:V08,1,0.6185009479522705,False,kaggle:spiral,1
P2_subject,vgg16,0,PD:V10,1,0.7143834829330444,False,kaggle:spiral,1
P2_subject,vgg16,0,PD:V10,1,0.5729134678840637,False,kaggle:spiral,1
P2_subject,vgg16,1,HC:V02,0,0.5242732763290405,False,kaggle:spiral,1
P2_subject,vgg16,1,HC:V03,0,0.2906445562839508,False,kaggle:spiral,1
P2_subject,vgg16,1,HC:V04,0,0.2675624191761017,False,kaggle:spiral,1
P2_subject,vgg16,1,HC:V06,0,0.2947674095630646,False,kaggle:spiral,1
P2_subject,vgg16,1,HC:V07,0,0.3018380105495453,False,kaggle:spiral,1
P2_subject,vgg16,1,HC:V10,0,0.2779933214187622,False,kaggle:spiral,1
P2_subject,vgg16,1,PD:V03,1,0.6479330658912659,False,kaggle:spiral,1
P2_subject,vgg16,1,PD:V03,1,0.6658160090446472,False,kaggle:spiral,1
P2_subject,vgg16,1,PD:V03,1,0.6595341563224792,False,kaggle:spiral,1
P2_subject,vgg16,1,PD:V09,1,0.39854666590690613,False,kaggle:spiral,1
P2_subject,vgg16,1,PD:V15,1,0.31755518913269043,False,kaggle:spiral,1
P2_subject,vgg16,1,HC:V02,0,0.39352110028266907,False,kaggle:spiral,1
P2_subject,vgg16,1,HC:V02,0,0.3476106524467468,False,kaggle:spiral,1
P2_subject,vgg16,1,HC:V03,0,0.26843729615211487,False,kaggle:spiral,1
P2_subject,vgg16,1,HC:V03,0,0.29758119583129883,False,kaggle:spiral,1
P2_subject,vgg16,1,HC:V04,0,0.24731683731079102,False,kaggle:spiral,1
P2_subject,vgg16,1,HC:V04,0,0.23058952391147614,False,kaggle:spiral,1
P2_subject,vgg16,1,HC:V06,0,0.30406326055526733,False,kaggle:spiral,1
P2_subject,vgg16,1,HC:V06,0,0.29958078265190125,False,kaggle:spiral,1
P2_subject,vgg16,1,HC:V07,0,0.3157729208469391,False,kaggle:spiral,1
P2_subject,vgg16,1,HC:V07,0,0.27795839309692383,False,kaggle:spiral,1
P2_subject,vgg16,1,HC:V10,0,0.25740036368370056,False,kaggle:spiral,1
P2_subject,vgg16,1,HC:V10,0,0.2795100510120392,False,kaggle:spiral,1
P2_subject,vgg16,1,PD:V03,1,0.5727815628051758,False,kaggle:spiral,1
P2_subject,vgg16,1,PD:V03,1,0.6031875014305115,False,kaggle:spiral,1
P2_subject,vgg16,1,PD:V03,1,0.6085708737373352,False,kaggle:spiral,1
P2_subject,vgg16,1,PD:V03,1,0.6195172071456909,False,kaggle:spiral,1
P2_subject,vgg16,1,PD:V03,1,0.6614333987236023,False,kaggle:spiral,1
P2_subject,vgg16,1,PD:V03,1,0.6280649900436401,False,kaggle:spiral,1
P2_subject,vgg16,1,PD:V09,1,0.39149099588394165,False,kaggle:spiral,1
P2_subject,vgg16,1,PD:V09,1,0.45589378476142883,False,kaggle:spiral,1
P2_subject,vgg16,1,PD:V13,1,0.29828256368637085,False,kaggle:spiral,1
P2_subject,vgg16,1,PD:V13,1,0.3509390354156494,False,kaggle:spiral,1
P2_subject,vgg16,1,PD:V13,1,0.3675943911075592,False,kaggle:spiral,1
P2_subject,vgg16,1,PD:V15,1,0.4090639054775238,False,kaggle:spiral,1
P2_subject,vgg16,1,PD:V15,1,0.3524303138256073,False,kaggle:spiral,1
P2_subject,vgg16,2,HC:V01,0,0.04537384212017059,False,kaggle:spiral,1
P2_subject,vgg16,2,HC:V05,0,0.051688872277736664,False,kaggle:spiral,1
P2_subject,vgg16,2,HC:V08,0,0.03006746806204319,False,kaggle:spiral,1
P2_subject,vgg16,2,HC:V09,0,0.021158367395401,False,kaggle:spiral,1
P2_subject,vgg16,2,HC:V11,0,0.025548860430717468,False,kaggle:spiral,1
P2_subject,vgg16,2,PD:V01,1,0.025303423404693604,False,kaggle:spiral,1
P2_subject,vgg16,2,PD:V02,1,0.5925083160400391,False,kaggle:spiral,1
P2_subject,vgg16,2,PD:V07,1,0.7224657535552979,False,kaggle:spiral,1
P2_subject,vgg16,2,PD:V11,1,0.043798014521598816,False,kaggle:spiral,1
P2_subject,vgg16,2,PD:V14,1,0.5202736854553223,False,kaggle:spiral,1
P2_subject,vgg16,2,HC:V01,0,0.018735617399215698,False,kaggle:spiral,1
P2_subject,vgg16,2,HC:V01,0,0.04219786450266838,False,kaggle:spiral,1
P2_subject,vgg16,2,HC:V05,0,0.021320777013897896,False,kaggle:spiral,1
P2_subject,vgg16,2,HC:V05,0,0.02251678705215454,False,kaggle:spiral,1
P2_subject,vgg16,2,HC:V08,0,0.04533848538994789,False,kaggle:spiral,1
P2_subject,vgg16,2,HC:V08,0,0.03382743149995804,False,kaggle:spiral,1
P2_subject,vgg16,2,HC:V09,0,0.02797817252576351,False,kaggle:spiral,1
P2_subject,vgg16,2,HC:V09,0,0.03647502139210701,False,kaggle:spiral,1
P2_subject,vgg16,2,HC:V11,0,0.01567470282316208,False,kaggle:spiral,1
P2_subject,vgg16,2,HC:V11,0,0.017456334084272385,False,kaggle:spiral,1
P2_subject,vgg16,2,PD:V01,1,0.01889854110777378,False,kaggle:spiral,1
P2_subject,vgg16,2,PD:V01,1,0.037860095500946045,False,kaggle:spiral,1
P2_subject,vgg16,2,PD:V02,1,0.11398047208786011,False,kaggle:spiral,1
P2_subject,vgg16,2,PD:V02,1,0.12842075526714325,False,kaggle:spiral,1
P2_subject,vgg16,2,PD:V07,1,0.7304971218109131,False,kaggle:spiral,1
P2_subject,vgg16,2,PD:V07,1,0.7056124806404114,False,kaggle:spiral,1
P2_subject,vgg16,2,PD:V11,1,0.05820894613862038,False,kaggle:spiral,1
P2_subject,vgg16,2,PD:V11,1,0.024772733449935913,False,kaggle:spiral,1
P2_subject,vgg16,2,PD:V12,1,0.12094906717538834,False,kaggle:spiral,1
P2_subject,vgg16,2,PD:V12,1,0.0526496022939682,False,kaggle:spiral,1
P2_subject,vgg16,2,PD:V12,1,0.07173017412424088,False,kaggle:spiral,1
P2_subject,vgg16,2,PD:V14,1,0.5278406739234924,False,kaggle:spiral,1
P2_subject,vgg16,2,PD:V14,1,0.5822763442993164,False,kaggle:spiral,1
P1_image,resnet50,0,HC:V02,0,0.5072929859161377,True,kaggle:spiral,1
P1_image,resnet50,0,HC:V11,0,0.4743631184101105,True,kaggle:spiral,1
P1_image,resnet50,0,PD:V03,1,0.6154289245605469,True,kaggle:spiral,1
P1_image,resnet50,0,PD:V06,1,0.4475424289703369,True,kaggle:spiral,1
P1_image,resnet50,0,PD:V07,1,0.48346230387687683,False,kaggle:spiral,1
P1_image,resnet50,0,PD:V08,1,0.4424898624420166,True,kaggle:spiral,1
P1_image,resnet50,0,HC:V03,0,0.42469823360443115,True,kaggle:spiral,1
P1_image,resnet50,0,HC:V06,0,0.4419851303100586,True,kaggle:spiral,1
P1_image,resnet50,0,HC:V07,0,0.4881323575973511,True,kaggle:spiral,1
P1_image,resnet50,0,HC:V08,0,0.40362659096717834,True,kaggle:spiral,1
P1_image,resnet50,0,HC:V12,0,0.4039073586463928,True,kaggle:spiral,1
P1_image,resnet50,0,HC:V12,0,0.39580148458480835,True,kaggle:spiral,1
P1_image,resnet50,0,HC:V55,0,0.44254574179649353,True,kaggle:spiral,1
P1_image,resnet50,0,HC:V55,0,0.41528984904289246,True,kaggle:spiral,1
P1_image,resnet50,0,HC:V55,0,0.38090553879737854,True,kaggle:spiral,1
P1_image,resnet50,0,HC:V55,0,0.4551643133163452,True,kaggle:spiral,1
P1_image,resnet50,0,HC:V55,0,0.48584210872650146,True,kaggle:spiral,1
P1_image,resnet50,0,HC:V55,0,0.39084598422050476,True,kaggle:spiral,1
P1_image,resnet50,0,HC:V55,0,0.4457603693008423,True,kaggle:spiral,1
P1_image,resnet50,0,HC:V55,0,0.4292549192905426,True,kaggle:spiral,1
P1_image,resnet50,0,HC:V55,0,0.41837185621261597,True,kaggle:spiral,1
P1_image,resnet50,0,PD:V03,1,0.5026228427886963,True,kaggle:spiral,1
P1_image,resnet50,0,PD:V03,1,0.5757250785827637,True,kaggle:spiral,1
P1_image,resnet50,0,PD:V03,1,0.7005540132522583,True,kaggle:spiral,1
P1_image,resnet50,0,PD:V03,1,0.6300838589668274,True,kaggle:spiral,1
P1_image,resnet50,0,PD:V04,1,0.48137974739074707,True,kaggle:spiral,1
P1_image,resnet50,0,PD:V07,1,0.5496187806129456,False,kaggle:spiral,1
P1_image,resnet50,0,PD:V07,1,0.50785893201828,False,kaggle:spiral,1
P1_image,resnet50,0,PD:V09,1,0.5303600430488586,True,kaggle:spiral,1
P1_image,resnet50,0,PD:V11,1,0.42816033959388733,True,kaggle:spiral,1
P1_image,resnet50,0,PD:V12,1,0.5203901529312134,True,kaggle:spiral,1
P1_image,resnet50,0,PD:V12,1,0.49141794443130493,True,kaggle:spiral,1
P1_image,resnet50,0,PD:V13,1,0.44681215286254883,True,kaggle:spiral,1
P1_image,resnet50,0,PD:V14,1,0.5316113829612732,True,kaggle:spiral,1
P1_image,resnet50,1,HC:V01,0,0.3487224280834198,True,kaggle:spiral,1
P1_image,resnet50,1,HC:V04,0,0.43325597047805786,True,kaggle:spiral,1
P1_image,resnet50,1,HC:V05,0,0.4394325911998749,True,kaggle:spiral,1
P1_image,resnet50,1,HC:V07,0,0.38691845536231995,True,kaggle:spiral,1
P1_image,resnet50,1,HC:V09,0,0.3599831461906433,True,kaggle:spiral,1
P1_image,resnet50,1,HC:V10,0,0.3128598630428314,True,kaggle:spiral,1
P1_image,resnet50,1,HC:V55,0,0.39666739106178284,True,kaggle:spiral,1
P1_image,resnet50,1,PD:V01,1,0.43202388286590576,False,kaggle:spiral,1
P1_image,resnet50,1,PD:V02,1,0.5943677425384521,True,kaggle:spiral,1
P1_image,resnet50,1,PD:V03,1,0.7144278287887573,True,kaggle:spiral,1
P1_image,resnet50,1,PD:V03,1,0.635487973690033,True,kaggle:spiral,1
P1_image,resnet50,1,PD:V04,1,0.5716721415519714,True,kaggle:spiral,1
P1_image,resnet50,1,PD:V10,1,0.4781050384044647,True,kaggle:spiral,1
P1_image,resnet50,1,PD:V11,1,0.34419503808021545,True,kaggle:spiral,1
P1_image,resnet50,1,PD:V14,1,0.6440632343292236,True,kaggle:spiral,1
P1_image,resnet50,1,HC:V01,0,0.30958378314971924,True,kaggle:spiral,1
P1_image,resnet50,1,HC:V02,0,0.4410249888896942,True,kaggle:spiral,1
P1_image,resnet50,1,HC:V03,0,0.40403321385383606,True,kaggle:spiral,1
P1_image,resnet50,1,HC:V04,0,0.3691922724246979,True,kaggle:spiral,1
P1_image,resnet50,1,HC:V06,0,0.3645602762699127,True,kaggle:spiral,1
P1_image,resnet50,1,HC:V08,0,0.3102760910987854,True,kaggle:spiral,1
P1_image,resnet50,1,HC:V09,0,0.348932683467865,True,kaggle:spiral,1
P1_image,resnet50,1,HC:V10,0,0.3365297317504883,True,kaggle:spiral,1
P1_image,resnet50,1,HC:V11,0,0.3664189875125885,True,kaggle:spiral,1
P1_image,resnet50,1,HC:V11,0,0.49171918630599976,True,kaggle:spiral,1
P1_image,resnet50,1,PD:V01,1,0.479329377412796,False,kaggle:spiral,1
P1_image,resnet50,1,PD:V01,1,0.46165353059768677,False,kaggle:spiral,1
P1_image,resnet50,1,PD:V03,1,0.6871323585510254,True,kaggle:spiral,1
P1_image,resnet50,1,PD:V05,1,0.49265849590301514,True,kaggle:spiral,1
P1_image,resnet50,1,PD:V08,1,0.4196076989173889,True,kaggle:spiral,1
P1_image,resnet50,1,PD:V10,1,0.30258750915527344,True,kaggle:spiral,1
P1_image,resnet50,1,PD:V11,1,0.3983054757118225,True,kaggle:spiral,1
P1_image,resnet50,1,PD:V12,1,0.518987774848938,True,kaggle:spiral,1
P1_image,resnet50,1,PD:V14,1,0.6409729719161987,True,kaggle:spiral,1
P1_image,resnet50,2,HC:V03,0,0.387667715549469,True,kaggle:spiral,1
P1_image,resnet50,2,HC:V06,0,0.32636919617652893,True,kaggle:spiral,1
P1_image,resnet50,2,HC:V08,0,0.33721399307250977,True,kaggle:spiral,1
P1_image,resnet50,2,HC:V55,0,0.3052864074707031,True,kaggle:spiral,1
P1_image,resnet50,2,HC:V55,0,0.3272859454154968,True,kaggle:spiral,1
P1_image,resnet50,2,HC:V55,0,0.27762463688850403,True,kaggle:spiral,1
P1_image,resnet50,2,PD:V05,1,0.5602225065231323,True,kaggle:spiral,1
P1_image,resnet50,2,PD:V09,1,0.45214971899986267,True,kaggle:spiral,1
P1_image,resnet50,2,PD:V15,1,0.47776705026626587,False,kaggle:spiral,1
P1_image,resnet50,2,HC:V01,0,0.35632485151290894,True,kaggle:spiral,1
P1_image,resnet50,2,HC:V02,0,0.3903670012950897,True,kaggle:spiral,1
P1_image,resnet50,2,HC:V04,0,0.40740537643432617,True,kaggle:spiral,1
P1_image,resnet50,2,HC:V05,0,0.3634750247001648,True,kaggle:spiral,1
P1_image,resnet50,2,HC:V05,0,0.4113856852054596,True,kaggle:spiral,1
P1_image,resnet50,2,HC:V07,0,0.36917558312416077,True,kaggle:spiral,1
P1_image,resnet50,2,HC:V09,0,0.36175668239593506,True,kaggle:spiral,1
P1_image,resnet50,2,HC:V10,0,0.23305745422840118,True,kaggle:spiral,1
P1_image,resnet50,2,HC:V12,0,0.3562277555465698,True,kaggle:spiral,1
P1_image,resnet50,2,HC:V55,0,0.36372414231300354,True,kaggle:spiral,1
P1_image,resnet50,2,HC:V55,0,0.24128012359142303,True,kaggle:spiral,1
P1_image,resnet50,2,PD:V02,1,0.4264220595359802,True,kaggle:spiral,1
P1_image,resnet50,2,PD:V02,1,0.4979400932788849,True,kaggle:spiral,1
P1_image,resnet50,2,PD:V03,1,0.5583066940307617,True,kaggle:spiral,1
P1_image,resnet50,2,PD:V04,1,0.49023008346557617,True,kaggle:spiral,1
P1_image,resnet50,2,PD:V05,1,0.4469525218009949,True,kaggle:spiral,1
P1_image,resnet50,2,PD:V06,1,0.41953662037849426,True,kaggle:spiral,1
P1_image,resnet50,2,PD:V06,1,0.363100528717041,True,kaggle:spiral,1
P1_image,resnet50,2,PD:V08,1,0.37879478931427,True,kaggle:spiral,1
P1_image,resnet50,2,PD:V09,1,0.4291532635688782,True,kaggle:spiral,1
P1_image,resnet50,2,PD:V10,1,0.272579163312912,True,kaggle:spiral,1
P1_image,resnet50,2,PD:V13,1,0.33726122975349426,True,kaggle:spiral,1
P1_image,resnet50,2,PD:V13,1,0.43531715869903564,True,kaggle:spiral,1
P1_image,resnet50,2,PD:V15,1,0.46335896849632263,False,kaggle:spiral,1
P1_image,resnet50,2,PD:V15,1,0.3937537670135498,False,kaggle:spiral,1
P2_subject,resnet50,0,HC:V55,0,0.4648684859275818,False,kaggle:spiral,1
P2_subject,resnet50,0,HC:V55,0,0.46982628107070923,False,kaggle:spiral,1
P2_subject,resnet50,0,HC:V55,0,0.4813922643661499,False,kaggle:spiral,1
P2_subject,resnet50,0,HC:V55,0,0.44944581389427185,False,kaggle:spiral,1
P2_subject,resnet50,0,PD:V04,1,0.50296550989151,False,kaggle:spiral,1
P2_subject,resnet50,0,PD:V05,1,0.4858274757862091,False,kaggle:spiral,1
P2_subject,resnet50,0,PD:V06,1,0.4765174388885498,False,kaggle:spiral,1
P2_subject,resnet50,0,PD:V08,1,0.4812900424003601,False,kaggle:spiral,1
P2_subject,resnet50,0,PD:V10,1,0.4926754832267761,False,kaggle:spiral,1
P2_subject,resnet50,0,HC:V12,0,0.43040841817855835,False,kaggle:spiral,1
P2_subject,resnet50,0,HC:V12,0,0.46423864364624023,False,kaggle:spiral,1
P2_subject,resnet50,0,HC:V12,0,0.4660097360610962,False,kaggle:spiral,1
P2_subject,resnet50,0,HC:V55,0,0.5128005743026733,False,kaggle:spiral,1
P2_subject,resnet50,0,HC:V55,0,0.4717809855937958,False,kaggle:spiral,1
P2_subject,resnet50,0,HC:V55,0,0.4457838833332062,False,kaggle:spiral,1
P2_subject,resnet50,0,HC:V55,0,0.46161189675331116,False,kaggle:spiral,1
P2_subject,resnet50,0,HC:V55,0,0.4716137945652008,False,kaggle:spiral,1
P2_subject,resnet50,0,HC:V55,0,0.47678691148757935,False,kaggle:spiral,1
P2_subject,resnet50,0,HC:V55,0,0.5226441025733948,False,kaggle:spiral,1
P2_subject,resnet50,0,HC:V55,0,0.48417723178863525,False,kaggle:spiral,1
P2_subject,resnet50,0,HC:V55,0,0.47509658336639404,False,kaggle:spiral,1
P2_subject,resnet50,0,HC:V55,0,0.48299625515937805,False,kaggle:spiral,1
P2_subject,resnet50,0,HC:V55,0,0.5217429995536804,False,kaggle:spiral,1
P2_subject,resnet50,0,PD:V04,1,0.4935537576675415,False,kaggle:spiral,1
P2_subject,resnet50,0,PD:V04,1,0.4899844825267792,False,kaggle:spiral,1
P2_subject,resnet50,0,PD:V05,1,0.5410258769989014,False,kaggle:spiral,1
P2_subject,resnet50,0,PD:V05,1,0.4839261770248413,False,kaggle:spiral,1
P2_subject,resnet50,0,PD:V06,1,0.5187752842903137,False,kaggle:spiral,1
P2_subject,resnet50,0,PD:V06,1,0.5333362221717834,False,kaggle:spiral,1
P2_subject,resnet50,0,PD:V08,1,0.4762454330921173,False,kaggle:spiral,1
P2_subject,resnet50,0,PD:V08,1,0.503440260887146,False,kaggle:spiral,1
P2_subject,resnet50,0,PD:V10,1,0.49142274260520935,False,kaggle:spiral,1
P2_subject,resnet50,0,PD:V10,1,0.5020824074745178,False,kaggle:spiral,1
P2_subject,resnet50,1,HC:V02,0,0.49265241622924805,False,kaggle:spiral,1
P2_subject,resnet50,1,HC:V03,0,0.5134472250938416,False,kaggle:spiral,1
P2_subject,resnet50,1,HC:V04,0,0.4703613519668579,False,kaggle:spiral,1
P2_subject,resnet50,1,HC:V06,0,0.5128524899482727,False,kaggle:spiral,1
P2_subject,resnet50,1,HC:V07,0,0.5226336717605591,False,kaggle:spiral,1
P2_subject,resnet50,1,HC:V10,0,0.49941736459732056,False,kaggle:spiral,1
P2_subject,resnet50,1,PD:V03,1,0.6132556200027466,False,kaggle:spiral,1
P2_subject,resnet50,1,PD:V03,1,0.6227070689201355,False,kaggle:spiral,1
P2_subject,resnet50,1,PD:V03,1,0.6524289846420288,False,kaggle:spiral,1
P2_subject,resnet50,1,PD:V09,1,0.49142342805862427,False,kaggle:spiral,1
P2_subject,resnet50,1,PD:V15,1,0.5217941999435425,False,kaggle:spiral,1
P2_subject,resnet50,1,HC:V02,0,0.5437113046646118,False,kaggle:spiral,1
P2_subject,resnet50,1,HC:V02,0,0.5827797651290894,False,kaggle:spiral,1
P2_subject,resnet50,1,HC:V03,0,0.44670653343200684,False,kaggle:spiral,1
P2_subject,resnet50,1,HC:V03,0,0.41513505578041077,False,kaggle:spiral,1
P2_subject,resnet50,1,HC:V04,0,0.473867267370224,False,kaggle:spiral,1
P2_subject,resnet50,1,HC:V04,0,0.45879992842674255,False,kaggle:spiral,1
P2_subject,resnet50,1,HC:V06,0,0.4987937808036804,False,kaggle:spiral,1
P2_subject,resnet50,1,HC:V06,0,0.5240120887756348,False,kaggle:spiral,1
P2_subject,resnet50,1,HC:V07,0,0.4957405924797058,False,kaggle:spiral,1
P2_subject,resnet50,1,HC:V07,0,0.5132594108581543,False,kaggle:spiral,1
P2_subject,resnet50,1,HC:V10,0,0.44316139817237854,False,kaggle:spiral,1
P2_subject,resnet50,1,HC:V10,0,0.4391627609729767,False,kaggle:spiral,1
P2_subject,resnet50,1,PD:V03,1,0.5342985987663269,False,kaggle:spiral,1
P2_subject,resnet50,1,PD:V03,1,0.5496193170547485,False,kaggle:spiral,1
P2_subject,resnet50,1,PD:V03,1,0.612409234046936,False,kaggle:spiral,1
P2_subject,resnet50,1,PD:V03,1,0.6681646704673767,False,kaggle:spiral,1
P2_subject,resnet50,1,PD:V03,1,0.6037508845329285,False,kaggle:spiral,1
P2_subject,resnet50,1,PD:V03,1,0.5820556282997131,False,kaggle:spiral,1
P2_subject,resnet50,1,PD:V09,1,0.4524732232093811,False,kaggle:spiral,1
P2_subject,resnet50,1,PD:V09,1,0.5033642053604126,False,kaggle:spiral,1
P2_subject,resnet50,1,PD:V13,1,0.46045219898223877,False,kaggle:spiral,1
P2_subject,resnet50,1,PD:V13,1,0.49945589900016785,False,kaggle:spiral,1
P2_subject,resnet50,1,PD:V13,1,0.5177831649780273,False,kaggle:spiral,1
P2_subject,resnet50,1,PD:V15,1,0.47376206517219543,False,kaggle:spiral,1
P2_subject,resnet50,1,PD:V15,1,0.5054365396499634,False,kaggle:spiral,1
P2_subject,resnet50,2,HC:V01,0,0.32808488607406616,False,kaggle:spiral,1
P2_subject,resnet50,2,HC:V05,0,0.3075235188007355,False,kaggle:spiral,1
P2_subject,resnet50,2,HC:V08,0,0.3540540933609009,False,kaggle:spiral,1
P2_subject,resnet50,2,HC:V09,0,0.3476558029651642,False,kaggle:spiral,1
P2_subject,resnet50,2,HC:V11,0,0.335757851600647,False,kaggle:spiral,1
P2_subject,resnet50,2,PD:V01,1,0.3759040832519531,False,kaggle:spiral,1
P2_subject,resnet50,2,PD:V02,1,0.42989954352378845,False,kaggle:spiral,1
P2_subject,resnet50,2,PD:V07,1,0.6406031250953674,False,kaggle:spiral,1
P2_subject,resnet50,2,PD:V11,1,0.3423648476600647,False,kaggle:spiral,1
P2_subject,resnet50,2,PD:V14,1,0.5014835596084595,False,kaggle:spiral,1
P2_subject,resnet50,2,HC:V01,0,0.3236140012741089,False,kaggle:spiral,1
P2_subject,resnet50,2,HC:V01,0,0.33943790197372437,False,kaggle:spiral,1
P2_subject,resnet50,2,HC:V05,0,0.3406749367713928,False,kaggle:spiral,1
P2_subject,resnet50,2,HC:V05,0,0.3205704391002655,False,kaggle:spiral,1
P2_subject,resnet50,2,HC:V08,0,0.33303430676460266,False,kaggle:spiral,1
P2_subject,resnet50,2,HC:V08,0,0.3613245487213135,False,kaggle:spiral,1
P2_subject,resnet50,2,HC:V09,0,0.3796039819717407,False,kaggle:spiral,1
P2_subject,resnet50,2,HC:V09,0,0.3895183205604553,False,kaggle:spiral,1
P2_subject,resnet50,2,HC:V11,0,0.2614883482456207,False,kaggle:spiral,1
P2_subject,resnet50,2,HC:V11,0,0.27805984020233154,False,kaggle:spiral,1
P2_subject,resnet50,2,PD:V01,1,0.33213773369789124,False,kaggle:spiral,1
P2_subject,resnet50,2,PD:V01,1,0.3781845271587372,False,kaggle:spiral,1
P2_subject,resnet50,2,PD:V02,1,0.4565660059452057,False,kaggle:spiral,1
P2_subject,resnet50,2,PD:V02,1,0.4573172628879547,False,kaggle:spiral,1
P2_subject,resnet50,2,PD:V07,1,0.6314679384231567,False,kaggle:spiral,1
P2_subject,resnet50,2,PD:V07,1,0.6025078296661377,False,kaggle:spiral,1
P2_subject,resnet50,2,PD:V11,1,0.32962125539779663,False,kaggle:spiral,1
P2_subject,resnet50,2,PD:V11,1,0.3269045650959015,False,kaggle:spiral,1
P2_subject,resnet50,2,PD:V12,1,0.4842126667499542,False,kaggle:spiral,1
P2_subject,resnet50,2,PD:V12,1,0.5212363600730896,False,kaggle:spiral,1
P2_subject,resnet50,2,PD:V12,1,0.467984676361084,False,kaggle:spiral,1
P2_subject,resnet50,2,PD:V14,1,0.5173773765563965,False,kaggle:spiral,1
P2_subject,resnet50,2,PD:V14,1,0.6105100512504578,False,kaggle:spiral,1
P1_image,efficientnet_b0,0,HC:V02,0,0.4517010748386383,True,kaggle:spiral,1
P1_image,efficientnet_b0,0,HC:V11,0,0.5028270483016968,True,kaggle:spiral,1
P1_image,efficientnet_b0,0,PD:V03,1,0.6181390881538391,True,kaggle:spiral,1
P1_image,efficientnet_b0,0,PD:V06,1,0.34732890129089355,True,kaggle:spiral,1
P1_image,efficientnet_b0,0,PD:V07,1,0.42916905879974365,False,kaggle:spiral,1
P1_image,efficientnet_b0,0,PD:V08,1,0.4198121428489685,True,kaggle:spiral,1
P1_image,efficientnet_b0,0,HC:V03,0,0.4052397608757019,True,kaggle:spiral,1
P1_image,efficientnet_b0,0,HC:V06,0,0.3500704765319824,True,kaggle:spiral,1
P1_image,efficientnet_b0,0,HC:V07,0,0.4361953139305115,True,kaggle:spiral,1
P1_image,efficientnet_b0,0,HC:V08,0,0.3918779194355011,True,kaggle:spiral,1
P1_image,efficientnet_b0,0,HC:V12,0,0.38787391781806946,True,kaggle:spiral,1
P1_image,efficientnet_b0,0,HC:V12,0,0.44011691212654114,True,kaggle:spiral,1
P1_image,efficientnet_b0,0,HC:V55,0,0.31626254320144653,True,kaggle:spiral,1
P1_image,efficientnet_b0,0,HC:V55,0,0.32277336716651917,True,kaggle:spiral,1
P1_image,efficientnet_b0,0,HC:V55,0,0.422881543636322,True,kaggle:spiral,1
P1_image,efficientnet_b0,0,HC:V55,0,0.3396620750427246,True,kaggle:spiral,1
P1_image,efficientnet_b0,0,HC:V55,0,0.39341986179351807,True,kaggle:spiral,1
P1_image,efficientnet_b0,0,HC:V55,0,0.4158576726913452,True,kaggle:spiral,1
P1_image,efficientnet_b0,0,HC:V55,0,0.3871535062789917,True,kaggle:spiral,1
P1_image,efficientnet_b0,0,HC:V55,0,0.38542723655700684,True,kaggle:spiral,1
P1_image,efficientnet_b0,0,HC:V55,0,0.3197551965713501,True,kaggle:spiral,1
P1_image,efficientnet_b0,0,PD:V03,1,0.5014283657073975,True,kaggle:spiral,1
P1_image,efficientnet_b0,0,PD:V03,1,0.5429680943489075,True,kaggle:spiral,1
P1_image,efficientnet_b0,0,PD:V03,1,0.5237905383110046,True,kaggle:spiral,1
P1_image,efficientnet_b0,0,PD:V03,1,0.5598900318145752,True,kaggle:spiral,1
P1_image,efficientnet_b0,0,PD:V04,1,0.4550107419490814,True,kaggle:spiral,1
P1_image,efficientnet_b0,0,PD:V07,1,0.39717480540275574,False,kaggle:spiral,1
P1_image,efficientnet_b0,0,PD:V07,1,0.48658043146133423,False,kaggle:spiral,1
P1_image,efficientnet_b0,0,PD:V09,1,0.41812556982040405,True,kaggle:spiral,1
P1_image,efficientnet_b0,0,PD:V11,1,0.3461731970310211,True,kaggle:spiral,1
P1_image,efficientnet_b0,0,PD:V12,1,0.35094743967056274,True,kaggle:spiral,1
P1_image,efficientnet_b0,0,PD:V12,1,0.41131097078323364,True,kaggle:spiral,1
P1_image,efficientnet_b0,0,PD:V13,1,0.45179852843284607,True,kaggle:spiral,1
P1_image,efficientnet_b0,0,PD:V14,1,0.4385506212711334,True,kaggle:spiral,1
P1_image,efficientnet_b0,1,HC:V01,0,0.5222899317741394,True,kaggle:spiral,1
P1_image,efficientnet_b0,1,HC:V04,0,0.48345884680747986,True,kaggle:spiral,1
P1_image,efficientnet_b0,1,HC:V05,0,0.4597318470478058,True,kaggle:spiral,1
P1_image,efficientnet_b0,1,HC:V07,0,0.43227991461753845,True,kaggle:spiral,1
P1_image,efficientnet_b0,1,HC:V09,0,0.46299171447753906,True,kaggle:spiral,1
P1_image,efficientnet_b0,1,HC:V10,0,0.3826339840888977,True,kaggle:spiral,1
P1_image,efficientnet_b0,1,HC:V55,0,0.3986043632030487,True,kaggle:spiral,1
P1_image,efficientnet_b0,1,PD:V01,1,0.380658894777298,False,kaggle:spiral,1
P1_image,efficientnet_b0,1,PD:V02,1,0.5228325724601746,True,kaggle:spiral,1
P1_image,efficientnet_b0,1,PD:V03,1,0.7071419954299927,True,kaggle:spiral,1
P1_image,efficientnet_b0,1,PD:V03,1,0.6078953146934509,True,kaggle:spiral,1
P1_image,efficientnet_b0,1,PD:V04,1,0.5891116857528687,True,kaggle:spiral,1
P1_image,efficientnet_b0,1,PD:V10,1,0.539009153842926,True,kaggle:spiral,1
P1_image,efficientnet_b0,1,PD:V11,1,0.4752162992954254,True,kaggle:spiral,1
P1_image,efficientnet_b0,1,PD:V14,1,0.6457799673080444,True,kaggle:spiral,1
P1_image,efficientnet_b0,1,HC:V01,0,0.5103718042373657,True,kaggle:spiral,1
P1_image,efficientnet_b0,1,HC:V02,0,0.5392982959747314,True,kaggle:spiral,1
P1_image,efficientnet_b0,1,HC:V03,0,0.3843246400356293,True,kaggle:spiral,1
P1_image,efficientnet_b0,1,HC:V04,0,0.4827742278575897,True,kaggle:spiral,1
P1_image,efficientnet_b0,1,HC:V06,0,0.43190625309944153,True,kaggle:spiral,1
P1_image,efficientnet_b0,1,HC:V08,0,0.38191014528274536,True,kaggle:spiral,1
P1_image,efficientnet_b0,1,HC:V09,0,0.4788942337036133,True,kaggle:spiral,1
P1_image,efficientnet_b0,1,HC:V10,0,0.3518396019935608,True,kaggle:spiral,1
P1_image,efficientnet_b0,1,HC:V11,0,0.4388121962547302,True,kaggle:spiral,1
P1_image,efficientnet_b0,1,HC:V11,0,0.4046763777732849,True,kaggle:spiral,1
P1_image,efficientnet_b0,1,PD:V01,1,0.4268566966056824,False,kaggle:spiral,1
P1_image,efficientnet_b0,1,PD:V01,1,0.4655580222606659,False,kaggle:spiral,1
P1_image,efficientnet_b0,1,PD:V03,1,0.612418532371521,True,kaggle:spiral,1
P1_image,efficientnet_b0,1,PD:V05,1,0.5526037216186523,True,kaggle:spiral,1
P1_image,efficientnet_b0,1,PD:V08,1,0.502659797668457,True,kaggle:spiral,1
P1_image,efficientnet_b0,1,PD:V10,1,0.47749391198158264,True,kaggle:spiral,1
P1_image,efficientnet_b0,1,PD:V11,1,0.5294268727302551,True,kaggle:spiral,1
P1_image,efficientnet_b0,1,PD:V12,1,0.4528692364692688,True,kaggle:spiral,1
P1_image,efficientnet_b0,1,PD:V14,1,0.6272975206375122,True,kaggle:spiral,1
P1_image,efficientnet_b0,2,HC:V03,0,0.4367525577545166,True,kaggle:spiral,1
P1_image,efficientnet_b0,2,HC:V06,0,0.3745632469654083,True,kaggle:spiral,1
P1_image,efficientnet_b0,2,HC:V08,0,0.368524432182312,True,kaggle:spiral,1
P1_image,efficientnet_b0,2,HC:V55,0,0.4419824481010437,True,kaggle:spiral,1
P1_image,efficientnet_b0,2,HC:V55,0,0.3213314414024353,True,kaggle:spiral,1
P1_image,efficientnet_b0,2,HC:V55,0,0.36449867486953735,True,kaggle:spiral,1
P1_image,efficientnet_b0,2,PD:V05,1,0.6429049968719482,True,kaggle:spiral,1
P1_image,efficientnet_b0,2,PD:V09,1,0.5761223435401917,True,kaggle:spiral,1
P1_image,efficientnet_b0,2,PD:V15,1,0.48995241522789,False,kaggle:spiral,1
P1_image,efficientnet_b0,2,HC:V01,0,0.4999139904975891,True,kaggle:spiral,1
P1_image,efficientnet_b0,2,HC:V02,0,0.48970916867256165,True,kaggle:spiral,1
P1_image,efficientnet_b0,2,HC:V04,0,0.4527324438095093,True,kaggle:spiral,1
P1_image,efficientnet_b0,2,HC:V05,0,0.3497925400733948,True,kaggle:spiral,1
P1_image,efficientnet_b0,2,HC:V05,0,0.423972487449646,True,kaggle:spiral,1
P1_image,efficientnet_b0,2,HC:V07,0,0.42862820625305176,True,kaggle:spiral,1
P1_image,efficientnet_b0,2,HC:V09,0,0.40653547644615173,True,kaggle:spiral,1
P1_image,efficientnet_b0,2,HC:V10,0,0.2815731465816498,True,kaggle:spiral,1
P1_image,efficientnet_b0,2,HC:V12,0,0.3337079584598541,True,kaggle:spiral,1
P1_image,efficientnet_b0,2,HC:V55,0,0.5288126468658447,True,kaggle:spiral,1
P1_image,efficientnet_b0,2,HC:V55,0,0.5600296258926392,True,kaggle:spiral,1
P1_image,efficientnet_b0,2,PD:V02,1,0.6450574398040771,True,kaggle:spiral,1
P1_image,efficientnet_b0,2,PD:V02,1,0.5440510511398315,True,kaggle:spiral,1
P1_image,efficientnet_b0,2,PD:V03,1,0.7418205738067627,True,kaggle:spiral,1
P1_image,efficientnet_b0,2,PD:V04,1,0.7968512773513794,True,kaggle:spiral,1
P1_image,efficientnet_b0,2,PD:V05,1,0.645764946937561,True,kaggle:spiral,1
P1_image,efficientnet_b0,2,PD:V06,1,0.4066465198993683,True,kaggle:spiral,1
P1_image,efficientnet_b0,2,PD:V06,1,0.4648191034793854,True,kaggle:spiral,1
P1_image,efficientnet_b0,2,PD:V08,1,0.33635789155960083,True,kaggle:spiral,1
P1_image,efficientnet_b0,2,PD:V09,1,0.6065419912338257,True,kaggle:spiral,1
P1_image,efficientnet_b0,2,PD:V10,1,0.42186304926872253,True,kaggle:spiral,1
P1_image,efficientnet_b0,2,PD:V13,1,0.33014532923698425,True,kaggle:spiral,1
P1_image,efficientnet_b0,2,PD:V13,1,0.4812166392803192,True,kaggle:spiral,1
P1_image,efficientnet_b0,2,PD:V15,1,0.44175243377685547,False,kaggle:spiral,1
P1_image,efficientnet_b0,2,PD:V15,1,0.4725743234157562,False,kaggle:spiral,1
P2_subject,efficientnet_b0,0,HC:V55,0,0.41912391781806946,False,kaggle:spiral,1
P2_subject,efficientnet_b0,0,HC:V55,0,0.3750896751880646,False,kaggle:spiral,1
P2_subject,efficientnet_b0,0,HC:V55,0,0.35302940011024475,False,kaggle:spiral,1
P2_subject,efficientnet_b0,0,HC:V55,0,0.4259529709815979,False,kaggle:spiral,1
P2_subject,efficientnet_b0,0,PD:V04,1,0.6382584571838379,False,kaggle:spiral,1
P2_subject,efficientnet_b0,0,PD:V05,1,0.5653424859046936,False,kaggle:spiral,1
P2_subject,efficientnet_b0,0,PD:V06,1,0.5172085762023926,False,kaggle:spiral,1
P2_subject,efficientnet_b0,0,PD:V08,1,0.4868323802947998,False,kaggle:spiral,1
P2_subject,efficientnet_b0,0,PD:V10,1,0.4255366325378418,False,kaggle:spiral,1
P2_subject,efficientnet_b0,0,HC:V12,0,0.3806040585041046,False,kaggle:spiral,1
P2_subject,efficientnet_b0,0,HC:V12,0,0.46371400356292725,False,kaggle:spiral,1
P2_subject,efficientnet_b0,0,HC:V12,0,0.4173387289047241,False,kaggle:spiral,1
P2_subject,efficientnet_b0,0,HC:V55,0,0.512869119644165,False,kaggle:spiral,1
P2_subject,efficientnet_b0,0,HC:V55,0,0.46469277143478394,False,kaggle:spiral,1
P2_subject,efficientnet_b0,0,HC:V55,0,0.49453631043434143,False,kaggle:spiral,1
P2_subject,efficientnet_b0,0,HC:V55,0,0.41413119435310364,False,kaggle:spiral,1
P2_subject,efficientnet_b0,0,HC:V55,0,0.45441240072250366,False,kaggle:spiral,1
P2_subject,efficientnet_b0,0,HC:V55,0,0.4421633183956146,False,kaggle:spiral,1
P2_subject,efficientnet_b0,0,HC:V55,0,0.5606384873390198,False,kaggle:spiral,1
P2_subject,efficientnet_b0,0,HC:V55,0,0.37725958228111267,False,kaggle:spiral,1
P2_subject,efficientnet_b0,0,HC:V55,0,0.4689856171607971,False,kaggle:spiral,1
P2_subject,efficientnet_b0,0,HC:V55,0,0.5682806372642517,False,kaggle:spiral,1
P2_subject,efficientnet_b0,0,HC:V55,0,0.5625568628311157,False,kaggle:spiral,1
P2_subject,efficientnet_b0,0,PD:V04,1,0.6204835176467896,False,kaggle:spiral,1
P2_subject,efficientnet_b0,0,PD:V04,1,0.6307507753372192,False,kaggle:spiral,1
P2_subject,efficientnet_b0,0,PD:V05,1,0.6642675399780273,False,kaggle:spiral,1
P2_subject,efficientnet_b0,0,PD:V05,1,0.6494132280349731,False,kaggle:spiral,1
P2_subject,efficientnet_b0,0,PD:V06,1,0.5147473812103271,False,kaggle:spiral,1
P2_subject,efficientnet_b0,0,PD:V06,1,0.4929594397544861,False,kaggle:spiral,1
P2_subject,efficientnet_b0,0,PD:V08,1,0.6835381388664246,False,kaggle:spiral,1
P2_subject,efficientnet_b0,0,PD:V08,1,0.5775556564331055,False,kaggle:spiral,1
P2_subject,efficientnet_b0,0,PD:V10,1,0.42154738306999207,False,kaggle:spiral,1
P2_subject,efficientnet_b0,0,PD:V10,1,0.3922194838523865,False,kaggle:spiral,1
P2_subject,efficientnet_b0,1,HC:V02,0,0.3623722791671753,False,kaggle:spiral,1
P2_subject,efficientnet_b0,1,HC:V03,0,0.316752165555954,False,kaggle:spiral,1
P2_subject,efficientnet_b0,1,HC:V04,0,0.3581908345222473,False,kaggle:spiral,1
P2_subject,efficientnet_b0,1,HC:V06,0,0.2091515064239502,False,kaggle:spiral,1
P2_subject,efficientnet_b0,1,HC:V07,0,0.2771838307380676,False,kaggle:spiral,1
P2_subject,efficientnet_b0,1,HC:V10,0,0.2410634458065033,False,kaggle:spiral,1
P2_subject,efficientnet_b0,1,PD:V03,1,0.426387757062912,False,kaggle:spiral,1
P2_subject,efficientnet_b0,1,PD:V03,1,0.41854432225227356,False,kaggle:spiral,1
P2_subject,efficientnet_b0,1,PD:V03,1,0.4135155975818634,False,kaggle:spiral,1
P2_subject,efficientnet_b0,1,PD:V09,1,0.4155879616737366,False,kaggle:spiral,1
P2_subject,efficientnet_b0,1,PD:V15,1,0.3815014958381653,False,kaggle:spiral,1
P2_subject,efficientnet_b0,1,HC:V02,0,0.3054041564464569,False,kaggle:spiral,1
P2_subject,efficientnet_b0,1,HC:V02,0,0.3279038071632385,False,kaggle:spiral,1
P2_subject,efficientnet_b0,1,HC:V03,0,0.2978844940662384,False,kaggle:spiral,1
P2_subject,efficientnet_b0,1,HC:V03,0,0.29015520215034485,False,kaggle:spiral,1
P2_subject,efficientnet_b0,1,HC:V04,0,0.3650771975517273,False,kaggle:spiral,1
P2_subject,efficientnet_b0,1,HC:V04,0,0.31137150526046753,False,kaggle:spiral,1
P2_subject,efficientnet_b0,1,HC:V06,0,0.35157957673072815,False,kaggle:spiral,1
P2_subject,efficientnet_b0,1,HC:V06,0,0.23642541468143463,False,kaggle:spiral,1
P2_subject,efficientnet_b0,1,HC:V07,0,0.36235928535461426,False,kaggle:spiral,1
P2_subject,efficientnet_b0,1,HC:V07,0,0.3589390516281128,False,kaggle:spiral,1
P2_subject,efficientnet_b0,1,HC:V10,0,0.27128082513809204,False,kaggle:spiral,1
P2_subject,efficientnet_b0,1,HC:V10,0,0.3294662833213806,False,kaggle:spiral,1
P2_subject,efficientnet_b0,1,PD:V03,1,0.370793879032135,False,kaggle:spiral,1
P2_subject,efficientnet_b0,1,PD:V03,1,0.2956971824169159,False,kaggle:spiral,1
P2_subject,efficientnet_b0,1,PD:V03,1,0.47324517369270325,False,kaggle:spiral,1
P2_subject,efficientnet_b0,1,PD:V03,1,0.40835729241371155,False,kaggle:spiral,1
P2_subject,efficientnet_b0,1,PD:V03,1,0.4405699074268341,False,kaggle:spiral,1
P2_subject,efficientnet_b0,1,PD:V03,1,0.5199769735336304,False,kaggle:spiral,1
P2_subject,efficientnet_b0,1,PD:V09,1,0.36492931842803955,False,kaggle:spiral,1
P2_subject,efficientnet_b0,1,PD:V09,1,0.36769136786460876,False,kaggle:spiral,1
P2_subject,efficientnet_b0,1,PD:V13,1,0.313345342874527,False,kaggle:spiral,1
P2_subject,efficientnet_b0,1,PD:V13,1,0.4117301106452942,False,kaggle:spiral,1
P2_subject,efficientnet_b0,1,PD:V13,1,0.33645039796829224,False,kaggle:spiral,1
P2_subject,efficientnet_b0,1,PD:V15,1,0.3699932396411896,False,kaggle:spiral,1
P2_subject,efficientnet_b0,1,PD:V15,1,0.3895116150379181,False,kaggle:spiral,1
P2_subject,efficientnet_b0,2,HC:V01,0,0.3948601186275482,False,kaggle:spiral,1
P2_subject,efficientnet_b0,2,HC:V05,0,0.3595774173736572,False,kaggle:spiral,1
P2_subject,efficientnet_b0,2,HC:V08,0,0.43790993094444275,False,kaggle:spiral,1
P2_subject,efficientnet_b0,2,HC:V09,0,0.39406660199165344,False,kaggle:spiral,1
P2_subject,efficientnet_b0,2,HC:V11,0,0.44518956542015076,False,kaggle:spiral,1
P2_subject,efficientnet_b0,2,PD:V01,1,0.3936590254306793,False,kaggle:spiral,1
P2_subject,efficientnet_b0,2,PD:V02,1,0.4314042031764984,False,kaggle:spiral,1
P2_subject,efficientnet_b0,2,PD:V07,1,0.430568665266037,False,kaggle:spiral,1
P2_subject,efficientnet_b0,2,PD:V11,1,0.4942972958087921,False,kaggle:spiral,1
P2_subject,efficientnet_b0,2,PD:V14,1,0.49735015630722046,False,kaggle:spiral,1
P2_subject,efficientnet_b0,2,HC:V01,0,0.41648268699645996,False,kaggle:spiral,1
P2_subject,efficientnet_b0,2,HC:V01,0,0.4496031403541565,False,kaggle:spiral,1
P2_subject,efficientnet_b0,2,HC:V05,0,0.4061843156814575,False,kaggle:spiral,1
P2_subject,efficientnet_b0,2,HC:V05,0,0.40883493423461914,False,kaggle:spiral,1
P2_subject,efficientnet_b0,2,HC:V08,0,0.4309329390525818,False,kaggle:spiral,1
P2_subject,efficientnet_b0,2,HC:V08,0,0.41075599193573,False,kaggle:spiral,1
P2_subject,efficientnet_b0,2,HC:V09,0,0.3878704607486725,False,kaggle:spiral,1
P2_subject,efficientnet_b0,2,HC:V09,0,0.40671148896217346,False,kaggle:spiral,1
P2_subject,efficientnet_b0,2,HC:V11,0,0.3866758644580841,False,kaggle:spiral,1
P2_subject,efficientnet_b0,2,HC:V11,0,0.40305817127227783,False,kaggle:spiral,1
P2_subject,efficientnet_b0,2,PD:V01,1,0.4404175579547882,False,kaggle:spiral,1
P2_subject,efficientnet_b0,2,PD:V01,1,0.3914686143398285,False,kaggle:spiral,1
P2_subject,efficientnet_b0,2,PD:V02,1,0.33111727237701416,False,kaggle:spiral,1
P2_subject,efficientnet_b0,2,PD:V02,1,0.4110864996910095,False,kaggle:spiral,1
P2_subject,efficientnet_b0,2,PD:V07,1,0.4380839467048645,False,kaggle:spiral,1
P2_subject,efficientnet_b0,2,PD:V07,1,0.4626266360282898,False,kaggle:spiral,1
P2_subject,efficientnet_b0,2,PD:V11,1,0.4345381259918213,False,kaggle:spiral,1
P2_subject,efficientnet_b0,2,PD:V11,1,0.43985190987586975,False,kaggle:spiral,1
P2_subject,efficientnet_b0,2,PD:V12,1,0.28465184569358826,False,kaggle:spiral,1
P2_subject,efficientnet_b0,2,PD:V12,1,0.4673061966896057,False,kaggle:spiral,1
P2_subject,efficientnet_b0,2,PD:V12,1,0.49544456601142883,False,kaggle:spiral,1
P2_subject,efficientnet_b0,2,PD:V14,1,0.4556637108325958,False,kaggle:spiral,1
P2_subject,efficientnet_b0,2,PD:V14,1,0.4436693787574768,False,kaggle:spiral,1
P1_image,vgg16,0,HC:V02,0,0.7973228096961975,False,kaggle:spiral,2
P1_image,vgg16,0,HC:V05,0,0.4999561309814453,True,kaggle:spiral,2
P1_image,vgg16,0,HC:V07,0,0.40369391441345215,True,kaggle:spiral,2
P1_image,vgg16,0,PD:V03,1,0.9431875348091125,True,kaggle:spiral,2
P1_image,vgg16,0,PD:V03,1,0.9227735996246338,True,kaggle:spiral,2
P1_image,vgg16,0,PD:V05,1,0.9087011218070984,True,kaggle:spiral,2
P1_image,vgg16,0,PD:V08,1,0.3770713210105896,True,kaggle:spiral,2
P1_image,vgg16,0,PD:V10,1,0.48990267515182495,True,kaggle:spiral,2
P1_image,vgg16,0,PD:V14,1,0.8930783271789551,True,kaggle:spiral,2
P1_image,vgg16,0,PD:V15,1,0.5533812642097473,True,kaggle:spiral,2
P1_image,vgg16,0,HC:V01,0,0.47423437237739563,True,kaggle:spiral,2
P1_image,vgg16,0,HC:V02,0,0.6417098641395569,False,kaggle:spiral,2
P1_image,vgg16,0,HC:V02,0,0.5750678181648254,False,kaggle:spiral,2
P1_image,vgg16,0,HC:V04,0,0.3781687021255493,True,kaggle:spiral,2
P1_image,vgg16,0,HC:V05,0,0.3305944502353668,True,kaggle:spiral,2
P1_image,vgg16,0,HC:V06,0,0.4398038387298584,True,kaggle:spiral,2
P1_image,vgg16,0,HC:V07,0,0.42572930455207825,True,kaggle:spiral,2
P1_image,vgg16,0,HC:V09,0,0.4012967348098755,True,kaggle:spiral,2
P1_image,vgg16,0,HC:V09,0,0.45758262276649475,True,kaggle:spiral,2
P1_image,vgg16,0,HC:V10,0,0.35754019021987915,True,kaggle:spiral,2
P1_image,vgg16,0,HC:V55,0,0.4134719669818878,True,kaggle:spiral,2
P1_image,vgg16,0,HC:V55,0,0.4509674906730652,True,kaggle:spiral,2
P1_image,vgg16,0,HC:V55,0,0.33113643527030945,True,kaggle:spiral,2
P1_image,vgg16,0,HC:V55,0,0.45436856150627136,True,kaggle:spiral,2
P1_image,vgg16,0,PD:V01,1,0.516331672668457,True,kaggle:spiral,2
P1_image,vgg16,0,PD:V03,1,0.9171944260597229,True,kaggle:spiral,2
P1_image,vgg16,0,PD:V04,1,0.7550305724143982,True,kaggle:spiral,2
P1_image,vgg16,0,PD:V06,1,0.5938554406166077,True,kaggle:spiral,2
P1_image,vgg16,0,PD:V07,1,0.9173943400382996,True,kaggle:spiral,2
P1_image,vgg16,0,PD:V09,1,0.691400408744812,True,kaggle:spiral,2
P1_image,vgg16,0,PD:V11,1,0.4749595820903778,True,kaggle:spiral,2
P1_image,vgg16,0,PD:V11,1,0.4161738157272339,True,kaggle:spiral,2
P1_image,vgg16,0,PD:V12,1,0.5759013891220093,True,kaggle:spiral,2
P1_image,vgg16,0,PD:V15,1,0.5597878694534302,True,kaggle:spiral,2
P1_image,vgg16,1,HC:V04,0,0.5903405547142029,True,kaggle:spiral,2
P1_image,vgg16,1,HC:V06,0,0.6063289046287537,True,kaggle:spiral,2
P1_image,vgg16,1,HC:V08,0,0.5824618935585022,True,kaggle:spiral,2
P1_image,vgg16,1,HC:V09,0,0.5491700172424316,True,kaggle:spiral,2
P1_image,vgg16,1,HC:V11,0,0.5555306077003479,True,kaggle:spiral,2
P1_image,vgg16,1,HC:V55,0,0.5690774321556091,True,kaggle:spiral,2
P1_image,vgg16,1,PD:V02,1,0.6252851486206055,True,kaggle:spiral,2
P1_image,vgg16,1,PD:V03,1,0.6223409175872803,True,kaggle:spiral,2
P1_image,vgg16,1,PD:V04,1,0.6345730423927307,True,kaggle:spiral,2
P1_image,vgg16,1,PD:V06,1,0.6256597638130188,True,kaggle:spiral,2
P1_image,vgg16,1,PD:V07,1,0.6192464232444763,True,kaggle:spiral,2
P1_image,vgg16,1,PD:V11,1,0.6025495529174805,True,kaggle:spiral,2
P1_image,vgg16,1,HC:V03,0,0.5513403415679932,True,kaggle:spiral,2
P1_image,vgg16,1,HC:V03,0,0.5639293193817139,True,kaggle:spiral,2
P1_image,vgg16,1,HC:V04,0,0.5993981957435608,True,kaggle:spiral,2
P1_image,vgg16,1,HC:V05,0,0.5416079163551331,True,kaggle:spiral,2
P1_image,vgg16,1,HC:V08,0,0.6039243340492249,True,kaggle:spiral,2
P1_image,vgg16,1,HC:V10,0,0.5656358599662781,True,kaggle:spiral,2
P1_image,vgg16,1,HC:V11,0,0.5555572509765625,True,kaggle:spiral,2
P1_image,vgg16,1,HC:V12,0,0.5675539374351501,True,kaggle:spiral,2
P1_image,vgg16,1,HC:V12,0,0.5690668225288391,True,kaggle:spiral,2
P1_image,vgg16,1,HC:V55,0,0.5882183909416199,True,kaggle:spiral,2
P1_image,vgg16,1,HC:V55,0,0.5965995192527771,True,kaggle:spiral,2
P1_image,vgg16,1,PD:V01,1,0.5885805487632751,True,kaggle:spiral,2
P1_image,vgg16,1,PD:V02,1,0.6107961535453796,True,kaggle:spiral,2
P1_image,vgg16,1,PD:V03,1,0.6258986592292786,True,kaggle:spiral,2
P1_image,vgg16,1,PD:V03,1,0.6125060319900513,True,kaggle:spiral,2
P1_image,vgg16,1,PD:V04,1,0.649920642375946,True,kaggle:spiral,2
P1_image,vgg16,1,PD:V05,1,0.6230633854866028,True,kaggle:spiral,2
P1_image,vgg16,1,PD:V07,1,0.6378608345985413,True,kaggle:spiral,2
P1_image,vgg16,1,PD:V09,1,0.6090235710144043,True,kaggle:spiral,2
P1_image,vgg16,1,PD:V13,1,0.6202837228775024,True,kaggle:spiral,2
P1_image,vgg16,1,PD:V13,1,0.6229193210601807,True,kaggle:spiral,2
P1_image,vgg16,1,PD:V14,1,0.6558204889297485,True,kaggle:spiral,2
P1_image,vgg16,2,HC:V01,0,0.22851137816905975,True,kaggle:spiral,2
P1_image,vgg16,2,HC:V03,0,0.23698574304580688,True,kaggle:spiral,2
P1_image,vgg16,2,HC:V10,0,0.23784245550632477,True,kaggle:spiral,2
P1_image,vgg16,2,HC:V55,0,0.2139051854610443,True,kaggle:spiral,2
P1_image,vgg16,2,HC:V55,0,0.23321083188056946,True,kaggle:spiral,2
P1_image,vgg16,2,HC:V55,0,0.2349892556667328,True,kaggle:spiral,2
P1_image,vgg16,2,PD:V01,1,0.27550750970840454,True,kaggle:spiral,2
P1_image,vgg16,2,PD:V09,1,0.311206579208374,True,kaggle:spiral,2
P1_image,vgg16,2,HC:V01,0,0.25410714745521545,True,kaggle:spiral,2
P1_image,vgg16,2,HC:V06,0,0.22548522055149078,True,kaggle:spiral,2
P1_image,vgg16,2,HC:V07,0,0.24655693769454956,True,kaggle:spiral,2
P1_image,vgg16,2,HC:V08,0,0.2568527162075043,True,kaggle:spiral,2
P1_image,vgg16,2,HC:V11,0,0.2150348573923111,True,kaggle:spiral,2
P1_image,vgg16,2,HC:V12,0,0.22820471227169037,True,kaggle:spiral,2
P1_image,vgg16,2,HC:V55,0,0.25057369470596313,True,kaggle:spiral,2
P1_image,vgg16,2,HC:V55,0,0.30114269256591797,True,kaggle:spiral,2
P1_image,vgg16,2,HC:V55,0,0.28829067945480347,True,kaggle:spiral,2
P1_image,vgg16,2,HC:V55,0,0.2950144410133362,True,kaggle:spiral,2
P1_image,vgg16,2,HC:V55,0,0.2088126838207245,True,kaggle:spiral,2
P1_image,vgg16,2,PD:V02,1,0.36412668228149414,True,kaggle:spiral,2
P1_image,vgg16,2,PD:V03,1,0.3819698393344879,True,kaggle:spiral,2
P1_image,vgg16,2,PD:V03,1,0.4034510552883148,True,kaggle:spiral,2
P1_image,vgg16,2,PD:V03,1,0.4033694267272949,True,kaggle:spiral,2
P1_image,vgg16,2,PD:V05,1,0.38548746705055237,True,kaggle:spiral,2
P1_image,vgg16,2,PD:V06,1,0.2651943564414978,True,kaggle:spiral,2
P1_image,vgg16,2,PD:V08,1,0.2928488254547119,True,kaggle:spiral,2
P1_image,vgg16,2,PD:V08,1,0.2731151282787323,True,kaggle:spiral,2
P1_image,vgg16,2,PD:V10,1,0.2863375246524811,True,kaggle:spiral,2
P1_image,vgg16,2,PD:V10,1,0.2431015819311142,True,kaggle:spiral,2
P1_image,vgg16,2,PD:V12,1,0.32340294122695923,True,kaggle:spiral,2
P1_image,vgg16,2,PD:V12,1,0.2954927682876587,True,kaggle:spiral,2
P1_image,vgg16,2,PD:V13,1,0.26956871151924133,True,kaggle:spiral,2
P1_image,vgg16,2,PD:V14,1,0.4095169007778168,True,kaggle:spiral,2
P1_image,vgg16,2,PD:V15,1,0.27364104986190796,True,kaggle:spiral,2
P2_subject,vgg16,0,HC:V09,0,0.2777477502822876,False,kaggle:spiral,2
P2_subject,vgg16,0,HC:V55,0,0.18035446107387543,False,kaggle:spiral,2
P2_subject,vgg16,0,HC:V55,0,0.23439934849739075,False,kaggle:spiral,2
P2_subject,vgg16,0,HC:V55,0,0.21188849210739136,False,kaggle:spiral,2
P2_subject,vgg16,0,HC:V55,0,0.2621239721775055,False,kaggle:spiral,2
P2_subject,vgg16,0,PD:V04,1,0.9063140153884888,False,kaggle:spiral,2
P2_subject,vgg16,0,PD:V07,1,0.8542992472648621,False,kaggle:spiral,2
P2_subject,vgg16,0,PD:V11,1,0.39439305663108826,False,kaggle:spiral,2
P2_subject,vgg16,0,PD:V14,1,0.9140457510948181,False,kaggle:spiral,2
P2_subject,vgg16,0,PD:V15,1,0.3194614052772522,False,kaggle:spiral,2
P2_subject,vgg16,0,HC:V09,0,0.1832202672958374,False,kaggle:spiral,2
P2_subject,vgg16,0,HC:V09,0,0.20687127113342285,False,kaggle:spiral,2
P2_subject,vgg16,0,HC:V55,0,0.2336195558309555,False,kaggle:spiral,2
P2_subject,vgg16,0,HC:V55,0,0.305049329996109,False,kaggle:spiral,2
P2_subject,vgg16,0,HC:V55,0,0.30075281858444214,False,kaggle:spiral,2
P2_subject,vgg16,0,HC:V55,0,0.22585326433181763,False,kaggle:spiral,2
P2_subject,vgg16,0,HC:V55,0,0.24167920649051666,False,kaggle:spiral,2
P2_subject,vgg16,0,HC:V55,0,0.1828165501356125,False,kaggle:spiral,2
P2_subject,vgg16,0,HC:V55,0,0.24605420231819153,False,kaggle:spiral,2
P2_subject,vgg16,0,HC:V55,0,0.1989135593175888,False,kaggle:spiral,2
P2_subject,vgg16,0,HC:V55,0,0.4513022303581238,False,kaggle:spiral,2
P2_subject,vgg16,0,HC:V55,0,0.25965046882629395,False,kaggle:spiral,2
P2_subject,vgg16,0,HC:V55,0,0.30982956290245056,False,kaggle:spiral,2
P2_subject,vgg16,0,PD:V04,1,0.8469613790512085,False,kaggle:spiral,2
P2_subject,vgg16,0,PD:V04,1,0.8962303996086121,False,kaggle:spiral,2
P2_subject,vgg16,0,PD:V07,1,0.8042356371879578,False,kaggle:spiral,2
P2_subject,vgg16,0,PD:V07,1,0.8327017426490784,False,kaggle:spiral,2
P2_subject,vgg16,0,PD:V11,1,0.28629258275032043,False,kaggle:spiral,2
P2_subject,vgg16,0,PD:V11,1,0.29687944054603577,False,kaggle:spiral,2
P2_subject,vgg16,0,PD:V12,1,0.42323675751686096,False,kaggle:spiral,2
P2_subject,vgg16,0,PD:V12,1,0.5047308206558228,False,kaggle:spiral,2
P2_subject,vgg16,0,PD:V12,1,0.2883569896221161,False,kaggle:spiral,2
P2_subject,vgg16,0,PD:V14,1,0.9352850317955017,False,kaggle:spiral,2
P2_subject,vgg16,0,PD:V14,1,0.8085861802101135,False,kaggle:spiral,2
P2_subject,vgg16,0,PD:V15,1,0.36464980244636536,False,kaggle:spiral,2
P2_subject,vgg16,0,PD:V15,1,0.35732436180114746,False,kaggle:spiral,2
P2_subject,vgg16,1,HC:V01,0,0.3478807806968689,False,kaggle:spiral,2
P2_subject,vgg16,1,HC:V03,0,0.35806453227996826,False,kaggle:spiral,2
P2_subject,vgg16,1,HC:V05,0,0.4565145671367645,False,kaggle:spiral,2
P2_subject,vgg16,1,HC:V06,0,0.3243960440158844,False,kaggle:spiral,2
P2_subject,vgg16,1,HC:V07,0,0.35880377888679504,False,kaggle:spiral,2
P2_subject,vgg16,1,PD:V01,1,0.3235805034637451,False,kaggle:spiral,2
P2_subject,vgg16,1,PD:V03,1,0.6780187487602234,False,kaggle:spiral,2
P2_subject,vgg16,1,PD:V03,1,0.7451471090316772,False,kaggle:spiral,2
P2_subject,vgg16,1,PD:V03,1,0.7118149399757385,False,kaggle:spiral,2
P2_subject,vgg16,1,PD:V06,1,0.46990811824798584,False,kaggle:spiral,2
P2_subject,vgg16,1,HC:V01,0,0.38023585081100464,False,kaggle:spiral,2
P2_subject,vgg16,1,HC:V01,0,0.40685543417930603,False,kaggle:spiral,2
P2_subject,vgg16,1,HC:V03,0,0.3466865122318268,False,kaggle:spiral,2
P2_subject,vgg16,1,HC:V03,0,0.38528165221214294,False,kaggle:spiral,2
P2_subject,vgg16,1,HC:V05,0,0.31599313020706177,False,kaggle:spiral,2
P2_subject,vgg16,1,HC:V05,0,0.3917252719402313,False,kaggle:spiral,2
P2_subject,vgg16,1,HC:V06,0,0.3520025312900543,False,kaggle:spiral,2
P2_subject,vgg16,1,HC:V06,0,0.35548362135887146,False,kaggle:spiral,2
P2_subject,vgg16,1,HC:V07,0,0.35512858629226685,False,kaggle:spiral,2
P2_subject,vgg16,1,HC:V07,0,0.3677828013896942,False,kaggle:spiral,2
P2_subject,vgg16,1,PD:V01,1,0.3455033302307129,False,kaggle:spiral,2
P2_subject,vgg16,1,PD:V01,1,0.39691948890686035,False,kaggle:spiral,2
P2_subject,vgg16,1,PD:V03,1,0.681490421295166,False,kaggle:spiral,2
P2_subject,vgg16,1,PD:V03,1,0.6491587162017822,False,kaggle:spiral,2
P2_subject,vgg16,1,PD:V03,1,0.7248334884643555,False,kaggle:spiral,2
P2_subject,vgg16,1,PD:V03,1,0.6930664777755737,False,kaggle:spiral,2
P2_subject,vgg16,1,PD:V03,1,0.674017071723938,False,kaggle:spiral,2
P2_subject,vgg16,1,PD:V03,1,0.6920543313026428,False,kaggle:spiral,2
P2_subject,vgg16,1,PD:V06,1,0.4042375981807709,False,kaggle:spiral,2
P2_subject,vgg16,1,PD:V06,1,0.44517797231674194,False,kaggle:spiral,2
P2_subject,vgg16,1,PD:V13,1,0.3705739974975586,False,kaggle:spiral,2
P2_subject,vgg16,1,PD:V13,1,0.3964056968688965,False,kaggle:spiral,2
P2_subject,vgg16,1,PD:V13,1,0.407637357711792,False,kaggle:spiral,2
P2_subject,vgg16,2,HC:V02,0,0.6968213319778442,False,kaggle:spiral,2
P2_subject,vgg16,2,HC:V04,0,0.42982029914855957,False,kaggle:spiral,2
P2_subject,vgg16,2,HC:V08,0,0.4922429621219635,False,kaggle:spiral,2
P2_subject,vgg16,2,HC:V10,0,0.4778323471546173,False,kaggle:spiral,2
P2_subject,vgg16,2,HC:V11,0,0.378520667552948,False,kaggle:spiral,2
P2_subject,vgg16,2,PD:V02,1,0.6933984160423279,False,kaggle:spiral,2
P2_subject,vgg16,2,PD:V05,1,0.8671021461486816,False,kaggle:spiral,2
P2_subject,vgg16,2,PD:V08,1,0.37159839272499084,False,kaggle:spiral,2
P2_subject,vgg16,2,PD:V09,1,0.6256877183914185,False,kaggle:spiral,2
P2_subject,vgg16,2,PD:V10,1,0.4481078088283539,False,kaggle:spiral,2
P2_subject,vgg16,2,HC:V02,0,0.5869396328926086,False,kaggle:spiral,2
P2_subject,vgg16,2,HC:V02,0,0.5274530649185181,False,kaggle:spiral,2
P2_subject,vgg16,2,HC:V04,0,0.44475898146629333,False,kaggle:spiral,2
P2_subject,vgg16,2,HC:V04,0,0.4185441732406616,False,kaggle:spiral,2
P2_subject,vgg16,2,HC:V08,0,0.49385350942611694,False,kaggle:spiral,2
P2_subject,vgg16,2,HC:V08,0,0.5462237000465393,False,kaggle:spiral,2
P2_subject,vgg16,2,HC:V10,0,0.4252711236476898,False,kaggle:spiral,2
P2_subject,vgg16,2,HC:V10,0,0.4108442962169647,False,kaggle:spiral,2
P2_subject,vgg16,2,HC:V11,0,0.3550150990486145,False,kaggle:spiral,2
P2_subject,vgg16,2,HC:V11,0,0.3999796509742737,False,kaggle:spiral,2
P2_subject,vgg16,2,HC:V12,0,0.46919822692871094,False,kaggle:spiral,2
P2_subject,vgg16,2,HC:V12,0,0.47037187218666077,False,kaggle:spiral,2
P2_subject,vgg16,2,HC:V12,0,0.500370442867279,False,kaggle:spiral,2
P2_subject,vgg16,2,PD:V02,1,0.6399784684181213,False,kaggle:spiral,2
P2_subject,vgg16,2,PD:V02,1,0.7456392049789429,False,kaggle:spiral,2
P2_subject,vgg16,2,PD:V05,1,0.7699883580207825,False,kaggle:spiral,2
P2_subject,vgg16,2,PD:V05,1,0.7038336992263794,False,kaggle:spiral,2
P2_subject,vgg16,2,PD:V08,1,0.6017906665802002,False,kaggle:spiral,2
P2_subject,vgg16,2,PD:V08,1,0.5652198195457458,False,kaggle:spiral,2
P2_subject,vgg16,2,PD:V09,1,0.6253914833068848,False,kaggle:spiral,2
P2_subject,vgg16,2,PD:V09,1,0.7014822363853455,False,kaggle:spiral,2
P2_subject,vgg16,2,PD:V10,1,0.4640192687511444,False,kaggle:spiral,2
P2_subject,vgg16,2,PD:V10,1,0.3819321393966675,False,kaggle:spiral,2
P1_image,resnet50,0,HC:V02,0,0.4686164855957031,False,kaggle:spiral,2
P1_image,resnet50,0,HC:V05,0,0.4106876850128174,True,kaggle:spiral,2
P1_image,resnet50,0,HC:V07,0,0.24405361711978912,True,kaggle:spiral,2
P1_image,resnet50,0,PD:V03,1,0.6394788026809692,True,kaggle:spiral,2
P1_image,resnet50,0,PD:V03,1,0.6298080682754517,True,kaggle:spiral,2
P1_image,resnet50,0,PD:V05,1,0.6365053057670593,True,kaggle:spiral,2
P1_image,resnet50,0,PD:V08,1,0.36950820684432983,True,kaggle:spiral,2
P1_image,resnet50,0,PD:V10,1,0.2956176698207855,True,kaggle:spiral,2
P1_image,resnet50,0,PD:V14,1,0.5381953120231628,True,kaggle:spiral,2
P1_image,resnet50,0,PD:V15,1,0.3573542833328247,True,kaggle:spiral,2
P1_image,resnet50,0,HC:V01,0,0.2911666929721832,True,kaggle:spiral,2
P1_image,resnet50,0,HC:V02,0,0.36345112323760986,False,kaggle:spiral,2
P1_image,resnet50,0,HC:V02,0,0.36186063289642334,False,kaggle:spiral,2
P1_image,resnet50,0,HC:V04,0,0.29626089334487915,True,kaggle:spiral,2
P1_image,resnet50,0,HC:V05,0,0.24909284710884094,True,kaggle:spiral,2
P1_image,resnet50,0,HC:V06,0,0.2941526472568512,True,kaggle:spiral,2
P1_image,resnet50,0,HC:V07,0,0.2561492323875427,True,kaggle:spiral,2
P1_image,resnet50,0,HC:V09,0,0.2903599739074707,True,kaggle:spiral,2
P1_image,resnet50,0,HC:V09,0,0.28729328513145447,True,kaggle:spiral,2
P1_image,resnet50,0,HC:V10,0,0.20893900096416473,True,kaggle:spiral,2
P1_image,resnet50,0,HC:V55,0,0.31399044394493103,True,kaggle:spiral,2
P1_image,resnet50,0,HC:V55,0,0.2627863883972168,True,kaggle:spiral,2
P1_image,resnet50,0,HC:V55,0,0.30019697546958923,True,kaggle:spiral,2
P1_image,resnet50,0,HC:V55,0,0.3804880678653717,True,kaggle:spiral,2
P1_image,resnet50,0,PD:V01,1,0.3710007965564728,True,kaggle:spiral,2
P1_image,resnet50,0,PD:V03,1,0.5853727459907532,True,kaggle:spiral,2
P1_image,resnet50,0,PD:V04,1,0.5816399455070496,True,kaggle:spiral,2
P1_image,resnet50,0,PD:V06,1,0.27544716000556946,True,kaggle:spiral,2
P1_image,resnet50,0,PD:V07,1,0.5855289697647095,True,kaggle:spiral,2
P1_image,resnet50,0,PD:V09,1,0.4755713641643524,True,kaggle:spiral,2
P1_image,resnet50,0,PD:V11,1,0.3225615620613098,True,kaggle:spiral,2
P1_image,resnet50,0,PD:V11,1,0.27754345536231995,True,kaggle:spiral,2
P1_image,resnet50,0,PD:V12,1,0.4708225727081299,True,kaggle:spiral,2
P1_image,resnet50,0,PD:V15,1,0.37871256470680237,True,kaggle:spiral,2
P1_image,resnet50,1,HC:V04,0,0.4672164022922516,True,kaggle:spiral,2
P1_image,resnet50,1,HC:V06,0,0.3814196288585663,True,kaggle:spiral,2
P1_image,resnet50,1,HC:V08,0,0.46598032116889954,True,kaggle:spiral,2
P1_image,resnet50,1,HC:V09,0,0.4322826564311981,True,kaggle:spiral,2
P1_image,resnet50,1,HC:V11,0,0.4678875207901001,True,kaggle:spiral,2
P1_image,resnet50,1,HC:V55,0,0.4917946457862854,True,kaggle:spiral,2
P1_image,resnet50,1,PD:V02,1,0.527184247970581,True,kaggle:spiral,2
P1_image,resnet50,1,PD:V03,1,0.5745786428451538,True,kaggle:spiral,2
P1_image,resnet50,1,PD:V04,1,0.5908423662185669,True,kaggle:spiral,2
P1_image,resnet50,1,PD:V06,1,0.5171785354614258,True,kaggle:spiral,2
P1_image,resnet50,1,PD:V07,1,0.5414368510246277,True,kaggle:spiral,2
P1_image,resnet50,1,PD:V11,1,0.5316433906555176,True,kaggle:spiral,2
P1_image,resnet50,1,HC:V03,0,0.5297362804412842,True,kaggle:spiral,2
P1_image,resnet50,1,HC:V03,0,0.45615115761756897,True,kaggle:spiral,2
P1_image,resnet50,1,HC:V04,0,0.4772559702396393,True,kaggle:spiral,2
P1_image,resnet50,1,HC:V05,0,0.48749762773513794,True,kaggle:spiral,2
P1_image,resnet50,1,HC:V08,0,0.4474579989910126,True,kaggle:spiral,2
P1_image,resnet50,1,HC:V10,0,0.4357598125934601,True,kaggle:spiral,2
P1_image,resnet50,1,HC:V11,0,0.423075407743454,True,kaggle:spiral,2
P1_image,resnet50,1,HC:V12,0,0.4969673156738281,True,kaggle:spiral,2
P1_image,resnet50,1,HC:V12,0,0.47368210554122925,True,kaggle:spiral,2
P1_image,resnet50,1,HC:V55,0,0.44919663667678833,True,kaggle:spiral,2
P1_image,resnet50,1,HC:V55,0,0.4565922021865845,True,kaggle:spiral,2
P1_image,resnet50,1,PD:V01,1,0.5112006068229675,True,kaggle:spiral,2
P1_image,resnet50,1,PD:V02,1,0.48815348744392395,True,kaggle:spiral,2
P1_image,resnet50,1,PD:V03,1,0.7068771123886108,True,kaggle:spiral,2
P1_image,resnet50,1,PD:V03,1,0.5558008551597595,True,kaggle:spiral,2
P1_image,resnet50,1,PD:V04,1,0.5747911930084229,True,kaggle:spiral,2
P1_image,resnet50,1,PD:V05,1,0.5446720123291016,True,kaggle:spiral,2
P1_image,resnet50,1,PD:V07,1,0.5301283597946167,True,kaggle:spiral,2
P1_image,resnet50,1,PD:V09,1,0.5494770407676697,True,kaggle:spiral,2
P1_image,resnet50,1,PD:V13,1,0.5045412182807922,True,kaggle:spiral,2
P1_image,resnet50,1,PD:V13,1,0.48824140429496765,True,kaggle:spiral,2
P1_image,resnet50,1,PD:V14,1,0.5425710678100586,True,kaggle:spiral,2
P1_image,resnet50,2,HC:V01,0,0.3696681559085846,True,kaggle:spiral,2
P1_image,resnet50,2,HC:V03,0,0.5484597682952881,True,kaggle:spiral,2
P1_image,resnet50,2,HC:V10,0,0.46750861406326294,True,kaggle:spiral,2
P1_image,resnet50,2,HC:V55,0,0.5194437503814697,True,kaggle:spiral,2
P1_image,resnet50,2,HC:V55,0,0.4666263461112976,True,kaggle:spiral,2
P1_image,resnet50,2,HC:V55,0,0.4798958897590637,True,kaggle:spiral,2
P1_image,resnet50,2,PD:V01,1,0.4693306088447571,True,kaggle:spiral,2
P1_image,resnet50,2,PD:V09,1,0.5428719520568848,True,kaggle:spiral,2
P1_image,resnet50,2,HC:V01,0,0.5028807520866394,True,kaggle:spiral,2
P1_image,resnet50,2,HC:V06,0,0.4218522906303406,True,kaggle:spiral,2
P1_image,resnet50,2,HC:V07,0,0.44088733196258545,True,kaggle:spiral,2
P1_image,resnet50,2,HC:V08,0,0.4600071609020233,True,kaggle:spiral,2
P1_image,resnet50,2,HC:V11,0,0.5084103941917419,True,kaggle:spiral,2
P1_image,resnet50,2,HC:V12,0,0.5133885741233826,True,kaggle:spiral,2
P1_image,resnet50,2,HC:V55,0,0.4027966558933258,True,kaggle:spiral,2
P1_image,resnet50,2,HC:V55,0,0.44253066182136536,True,kaggle:spiral,2
P1_image,resnet50,2,HC:V55,0,0.42089712619781494,True,kaggle:spiral,2
P1_image,resnet50,2,HC:V55,0,0.654771089553833,True,kaggle:spiral,2
P1_image,resnet50,2,HC:V55,0,0.4521055221557617,True,kaggle:spiral,2
P1_image,resnet50,2,PD:V02,1,0.5854426622390747,True,kaggle:spiral,2
P1_image,resnet50,2,PD:V03,1,0.6685423851013184,True,kaggle:spiral,2
P1_image,resnet50,2,PD:V03,1,0.6611071825027466,True,kaggle:spiral,2
P1_image,resnet50,2,PD:V03,1,0.7220714092254639,True,kaggle:spiral,2
P1_image,resnet50,2,PD:V05,1,0.5605562329292297,True,kaggle:spiral,2
P1_image,resnet50,2,PD:V06,1,0.5205211043357849,True,kaggle:spiral,2
P1_image,resnet50,2,PD:V08,1,0.47933229804039,True,kaggle:spiral,2
P1_image,resnet50,2,PD:V08,1,0.47725710272789,True,kaggle:spiral,2
P1_image,resnet50,2,PD:V10,1,0.48952239751815796,True,kaggle:spiral,2
P1_image,resnet50,2,PD:V10,1,0.45699942111968994,True,kaggle:spiral,2
P1_image,resnet50,2,PD:V12,1,0.49762505292892456,True,kaggle:spiral,2
P1_image,resnet50,2,PD:V12,1,0.5206337571144104,True,kaggle:spiral,2
P1_image,resnet50,2,PD:V13,1,0.49004966020584106,True,kaggle:spiral,2
P1_image,resnet50,2,PD:V14,1,0.6258429288864136,True,kaggle:spiral,2
P1_image,resnet50,2,PD:V15,1,0.5134254693984985,True,kaggle:spiral,2
P2_subject,resnet50,0,HC:V09,0,0.4015985131263733,False,kaggle:spiral,2
P2_subject,resnet50,0,HC:V55,0,0.41735780239105225,False,kaggle:spiral,2
P2_subject,resnet50,0,HC:V55,0,0.4667268991470337,False,kaggle:spiral,2
P2_subject,resnet50,0,HC:V55,0,0.3824775218963623,False,kaggle:spiral,2
P2_subject,resnet50,0,HC:V55,0,0.34579330682754517,False,kaggle:spiral,2
P2_subject,resnet50,0,PD:V04,1,0.5334791541099548,False,kaggle:spiral,2
P2_subject,resnet50,0,PD:V07,1,0.6192522048950195,False,kaggle:spiral,2
P2_subject,resnet50,0,PD:V11,1,0.4287526309490204,False,kaggle:spiral,2
P2_subject,resnet50,0,PD:V14,1,0.480652391910553,False,kaggle:spiral,2
P2_subject,resnet50,0,PD:V15,1,0.49685534834861755,False,kaggle:spiral,2
P2_subject,resnet50,0,HC:V09,0,0.34915629029273987,False,kaggle:spiral,2
P2_subject,resnet50,0,HC:V09,0,0.40940356254577637,False,kaggle:spiral,2
P2_subject,resnet50,0,HC:V55,0,0.4232288599014282,False,kaggle:spiral,2
P2_subject,resnet50,0,HC:V55,0,0.3479261100292206,False,kaggle:spiral,2
P2_subject,resnet50,0,HC:V55,0,0.3597150444984436,False,kaggle:spiral,2
P2_subject,resnet50,0,HC:V55,0,0.4491877555847168,False,kaggle:spiral,2
P2_subject,resnet50,0,HC:V55,0,0.4755021631717682,False,kaggle:spiral,2
P2_subject,resnet50,0,HC:V55,0,0.39802032709121704,False,kaggle:spiral,2
P2_subject,resnet50,0,HC:V55,0,0.41737812757492065,False,kaggle:spiral,2
P2_subject,resnet50,0,HC:V55,0,0.4071927070617676,False,kaggle:spiral,2
P2_subject,resnet50,0,HC:V55,0,0.45346421003341675,False,kaggle:spiral,2
P2_subject,resnet50,0,HC:V55,0,0.42364391684532166,False,kaggle:spiral,2
P2_subject,resnet50,0,HC:V55,0,0.39794060587882996,False,kaggle:spiral,2
P2_subject,resnet50,0,PD:V04,1,0.5144402980804443,False,kaggle:spiral,2
P2_subject,resnet50,0,PD:V04,1,0.45684614777565,False,kaggle:spiral,2
P2_subject,resnet50,0,PD:V07,1,0.5811058878898621,False,kaggle:spiral,2
P2_subject,resnet50,0,PD:V07,1,0.5779173374176025,False,kaggle:spiral,2
P2_subject,resnet50,0,PD:V11,1,0.40279409289360046,False,kaggle:spiral,2
P2_subject,resnet50,0,PD:V11,1,0.46098825335502625,False,kaggle:spiral,2
P2_subject,resnet50,0,PD:V12,1,0.48139071464538574,False,kaggle:spiral,2
P2_subject,resnet50,0,PD:V12,1,0.4762501120567322,False,kaggle:spiral,2
P2_subject,resnet50,0,PD:V12,1,0.5149769186973572,False,kaggle:spiral,2
P2_subject,resnet50,0,PD:V14,1,0.5102351307868958,False,kaggle:spiral,2
P2_subject,resnet50,0,PD:V14,1,0.5297480821609497,False,kaggle:spiral,2
P2_subject,resnet50,0,PD:V15,1,0.46923303604125977,False,kaggle:spiral,2
P2_subject,resnet50,0,PD:V15,1,0.4983201026916504,False,kaggle:spiral,2
P2_subject,resnet50,1,HC:V01,0,0.35141363739967346,False,kaggle:spiral,2
P2_subject,resnet50,1,HC:V03,0,0.37005192041397095,False,kaggle:spiral,2
P2_subject,resnet50,1,HC:V05,0,0.33313778042793274,False,kaggle:spiral,2
P2_subject,resnet50,1,HC:V06,0,0.335099995136261,False,kaggle:spiral,2
P2_subject,resnet50,1,HC:V07,0,0.3276975750923157,False,kaggle:spiral,2
P2_subject,resnet50,1,PD:V01,1,0.3318845331668854,False,kaggle:spiral,2
P2_subject,resnet50,1,PD:V03,1,0.6778318285942078,False,kaggle:spiral,2
P2_subject,resnet50,1,PD:V03,1,0.6723730564117432,False,kaggle:spiral,2
P2_subject,resnet50,1,PD:V03,1,0.6899133324623108,False,kaggle:spiral,2
P2_subject,resnet50,1,PD:V06,1,0.3979237377643585,False,kaggle:spiral,2
P2_subject,resnet50,1,HC:V01,0,0.3355161249637604,False,kaggle:spiral,2
P2_subject,resnet50,1,HC:V01,0,0.2629055976867676,False,kaggle:spiral,2
P2_subject,resnet50,1,HC:V03,0,0.3486397862434387,False,kaggle:spiral,2
P2_subject,resnet50,1,HC:V03,0,0.2743440866470337,False,kaggle:spiral,2
P2_subject,resnet50,1,HC:V05,0,0.3397280275821686,False,kaggle:spiral,2
P2_subject,resnet50,1,HC:V05,0,0.3077620565891266,False,kaggle:spiral,2
P2_subject,resnet50,1,HC:V06,0,0.34400179982185364,False,kaggle:spiral,2
P2_subject,resnet50,1,HC:V06,0,0.2780661880970001,False,kaggle:spiral,2
P2_subject,resnet50,1,HC:V07,0,0.30441945791244507,False,kaggle:spiral,2
P2_subject,resnet50,1,HC:V07,0,0.3760741353034973,False,kaggle:spiral,2
P2_subject,resnet50,1,PD:V01,1,0.34183862805366516,False,kaggle:spiral,2
P2_subject,resnet50,1,PD:V01,1,0.34944623708724976,False,kaggle:spiral,2
P2_subject,resnet50,1,PD:V03,1,0.48736292123794556,False,kaggle:spiral,2
P2_subject,resnet50,1,PD:V03,1,0.6133296489715576,False,kaggle:spiral,2
P2_subject,resnet50,1,PD:V03,1,0.6797520518302917,False,kaggle:spiral,2
P2_subject,resnet50,1,PD:V03,1,0.7392743825912476,False,kaggle:spiral,2
P2_subject,resnet50,1,PD:V03,1,0.6696839928627014,False,kaggle:spiral,2
P2_subject,resnet50,1,PD:V03,1,0.6664994955062866,False,kaggle:spiral,2
P2_subject,resnet50,1,PD:V06,1,0.38774099946022034,False,kaggle:spiral,2
P2_subject,resnet50,1,PD:V06,1,0.34773823618888855,False,kaggle:spiral,2
P2_subject,resnet50,1,PD:V13,1,0.35223284363746643,False,kaggle:spiral,2
P2_subject,resnet50,1,PD:V13,1,0.40294551849365234,False,kaggle:spiral,2
P2_subject,resnet50,1,PD:V13,1,0.4062381088733673,False,kaggle:spiral,2
P2_subject,resnet50,2,HC:V02,0,0.5738964676856995,False,kaggle:spiral,2
P2_subject,resnet50,2,HC:V04,0,0.4544394016265869,False,kaggle:spiral,2
P2_subject,resnet50,2,HC:V08,0,0.3825324773788452,False,kaggle:spiral,2
P2_subject,resnet50,2,HC:V10,0,0.38465675711631775,False,kaggle:spiral,2
P2_subject,resnet50,2,HC:V11,0,0.42475298047065735,False,kaggle:spiral,2
P2_subject,resnet50,2,PD:V02,1,0.5307422280311584,False,kaggle:spiral,2
P2_subject,resnet50,2,PD:V05,1,0.5241276025772095,False,kaggle:spiral,2
P2_subject,resnet50,2,PD:V08,1,0.45438241958618164,False,kaggle:spiral,2
P2_subject,resnet50,2,PD:V09,1,0.46014881134033203,False,kaggle:spiral,2
P2_subject,resnet50,2,PD:V10,1,0.40065664052963257,False,kaggle:spiral,2
P2_subject,resnet50,2,HC:V02,0,0.4701128900051117,False,kaggle:spiral,2
P2_subject,resnet50,2,HC:V02,0,0.4104899764060974,False,kaggle:spiral,2
P2_subject,resnet50,2,HC:V04,0,0.3377808630466461,False,kaggle:spiral,2
P2_subject,resnet50,2,HC:V04,0,0.43143919110298157,False,kaggle:spiral,2
P2_subject,resnet50,2,HC:V08,0,0.4051135778427124,False,kaggle:spiral,2
P2_subject,resnet50,2,HC:V08,0,0.4041174054145813,False,kaggle:spiral,2
P2_subject,resnet50,2,HC:V10,0,0.39136919379234314,False,kaggle:spiral,2
P2_subject,resnet50,2,HC:V10,0,0.3609238266944885,False,kaggle:spiral,2
P2_subject,resnet50,2,HC:V11,0,0.35617968440055847,False,kaggle:spiral,2
P2_subject,resnet50,2,HC:V11,0,0.35342273116111755,False,kaggle:spiral,2
P2_subject,resnet50,2,HC:V12,0,0.3899204432964325,False,kaggle:spiral,2
P2_subject,resnet50,2,HC:V12,0,0.4193892180919647,False,kaggle:spiral,2
P2_subject,resnet50,2,HC:V12,0,0.4242572486400604,False,kaggle:spiral,2
P2_subject,resnet50,2,PD:V02,1,0.5236842036247253,False,kaggle:spiral,2
P2_subject,resnet50,2,PD:V02,1,0.6346114277839661,False,kaggle:spiral,2
P2_subject,resnet50,2,PD:V05,1,0.4723282754421234,False,kaggle:spiral,2
P2_subject,resnet50,2,PD:V05,1,0.5602172017097473,False,kaggle:spiral,2
P2_subject,resnet50,2,PD:V08,1,0.4459773004055023,False,kaggle:spiral,2
P2_subject,resnet50,2,PD:V08,1,0.46543362736701965,False,kaggle:spiral,2
P2_subject,resnet50,2,PD:V09,1,0.43396908044815063,False,kaggle:spiral,2
P2_subject,resnet50,2,PD:V09,1,0.5016350746154785,False,kaggle:spiral,2
P2_subject,resnet50,2,PD:V10,1,0.37024906277656555,False,kaggle:spiral,2
P2_subject,resnet50,2,PD:V10,1,0.33840635418891907,False,kaggle:spiral,2
P1_image,efficientnet_b0,0,HC:V02,0,0.6443135738372803,False,kaggle:spiral,2
P1_image,efficientnet_b0,0,HC:V05,0,0.33229467272758484,True,kaggle:spiral,2
P1_image,efficientnet_b0,0,HC:V07,0,0.43195024132728577,True,kaggle:spiral,2
P1_image,efficientnet_b0,0,PD:V03,1,0.6241664290428162,True,kaggle:spiral,2
P1_image,efficientnet_b0,0,PD:V03,1,0.6290135979652405,True,kaggle:spiral,2
P1_image,efficientnet_b0,0,PD:V05,1,0.4848293364048004,True,kaggle:spiral,2
P1_image,efficientnet_b0,0,PD:V08,1,0.4081108272075653,True,kaggle:spiral,2
P1_image,efficientnet_b0,0,PD:V10,1,0.44741982221603394,True,kaggle:spiral,2
P1_image,efficientnet_b0,0,PD:V14,1,0.6068928837776184,True,kaggle:spiral,2
P1_image,efficientnet_b0,0,PD:V15,1,0.5674344301223755,True,kaggle:spiral,2
P1_image,efficientnet_b0,0,HC:V01,0,0.4109795093536377,True,kaggle:spiral,2
P1_image,efficientnet_b0,0,HC:V02,0,0.45804741978645325,False,kaggle:spiral,2
P1_image,efficientnet_b0,0,HC:V02,0,0.39617452025413513,False,kaggle:spiral,2
P1_image,efficientnet_b0,0,HC:V04,0,0.370839387178421,True,kaggle:spiral,2
P1_image,efficientnet_b0,0,HC:V05,0,0.3095754086971283,True,kaggle:spiral,2
P1_image,efficientnet_b0,0,HC:V06,0,0.4206409454345703,True,kaggle:spiral,2
P1_image,efficientnet_b0,0,HC:V07,0,0.36667805910110474,True,kaggle:spiral,2
P1_image,efficientnet_b0,0,HC:V09,0,0.4474518895149231,True,kaggle:spiral,2
P1_image,efficientnet_b0,0,HC:V09,0,0.4277975857257843,True,kaggle:spiral,2
P1_image,efficientnet_b0,0,HC:V10,0,0.3689119815826416,True,kaggle:spiral,2
P1_image,efficientnet_b0,0,HC:V55,0,0.3408830761909485,True,kaggle:spiral,2
P1_image,efficientnet_b0,0,HC:V55,0,0.4718707203865051,True,kaggle:spiral,2
P1_image,efficientnet_b0,0,HC:V55,0,0.3863207697868347,True,kaggle:spiral,2
P1_image,efficientnet_b0,0,HC:V55,0,0.4850503206253052,True,kaggle:spiral,2
P1_image,efficientnet_b0,0,PD:V01,1,0.3841928541660309,True,kaggle:spiral,2
P1_image,efficientnet_b0,0,PD:V03,1,0.5683532953262329,True,kaggle:spiral,2
P1_image,efficientnet_b0,0,PD:V04,1,0.6268210411071777,True,kaggle:spiral,2
P1_image,efficientnet_b0,0,PD:V06,1,0.48358744382858276,True,kaggle:spiral,2
P1_image,efficientnet_b0,0,PD:V07,1,0.5107460618019104,True,kaggle:spiral,2
P1_image,efficientnet_b0,0,PD:V09,1,0.508063018321991,True,kaggle:spiral,2
P1_image,efficientnet_b0,0,PD:V11,1,0.47007355093955994,True,kaggle:spiral,2
P1_image,efficientnet_b0,0,PD:V11,1,0.38363200426101685,True,kaggle:spiral,2
P1_image,efficientnet_b0,0,PD:V12,1,0.2873407006263733,True,kaggle:spiral,2
P1_image,efficientnet_b0,0,PD:V15,1,0.4782455563545227,True,kaggle:spiral,2
P1_image,efficientnet_b0,1,HC:V04,0,0.558436930179596,True,kaggle:spiral,2
P1_image,efficientnet_b0,1,HC:V06,0,0.457963764667511,True,kaggle:spiral,2
P1_image,efficientnet_b0,1,HC:V08,0,0.4775933623313904,True,kaggle:spiral,2
P1_image,efficientnet_b0,1,HC:V09,0,0.4665796756744385,True,kaggle:spiral,2
P1_image,efficientnet_b0,1,HC:V11,0,0.5994954705238342,True,kaggle:spiral,2
P1_image,efficientnet_b0,1,HC:V55,0,0.5646057724952698,True,kaggle:spiral,2
P1_image,efficientnet_b0,1,PD:V02,1,0.6553524732589722,True,kaggle:spiral,2
P1_image,efficientnet_b0,1,PD:V03,1,0.7300658226013184,True,kaggle:spiral,2
P1_image,efficientnet_b0,1,PD:V04,1,0.6809074878692627,True,kaggle:spiral,2
P1_image,efficientnet_b0,1,PD:V06,1,0.5812065005302429,True,kaggle:spiral,2
P1_image,efficientnet_b0,1,PD:V07,1,0.6182934045791626,True,kaggle:spiral,2
P1_image,efficientnet_b0,1,PD:V11,1,0.508089005947113,True,kaggle:spiral,2
P1_image,efficientnet_b0,1,HC:V03,0,0.5605968236923218,True,kaggle:spiral,2
P1_image,efficientnet_b0,1,HC:V03,0,0.5664642453193665,True,kaggle:spiral,2
P1_image,efficientnet_b0,1,HC:V04,0,0.5184762477874756,True,kaggle:spiral,2
P1_image,efficientnet_b0,1,HC:V05,0,0.5556549429893494,True,kaggle:spiral,2
P1_image,efficientnet_b0,1,HC:V08,0,0.4748166501522064,True,kaggle:spiral,2
P1_image,efficientnet_b0,1,HC:V10,0,0.50978022813797,True,kaggle:spiral,2
P1_image,efficientnet_b0,1,HC:V11,0,0.5242140889167786,True,kaggle:spiral,2
P1_image,efficientnet_b0,1,HC:V12,0,0.5206024646759033,True,kaggle:spiral,2
P1_image,efficientnet_b0,1,HC:V12,0,0.534589409828186,True,kaggle:spiral,2
P1_image,efficientnet_b0,1,HC:V55,0,0.4692273736000061,True,kaggle:spiral,2
P1_image,efficientnet_b0,1,HC:V55,0,0.4433111846446991,True,kaggle:spiral,2
P1_image,efficientnet_b0,1,PD:V01,1,0.5560874938964844,True,kaggle:spiral,2
P1_image,efficientnet_b0,1,PD:V02,1,0.6574699878692627,True,kaggle:spiral,2
P1_image,efficientnet_b0,1,PD:V03,1,0.7365486025810242,True,kaggle:spiral,2
P1_image,efficientnet_b0,1,PD:V03,1,0.7006664276123047,True,kaggle:spiral,2
P1_image,efficientnet_b0,1,PD:V04,1,0.6614991426467896,True,kaggle:spiral,2
P1_image,efficientnet_b0,1,PD:V05,1,0.6793447732925415,True,kaggle:spiral,2
P1_image,efficientnet_b0,1,PD:V07,1,0.6598991751670837,True,kaggle:spiral,2
P1_image,efficientnet_b0,1,PD:V09,1,0.5474717617034912,True,kaggle:spiral,2
P1_image,efficientnet_b0,1,PD:V13,1,0.5086725950241089,True,kaggle:spiral,2
P1_image,efficientnet_b0,1,PD:V13,1,0.5552254319190979,True,kaggle:spiral,2
P1_image,efficientnet_b0,1,PD:V14,1,0.6478102803230286,True,kaggle:spiral,2
P1_image,efficientnet_b0,2,HC:V01,0,0.4136946201324463,True,kaggle:spiral,2
P1_image,efficientnet_b0,2,HC:V03,0,0.3739561140537262,True,kaggle:spiral,2
P1_image,efficientnet_b0,2,HC:V10,0,0.35151317715644836,True,kaggle:spiral,2
P1_image,efficientnet_b0,2,HC:V55,0,0.3720439672470093,True,kaggle:spiral,2
P1_image,efficientnet_b0,2,HC:V55,0,0.372366726398468,True,kaggle:spiral,2
P1_image,efficientnet_b0,2,HC:V55,0,0.4007670283317566,True,kaggle:spiral,2
P1_image,efficientnet_b0,2,PD:V01,1,0.3911918103694916,True,kaggle:spiral,2
P1_image,efficientnet_b0,2,PD:V09,1,0.41675716638565063,True,kaggle:spiral,2
P1_image,efficientnet_b0,2,HC:V01,0,0.35654211044311523,True,kaggle:spiral,2
P1_image,efficientnet_b0,2,HC:V06,0,0.37198030948638916,True,kaggle:spiral,2
P1_image,efficientnet_b0,2,HC:V07,0,0.39669060707092285,True,kaggle:spiral,2
P1_image,efficientnet_b0,2,HC:V08,0,0.4138438105583191,True,kaggle:spiral,2
P1_image,efficientnet_b0,2,HC:V11,0,0.3636535108089447,True,kaggle:spiral,2
P1_image,efficientnet_b0,2,HC:V12,0,0.3853074312210083,True,kaggle:spiral,2
P1_image,efficientnet_b0,2,HC:V55,0,0.3631235957145691,True,kaggle:spiral,2
P1_image,efficientnet_b0,2,HC:V55,0,0.4321659207344055,True,kaggle:spiral,2
P1_image,efficientnet_b0,2,HC:V55,0,0.461167573928833,True,kaggle:spiral,2
P1_image,efficientnet_b0,2,HC:V55,0,0.3954949676990509,True,kaggle:spiral,2
P1_image,efficientnet_b0,2,HC:V55,0,0.4698602855205536,True,kaggle:spiral,2
P1_image,efficientnet_b0,2,PD:V02,1,0.5080597996711731,True,kaggle:spiral,2
P1_image,efficientnet_b0,2,PD:V03,1,0.47195154428482056,True,kaggle:spiral,2
P1_image,efficientnet_b0,2,PD:V03,1,0.5139190554618835,True,kaggle:spiral,2
P1_image,efficientnet_b0,2,PD:V03,1,0.5898799300193787,True,kaggle:spiral,2
P1_image,efficientnet_b0,2,PD:V05,1,0.44363996386528015,True,kaggle:spiral,2
P1_image,efficientnet_b0,2,PD:V06,1,0.39356574416160583,True,kaggle:spiral,2
P1_image,efficientnet_b0,2,PD:V08,1,0.47132307291030884,True,kaggle:spiral,2
P1_image,efficientnet_b0,2,PD:V08,1,0.45066362619400024,True,kaggle:spiral,2
P1_image,efficientnet_b0,2,PD:V10,1,0.36222365498542786,True,kaggle:spiral,2
P1_image,efficientnet_b0,2,PD:V10,1,0.40570226311683655,True,kaggle:spiral,2
P1_image,efficientnet_b0,2,PD:V12,1,0.41228538751602173,True,kaggle:spiral,2
P1_image,efficientnet_b0,2,PD:V12,1,0.4243801236152649,True,kaggle:spiral,2
P1_image,efficientnet_b0,2,PD:V13,1,0.4405364394187927,True,kaggle:spiral,2
P1_image,efficientnet_b0,2,PD:V14,1,0.5166109204292297,True,kaggle:spiral,2
P1_image,efficientnet_b0,2,PD:V15,1,0.4850929379463196,True,kaggle:spiral,2
P2_subject,efficientnet_b0,0,HC:V09,0,0.45026955008506775,False,kaggle:spiral,2
P2_subject,efficientnet_b0,0,HC:V55,0,0.4386307895183563,False,kaggle:spiral,2
P2_subject,efficientnet_b0,0,HC:V55,0,0.432458758354187,False,kaggle:spiral,2
P2_subject,efficientnet_b0,0,HC:V55,0,0.4407072961330414,False,kaggle:spiral,2
P2_subject,efficientnet_b0,0,HC:V55,0,0.4542282819747925,False,kaggle:spiral,2
P2_subject,efficientnet_b0,0,PD:V04,1,0.4829370975494385,False,kaggle:spiral,2
P2_subject,efficientnet_b0,0,PD:V07,1,0.4956737756729126,False,kaggle:spiral,2
P2_subject,efficientnet_b0,0,PD:V11,1,0.47365665435791016,False,kaggle:spiral,2
P2_subject,efficientnet_b0,0,PD:V14,1,0.5946617722511292,False,kaggle:spiral,2
P2_subject,efficientnet_b0,0,PD:V15,1,0.45911797881126404,False,kaggle:spiral,2
P2_subject,efficientnet_b0,0,HC:V09,0,0.46246033906936646,False,kaggle:spiral,2
P2_subject,efficientnet_b0,0,HC:V09,0,0.46196281909942627,False,kaggle:spiral,2
P2_subject,efficientnet_b0,0,HC:V55,0,0.45808902382850647,False,kaggle:spiral,2
P2_subject,efficientnet_b0,0,HC:V55,0,0.4584364593029022,False,kaggle:spiral,2
P2_subject,efficientnet_b0,0,HC:V55,0,0.45260459184646606,False,kaggle:spiral,2
P2_subject,efficientnet_b0,0,HC:V55,0,0.47784072160720825,False,kaggle:spiral,2
P2_subject,efficientnet_b0,0,HC:V55,0,0.47572532296180725,False,kaggle:spiral,2
P2_subject,efficientnet_b0,0,HC:V55,0,0.45795419812202454,False,kaggle:spiral,2
P2_subject,efficientnet_b0,0,HC:V55,0,0.47479763627052307,False,kaggle:spiral,2
P2_subject,efficientnet_b0,0,HC:V55,0,0.4611888527870178,False,kaggle:spiral,2
P2_subject,efficientnet_b0,0,HC:V55,0,0.5027194023132324,False,kaggle:spiral,2
P2_subject,efficientnet_b0,0,HC:V55,0,0.43748027086257935,False,kaggle:spiral,2
P2_subject,efficientnet_b0,0,HC:V55,0,0.39882412552833557,False,kaggle:spiral,2
P2_subject,efficientnet_b0,0,PD:V04,1,0.47966837882995605,False,kaggle:spiral,2
P2_subject,efficientnet_b0,0,PD:V04,1,0.5269062519073486,False,kaggle:spiral,2
P2_subject,efficientnet_b0,0,PD:V07,1,0.49771419167518616,False,kaggle:spiral,2
P2_subject,efficientnet_b0,0,PD:V07,1,0.5116708874702454,False,kaggle:spiral,2
P2_subject,efficientnet_b0,0,PD:V11,1,0.4682784974575043,False,kaggle:spiral,2
P2_subject,efficientnet_b0,0,PD:V11,1,0.4686199426651001,False,kaggle:spiral,2
P2_subject,efficientnet_b0,0,PD:V12,1,0.4956066608428955,False,kaggle:spiral,2
P2_subject,efficientnet_b0,0,PD:V12,1,0.49475160241127014,False,kaggle:spiral,2
P2_subject,efficientnet_b0,0,PD:V12,1,0.5109119415283203,False,kaggle:spiral,2
P2_subject,efficientnet_b0,0,PD:V14,1,0.5176236033439636,False,kaggle:spiral,2
P2_subject,efficientnet_b0,0,PD:V14,1,0.5293529033660889,False,kaggle:spiral,2
P2_subject,efficientnet_b0,0,PD:V15,1,0.5081426501274109,False,kaggle:spiral,2
P2_subject,efficientnet_b0,0,PD:V15,1,0.4878798723220825,False,kaggle:spiral,2
P2_subject,efficientnet_b0,1,HC:V01,0,0.34038999676704407,False,kaggle:spiral,2
P2_subject,efficientnet_b0,1,HC:V03,0,0.3319910168647766,False,kaggle:spiral,2
P2_subject,efficientnet_b0,1,HC:V05,0,0.3735167682170868,False,kaggle:spiral,2
P2_subject,efficientnet_b0,1,HC:V06,0,0.308849036693573,False,kaggle:spiral,2
P2_subject,efficientnet_b0,1,HC:V07,0,0.3400626480579376,False,kaggle:spiral,2
P2_subject,efficientnet_b0,1,PD:V01,1,0.30387359857559204,False,kaggle:spiral,2
P2_subject,efficientnet_b0,1,PD:V03,1,0.52382493019104,False,kaggle:spiral,2
P2_subject,efficientnet_b0,1,PD:V03,1,0.5339643955230713,False,kaggle:spiral,2
P2_subject,efficientnet_b0,1,PD:V03,1,0.5654934048652649,False,kaggle:spiral,2
P2_subject,efficientnet_b0,1,PD:V06,1,0.3480727970600128,False,kaggle:spiral,2
P2_subject,efficientnet_b0,1,HC:V01,0,0.31032559275627136,False,kaggle:spiral,2
P2_subject,efficientnet_b0,1,HC:V01,0,0.4223421812057495,False,kaggle:spiral,2
P2_subject,efficientnet_b0,1,HC:V03,0,0.3957153558731079,False,kaggle:spiral,2
P2_subject,efficientnet_b0,1,HC:V03,0,0.4222036302089691,False,kaggle:spiral,2
P2_subject,efficientnet_b0,1,HC:V05,0,0.36692574620246887,False,kaggle:spiral,2
P2_subject,efficientnet_b0,1,HC:V05,0,0.3462563157081604,False,kaggle:spiral,2
P2_subject,efficientnet_b0,1,HC:V06,0,0.4371702969074249,False,kaggle:spiral,2
P2_subject,efficientnet_b0,1,HC:V06,0,0.3530486226081848,False,kaggle:spiral,2
P2_subject,efficientnet_b0,1,HC:V07,0,0.3628518283367157,False,kaggle:spiral,2
P2_subject,efficientnet_b0,1,HC:V07,0,0.3510327935218811,False,kaggle:spiral,2
P2_subject,efficientnet_b0,1,PD:V01,1,0.3722011148929596,False,kaggle:spiral,2
P2_subject,efficientnet_b0,1,PD:V01,1,0.39271658658981323,False,kaggle:spiral,2
P2_subject,efficientnet_b0,1,PD:V03,1,0.49604812264442444,False,kaggle:spiral,2
P2_subject,efficientnet_b0,1,PD:V03,1,0.5967258214950562,False,kaggle:spiral,2
P2_subject,efficientnet_b0,1,PD:V03,1,0.5423568487167358,False,kaggle:spiral,2
P2_subject,efficientnet_b0,1,PD:V03,1,0.5408730506896973,False,kaggle:spiral,2
P2_subject,efficientnet_b0,1,PD:V03,1,0.5594034194946289,False,kaggle:spiral,2
P2_subject,efficientnet_b0,1,PD:V03,1,0.5306994318962097,False,kaggle:spiral,2
P2_subject,efficientnet_b0,1,PD:V06,1,0.4074983596801758,False,kaggle:spiral,2
P2_subject,efficientnet_b0,1,PD:V06,1,0.4468283951282501,False,kaggle:spiral,2
P2_subject,efficientnet_b0,1,PD:V13,1,0.3259445130825043,False,kaggle:spiral,2
P2_subject,efficientnet_b0,1,PD:V13,1,0.3972747325897217,False,kaggle:spiral,2
P2_subject,efficientnet_b0,1,PD:V13,1,0.3905355930328369,False,kaggle:spiral,2
P2_subject,efficientnet_b0,2,HC:V02,0,0.5623497366905212,False,kaggle:spiral,2
P2_subject,efficientnet_b0,2,HC:V04,0,0.5898885726928711,False,kaggle:spiral,2
P2_subject,efficientnet_b0,2,HC:V08,0,0.6252824664115906,False,kaggle:spiral,2
P2_subject,efficientnet_b0,2,HC:V10,0,0.5831621289253235,False,kaggle:spiral,2
P2_subject,efficientnet_b0,2,HC:V11,0,0.5849500894546509,False,kaggle:spiral,2
P2_subject,efficientnet_b0,2,PD:V02,1,0.5449979901313782,False,kaggle:spiral,2
P2_subject,efficientnet_b0,2,PD:V05,1,0.5546681880950928,False,kaggle:spiral,2
P2_subject,efficientnet_b0,2,PD:V08,1,0.5696021914482117,False,kaggle:spiral,2
P2_subject,efficientnet_b0,2,PD:V09,1,0.6223037242889404,False,kaggle:spiral,2
P2_subject,efficientnet_b0,2,PD:V10,1,0.5487759113311768,False,kaggle:spiral,2
P2_subject,efficientnet_b0,2,HC:V02,0,0.5172564387321472,False,kaggle:spiral,2
P2_subject,efficientnet_b0,2,HC:V02,0,0.60240638256073,False,kaggle:spiral,2
P2_subject,efficientnet_b0,2,HC:V04,0,0.5849602222442627,False,kaggle:spiral,2
P2_subject,efficientnet_b0,2,HC:V04,0,0.5938204526901245,False,kaggle:spiral,2
P2_subject,efficientnet_b0,2,HC:V08,0,0.6267350316047668,False,kaggle:spiral,2
P2_subject,efficientnet_b0,2,HC:V08,0,0.6458190679550171,False,kaggle:spiral,2
P2_subject,efficientnet_b0,2,HC:V10,0,0.5724583864212036,False,kaggle:spiral,2
P2_subject,efficientnet_b0,2,HC:V10,0,0.5412228107452393,False,kaggle:spiral,2
P2_subject,efficientnet_b0,2,HC:V11,0,0.5194087624549866,False,kaggle:spiral,2
P2_subject,efficientnet_b0,2,HC:V11,0,0.5626258254051208,False,kaggle:spiral,2
P2_subject,efficientnet_b0,2,HC:V12,0,0.56300950050354,False,kaggle:spiral,2
P2_subject,efficientnet_b0,2,HC:V12,0,0.5728383660316467,False,kaggle:spiral,2
P2_subject,efficientnet_b0,2,HC:V12,0,0.5764368772506714,False,kaggle:spiral,2
P2_subject,efficientnet_b0,2,PD:V02,1,0.5364605188369751,False,kaggle:spiral,2
P2_subject,efficientnet_b0,2,PD:V02,1,0.5305100679397583,False,kaggle:spiral,2
P2_subject,efficientnet_b0,2,PD:V05,1,0.5881677269935608,False,kaggle:spiral,2
P2_subject,efficientnet_b0,2,PD:V05,1,0.5546786189079285,False,kaggle:spiral,2
P2_subject,efficientnet_b0,2,PD:V08,1,0.6040850877761841,False,kaggle:spiral,2
P2_subject,efficientnet_b0,2,PD:V08,1,0.6093686819076538,False,kaggle:spiral,2
P2_subject,efficientnet_b0,2,PD:V09,1,0.585210382938385,False,kaggle:spiral,2
P2_subject,efficientnet_b0,2,PD:V09,1,0.6120839715003967,False,kaggle:spiral,2
P2_subject,efficientnet_b0,2,PD:V10,1,0.6225095987319946,False,kaggle:spiral,2
P2_subject,efficientnet_b0,2,PD:V10,1,0.6161180734634399,False,kaggle:spiral,2
P1_image,vgg16,0,HC:V01,0,0.5768787860870361,True,kaggle:spiral,3
P1_image,vgg16,0,HC:V03,0,0.6523913145065308,False,kaggle:spiral,3
P1_image,vgg16,0,HC:V07,0,0.5780582427978516,True,kaggle:spiral,3
P1_image,vgg16,0,HC:V10,0,0.6074095964431763,True,kaggle:spiral,3
P1_image,vgg16,0,HC:V55,0,0.5823402404785156,True,kaggle:spiral,3
P1_image,vgg16,0,PD:V03,1,0.7429160475730896,True,kaggle:spiral,3
P1_image,vgg16,0,PD:V05,1,0.7090146541595459,True,kaggle:spiral,3
P1_image,vgg16,0,PD:V08,1,0.6637794971466064,True,kaggle:spiral,3
P1_image,vgg16,0,PD:V10,1,0.6609717607498169,True,kaggle:spiral,3
P1_image,vgg16,0,PD:V11,1,0.6520565152168274,True,kaggle:spiral,3
P1_image,vgg16,0,PD:V14,1,0.7554101347923279,True,kaggle:spiral,3
P1_image,vgg16,0,HC:V01,0,0.6376515030860901,True,kaggle:spiral,3
P1_image,vgg16,0,HC:V02,0,0.6558887958526611,True,kaggle:spiral,3
P1_image,vgg16,0,HC:V03,0,0.6511601805686951,False,kaggle:spiral,3
P1_image,vgg16,0,HC:V03,0,0.6543593406677246,False,kaggle:spiral,3
P1_image,vgg16,0,HC:V06,0,0.6010911464691162,True,kaggle:spiral,3
P1_image,vgg16,0,HC:V07,0,0.6159877181053162,True,kaggle:spiral,3
P1_image,vgg16,0,HC:V08,0,0.5761452317237854,True,kaggle:spiral,3
P1_image,vgg16,0,HC:V11,0,0.6189945340156555,True,kaggle:spiral,3
P1_image,vgg16,0,HC:V55,0,0.5833050608634949,True,kaggle:spiral,3
P1_image,vgg16,0,HC:V55,0,0.5748623013496399,True,kaggle:spiral,3
P1_image,vgg16,0,HC:V55,0,0.6452416181564331,True,kaggle:spiral,3
P1_image,vgg16,0,HC:V55,0,0.6753984093666077,True,kaggle:spiral,3
P1_image,vgg16,0,PD:V03,1,0.7016270160675049,True,kaggle:spiral,3
P1_image,vgg16,0,PD:V03,1,0.729996919631958,True,kaggle:spiral,3
P1_image,vgg16,0,PD:V03,1,0.7012090682983398,True,kaggle:spiral,3
P1_image,vgg16,0,PD:V03,1,0.7329715490341187,True,kaggle:spiral,3
P1_image,vgg16,0,PD:V06,1,0.6024927496910095,True,kaggle:spiral,3
P1_image,vgg16,0,PD:V07,1,0.6551052331924438,True,kaggle:spiral,3
P1_image,vgg16,0,PD:V08,1,0.6310107707977295,True,kaggle:spiral,3
P1_image,vgg16,0,PD:V11,1,0.582361102104187,True,kaggle:spiral,3
P1_image,vgg16,0,PD:V13,1,0.5975305438041687,True,kaggle:spiral,3
P1_image,vgg16,0,PD:V13,1,0.6416478753089905,True,kaggle:spiral,3
P1_image,vgg16,0,PD:V15,1,0.6502206325531006,True,kaggle:spiral,3
P1_image,vgg16,1,HC:V55,0,0.34932541847229004,True,kaggle:spiral,3
P1_image,vgg16,1,HC:V55,0,0.3216349184513092,True,kaggle:spiral,3
P1_image,vgg16,1,HC:V55,0,0.32978397607803345,True,kaggle:spiral,3
P1_image,vgg16,1,PD:V01,1,0.34607642889022827,True,kaggle:spiral,3
P1_image,vgg16,1,PD:V02,1,0.5023340582847595,True,kaggle:spiral,3
P1_image,vgg16,1,PD:V03,1,0.6549657583236694,True,kaggle:spiral,3
P1_image,vgg16,1,PD:V04,1,0.48381492495536804,True,kaggle:spiral,3
P1_image,vgg16,1,PD:V07,1,0.5967536568641663,True,kaggle:spiral,3
P1_image,vgg16,1,PD:V09,1,0.4700722098350525,True,kaggle:spiral,3
P1_image,vgg16,1,HC:V01,0,0.3049584627151489,True,kaggle:spiral,3
P1_image,vgg16,1,HC:V02,0,0.3970302939414978,True,kaggle:spiral,3
P1_image,vgg16,1,HC:V04,0,0.3170710802078247,True,kaggle:spiral,3
P1_image,vgg16,1,HC:V07,0,0.335637629032135,True,kaggle:spiral,3
P1_image,vgg16,1,HC:V08,0,0.33220717310905457,True,kaggle:spiral,3
P1_image,vgg16,1,HC:V09,0,0.31658223271369934,True,kaggle:spiral,3
P1_image,vgg16,1,HC:V10,0,0.3213171362876892,True,kaggle:spiral,3
P1_image,vgg16,1,HC:V10,0,0.33272916078567505,True,kaggle:spiral,3
P1_image,vgg16,1,HC:V11,0,0.3173218369483948,True,kaggle:spiral,3
P1_image,vgg16,1,HC:V12,0,0.3378983438014984,True,kaggle:spiral,3
P1_image,vgg16,1,HC:V12,0,0.335894912481308,True,kaggle:spiral,3
P1_image,vgg16,1,HC:V55,0,0.3978743553161621,True,kaggle:spiral,3
P1_image,vgg16,1,HC:V55,0,0.35312214493751526,True,kaggle:spiral,3
P1_image,vgg16,1,HC:V55,0,0.31848734617233276,True,kaggle:spiral,3
P1_image,vgg16,1,PD:V01,1,0.38836899399757385,True,kaggle:spiral,3
P1_image,vgg16,1,PD:V02,1,0.5549543499946594,True,kaggle:spiral,3
P1_image,vgg16,1,PD:V03,1,0.6613958477973938,True,kaggle:spiral,3
P1_image,vgg16,1,PD:V04,1,0.41943246126174927,True,kaggle:spiral,3
P1_image,vgg16,1,PD:V05,1,0.5502939224243164,True,kaggle:spiral,3
P1_image,vgg16,1,PD:V07,1,0.7037059664726257,True,kaggle:spiral,3
P1_image,vgg16,1,PD:V09,1,0.5295642018318176,True,kaggle:spiral,3
P1_image,vgg16,1,PD:V10,1,0.3389778733253479,True,kaggle:spiral,3
P1_image,vgg16,1,PD:V11,1,0.3341186046600342,True,kaggle:spiral,3
P1_image,vgg16,1,PD:V13,1,0.358457088470459,True,kaggle:spiral,3
P1_image,vgg16,1,PD:V14,1,0.7001913785934448,True,kaggle:spiral,3
P1_image,vgg16,2,HC:V02,0,0.3341224193572998,True,kaggle:spiral,3
P1_image,vgg16,2,HC:V04,0,0.15528087317943573,True,kaggle:spiral,3
P1_image,vgg16,2,HC:V05,0,0.1466168314218521,False,kaggle:spiral,3
P1_image,vgg16,2,HC:V06,0,0.15255726873874664,True,kaggle:spiral,3
P1_image,vgg16,2,HC:V08,0,0.15644723176956177,True,kaggle:spiral,3
P1_image,vgg16,2,HC:V09,0,0.15361221134662628,True,kaggle:spiral,3
P1_image,vgg16,2,HC:V11,0,0.1547853797674179,True,kaggle:spiral,3
P1_image,vgg16,2,PD:V03,1,0.8336678743362427,True,kaggle:spiral,3
P1_image,vgg16,2,PD:V06,1,0.19828423857688904,True,kaggle:spiral,3
P1_image,vgg16,2,PD:V15,1,0.1933867484331131,True,kaggle:spiral,3
P1_image,vgg16,2,HC:V04,0,0.15354900062084198,True,kaggle:spiral,3
P1_image,vgg16,2,HC:V05,0,0.14018653333187103,False,kaggle:spiral,3
P1_image,vgg16,2,HC:V05,0,0.12792256474494934,False,kaggle:spiral,3
P1_image,vgg16,2,HC:V06,0,0.1307099312543869,True,kaggle:spiral,3
P1_image,vgg16,2,HC:V09,0,0.15832729637622833,True,kaggle:spiral,3
P1_image,vgg16,2,HC:V12,0,0.1347949355840683,True,kaggle:spiral,3
P1_image,vgg16,2,HC:V55,0,0.1634320765733719,True,kaggle:spiral,3
P1_image,vgg16,2,HC:V55,0,0.17216797173023224,True,kaggle:spiral,3
P1_image,vgg16,2,HC:V55,0,0.13573896884918213,True,kaggle:spiral,3
P1_image,vgg16,2,HC:V55,0,0.1553964614868164,True,kaggle:spiral,3
P1_image,vgg16,2,PD:V01,1,0.1365484595298767,True,kaggle:spiral,3
P1_image,vgg16,2,PD:V02,1,0.21779999136924744,True,kaggle:spiral,3
P1_image,vgg16,2,PD:V03,1,0.3935917615890503,True,kaggle:spiral,3
P1_image,vgg16,2,PD:V04,1,0.23384058475494385,True,kaggle:spiral,3
P1_image,vgg16,2,PD:V05,1,0.2549925148487091,True,kaggle:spiral,3
P1_image,vgg16,2,PD:V06,1,0.17848670482635498,True,kaggle:spiral,3
P1_image,vgg16,2,PD:V08,1,0.17229227721691132,True,kaggle:spiral,3
P1_image,vgg16,2,PD:V09,1,0.3016795516014099,True,kaggle:spiral,3
P1_image,vgg16,2,PD:V10,1,0.16888031363487244,True,kaggle:spiral,3
P1_image,vgg16,2,PD:V12,1,0.18259373307228088,False,kaggle:spiral,3
P1_image,vgg16,2,PD:V12,1,0.2391400784254074,False,kaggle:spiral,3
P1_image,vgg16,2,PD:V12,1,0.17197608947753906,False,kaggle:spiral,3
P1_image,vgg16,2,PD:V14,1,0.4454282522201538,True,kaggle:spiral,3
P1_image,vgg16,2,PD:V15,1,0.16548410058021545,True,kaggle:spiral,3
P2_subject,vgg16,0,HC:V04,0,0.22104719281196594,False,kaggle:spiral,3
P2_subject,vgg16,0,HC:V55,0,0.3462330996990204,False,kaggle:spiral,3
P2_subject,vgg16,0,HC:V55,0,0.17509903013706207,False,kaggle:spiral,3
P2_subject,vgg16,0,HC:V55,0,0.31222912669181824,False,kaggle:spiral,3
P2_subject,vgg16,0,HC:V55,0,0.3197568655014038,False,kaggle:spiral,3
P2_subject,vgg16,0,PD:V04,1,0.547050416469574,False,kaggle:spiral,3
P2_subject,vgg16,0,PD:V05,1,0.804991602897644,False,kaggle:spiral,3
P2_subject,vgg16,0,PD:V08,1,0.20270755887031555,False,kaggle:spiral,3
P2_subject,vgg16,0,PD:V09,1,0.3913721442222595,False,kaggle:spiral,3
P2_subject,vgg16,0,PD:V11,1,0.35044071078300476,False,kaggle:spiral,3
P2_subject,vgg16,0,HC:V04,0,0.23282189667224884,False,kaggle:spiral,3
P2_subject,vgg16,0,HC:V04,0,0.20623601973056793,False,kaggle:spiral,3
P2_subject,vgg16,0,HC:V55,0,0.3084068298339844,False,kaggle:spiral,3
P2_subject,vgg16,0,HC:V55,0,0.34351983666419983,False,kaggle:spiral,3
P2_subject,vgg16,0,HC:V55,0,0.37939637899398804,False,kaggle:spiral,3
P2_subject,vgg16,0,HC:V55,0,0.42733994126319885,False,kaggle:spiral,3
P2_subject,vgg16,0,HC:V55,0,0.38906416296958923,False,kaggle:spiral,3
P2_subject,vgg16,0,HC:V55,0,0.3260565996170044,False,kaggle:spiral,3
P2_subject,vgg16,0,HC:V55,0,0.2211783081293106,False,kaggle:spiral,3
P2_subject,vgg16,0,HC:V55,0,0.24861061573028564,False,kaggle:spiral,3
P2_subject,vgg16,0,HC:V55,0,0.35050609707832336,False,kaggle:spiral,3
P2_subject,vgg16,0,HC:V55,0,0.2863633930683136,False,kaggle:spiral,3
P2_subject,vgg16,0,HC:V55,0,0.2493726909160614,False,kaggle:spiral,3
P2_subject,vgg16,0,PD:V04,1,0.6574424505233765,False,kaggle:spiral,3
P2_subject,vgg16,0,PD:V04,1,0.5248700976371765,False,kaggle:spiral,3
P2_subject,vgg16,0,PD:V05,1,0.692793071269989,False,kaggle:spiral,3
P2_subject,vgg16,0,PD:V05,1,0.6620396971702576,False,kaggle:spiral,3
P2_subject,vgg16,0,PD:V08,1,0.3996323049068451,False,kaggle:spiral,3
P2_subject,vgg16,0,PD:V08,1,0.37286269664764404,False,kaggle:spiral,3
P2_subject,vgg16,0,PD:V09,1,0.437923789024353,False,kaggle:spiral,3
P2_subject,vgg16,0,PD:V09,1,0.6254830360412598,False,kaggle:spiral,3
P2_subject,vgg16,0,PD:V11,1,0.36833062767982483,False,kaggle:spiral,3
P2_subject,vgg16,0,PD:V11,1,0.25787821412086487,False,kaggle:spiral,3
P2_subject,vgg16,1,HC:V01,0,0.18322737514972687,False,kaggle:spiral,3
P2_subject,vgg16,1,HC:V03,0,0.17493773996829987,False,kaggle:spiral,3
P2_subject,vgg16,1,HC:V07,0,0.14665035903453827,False,kaggle:spiral,3
P2_subject,vgg16,1,HC:V08,0,0.1344066560268402,False,kaggle:spiral,3
P2_subject,vgg16,1,HC:V10,0,0.2085038125514984,False,kaggle:spiral,3
P2_subject,vgg16,1,HC:V11,0,0.23506924510002136,False,kaggle:spiral,3
P2_subject,vgg16,1,PD:V02,1,0.3161983788013458,False,kaggle:spiral,3
P2_subject,vgg16,1,PD:V03,1,0.7855558395385742,False,kaggle:spiral,3
P2_subject,vgg16,1,PD:V03,1,0.7815313935279846,False,kaggle:spiral,3
P2_subject,vgg16,1,PD:V03,1,0.5896186828613281,False,kaggle:spiral,3
P2_subject,vgg16,1,PD:V15,1,0.21240614354610443,False,kaggle:spiral,3
P2_subject,vgg16,1,HC:V01,0,0.19056496024131775,False,kaggle:spiral,3
P2_subject,vgg16,1,HC:V01,0,0.15694665908813477,False,kaggle:spiral,3
P2_subject,vgg16,1,HC:V03,0,0.10379886627197266,False,kaggle:spiral,3
P2_subject,vgg16,1,HC:V03,0,0.13313409686088562,False,kaggle:spiral,3
P2_subject,vgg16,1,HC:V07,0,0.17071031033992767,False,kaggle:spiral,3
P2_subject,vgg16,1,HC:V07,0,0.1705186665058136,False,kaggle:spiral,3
P2_subject,vgg16,1,HC:V08,0,0.1529228836297989,False,kaggle:spiral,3
P2_subject,vgg16,1,HC:V08,0,0.1560220718383789,False,kaggle:spiral,3
P2_subject,vgg16,1,HC:V10,0,0.13150247931480408,False,kaggle:spiral,3
P2_subject,vgg16,1,HC:V10,0,0.14848555624485016,False,kaggle:spiral,3
P2_subject,vgg16,1,HC:V11,0,0.13386352360248566,False,kaggle:spiral,3
P2_subject,vgg16,1,HC:V11,0,0.1134425476193428,False,kaggle:spiral,3
P2_subject,vgg16,1,PD:V02,1,0.5317357182502747,False,kaggle:spiral,3
P2_subject,vgg16,1,PD:V02,1,0.6283853054046631,False,kaggle:spiral,3
P2_subject,vgg16,1,PD:V03,1,0.6685298681259155,False,kaggle:spiral,3
P2_subject,vgg16,1,PD:V03,1,0.6140828728675842,False,kaggle:spiral,3
P2_subject,vgg16,1,PD:V03,1,0.7254809141159058,False,kaggle:spiral,3
P2_subject,vgg16,1,PD:V03,1,0.7937699556350708,False,kaggle:spiral,3
P2_subject,vgg16,1,PD:V03,1,0.6831309795379639,False,kaggle:spiral,3
P2_subject,vgg16,1,PD:V03,1,0.7383246421813965,False,kaggle:spiral,3
P2_subject,vgg16,1,PD:V13,1,0.16988928616046906,False,kaggle:spiral,3
P2_subject,vgg16,1,PD:V13,1,0.22778359055519104,False,kaggle:spiral,3
P2_subject,vgg16,1,PD:V13,1,0.2540033757686615,False,kaggle:spiral,3
P2_subject,vgg16,1,PD:V15,1,0.22215834259986877,False,kaggle:spiral,3
P2_subject,vgg16,1,PD:V15,1,0.3152673840522766,False,kaggle:spiral,3
P2_subject,vgg16,2,HC:V02,0,0.9464854598045349,False,kaggle:spiral,3
P2_subject,vgg16,2,HC:V05,0,0.22489222884178162,False,kaggle:spiral,3
P2_subject,vgg16,2,HC:V06,0,0.19039790332317352,False,kaggle:spiral,3
P2_subject,vgg16,2,HC:V09,0,0.09991977363824844,False,kaggle:spiral,3
P2_subject,vgg16,2,PD:V01,1,0.13177184760570526,False,kaggle:spiral,3
P2_subject,vgg16,2,PD:V06,1,0.3364238142967224,False,kaggle:spiral,3
P2_subject,vgg16,2,PD:V07,1,0.9593029022216797,False,kaggle:spiral,3
P2_subject,vgg16,2,PD:V10,1,0.2792966961860657,False,kaggle:spiral,3
P2_subject,vgg16,2,PD:V14,1,0.9199806451797485,False,kaggle:spiral,3
P2_subject,vgg16,2,HC:V02,0,0.6622201800346375,False,kaggle:spiral,3
P2_subject,vgg16,2,HC:V02,0,0.37877073884010315,False,kaggle:spiral,3
P2_subject,vgg16,2,HC:V05,0,0.09808117896318436,False,kaggle:spiral,3
P2_subject,vgg16,2,HC:V05,0,0.11118995398283005,False,kaggle:spiral,3
P2_subject,vgg16,2,HC:V06,0,0.32721811532974243,False,kaggle:spiral,3
P2_subject,vgg16,2,HC:V06,0,0.23115071654319763,False,kaggle:spiral,3
P2_subject,vgg16,2,HC:V09,0,0.20282168686389923,False,kaggle:spiral,3
P2_subject,vgg16,2,HC:V09,0,0.2426871955394745,False,kaggle:spiral,3
P2_subject,vgg16,2,HC:V12,0,0.161855548620224,False,kaggle:spiral,3
P2_subject,vgg16,2,HC:V12,0,0.1889607161283493,False,kaggle:spiral,3
P2_subject,vgg16,2,HC:V12,0,0.1438901573419571,False,kaggle:spiral,3
P2_subject,vgg16,2,PD:V01,1,0.10463222861289978,False,kaggle:spiral,3
P2_subject,vgg16,2,PD:V01,1,0.3225893974304199,False,kaggle:spiral,3
P2_subject,vgg16,2,PD:V06,1,0.2114035040140152,False,kaggle:spiral,3
P2_subject,vgg16,2,PD:V06,1,0.2985818386077881,False,kaggle:spiral,3
P2_subject,vgg16,2,PD:V07,1,0.9292622208595276,False,kaggle:spiral,3
P2_subject,vgg16,2,PD:V07,1,0.9588595628738403,False,kaggle:spiral,3
P2_subject,vgg16,2,PD:V10,1,0.36254775524139404,False,kaggle:spiral,3
P2_subject,vgg16,2,PD:V10,1,0.11275587230920792,False,kaggle:spiral,3
P2_subject,vgg16,2,PD:V12,1,0.6130293011665344,False,kaggle:spiral,3
P2_subject,vgg16,2,PD:V12,1,0.7776173949241638,False,kaggle:spiral,3
P2_subject,vgg16,2,PD:V12,1,0.6293534636497498,False,kaggle:spiral,3
P2_subject,vgg16,2,PD:V14,1,0.9516008496284485,False,kaggle:spiral,3
P2_subject,vgg16,2,PD:V14,1,0.9585980176925659,False,kaggle:spiral,3
P1_image,resnet50,0,HC:V01,0,0.41740724444389343,True,kaggle:spiral,3
P1_image,resnet50,0,HC:V03,0,0.4153970777988434,False,kaggle:spiral,3
P1_image,resnet50,0,HC:V07,0,0.46819841861724854,True,kaggle:spiral,3
P1_image,resnet50,0,HC:V10,0,0.41372397541999817,True,kaggle:spiral,3
P1_image,resnet50,0,HC:V55,0,0.4090261459350586,True,kaggle:spiral,3
P1_image,resnet50,0,PD:V03,1,0.6117587089538574,True,kaggle:spiral,3
P1_image,resnet50,0,PD:V05,1,0.5506177544593811,True,kaggle:spiral,3
P1_image,resnet50,0,PD:V08,1,0.4409129321575165,True,kaggle:spiral,3
P1_image,resnet50,0,PD:V10,1,0.44212397933006287,True,kaggle:spiral,3
P1_image,resnet50,0,PD:V11,1,0.47119084000587463,True,kaggle:spiral,3
P1_image,resnet50,0,PD:V14,1,0.557796061038971,True,kaggle:spiral,3
P1_image,resnet50,0,HC:V01,0,0.4517935514450073,True,kaggle:spiral,3
P1_image,resnet50,0,HC:V02,0,0.4367024898529053,True,kaggle:spiral,3
P1_image,resnet50,0,HC:V03,0,0.43846395611763,False,kaggle:spiral,3
P1_image,resnet50,0,HC:V03,0,0.42294204235076904,False,kaggle:spiral,3
P1_image,resnet50,0,HC:V06,0,0.47863486409187317,True,kaggle:spiral,3
P1_image,resnet50,0,HC:V07,0,0.42147719860076904,True,kaggle:spiral,3
P1_image,resnet50,0,HC:V08,0,0.49485018849372864,True,kaggle:spiral,3
P1_image,resnet50,0,HC:V11,0,0.3783184885978699,True,kaggle:spiral,3
P1_image,resnet50,0,HC:V55,0,0.4865739345550537,True,kaggle:spiral,3
P1_image,resnet50,0,HC:V55,0,0.45288342237472534,True,kaggle:spiral,3
P1_image,resnet50,0,HC:V55,0,0.42376115918159485,True,kaggle:spiral,3
P1_image,resnet50,0,HC:V55,0,0.45404818654060364,True,kaggle:spiral,3
P1_image,resnet50,0,PD:V03,1,0.5441770553588867,True,kaggle:spiral,3
P1_image,resnet50,0,PD:V03,1,0.5326293706893921,True,kaggle:spiral,3
P1_image,resnet50,0,PD:V03,1,0.5967534184455872,True,kaggle:spiral,3
P1_image,resnet50,0,PD:V03,1,0.5675170421600342,True,kaggle:spiral,3
P1_image,resnet50,0,PD:V06,1,0.45970457792282104,True,kaggle:spiral,3
P1_image,resnet50,0,PD:V07,1,0.6366528868675232,True,kaggle:spiral,3
P1_image,resnet50,0,PD:V08,1,0.4628836214542389,True,kaggle:spiral,3
P1_image,resnet50,0,PD:V11,1,0.4562299847602844,True,kaggle:spiral,3
P1_image,resnet50,0,PD:V13,1,0.42529094219207764,True,kaggle:spiral,3
P1_image,resnet50,0,PD:V13,1,0.545823872089386,True,kaggle:spiral,3
P1_image,resnet50,0,PD:V15,1,0.42699843645095825,True,kaggle:spiral,3
P1_image,resnet50,1,HC:V55,0,0.4866250157356262,True,kaggle:spiral,3
P1_image,resnet50,1,HC:V55,0,0.5082680583000183,True,kaggle:spiral,3
P1_image,resnet50,1,HC:V55,0,0.5120647549629211,True,kaggle:spiral,3
P1_image,resnet50,1,PD:V01,1,0.4818207919597626,True,kaggle:spiral,3
P1_image,resnet50,1,PD:V02,1,0.5564717054367065,True,kaggle:spiral,3
P1_image,resnet50,1,PD:V03,1,0.5672115683555603,True,kaggle:spiral,3
P1_image,resnet50,1,PD:V04,1,0.5322878956794739,True,kaggle:spiral,3
P1_image,resnet50,1,PD:V07,1,0.5604725480079651,True,kaggle:spiral,3
P1_image,resnet50,1,PD:V09,1,0.5053713321685791,True,kaggle:spiral,3
P1_image,resnet50,1,HC:V01,0,0.461069256067276,True,kaggle:spiral,3
P1_image,resnet50,1,HC:V02,0,0.5204654335975647,True,kaggle:spiral,3
P1_image,resnet50,1,HC:V04,0,0.4516400694847107,True,kaggle:spiral,3
P1_image,resnet50,1,HC:V07,0,0.4861605167388916,True,kaggle:spiral,3
P1_image,resnet50,1,HC:V08,0,0.43682387471199036,True,kaggle:spiral,3
P1_image,resnet50,1,HC:V09,0,0.4661915600299835,True,kaggle:spiral,3
P1_image,resnet50,1,HC:V10,0,0.49492090940475464,True,kaggle:spiral,3
P1_image,resnet50,1,HC:V10,0,0.513774573802948,True,kaggle:spiral,3
P1_image,resnet50,1,HC:V11,0,0.4960194528102875,True,kaggle:spiral,3
P1_image,resnet50,1,HC:V12,0,0.5239464044570923,True,kaggle:spiral,3
P1_image,resnet50,1,HC:V12,0,0.5297564268112183,True,kaggle:spiral,3
P1_image,resnet50,1,HC:V55,0,0.4451104998588562,True,kaggle:spiral,3
P1_image,resnet50,1,HC:V55,0,0.4682597517967224,True,kaggle:spiral,3
P1_image,resnet50,1,HC:V55,0,0.491499125957489,True,kaggle:spiral,3
P1_image,resnet50,1,PD:V01,1,0.5074557065963745,True,kaggle:spiral,3
P1_image,resnet50,1,PD:V02,1,0.5012714862823486,True,kaggle:spiral,3
P1_image,resnet50,1,PD:V03,1,0.6104798913002014,True,kaggle:spiral,3
P1_image,resnet50,1,PD:V04,1,0.5702037215232849,True,kaggle:spiral,3
P1_image,resnet50,1,PD:V05,1,0.5162114500999451,True,kaggle:spiral,3
P1_image,resnet50,1,PD:V07,1,0.5512077212333679,True,kaggle:spiral,3
P1_image,resnet50,1,PD:V09,1,0.5104867219924927,True,kaggle:spiral,3
P1_image,resnet50,1,PD:V10,1,0.4911996126174927,True,kaggle:spiral,3
P1_image,resnet50,1,PD:V11,1,0.4582633674144745,True,kaggle:spiral,3
P1_image,resnet50,1,PD:V13,1,0.5563323497772217,True,kaggle:spiral,3
P1_image,resnet50,1,PD:V14,1,0.565772533416748,True,kaggle:spiral,3
P1_image,resnet50,2,HC:V02,0,0.48269009590148926,True,kaggle:spiral,3
P1_image,resnet50,2,HC:V04,0,0.40678638219833374,True,kaggle:spiral,3
P1_image,resnet50,2,HC:V05,0,0.4525599181652069,False,kaggle:spiral,3
P1_image,resnet50,2,HC:V06,0,0.29215604066848755,True,kaggle:spiral,3
P1_image,resnet50,2,HC:V08,0,0.3949221968650818,True,kaggle:spiral,3
P1_image,resnet50,2,HC:V09,0,0.3017866313457489,True,kaggle:spiral,3
P1_image,resnet50,2,HC:V11,0,0.3981122076511383,True,kaggle:spiral,3
P1_image,resnet50,2,PD:V03,1,0.5913213491439819,True,kaggle:spiral,3
P1_image,resnet50,2,PD:V06,1,0.4236845374107361,True,kaggle:spiral,3
P1_image,resnet50,2,PD:V15,1,0.45950210094451904,True,kaggle:spiral,3
P1_image,resnet50,2,HC:V04,0,0.41317492723464966,True,kaggle:spiral,3
P1_image,resnet50,2,HC:V05,0,0.3910249173641205,False,kaggle:spiral,3
P1_image,resnet50,2,HC:V05,0,0.3668125569820404,False,kaggle:spiral,3
P1_image,resnet50,2,HC:V06,0,0.3211102783679962,True,kaggle:spiral,3
P1_image,resnet50,2,HC:V09,0,0.3936461806297302,True,kaggle:spiral,3
P1_image,resnet50,2,HC:V12,0,0.40202245116233826,True,kaggle:spiral,3
P1_image,resnet50,2,HC:V55,0,0.3521285355091095,True,kaggle:spiral,3
P1_image,resnet50,2,HC:V55,0,0.37356188893318176,True,kaggle:spiral,3
P1_image,resnet50,2,HC:V55,0,0.3697349727153778,True,kaggle:spiral,3
P1_image,resnet50,2,HC:V55,0,0.3878597021102905,True,kaggle:spiral,3
P1_image,resnet50,2,PD:V01,1,0.4559556841850281,True,kaggle:spiral,3
P1_image,resnet50,2,PD:V02,1,0.4950132668018341,True,kaggle:spiral,3
P1_image,resnet50,2,PD:V03,1,0.5187984108924866,True,kaggle:spiral,3
P1_image,resnet50,2,PD:V04,1,0.5474897027015686,True,kaggle:spiral,3
P1_image,resnet50,2,PD:V05,1,0.523475706577301,True,kaggle:spiral,3
P1_image,resnet50,2,PD:V06,1,0.43323221802711487,True,kaggle:spiral,3
P1_image,resnet50,2,PD:V08,1,0.3872063159942627,True,kaggle:spiral,3
P1_image,resnet50,2,PD:V09,1,0.5477287769317627,True,kaggle:spiral,3
P1_image,resnet50,2,PD:V10,1,0.3970883786678314,True,kaggle:spiral,3
P1_image,resnet50,2,PD:V12,1,0.47166770696640015,False,kaggle:spiral,3
P1_image,resnet50,2,PD:V12,1,0.4417540729045868,False,kaggle:spiral,3
P1_image,resnet50,2,PD:V12,1,0.42725399136543274,False,kaggle:spiral,3
P1_image,resnet50,2,PD:V14,1,0.5002697110176086,True,kaggle:spiral,3
P1_image,resnet50,2,PD:V15,1,0.4575996696949005,True,kaggle:spiral,3
P2_subject,resnet50,0,HC:V04,0,0.4751047194004059,False,kaggle:spiral,3
P2_subject,resnet50,0,HC:V55,0,0.4546903073787689,False,kaggle:spiral,3
P2_subject,resnet50,0,HC:V55,0,0.4322395324707031,False,kaggle:spiral,3
P2_subject,resnet50,0,HC:V55,0,0.4931412637233734,False,kaggle:spiral,3
P2_subject,resnet50,0,HC:V55,0,0.4491106867790222,False,kaggle:spiral,3
P2_subject,resnet50,0,PD:V04,1,0.5369806289672852,False,kaggle:spiral,3
P2_subject,resnet50,0,PD:V05,1,0.5140535831451416,False,kaggle:spiral,3
P2_subject,resnet50,0,PD:V08,1,0.3898533880710602,False,kaggle:spiral,3
P2_subject,resnet50,0,PD:V09,1,0.5139902830123901,False,kaggle:spiral,3
P2_subject,resnet50,0,PD:V11,1,0.491150826215744,False,kaggle:spiral,3
P2_subject,resnet50,0,HC:V04,0,0.46026939153671265,False,kaggle:spiral,3
P2_subject,resnet50,0,HC:V04,0,0.44320571422576904,False,kaggle:spiral,3
P2_subject,resnet50,0,HC:V55,0,0.4115850329399109,False,kaggle:spiral,3
P2_subject,resnet50,0,HC:V55,0,0.4512367844581604,False,kaggle:spiral,3
P2_subject,resnet50,0,HC:V55,0,0.46539124846458435,False,kaggle:spiral,3
P2_subject,resnet50,0,HC:V55,0,0.5033217668533325,False,kaggle:spiral,3
P2_subject,resnet50,0,HC:V55,0,0.4848460853099823,False,kaggle:spiral,3
P2_subject,resnet50,0,HC:V55,0,0.45773065090179443,False,kaggle:spiral,3
P2_subject,resnet50,0,HC:V55,0,0.451610803604126,False,kaggle:spiral,3
P2_subject,resnet50,0,HC:V55,0,0.46530452370643616,False,kaggle:spiral,3
P2_subject,resnet50,0,HC:V55,0,0.4939572811126709,False,kaggle:spiral,3
P2_subject,resnet50,0,HC:V55,0,0.4996153712272644,False,kaggle:spiral,3
P2_subject,resnet50,0,HC:V55,0,0.41391751170158386,False,kaggle:spiral,3
P2_subject,resnet50,0,PD:V04,1,0.5503867268562317,False,kaggle:spiral,3
P2_subject,resnet50,0,PD:V04,1,0.5529990196228027,False,kaggle:spiral,3
P2_subject,resnet50,0,PD:V05,1,0.5259778499603271,False,kaggle:spiral,3
P2_subject,resnet50,0,PD:V05,1,0.5237751007080078,False,kaggle:spiral,3
P2_subject,resnet50,0,PD:V08,1,0.5044402480125427,False,kaggle:spiral,3
P2_subject,resnet50,0,PD:V08,1,0.47532469034194946,False,kaggle:spiral,3
P2_subject,resnet50,0,PD:V09,1,0.49434295296669006,False,kaggle:spiral,3
P2_subject,resnet50,0,PD:V09,1,0.6029142737388611,False,kaggle:spiral,3
P2_subject,resnet50,0,PD:V11,1,0.5124804377555847,False,kaggle:spiral,3
P2_subject,resnet50,0,PD:V11,1,0.4518439471721649,False,kaggle:spiral,3
P2_subject,resnet50,1,HC:V01,0,0.49654972553253174,False,kaggle:spiral,3
P2_subject,resnet50,1,HC:V03,0,0.4709610342979431,False,kaggle:spiral,3
P2_subject,resnet50,1,HC:V07,0,0.4726468026638031,False,kaggle:spiral,3
P2_subject,resnet50,1,HC:V08,0,0.4696631133556366,False,kaggle:spiral,3
P2_subject,resnet50,1,HC:V10,0,0.48706772923469543,False,kaggle:spiral,3
P2_subject,resnet50,1,HC:V11,0,0.5258712768554688,False,kaggle:spiral,3
P2_subject,resnet50,1,PD:V02,1,0.47845062613487244,False,kaggle:spiral,3
P2_subject,resnet50,1,PD:V03,1,0.469575434923172,False,kaggle:spiral,3
P2_subject,resnet50,1,PD:V03,1,0.5220997929573059,False,kaggle:spiral,3
P2_subject,resnet50,1,PD:V03,1,0.5511552691459656,False,kaggle:spiral,3
P2_subject,resnet50,1,PD:V15,1,0.5130921602249146,False,kaggle:spiral,3
P2_subject,resnet50,1,HC:V01,0,0.5033131837844849,False,kaggle:spiral,3
P2_subject,resnet50,1,HC:V01,0,0.5315181016921997,False,kaggle:spiral,3
P2_subject,resnet50,1,HC:V03,0,0.4776450991630554,False,kaggle:spiral,3
P2_subject,resnet50,1,HC:V03,0,0.49094289541244507,False,kaggle:spiral,3
P2_subject,resnet50,1,HC:V07,0,0.5656497478485107,False,kaggle:spiral,3
P2_subject,resnet50,1,HC:V07,0,0.5407273769378662,False,kaggle:spiral,3
P2_subject,resnet50,1,HC:V08,0,0.46926525235176086,False,kaggle:spiral,3
P2_subject,resnet50,1,HC:V08,0,0.46740859746932983,False,kaggle:spiral,3
P2_subject,resnet50,1,HC:V10,0,0.4912821650505066,False,kaggle:spiral,3
P2_subject,resnet50,1,HC:V10,0,0.46751782298088074,False,kaggle:spiral,3
P2_subject,resnet50,1,HC:V11,0,0.5145178437232971,False,kaggle:spiral,3
P2_subject,resnet50,1,HC:V11,0,0.5346183180809021,False,kaggle:spiral,3
P2_subject,resnet50,1,PD:V02,1,0.5162485241889954,False,kaggle:spiral,3
P2_subject,resnet50,1,PD:V02,1,0.5031217932701111,False,kaggle:spiral,3
P2_subject,resnet50,1,PD:V03,1,0.5201100707054138,False,kaggle:spiral,3
P2_subject,resnet50,1,PD:V03,1,0.5372321605682373,False,kaggle:spiral,3
P2_subject,resnet50,1,PD:V03,1,0.542913556098938,False,kaggle:spiral,3
P2_subject,resnet50,1,PD:V03,1,0.5581976175308228,False,kaggle:spiral,3
P2_subject,resnet50,1,PD:V03,1,0.5465825796127319,False,kaggle:spiral,3
P2_subject,resnet50,1,PD:V03,1,0.5016272068023682,False,kaggle:spiral,3
P2_subject,resnet50,1,PD:V13,1,0.46721503138542175,False,kaggle:spiral,3
P2_subject,resnet50,1,PD:V13,1,0.5335688591003418,False,kaggle:spiral,3
P2_subject,resnet50,1,PD:V13,1,0.5400693416595459,False,kaggle:spiral,3
P2_subject,resnet50,1,PD:V15,1,0.5628634691238403,False,kaggle:spiral,3
P2_subject,resnet50,1,PD:V15,1,0.5380541682243347,False,kaggle:spiral,3
P2_subject,resnet50,2,HC:V02,0,0.5941298007965088,False,kaggle:spiral,3
P2_subject,resnet50,2,HC:V05,0,0.4310229420661926,False,kaggle:spiral,3
P2_subject,resnet50,2,HC:V06,0,0.43363216519355774,False,kaggle:spiral,3
P2_subject,resnet50,2,HC:V09,0,0.4021289050579071,False,kaggle:spiral,3
P2_subject,resnet50,2,PD:V01,1,0.4135136902332306,False,kaggle:spiral,3
P2_subject,resnet50,2,PD:V06,1,0.47082504630088806,False,kaggle:spiral,3
P2_subject,resnet50,2,PD:V07,1,0.6771324276924133,False,kaggle:spiral,3
P2_subject,resnet50,2,PD:V10,1,0.3890138864517212,False,kaggle:spiral,3
P2_subject,resnet50,2,PD:V14,1,0.6759100556373596,False,kaggle:spiral,3
P2_subject,resnet50,2,HC:V02,0,0.5006424784660339,False,kaggle:spiral,3
P2_subject,resnet50,2,HC:V02,0,0.5595889091491699,False,kaggle:spiral,3
P2_subject,resnet50,2,HC:V05,0,0.3621707856655121,False,kaggle:spiral,3
P2_subject,resnet50,2,HC:V05,0,0.37949663400650024,False,kaggle:spiral,3
P2_subject,resnet50,2,HC:V06,0,0.43393227458000183,False,kaggle:spiral,3
P2_subject,resnet50,2,HC:V06,0,0.34906959533691406,False,kaggle:spiral,3
P2_subject,resnet50,2,HC:V09,0,0.4083248972892761,False,kaggle:spiral,3
P2_subject,resnet50,2,HC:V09,0,0.4088503122329712,False,kaggle:spiral,3
P2_subject,resnet50,2,HC:V12,0,0.4348413050174713,False,kaggle:spiral,3
P2_subject,resnet50,2,HC:V12,0,0.5117977261543274,False,kaggle:spiral,3
P2_subject,resnet50,2,HC:V12,0,0.41177886724472046,False,kaggle:spiral,3
P2_subject,resnet50,2,PD:V01,1,0.4674905240535736,False,kaggle:spiral,3
P2_subject,resnet50,2,PD:V01,1,0.5070630311965942,False,kaggle:spiral,3
P2_subject,resnet50,2,PD:V06,1,0.546334981918335,False,kaggle:spiral,3
P2_subject,resnet50,2,PD:V06,1,0.5285291075706482,False,kaggle:spiral,3
P2_subject,resnet50,2,PD:V07,1,0.5677196979522705,False,kaggle:spiral,3
P2_subject,resnet50,2,PD:V07,1,0.6892394423484802,False,kaggle:spiral,3
P2_subject,resnet50,2,PD:V10,1,0.4481470584869385,False,kaggle:spiral,3
P2_subject,resnet50,2,PD:V10,1,0.3908666968345642,False,kaggle:spiral,3
P2_subject,resnet50,2,PD:V12,1,0.5863089561462402,False,kaggle:spiral,3
P2_subject,resnet50,2,PD:V12,1,0.5688857436180115,False,kaggle:spiral,3
P2_subject,resnet50,2,PD:V12,1,0.543755829334259,False,kaggle:spiral,3
P2_subject,resnet50,2,PD:V14,1,0.581846296787262,False,kaggle:spiral,3
P2_subject,resnet50,2,PD:V14,1,0.659381628036499,False,kaggle:spiral,3
P1_image,efficientnet_b0,0,HC:V01,0,0.45306575298309326,True,kaggle:spiral,3
P1_image,efficientnet_b0,0,HC:V03,0,0.4913446605205536,False,kaggle:spiral,3
P1_image,efficientnet_b0,0,HC:V07,0,0.42092254757881165,True,kaggle:spiral,3
P1_image,efficientnet_b0,0,HC:V10,0,0.4017503261566162,True,kaggle:spiral,3
P1_image,efficientnet_b0,0,HC:V55,0,0.46477246284484863,True,kaggle:spiral,3
P1_image,efficientnet_b0,0,PD:V03,1,0.52995365858078,True,kaggle:spiral,3
P1_image,efficientnet_b0,0,PD:V05,1,0.6969766020774841,True,kaggle:spiral,3
P1_image,efficientnet_b0,0,PD:V08,1,0.5129034519195557,True,kaggle:spiral,3
P1_image,efficientnet_b0,0,PD:V10,1,0.4149254858493805,True,kaggle:spiral,3
P1_image,efficientnet_b0,0,PD:V11,1,0.4613466262817383,True,kaggle:spiral,3
P1_image,efficientnet_b0,0,PD:V14,1,0.700175404548645,True,kaggle:spiral,3
P1_image,efficientnet_b0,0,HC:V01,0,0.4873279333114624,True,kaggle:spiral,3
P1_image,efficientnet_b0,0,HC:V02,0,0.49278876185417175,True,kaggle:spiral,3
P1_image,efficientnet_b0,0,HC:V03,0,0.5399731397628784,False,kaggle:spiral,3
P1_image,efficientnet_b0,0,HC:V03,0,0.5001592040061951,False,kaggle:spiral,3
P1_image,efficientnet_b0,0,HC:V06,0,0.4790494441986084,True,kaggle:spiral,3
P1_image,efficientnet_b0,0,HC:V07,0,0.4910479784011841,True,kaggle:spiral,3
P1_image,efficientnet_b0,0,HC:V08,0,0.48256129026412964,True,kaggle:spiral,3
P1_image,efficientnet_b0,0,HC:V11,0,0.4974200427532196,True,kaggle:spiral,3
P1_image,efficientnet_b0,0,HC:V55,0,0.45934492349624634,True,kaggle:spiral,3
P1_image,efficientnet_b0,0,HC:V55,0,0.5067231059074402,True,kaggle:spiral,3
P1_image,efficientnet_b0,0,HC:V55,0,0.48193496465682983,True,kaggle:spiral,3
P1_image,efficientnet_b0,0,HC:V55,0,0.5056393146514893,True,kaggle:spiral,3
P1_image,efficientnet_b0,0,PD:V03,1,0.6076306700706482,True,kaggle:spiral,3
P1_image,efficientnet_b0,0,PD:V03,1,0.6178094744682312,True,kaggle:spiral,3
P1_image,efficientnet_b0,0,PD:V03,1,0.6063027381896973,True,kaggle:spiral,3
P1_image,efficientnet_b0,0,PD:V03,1,0.6367002129554749,True,kaggle:spiral,3
P1_image,efficientnet_b0,0,PD:V06,1,0.53254234790802,True,kaggle:spiral,3
P1_image,efficientnet_b0,0,PD:V07,1,0.5670123100280762,True,kaggle:spiral,3
P1_image,efficientnet_b0,0,PD:V08,1,0.47642630338668823,True,kaggle:spiral,3
P1_image,efficientnet_b0,0,PD:V11,1,0.4275859594345093,True,kaggle:spiral,3
P1_image,efficientnet_b0,0,PD:V13,1,0.5230121612548828,True,kaggle:spiral,3
P1_image,efficientnet_b0,0,PD:V13,1,0.4573824405670166,True,kaggle:spiral,3
P1_image,efficientnet_b0,0,PD:V15,1,0.5016833543777466,True,kaggle:spiral,3
P1_image,efficientnet_b0,1,HC:V55,0,0.4395890235900879,True,kaggle:spiral,3
P1_image,efficientnet_b0,1,HC:V55,0,0.4064059257507324,True,kaggle:spiral,3
P1_image,efficientnet_b0,1,HC:V55,0,0.44229719042778015,True,kaggle:spiral,3
P1_image,efficientnet_b0,1,PD:V01,1,0.5221156477928162,True,kaggle:spiral,3
P1_image,efficientnet_b0,1,PD:V02,1,0.4329359829425812,True,kaggle:spiral,3
P1_image,efficientnet_b0,1,PD:V03,1,0.4907141327857971,True,kaggle:spiral,3
P1_image,efficientnet_b0,1,PD:V04,1,0.32514292001724243,True,kaggle:spiral,3
P1_image,efficientnet_b0,1,PD:V07,1,0.5268918871879578,True,kaggle:spiral,3
P1_image,efficientnet_b0,1,PD:V09,1,0.41395998001098633,True,kaggle:spiral,3
P1_image,efficientnet_b0,1,HC:V01,0,0.4246983230113983,True,kaggle:spiral,3
P1_image,efficientnet_b0,1,HC:V02,0,0.35882577300071716,True,kaggle:spiral,3
P1_image,efficientnet_b0,1,HC:V04,0,0.4870249927043915,True,kaggle:spiral,3
P1_image,efficientnet_b0,1,HC:V07,0,0.43930575251579285,True,kaggle:spiral,3
P1_image,efficientnet_b0,1,HC:V08,0,0.46751731634140015,True,kaggle:spiral,3
P1_image,efficientnet_b0,1,HC:V09,0,0.4813227951526642,True,kaggle:spiral,3
P1_image,efficientnet_b0,1,HC:V10,0,0.4169389605522156,True,kaggle:spiral,3
P1_image,efficientnet_b0,1,HC:V10,0,0.43829289078712463,True,kaggle:spiral,3
P1_image,efficientnet_b0,1,HC:V11,0,0.3812415897846222,True,kaggle:spiral,3
P1_image,efficientnet_b0,1,HC:V12,0,0.42410191893577576,True,kaggle:spiral,3
P1_image,efficientnet_b0,1,HC:V12,0,0.4168587923049927,True,kaggle:spiral,3
P1_image,efficientnet_b0,1,HC:V55,0,0.4680017828941345,True,kaggle:spiral,3
P1_image,efficientnet_b0,1,HC:V55,0,0.4348497688770294,True,kaggle:spiral,3
P1_image,efficientnet_b0,1,HC:V55,0,0.3886277973651886,True,kaggle:spiral,3
P1_image,efficientnet_b0,1,PD:V01,1,0.43845924735069275,True,kaggle:spiral,3
P1_image,efficientnet_b0,1,PD:V02,1,0.43788331747055054,True,kaggle:spiral,3
P1_image,efficientnet_b0,1,PD:V03,1,0.4939306080341339,True,kaggle:spiral,3
P1_image,efficientnet_b0,1,PD:V04,1,0.3857700824737549,True,kaggle:spiral,3
P1_image,efficientnet_b0,1,PD:V05,1,0.40493935346603394,True,kaggle:spiral,3
P1_image,efficientnet_b0,1,PD:V07,1,0.47001323103904724,True,kaggle:spiral,3
P1_image,efficientnet_b0,1,PD:V09,1,0.40763768553733826,True,kaggle:spiral,3
P1_image,efficientnet_b0,1,PD:V10,1,0.40330269932746887,True,kaggle:spiral,3
P1_image,efficientnet_b0,1,PD:V11,1,0.49899157881736755,True,kaggle:spiral,3
P1_image,efficientnet_b0,1,PD:V13,1,0.4364652931690216,True,kaggle:spiral,3
P1_image,efficientnet_b0,1,PD:V14,1,0.37656858563423157,True,kaggle:spiral,3
P1_image,efficientnet_b0,2,HC:V02,0,0.4696939289569855,True,kaggle:spiral,3
P1_image,efficientnet_b0,2,HC:V04,0,0.522121250629425,True,kaggle:spiral,3
P1_image,efficientnet_b0,2,HC:V05,0,0.37617430090904236,False,kaggle:spiral,3
P1_image,efficientnet_b0,2,HC:V06,0,0.3042217195034027,True,kaggle:spiral,3
P1_image,efficientnet_b0,2,HC:V08,0,0.49257692694664,True,kaggle:spiral,3
P1_image,efficientnet_b0,2,HC:V09,0,0.382144570350647,True,kaggle:spiral,3
P1_image,efficientnet_b0,2,HC:V11,0,0.3771146237850189,True,kaggle:spiral,3
P1_image,efficientnet_b0,2,PD:V03,1,0.5427111983299255,True,kaggle:spiral,3
P1_image,efficientnet_b0,2,PD:V06,1,0.4100581407546997,True,kaggle:spiral,3
P1_image,efficientnet_b0,2,PD:V15,1,0.4036448299884796,True,kaggle:spiral,3
P1_image,efficientnet_b0,2,HC:V04,0,0.4518088400363922,True,kaggle:spiral,3
P1_image,efficientnet_b0,2,HC:V05,0,0.3542197048664093,False,kaggle:spiral,3
P1_image,efficientnet_b0,2,HC:V05,0,0.45771002769470215,False,kaggle:spiral,3
P1_image,efficientnet_b0,2,HC:V06,0,0.29417452216148376,True,kaggle:spiral,3
P1_image,efficientnet_b0,2,HC:V09,0,0.46602892875671387,True,kaggle:spiral,3
P1_image,efficientnet_b0,2,HC:V12,0,0.3603915274143219,True,kaggle:spiral,3
P1_image,efficientnet_b0,2,HC:V55,0,0.3944777548313141,True,kaggle:spiral,3
P1_image,efficientnet_b0,2,HC:V55,0,0.4761373996734619,True,kaggle:spiral,3
P1_image,efficientnet_b0,2,HC:V55,0,0.40845999121665955,True,kaggle:spiral,3
P1_image,efficientnet_b0,2,HC:V55,0,0.4296927750110626,True,kaggle:spiral,3
P1_image,efficientnet_b0,2,PD:V01,1,0.4387722313404083,True,kaggle:spiral,3
P1_image,efficientnet_b0,2,PD:V02,1,0.4053698778152466,True,kaggle:spiral,3
P1_image,efficientnet_b0,2,PD:V03,1,0.4393981397151947,True,kaggle:spiral,3
P1_image,efficientnet_b0,2,PD:V04,1,0.5069962739944458,True,kaggle:spiral,3
P1_image,efficientnet_b0,2,PD:V05,1,0.433368057012558,True,kaggle:spiral,3
P1_image,efficientnet_b0,2,PD:V06,1,0.44656676054000854,True,kaggle:spiral,3
P1_image,efficientnet_b0,2,PD:V08,1,0.4310436248779297,True,kaggle:spiral,3
P1_image,efficientnet_b0,2,PD:V09,1,0.5168660879135132,True,kaggle:spiral,3
P1_image,efficientnet_b0,2,PD:V10,1,0.4376528859138489,True,kaggle:spiral,3
P1_image,efficientnet_b0,2,PD:V12,1,0.36543598771095276,False,kaggle:spiral,3
P1_image,efficientnet_b0,2,PD:V12,1,0.45223718881607056,False,kaggle:spiral,3
P1_image,efficientnet_b0,2,PD:V12,1,0.3322735130786896,False,kaggle:spiral,3
P1_image,efficientnet_b0,2,PD:V14,1,0.40320512652397156,True,kaggle:spiral,3
P1_image,efficientnet_b0,2,PD:V15,1,0.45679935812950134,True,kaggle:spiral,3
P2_subject,efficientnet_b0,0,HC:V04,0,0.41166913509368896,False,kaggle:spiral,3
P2_subject,efficientnet_b0,0,HC:V55,0,0.3646043837070465,False,kaggle:spiral,3
P2_subject,efficientnet_b0,0,HC:V55,0,0.37634366750717163,False,kaggle:spiral,3
P2_subject,efficientnet_b0,0,HC:V55,0,0.32733410596847534,False,kaggle:spiral,3
P2_subject,efficientnet_b0,0,HC:V55,0,0.38463133573532104,False,kaggle:spiral,3
P2_subject,efficientnet_b0,0,PD:V04,1,0.5004995465278625,False,kaggle:spiral,3
P2_subject,efficientnet_b0,0,PD:V05,1,0.5888170599937439,False,kaggle:spiral,3
P2_subject,efficientnet_b0,0,PD:V08,1,0.4381055533885956,False,kaggle:spiral,3
P2_subject,efficientnet_b0,0,PD:V09,1,0.4995821416378021,False,kaggle:spiral,3
P2_subject,efficientnet_b0,0,PD:V11,1,0.44431331753730774,False,kaggle:spiral,3
P2_subject,efficientnet_b0,0,HC:V04,0,0.39842161536216736,False,kaggle:spiral,3
P2_subject,efficientnet_b0,0,HC:V04,0,0.45061567425727844,False,kaggle:spiral,3
P2_subject,efficientnet_b0,0,HC:V55,0,0.35411420464515686,False,kaggle:spiral,3
P2_subject,efficientnet_b0,0,HC:V55,0,0.3989209234714508,False,kaggle:spiral,3
P2_subject,efficientnet_b0,0,HC:V55,0,0.41049495339393616,False,kaggle:spiral,3
P2_subject,efficientnet_b0,0,HC:V55,0,0.38258492946624756,False,kaggle:spiral,3
P2_subject,efficientnet_b0,0,HC:V55,0,0.4532373249530792,False,kaggle:spiral,3
P2_subject,efficientnet_b0,0,HC:V55,0,0.3940524160861969,False,kaggle:spiral,3
P2_subject,efficientnet_b0,0,HC:V55,0,0.40686994791030884,False,kaggle:spiral,3
P2_subject,efficientnet_b0,0,HC:V55,0,0.352167546749115,False,kaggle:spiral,3
P2_subject,efficientnet_b0,0,HC:V55,0,0.3555475175380707,False,kaggle:spiral,3
P2_subject,efficientnet_b0,0,HC:V55,0,0.44588837027549744,False,kaggle:spiral,3
P2_subject,efficientnet_b0,0,HC:V55,0,0.45388850569725037,False,kaggle:spiral,3
P2_subject,efficientnet_b0,0,PD:V04,1,0.5963086485862732,False,kaggle:spiral,3
P2_subject,efficientnet_b0,0,PD:V04,1,0.5023748278617859,False,kaggle:spiral,3
P2_subject,efficientnet_b0,0,PD:V05,1,0.45809048414230347,False,kaggle:spiral,3
P2_subject,efficientnet_b0,0,PD:V05,1,0.4421825110912323,False,kaggle:spiral,3
P2_subject,efficientnet_b0,0,PD:V08,1,0.44800105690956116,False,kaggle:spiral,3
P2_subject,efficientnet_b0,0,PD:V08,1,0.39242488145828247,False,kaggle:spiral,3
P2_subject,efficientnet_b0,0,PD:V09,1,0.5061497092247009,False,kaggle:spiral,3
P2_subject,efficientnet_b0,0,PD:V09,1,0.5636895895004272,False,kaggle:spiral,3
P2_subject,efficientnet_b0,0,PD:V11,1,0.42215028405189514,False,kaggle:spiral,3
P2_subject,efficientnet_b0,0,PD:V11,1,0.465459942817688,False,kaggle:spiral,3
P2_subject,efficientnet_b0,1,HC:V01,0,0.4528900980949402,False,kaggle:spiral,3
P2_subject,efficientnet_b0,1,HC:V03,0,0.5050086379051208,False,kaggle:spiral,3
P2_subject,efficientnet_b0,1,HC:V07,0,0.43720322847366333,False,kaggle:spiral,3
P2_subject,efficientnet_b0,1,HC:V08,0,0.4580458104610443,False,kaggle:spiral,3
P2_subject,efficientnet_b0,1,HC:V10,0,0.4727788269519806,False,kaggle:spiral,3
P2_subject,efficientnet_b0,1,HC:V11,0,0.5164551138877869,False,kaggle:spiral,3
P2_subject,efficientnet_b0,1,PD:V02,1,0.5251948237419128,False,kaggle:spiral,3
P2_subject,efficientnet_b0,1,PD:V03,1,0.6097550988197327,False,kaggle:spiral,3
P2_subject,efficientnet_b0,1,PD:V03,1,0.6815564036369324,False,kaggle:spiral,3
P2_subject,efficientnet_b0,1,PD:V03,1,0.5599201917648315,False,kaggle:spiral,3
P2_subject,efficientnet_b0,1,PD:V15,1,0.5477596521377563,False,kaggle:spiral,3
P2_subject,efficientnet_b0,1,HC:V01,0,0.5091803073883057,False,kaggle:spiral,3
P2_subject,efficientnet_b0,1,HC:V01,0,0.5424568057060242,False,kaggle:spiral,3
P2_subject,efficientnet_b0,1,HC:V03,0,0.5046759843826294,False,kaggle:spiral,3
P2_subject,efficientnet_b0,1,HC:V03,0,0.5357232093811035,False,kaggle:spiral,3
P2_subject,efficientnet_b0,1,HC:V07,0,0.45854759216308594,False,kaggle:spiral,3
P2_subject,efficientnet_b0,1,HC:V07,0,0.5225456357002258,False,kaggle:spiral,3
P2_subject,efficientnet_b0,1,HC:V08,0,0.4067533016204834,False,kaggle:spiral,3
P2_subject,efficientnet_b0,1,HC:V08,0,0.43268415331840515,False,kaggle:spiral,3
P2_subject,efficientnet_b0,1,HC:V10,0,0.5105122327804565,False,kaggle:spiral,3
P2_subject,efficientnet_b0,1,HC:V10,0,0.49212387204170227,False,kaggle:spiral,3
P2_subject,efficientnet_b0,1,HC:V11,0,0.5091502070426941,False,kaggle:spiral,3
P2_subject,efficientnet_b0,1,HC:V11,0,0.5123217701911926,False,kaggle:spiral,3
P2_subject,efficientnet_b0,1,PD:V02,1,0.538905143737793,False,kaggle:spiral,3
P2_subject,efficientnet_b0,1,PD:V02,1,0.6164830327033997,False,kaggle:spiral,3
P2_subject,efficientnet_b0,1,PD:V03,1,0.594282865524292,False,kaggle:spiral,3
P2_subject,efficientnet_b0,1,PD:V03,1,0.6008960008621216,False,kaggle:spiral,3
P2_subject,efficientnet_b0,1,PD:V03,1,0.6064197421073914,False,kaggle:spiral,3
P2_subject,efficientnet_b0,1,PD:V03,1,0.6667289137840271,False,kaggle:spiral,3
P2_subject,efficientnet_b0,1,PD:V03,1,0.58683842420578,False,kaggle:spiral,3
P2_subject,efficientnet_b0,1,PD:V03,1,0.6123337149620056,False,kaggle:spiral,3
P2_subject,efficientnet_b0,1,PD:V13,1,0.44836318492889404,False,kaggle:spiral,3
P2_subject,efficientnet_b0,1,PD:V13,1,0.4666837453842163,False,kaggle:spiral,3
P2_subject,efficientnet_b0,1,PD:V13,1,0.511265218257904,False,kaggle:spiral,3
P2_subject,efficientnet_b0,1,PD:V15,1,0.5685014724731445,False,kaggle:spiral,3
P2_subject,efficientnet_b0,1,PD:V15,1,0.5691050291061401,False,kaggle:spiral,3
P2_subject,efficientnet_b0,2,HC:V02,0,0.5248519778251648,False,kaggle:spiral,3
P2_subject,efficientnet_b0,2,HC:V05,0,0.44973817467689514,False,kaggle:spiral,3
P2_subject,efficientnet_b0,2,HC:V06,0,0.18089666962623596,False,kaggle:spiral,3
P2_subject,efficientnet_b0,2,HC:V09,0,0.34312358498573303,False,kaggle:spiral,3
P2_subject,efficientnet_b0,2,PD:V01,1,0.23211444914340973,False,kaggle:spiral,3
P2_subject,efficientnet_b0,2,PD:V06,1,0.417874276638031,False,kaggle:spiral,3
P2_subject,efficientnet_b0,2,PD:V07,1,0.4438019096851349,False,kaggle:spiral,3
P2_subject,efficientnet_b0,2,PD:V10,1,0.3651892840862274,False,kaggle:spiral,3
P2_subject,efficientnet_b0,2,PD:V14,1,0.6316856741905212,False,kaggle:spiral,3
P2_subject,efficientnet_b0,2,HC:V02,0,0.42071011662483215,False,kaggle:spiral,3
P2_subject,efficientnet_b0,2,HC:V02,0,0.3825710117816925,False,kaggle:spiral,3
P2_subject,efficientnet_b0,2,HC:V05,0,0.33165794610977173,False,kaggle:spiral,3
P2_subject,efficientnet_b0,2,HC:V05,0,0.3175909221172333,False,kaggle:spiral,3
P2_subject,efficientnet_b0,2,HC:V06,0,0.3572998344898224,False,kaggle:spiral,3
P2_subject,efficientnet_b0,2,HC:V06,0,0.32771408557891846,False,kaggle:spiral,3
P2_subject,efficientnet_b0,2,HC:V09,0,0.3187457323074341,False,kaggle:spiral,3
P2_subject,efficientnet_b0,2,HC:V09,0,0.31472739577293396,False,kaggle:spiral,3
P2_subject,efficientnet_b0,2,HC:V12,0,0.3102867007255554,False,kaggle:spiral,3
P2_subject,efficientnet_b0,2,HC:V12,0,0.29307422041893005,False,kaggle:spiral,3
P2_subject,efficientnet_b0,2,HC:V12,0,0.35092148184776306,False,kaggle:spiral,3
P2_subject,efficientnet_b0,2,PD:V01,1,0.39763143658638,False,kaggle:spiral,3
P2_subject,efficientnet_b0,2,PD:V01,1,0.40249982476234436,False,kaggle:spiral,3
P2_subject,efficientnet_b0,2,PD:V06,1,0.2836780250072479,False,kaggle:spiral,3
P2_subject,efficientnet_b0,2,PD:V06,1,0.3965722620487213,False,kaggle:spiral,3
P2_subject,efficientnet_b0,2,PD:V07,1,0.4248332381248474,False,kaggle:spiral,3
P2_subject,efficientnet_b0,2,PD:V07,1,0.5327820181846619,False,kaggle:spiral,3
P2_subject,efficientnet_b0,2,PD:V10,1,0.3353614807128906,False,kaggle:spiral,3
P2_subject,efficientnet_b0,2,PD:V10,1,0.3347960114479065,False,kaggle:spiral,3
P2_subject,efficientnet_b0,2,PD:V12,1,0.3025837540626526,False,kaggle:spiral,3
P2_subject,efficientnet_b0,2,PD:V12,1,0.37265196442604065,False,kaggle:spiral,3
P2_subject,efficientnet_b0,2,PD:V12,1,0.4149749279022217,False,kaggle:spiral,3
P2_subject,efficientnet_b0,2,PD:V14,1,0.7122179269790649,False,kaggle:spiral,3
P2_subject,efficientnet_b0,2,PD:V14,1,0.605135977268219,False,kaggle:spiral,3
P1_image,vgg16,0,HC:V02,0,0.5048703551292419,True,kaggle:spiral,4
P1_image,vgg16,0,HC:V04,0,0.3813232481479645,True,kaggle:spiral,4
P1_image,vgg16,0,HC:V08,0,0.38613489270210266,True,kaggle:spiral,4
P1_image,vgg16,0,HC:V09,0,0.4053821265697479,True,kaggle:spiral,4
P1_image,vgg16,0,HC:V10,0,0.36982300877571106,True,kaggle:spiral,4
P1_image,vgg16,0,HC:V11,0,0.3602757155895233,True,kaggle:spiral,4
P1_image,vgg16,0,HC:V55,0,0.377214640378952,True,kaggle:spiral,4
P1_image,vgg16,0,PD:V02,1,0.4584137797355652,True,kaggle:spiral,4
P1_image,vgg16,0,PD:V03,1,0.5739800930023193,True,kaggle:spiral,4
P1_image,vgg16,0,PD:V07,1,0.5662322044372559,True,kaggle:spiral,4
P1_image,vgg16,0,PD:V09,1,0.39234459400177,True,kaggle:spiral,4
P1_image,vgg16,0,PD:V10,1,0.3804503083229065,True,kaggle:spiral,4
P1_image,vgg16,0,PD:V11,1,0.3848344683647156,True,kaggle:spiral,4
P1_image,vgg16,0,PD:V15,1,0.41771870851516724,True,kaggle:spiral,4
P1_image,vgg16,0,HC:V02,0,0.41977211833000183,True,kaggle:spiral,4
P1_image,vgg16,0,HC:V04,0,0.3828798532485962,True,kaggle:spiral,4
P1_image,vgg16,0,HC:V05,0,0.3862867057323456,True,kaggle:spiral,4
P1_image,vgg16,0,HC:V10,0,0.36961668729782104,True,kaggle:spiral,4
P1_image,vgg16,0,HC:V12,0,0.37827324867248535,True,kaggle:spiral,4
P1_image,vgg16,0,HC:V12,0,0.38954994082450867,True,kaggle:spiral,4
P1_image,vgg16,0,HC:V55,0,0.3992956578731537,True,kaggle:spiral,4
P1_image,vgg16,0,HC:V55,0,0.37455984950065613,True,kaggle:spiral,4
P1_image,vgg16,0,HC:V55,0,0.41612592339515686,True,kaggle:spiral,4
P1_image,vgg16,0,HC:V55,0,0.3617664575576782,True,kaggle:spiral,4
P1_image,vgg16,0,PD:V02,1,0.5110602974891663,True,kaggle:spiral,4
P1_image,vgg16,0,PD:V03,1,0.6176612377166748,True,kaggle:spiral,4
P1_image,vgg16,0,PD:V05,1,0.49824902415275574,True,kaggle:spiral,4
P1_image,vgg16,0,PD:V07,1,0.5640034079551697,True,kaggle:spiral,4
P1_image,vgg16,0,PD:V08,1,0.40485668182373047,True,kaggle:spiral,4
P1_image,vgg16,0,PD:V10,1,0.37448519468307495,True,kaggle:spiral,4
P1_image,vgg16,0,PD:V12,1,0.42405080795288086,True,kaggle:spiral,4
P1_image,vgg16,0,PD:V13,1,0.4056529402732849,True,kaggle:spiral,4
P1_image,vgg16,0,PD:V13,1,0.4135965406894684,True,kaggle:spiral,4
P1_image,vgg16,0,PD:V15,1,0.3973579704761505,True,kaggle:spiral,4
P1_image,vgg16,1,HC:V01,0,0.19876135885715485,False,kaggle:spiral,4
P1_image,vgg16,1,HC:V03,0,0.21076349914073944,False,kaggle:spiral,4
P1_image,vgg16,1,HC:V06,0,0.236705482006073,True,kaggle:spiral,4
P1_image,vgg16,1,HC:V07,0,0.21633219718933105,True,kaggle:spiral,4
P1_image,vgg16,1,HC:V55,0,0.13823257386684418,True,kaggle:spiral,4
P1_image,vgg16,1,PD:V01,1,0.24860785901546478,True,kaggle:spiral,4
P1_image,vgg16,1,PD:V03,1,0.8523494601249695,True,kaggle:spiral,4
P1_image,vgg16,1,PD:V03,1,0.8229175209999084,True,kaggle:spiral,4
P1_image,vgg16,1,PD:V04,1,0.7700909376144409,True,kaggle:spiral,4
P1_image,vgg16,1,PD:V06,1,0.3538558781147003,False,kaggle:spiral,4
P1_image,vgg16,1,PD:V14,1,0.7968427538871765,True,kaggle:spiral,4
P1_image,vgg16,1,HC:V01,0,0.19106081128120422,False,kaggle:spiral,4
P1_image,vgg16,1,HC:V01,0,0.19631807506084442,False,kaggle:spiral,4
P1_image,vgg16,1,HC:V03,0,0.17969633638858795,False,kaggle:spiral,4
P1_image,vgg16,1,HC:V03,0,0.13189946115016937,False,kaggle:spiral,4
P1_image,vgg16,1,HC:V05,0,0.1266680210828781,True,kaggle:spiral,4
P1_image,vgg16,1,HC:V06,0,0.21169805526733398,True,kaggle:spiral,4
P1_image,vgg16,1,HC:V07,0,0.18233530223369598,True,kaggle:spiral,4
P1_image,vgg16,1,HC:V08,0,0.22961056232452393,True,kaggle:spiral,4
P1_image,vgg16,1,HC:V08,0,0.20271480083465576,True,kaggle:spiral,4
P1_image,vgg16,1,HC:V11,0,0.15258021652698517,True,kaggle:spiral,4
P1_image,vgg16,1,HC:V55,0,0.21530947089195251,True,kaggle:spiral,4
P1_image,vgg16,1,HC:V55,0,0.21630242466926575,True,kaggle:spiral,4
P1_image,vgg16,1,PD:V01,1,0.3276270031929016,True,kaggle:spiral,4
P1_image,vgg16,1,PD:V02,1,0.5491501092910767,True,kaggle:spiral,4
P1_image,vgg16,1,PD:V03,1,0.8357745409011841,True,kaggle:spiral,4
P1_image,vgg16,1,PD:V05,1,0.638609766960144,True,kaggle:spiral,4
P1_image,vgg16,1,PD:V06,1,0.251548707485199,False,kaggle:spiral,4
P1_image,vgg16,1,PD:V06,1,0.2692619860172272,False,kaggle:spiral,4
P1_image,vgg16,1,PD:V09,1,0.4707050919532776,True,kaggle:spiral,4
P1_image,vgg16,1,PD:V11,1,0.3209969997406006,True,kaggle:spiral,4
P1_image,vgg16,1,PD:V12,1,0.4056124985218048,True,kaggle:spiral,4
P1_image,vgg16,1,PD:V12,1,0.4401351511478424,True,kaggle:spiral,4
P1_image,vgg16,1,PD:V13,1,0.2420748621225357,True,kaggle:spiral,4
P1_image,vgg16,2,HC:V05,0,0.5913764238357544,True,kaggle:spiral,4
P1_image,vgg16,2,HC:V55,0,0.4242526590824127,True,kaggle:spiral,4
P1_image,vgg16,2,HC:V55,0,0.4319458603858948,True,kaggle:spiral,4
P1_image,vgg16,2,PD:V05,1,0.7536797523498535,True,kaggle:spiral,4
P1_image,vgg16,2,PD:V08,1,0.41614198684692383,True,kaggle:spiral,4
P1_image,vgg16,2,HC:V02,0,0.6276240348815918,True,kaggle:spiral,4
P1_image,vgg16,2,HC:V04,0,0.4041192829608917,True,kaggle:spiral,4
P1_image,vgg16,2,HC:V06,0,0.4873869717121124,True,kaggle:spiral,4
P1_image,vgg16,2,HC:V07,0,0.5017070770263672,True,kaggle:spiral,4
P1_image,vgg16,2,HC:V09,0,0.4565757215023041,True,kaggle:spiral,4
P1_image,vgg16,2,HC:V09,0,0.47601962089538574,True,kaggle:spiral,4
P1_image,vgg16,2,HC:V10,0,0.4343634843826294,True,kaggle:spiral,4
P1_image,vgg16,2,HC:V11,0,0.41734886169433594,True,kaggle:spiral,4
P1_image,vgg16,2,HC:V12,0,0.5361496806144714,True,kaggle:spiral,4
P1_image,vgg16,2,HC:V55,0,0.4078873097896576,True,kaggle:spiral,4
P1_image,vgg16,2,HC:V55,0,0.4777179956436157,True,kaggle:spiral,4
P1_image,vgg16,2,HC:V55,0,0.4765511155128479,True,kaggle:spiral,4
P1_image,vgg16,2,HC:V55,0,0.3295013904571533,True,kaggle:spiral,4
P1_image,vgg16,2,HC:V55,0,0.452057808637619,True,kaggle:spiral,4
P1_image,vgg16,2,PD:V01,1,0.4766564667224884,True,kaggle:spiral,4
P1_image,vgg16,2,PD:V03,1,0.738438606262207,True,kaggle:spiral,4
P1_image,vgg16,2,PD:V03,1,0.7172884941101074,True,kaggle:spiral,4
P1_image,vgg16,2,PD:V03,1,0.7206396460533142,True,kaggle:spiral,4
P1_image,vgg16,2,PD:V03,1,0.7360802888870239,True,kaggle:spiral,4
P1_image,vgg16,2,PD:V04,1,0.6982608437538147,True,kaggle:spiral,4
P1_image,vgg16,2,PD:V04,1,0.6703645586967468,True,kaggle:spiral,4
P1_image,vgg16,2,PD:V07,1,0.6995159387588501,True,kaggle:spiral,4
P1_image,vgg16,2,PD:V08,1,0.515856921672821,True,kaggle:spiral,4
P1_image,vgg16,2,PD:V09,1,0.6315630674362183,True,kaggle:spiral,4
P1_image,vgg16,2,PD:V10,1,0.46660247445106506,True,kaggle:spiral,4
P1_image,vgg16,2,PD:V11,1,0.39859896898269653,True,kaggle:spiral,4
P1_image,vgg16,2,PD:V14,1,0.7451751232147217,True,kaggle:spiral,4
P1_image,vgg16,2,PD:V14,1,0.7109268307685852,True,kaggle:spiral,4
P1_image,vgg16,2,PD:V15,1,0.6301760673522949,True,kaggle:spiral,4
P2_subject,vgg16,0,HC:V06,0,0.0766410306096077,False,kaggle:spiral,4
P2_subject,vgg16,0,HC:V55,0,0.07959555089473724,False,kaggle:spiral,4
P2_subject,vgg16,0,HC:V55,0,0.08427520096302032,False,kaggle:spiral,4
P2_subject,vgg16,0,HC:V55,0,0.09748145192861557,False,kaggle:spiral,4
P2_subject,vgg16,0,HC:V55,0,0.12265670299530029,False,kaggle:spiral,4
P2_subject,vgg16,0,PD:V01,1,0.11503227055072784,False,kaggle:spiral,4
P2_subject,vgg16,0,PD:V04,1,0.7018105983734131,False,kaggle:spiral,4
P2_subject,vgg16,0,PD:V10,1,0.21077045798301697,False,kaggle:spiral,4
P2_subject,vgg16,0,PD:V14,1,0.7961789965629578,False,kaggle:spiral,4
P2_subject,vgg16,0,HC:V06,0,0.12589015066623688,False,kaggle:spiral,4
P2_subject,vgg16,0,HC:V06,0,0.10782032459974289,False,kaggle:spiral,4
P2_subject,vgg16,0,HC:V55,0,0.14386840164661407,False,kaggle:spiral,4
P2_subject,vgg16,0,HC:V55,0,0.09759822487831116,False,kaggle:spiral,4
P2_subject,vgg16,0,HC:V55,0,0.16302819550037384,False,kaggle:spiral,4
P2_subject,vgg16,0,HC:V55,0,0.10972592979669571,False,kaggle:spiral,4
P2_subject,vgg16,0,HC:V55,0,0.1217271164059639,False,kaggle:spiral,4
P2_subject,vgg16,0,HC:V55,0,0.06523892283439636,False,kaggle:spiral,4
P2_subject,vgg16,0,HC:V55,0,0.06752146780490875,False,kaggle:spiral,4
P2_subject,vgg16,0,HC:V55,0,0.17416352033615112,False,kaggle:spiral,4
P2_subject,vgg16,0,HC:V55,0,0.2639772891998291,False,kaggle:spiral,4
P2_subject,vgg16,0,HC:V55,0,0.14757287502288818,False,kaggle:spiral,4
P2_subject,vgg16,0,HC:V55,0,0.11044376343488693,False,kaggle:spiral,4
P2_subject,vgg16,0,PD:V01,1,0.13313482701778412,False,kaggle:spiral,4
P2_subject,vgg16,0,PD:V01,1,0.13931259512901306,False,kaggle:spiral,4
P2_subject,vgg16,0,PD:V04,1,0.7138568758964539,False,kaggle:spiral,4
P2_subject,vgg16,0,PD:V04,1,0.7283919453620911,False,kaggle:spiral,4
P2_subject,vgg16,0,PD:V10,1,0.22484610974788666,False,kaggle:spiral,4
P2_subject,vgg16,0,PD:V10,1,0.10939670354127884,False,kaggle:spiral,4
P2_subject,vgg16,0,PD:V12,1,0.13388779759407043,False,kaggle:spiral,4
P2_subject,vgg16,0,PD:V12,1,0.26103508472442627,False,kaggle:spiral,4
P2_subject,vgg16,0,PD:V12,1,0.19950245320796967,False,kaggle:spiral,4
P2_subject,vgg16,0,PD:V13,1,0.12849409878253937,False,kaggle:spiral,4
P2_subject,vgg16,0,PD:V13,1,0.1643766611814499,False,kaggle:spiral,4
P2_subject,vgg16,0,PD:V13,1,0.22650960087776184,False,kaggle:spiral,4
P2_subject,vgg16,0,PD:V14,1,0.7027474045753479,False,kaggle:spiral,4
P2_subject,vgg16,0,PD:V14,1,0.9126604199409485,False,kaggle:spiral,4
P2_subject,vgg16,1,HC:V01,0,0.12807166576385498,False,kaggle:spiral,4
P2_subject,vgg16,1,HC:V02,0,0.8284392952919006,False,kaggle:spiral,4
P2_subject,vgg16,1,HC:V03,0,0.18628841638565063,False,kaggle:spiral,4
P2_subject,vgg16,1,HC:V08,0,0.14723725616931915,False,kaggle:spiral,4
P2_subject,vgg16,1,HC:V10,0,0.1500597447156906,False,kaggle:spiral,4
P2_subject,vgg16,1,HC:V11,0,0.16077899932861328,False,kaggle:spiral,4
P2_subject,vgg16,1,PD:V03,1,0.9067566394805908,False,kaggle:spiral,4
P2_subject,vgg16,1,PD:V03,1,0.9671797156333923,False,kaggle:spiral,4
P2_subject,vgg16,1,PD:V03,1,0.9140932559967041,False,kaggle:spiral,4
P2_subject,vgg16,1,PD:V08,1,0.20066089928150177,False,kaggle:spiral,4
P2_subject,vgg16,1,PD:V11,1,0.2349848598241806,False,kaggle:spiral,4
P2_subject,vgg16,1,HC:V01,0,0.09543756395578384,False,kaggle:spiral,4
P2_subject,vgg16,1,HC:V01,0,0.1793643981218338,False,kaggle:spiral,4
P2_subject,vgg16,1,HC:V02,0,0.28604045510292053,False,kaggle:spiral,4
P2_subject,vgg16,1,HC:V02,0,0.2915431261062622,False,kaggle:spiral,4
P2_subject,vgg16,1,HC:V03,0,0.08958844095468521,False,kaggle:spiral,4
P2_subject,vgg16,1,HC:V03,0,0.09086643904447556,False,kaggle:spiral,4
P2_subject,vgg16,1,HC:V08,0,0.15142187476158142,False,kaggle:spiral,4
P2_subject,vgg16,1,HC:V08,0,0.15009620785713196,False,kaggle:spiral,4
P2_subject,vgg16,1,HC:V10,0,0.10487809777259827,False,kaggle:spiral,4
P2_subject,vgg16,1,HC:V10,0,0.09532535821199417,False,kaggle:spiral,4
P2_subject,vgg16,1,HC:V11,0,0.109183669090271,False,kaggle:spiral,4
P2_subject,vgg16,1,HC:V11,0,0.1685429811477661,False,kaggle:spiral,4
P2_subject,vgg16,1,PD:V03,1,0.7898966670036316,False,kaggle:spiral,4
P2_subject,vgg16,1,PD:V03,1,0.7707901000976562,False,kaggle:spiral,4
P2_subject,vgg16,1,PD:V03,1,0.9224884510040283,False,kaggle:spiral,4
P2_subject,vgg16,1,PD:V03,1,0.9340255856513977,False,kaggle:spiral,4
P2_subject,vgg16,1,PD:V03,1,0.9091649651527405,False,kaggle:spiral,4
P2_subject,vgg16,1,PD:V03,1,0.8939785361289978,False,kaggle:spiral,4
P2_subject,vgg16,1,PD:V08,1,0.24750496447086334,False,kaggle:spiral,4
P2_subject,vgg16,1,PD:V08,1,0.27559083700180054,False,kaggle:spiral,4
P2_subject,vgg16,1,PD:V11,1,0.1823408305644989,False,kaggle:spiral,4
P2_subject,vgg16,1,PD:V11,1,0.11928899586200714,False,kaggle:spiral,4
P2_subject,vgg16,2,HC:V04,0,0.459570974111557,False,kaggle:spiral,4
P2_subject,vgg16,2,HC:V05,0,0.4532460570335388,False,kaggle:spiral,4
P2_subject,vgg16,2,HC:V07,0,0.44914498925209045,False,kaggle:spiral,4
P2_subject,vgg16,2,HC:V09,0,0.46169227361679077,False,kaggle:spiral,4
P2_subject,vgg16,2,PD:V02,1,0.600025475025177,False,kaggle:spiral,4
P2_subject,vgg16,2,PD:V05,1,0.6585560441017151,False,kaggle:spiral,4
P2_subject,vgg16,2,PD:V06,1,0.46840763092041016,False,kaggle:spiral,4
P2_subject,vgg16,2,PD:V07,1,0.6127896308898926,False,kaggle:spiral,4
P2_subject,vgg16,2,PD:V09,1,0.47590962052345276,False,kaggle:spiral,4
P2_subject,vgg16,2,PD:V15,1,0.48111987113952637,False,kaggle:spiral,4
P2_subject,vgg16,2,HC:V04,0,0.4610757827758789,False,kaggle:spiral,4
P2_subject,vgg16,2,HC:V04,0,0.452819287776947,False,kaggle:spiral,4
P2_subject,vgg16,2,HC:V05,0,0.45895296335220337,False,kaggle:spiral,4
P2_subject,vgg16,2,HC:V05,0,0.4213866889476776,False,kaggle:spiral,4
P2_subject,vgg16,2,HC:V07,0,0.4331086575984955,False,kaggle:spiral,4
P2_subject,vgg16,2,HC:V07,0,0.4029347896575928,False,kaggle:spiral,4
P2_subject,vgg16,2,HC:V09,0,0.47851040959358215,False,kaggle:spiral,4
P2_subject,vgg16,2,HC:V09,0,0.45996105670928955,False,kaggle:spiral,4
P2_subject,vgg16,2,HC:V12,0,0.453799843788147,False,kaggle:spiral,4
P2_subject,vgg16,2,HC:V12,0,0.4581868052482605,False,kaggle:spiral,4
P2_subject,vgg16,2,HC:V12,0,0.46779435873031616,False,kaggle:spiral,4
P2_subject,vgg16,2,PD:V02,1,0.5306346416473389,False,kaggle:spiral,4
P2_subject,vgg16,2,PD:V02,1,0.5634257793426514,False,kaggle:spiral,4
P2_subject,vgg16,2,PD:V05,1,0.6132616996765137,False,kaggle:spiral,4
P2_subject,vgg16,2,PD:V05,1,0.6139248609542847,False,kaggle:spiral,4
P2_subject,vgg16,2,PD:V06,1,0.45235952734947205,False,kaggle:spiral,4
P2_subject,vgg16,2,PD:V06,1,0.460971862077713,False,kaggle:spiral,4
P2_subject,vgg16,2,PD:V07,1,0.5874786972999573,False,kaggle:spiral,4
P2_subject,vgg16,2,PD:V07,1,0.5842772722244263,False,kaggle:spiral,4
P2_subject,vgg16,2,PD:V09,1,0.5142366290092468,False,kaggle:spiral,4
P2_subject,vgg16,2,PD:V09,1,0.5042416453361511,False,kaggle:spiral,4
P2_subject,vgg16,2,PD:V15,1,0.4756842255592346,False,kaggle:spiral,4
P2_subject,vgg16,2,PD:V15,1,0.46488288044929504,False,kaggle:spiral,4
P1_image,resnet50,0,HC:V02,0,0.5126667618751526,True,kaggle:spiral,4
P1_image,resnet50,0,HC:V04,0,0.5498290061950684,True,kaggle:spiral,4
P1_image,resnet50,0,HC:V08,0,0.5139935612678528,True,kaggle:spiral,4
P1_image,resnet50,0,HC:V09,0,0.5197934508323669,True,kaggle:spiral,4
P1_image,resnet50,0,HC:V10,0,0.5273759365081787,True,kaggle:spiral,4
P1_image,resnet50,0,HC:V11,0,0.5025985836982727,True,kaggle:spiral,4
P1_image,resnet50,0,HC:V55,0,0.45430588722229004,True,kaggle:spiral,4
P1_image,resnet50,0,PD:V02,1,0.5088295936584473,True,kaggle:spiral,4
P1_image,resnet50,0,PD:V03,1,0.5674208402633667,True,kaggle:spiral,4
P1_image,resnet50,0,PD:V07,1,0.5257750153541565,True,kaggle:spiral,4
P1_image,resnet50,0,PD:V09,1,0.5207605361938477,True,kaggle:spiral,4
P1_image,resnet50,0,PD:V10,1,0.5303047895431519,True,kaggle:spiral,4
P1_image,resnet50,0,PD:V11,1,0.5044518709182739,True,kaggle:spiral,4
P1_image,resnet50,0,PD:V15,1,0.5107463598251343,True,kaggle:spiral,4
P1_image,resnet50,0,HC:V02,0,0.5094669461250305,True,kaggle:spiral,4
P1_image,resnet50,0,HC:V04,0,0.5652781128883362,True,kaggle:spiral,4
P1_image,resnet50,0,HC:V05,0,0.47108229994773865,True,kaggle:spiral,4
P1_image,resnet50,0,HC:V10,0,0.49131473898887634,True,kaggle:spiral,4
P1_image,resnet50,0,HC:V12,0,0.48498910665512085,True,kaggle:spiral,4
P1_image,resnet50,0,HC:V12,0,0.4996616542339325,True,kaggle:spiral,4
P1_image,resnet50,0,HC:V55,0,0.5518245697021484,True,kaggle:spiral,4
P1_image,resnet50,0,HC:V55,0,0.4850367307662964,True,kaggle:spiral,4
P1_image,resnet50,0,HC:V55,0,0.49001628160476685,True,kaggle:spiral,4
P1_image,resnet50,0,HC:V55,0,0.5045437812805176,True,kaggle:spiral,4
P1_image,resnet50,0,PD:V02,1,0.5179084539413452,True,kaggle:spiral,4
P1_image,resnet50,0,PD:V03,1,0.5533917546272278,True,kaggle:spiral,4
P1_image,resnet50,0,PD:V05,1,0.5124772191047668,True,kaggle:spiral,4
P1_image,resnet50,0,PD:V07,1,0.5541827082633972,True,kaggle:spiral,4
P1_image,resnet50,0,PD:V08,1,0.5194315314292908,True,kaggle:spiral,4
P1_image,resnet50,0,PD:V10,1,0.5088102221488953,True,kaggle:spiral,4
P1_image,resnet50,0,PD:V12,1,0.5319980978965759,True,kaggle:spiral,4
P1_image,resnet50,0,PD:V13,1,0.5152186155319214,True,kaggle:spiral,4
P1_image,resnet50,0,PD:V13,1,0.5259819030761719,True,kaggle:spiral,4
P1_image,resnet50,0,PD:V15,1,0.5144340395927429,True,kaggle:spiral,4
P1_image,resnet50,1,HC:V01,0,0.40106549859046936,False,kaggle:spiral,4
P1_image,resnet50,1,HC:V03,0,0.4470383822917938,False,kaggle:spiral,4
P1_image,resnet50,1,HC:V06,0,0.46442267298698425,True,kaggle:spiral,4
P1_image,resnet50,1,HC:V07,0,0.3914937973022461,True,kaggle:spiral,4
P1_image,resnet50,1,HC:V55,0,0.40391501784324646,True,kaggle:spiral,4
P1_image,resnet50,1,PD:V01,1,0.3839874565601349,True,kaggle:spiral,4
P1_image,resnet50,1,PD:V03,1,0.707529604434967,True,kaggle:spiral,4
P1_image,resnet50,1,PD:V03,1,0.716693103313446,True,kaggle:spiral,4
P1_image,resnet50,1,PD:V04,1,0.5592211484909058,True,kaggle:spiral,4
P1_image,resnet50,1,PD:V06,1,0.49439600110054016,False,kaggle:spiral,4
P1_image,resnet50,1,PD:V14,1,0.607275664806366,True,kaggle:spiral,4
P1_image,resnet50,1,HC:V01,0,0.401462584733963,False,kaggle:spiral,4
P1_image,resnet50,1,HC:V01,0,0.43551596999168396,False,kaggle:spiral,4
P1_image,resnet50,1,HC:V03,0,0.4047139883041382,False,kaggle:spiral,4
P1_image,resnet50,1,HC:V03,0,0.39019620418548584,False,kaggle:spiral,4
P1_image,resnet50,1,HC:V05,0,0.42648953199386597,True,kaggle:spiral,4
P1_image,resnet50,1,HC:V06,0,0.4881565570831299,True,kaggle:spiral,4
P1_image,resnet50,1,HC:V07,0,0.36577001214027405,True,kaggle:spiral,4
P1_image,resnet50,1,HC:V08,0,0.44336360692977905,True,kaggle:spiral,4
P1_image,resnet50,1,HC:V08,0,0.45120304822921753,True,kaggle:spiral,4
P1_image,resnet50,1,HC:V11,0,0.37956181168556213,True,kaggle:spiral,4
P1_image,resnet50,1,HC:V55,0,0.3824094235897064,True,kaggle:spiral,4
P1_image,resnet50,1,HC:V55,0,0.46351614594459534,True,kaggle:spiral,4
P1_image,resnet50,1,PD:V01,1,0.47428083419799805,True,kaggle:spiral,4
P1_image,resnet50,1,PD:V02,1,0.5826819539070129,True,kaggle:spiral,4
P1_image,resnet50,1,PD:V03,1,0.690994381904602,True,kaggle:spiral,4
P1_image,resnet50,1,PD:V05,1,0.5798443555831909,True,kaggle:spiral,4
P1_image,resnet50,1,PD:V06,1,0.5095345377922058,False,kaggle:spiral,4
P1_image,resnet50,1,PD:V06,1,0.4337597191333771,False,kaggle:spiral,4
P1_image,resnet50,1,PD:V09,1,0.5592371225357056,True,kaggle:spiral,4
P1_image,resnet50,1,PD:V11,1,0.4722124934196472,True,kaggle:spiral,4
P1_image,resnet50,1,PD:V12,1,0.4915807247161865,True,kaggle:spiral,4
P1_image,resnet50,1,PD:V12,1,0.5184777975082397,True,kaggle:spiral,4
P1_image,resnet50,1,PD:V13,1,0.4344711899757385,True,kaggle:spiral,4
P1_image,resnet50,2,HC:V05,0,0.46134474873542786,True,kaggle:spiral,4
P1_image,resnet50,2,HC:V55,0,0.40062451362609863,True,kaggle:spiral,4
P1_image,resnet50,2,HC:V55,0,0.37794947624206543,True,kaggle:spiral,4
P1_image,resnet50,2,PD:V05,1,0.5434468984603882,True,kaggle:spiral,4
P1_image,resnet50,2,PD:V08,1,0.48604151606559753,True,kaggle:spiral,4
P1_image,resnet50,2,HC:V02,0,0.5533614754676819,True,kaggle:spiral,4
P1_image,resnet50,2,HC:V04,0,0.43848544359207153,True,kaggle:spiral,4
P1_image,resnet50,2,HC:V06,0,0.4060667157173157,True,kaggle:spiral,4
P1_image,resnet50,2,HC:V07,0,0.3981277644634247,True,kaggle:spiral,4
P1_image,resnet50,2,HC:V09,0,0.4436958134174347,True,kaggle:spiral,4
P1_image,resnet50,2,HC:V09,0,0.4570464789867401,True,kaggle:spiral,4
P1_image,resnet50,2,HC:V10,0,0.3474879562854767,True,kaggle:spiral,4
P1_image,resnet50,2,HC:V11,0,0.3625682592391968,True,kaggle:spiral,4
P1_image,resnet50,2,HC:V12,0,0.33071520924568176,True,kaggle:spiral,4
P1_image,resnet50,2,HC:V55,0,0.4438006579875946,True,kaggle:spiral,4
P1_image,resnet50,2,HC:V55,0,0.44539782404899597,True,kaggle:spiral,4
P1_image,resnet50,2,HC:V55,0,0.4486282765865326,True,kaggle:spiral,4
P1_image,resnet50,2,HC:V55,0,0.46277910470962524,True,kaggle:spiral,4
P1_image,resnet50,2,HC:V55,0,0.44479936361312866,True,kaggle:spiral,4
P1_image,resnet50,2,PD:V01,1,0.5014773607254028,True,kaggle:spiral,4
P1_image,resnet50,2,PD:V03,1,0.5744718313217163,True,kaggle:spiral,4
P1_image,resnet50,2,PD:V03,1,0.5650968551635742,True,kaggle:spiral,4
P1_image,resnet50,2,PD:V03,1,0.7132202386856079,True,kaggle:spiral,4
P1_image,resnet50,2,PD:V03,1,0.6558948159217834,True,kaggle:spiral,4
P1_image,resnet50,2,PD:V04,1,0.5914098620414734,True,kaggle:spiral,4
P1_image,resnet50,2,PD:V04,1,0.5106914639472961,True,kaggle:spiral,4
P1_image,resnet50,2,PD:V07,1,0.6669597625732422,True,kaggle:spiral,4
P1_image,resnet50,2,PD:V08,1,0.4684297740459442,True,kaggle:spiral,4
P1_image,resnet50,2,PD:V09,1,0.5810985565185547,True,kaggle:spiral,4
P1_image,resnet50,2,PD:V10,1,0.4845874309539795,True,kaggle:spiral,4
P1_image,resnet50,2,PD:V11,1,0.43720003962516785,True,kaggle:spiral,4
P1_image,resnet50,2,PD:V14,1,0.5397168397903442,True,kaggle:spiral,4
P1_image,resnet50,2,PD:V14,1,0.6240734457969666,True,kaggle:spiral,4
P1_image,resnet50,2,PD:V15,1,0.5107719898223877,True,kaggle:spiral,4
P2_subject,resnet50,0,HC:V06,0,0.4072302281856537,False,kaggle:spiral,4
P2_subject,resnet50,0,HC:V55,0,0.4258708357810974,False,kaggle:spiral,4
P2_subject,resnet50,0,HC:V55,0,0.4097083508968353,False,kaggle:spiral,4
P2_subject,resnet50,0,HC:V55,0,0.43753039836883545,False,kaggle:spiral,4
P2_subject,resnet50,0,HC:V55,0,0.4159185290336609,False,kaggle:spiral,4
P2_subject,resnet50,0,PD:V01,1,0.4061870872974396,False,kaggle:spiral,4
P2_subject,resnet50,0,PD:V04,1,0.5293091535568237,False,kaggle:spiral,4
P2_subject,resnet50,0,PD:V10,1,0.4323073923587799,False,kaggle:spiral,4
P2_subject,resnet50,0,PD:V14,1,0.6168854236602783,False,kaggle:spiral,4
P2_subject,resnet50,0,HC:V06,0,0.3760697543621063,False,kaggle:spiral,4
P2_subject,resnet50,0,HC:V06,0,0.34068262577056885,False,kaggle:spiral,4
P2_subject,resnet50,0,HC:V55,0,0.4236338138580322,False,kaggle:spiral,4
P2_subject,resnet50,0,HC:V55,0,0.3705861568450928,False,kaggle:spiral,4
P2_subject,resnet50,0,HC:V55,0,0.44084882736206055,False,kaggle:spiral,4
P2_subject,resnet50,0,HC:V55,0,0.4318442940711975,False,kaggle:spiral,4
P2_subject,resnet50,0,HC:V55,0,0.4813348054885864,False,kaggle:spiral,4
P2_subject,resnet50,0,HC:V55,0,0.397391140460968,False,kaggle:spiral,4
P2_subject,resnet50,0,HC:V55,0,0.3997470736503601,False,kaggle:spiral,4
P2_subject,resnet50,0,HC:V55,0,0.412557989358902,False,kaggle:spiral,4
P2_subject,resnet50,0,HC:V55,0,0.5578562617301941,False,kaggle:spiral,4
P2_subject,resnet50,0,HC:V55,0,0.401561975479126,False,kaggle:spiral,4
P2_subject,resnet50,0,HC:V55,0,0.4016421437263489,False,kaggle:spiral,4
P2_subject,resnet50,0,PD:V01,1,0.4088914394378662,False,kaggle:spiral,4
P2_subject,resnet50,0,PD:V01,1,0.45162320137023926,False,kaggle:spiral,4
P2_subject,resnet50,0,PD:V04,1,0.5989538431167603,False,kaggle:spiral,4
P2_subject,resnet50,0,PD:V04,1,0.5062311291694641,False,kaggle:spiral,4
P2_subject,resnet50,0,PD:V10,1,0.3866497576236725,False,kaggle:spiral,4
P2_subject,resnet50,0,PD:V10,1,0.3687518537044525,False,kaggle:spiral,4
P2_subject,resnet50,0,PD:V12,1,0.5249506831169128,False,kaggle:spiral,4
P2_subject,resnet50,0,PD:V12,1,0.5333544015884399,False,kaggle:spiral,4
P2_subject,resnet50,0,PD:V12,1,0.5128645300865173,False,kaggle:spiral,4
P2_subject,resnet50,0,PD:V13,1,0.4204268753528595,False,kaggle:spiral,4
P2_subject,resnet50,0,PD:V13,1,0.4926883578300476,False,kaggle:spiral,4
P2_subject,resnet50,0,PD:V13,1,0.49091193079948425,False,kaggle:spiral,4
P2_subject,resnet50,0,PD:V14,1,0.5483976006507874,False,kaggle:spiral,4
P2_subject,resnet50,0,PD:V14,1,0.5655438899993896,False,kaggle:spiral,4
P2_subject,resnet50,1,HC:V01,0,0.5000671148300171,False,kaggle:spiral,4
P2_subject,resnet50,1,HC:V02,0,0.505682647228241,False,kaggle:spiral,4
P2_subject,resnet50,1,HC:V03,0,0.4553859531879425,False,kaggle:spiral,4
P2_subject,resnet50,1,HC:V08,0,0.4770697355270386,False,kaggle:spiral,4
P2_subject,resnet50,1,HC:V10,0,0.4703632891178131,False,kaggle:spiral,4
P2_subject,resnet50,1,HC:V11,0,0.5435729622840881,False,kaggle:spiral,4
P2_subject,resnet50,1,PD:V03,1,0.6084853410720825,False,kaggle:spiral,4
P2_subject,resnet50,1,PD:V03,1,0.5931375026702881,False,kaggle:spiral,4
P2_subject,resnet50,1,PD:V03,1,0.6137946248054504,False,kaggle:spiral,4
P2_subject,resnet50,1,PD:V08,1,0.5256397724151611,False,kaggle:spiral,4
P2_subject,resnet50,1,PD:V11,1,0.5150040984153748,False,kaggle:spiral,4
P2_subject,resnet50,1,HC:V01,0,0.5153689980506897,False,kaggle:spiral,4
P2_subject,resnet50,1,HC:V01,0,0.52385014295578,False,kaggle:spiral,4
P2_subject,resnet50,1,HC:V02,0,0.516150712966919,False,kaggle:spiral,4
P2_subject,resnet50,1,HC:V02,0,0.5550947785377502,False,kaggle:spiral,4
P2_subject,resnet50,1,HC:V03,0,0.5054414868354797,False,kaggle:spiral,4
P2_subject,resnet50,1,HC:V03,0,0.4633132815361023,False,kaggle:spiral,4
P2_subject,resnet50,1,HC:V08,0,0.4652945101261139,False,kaggle:spiral,4
P2_subject,resnet50,1,HC:V08,0,0.4774361550807953,False,kaggle:spiral,4
P2_subject,resnet50,1,HC:V10,0,0.4751359820365906,False,kaggle:spiral,4
P2_subject,resnet50,1,HC:V10,0,0.49684903025627136,False,kaggle:spiral,4
P2_subject,resnet50,1,HC:V11,0,0.4862039387226105,False,kaggle:spiral,4
P2_subject,resnet50,1,HC:V11,0,0.478566974401474,False,kaggle:spiral,4
P2_subject,resnet50,1,PD:V03,1,0.56581050157547,False,kaggle:spiral,4
P2_subject,resnet50,1,PD:V03,1,0.5450839996337891,False,kaggle:spiral,4
P2_subject,resnet50,1,PD:V03,1,0.600911021232605,False,kaggle:spiral,4
P2_subject,resnet50,1,PD:V03,1,0.6174461841583252,False,kaggle:spiral,4
P2_subject,resnet50,1,PD:V03,1,0.5784969329833984,False,kaggle:spiral,4
P2_subject,resnet50,1,PD:V03,1,0.5914387106895447,False,kaggle:spiral,4
P2_subject,resnet50,1,PD:V08,1,0.48998188972473145,False,kaggle:spiral,4
P2_subject,resnet50,1,PD:V08,1,0.4756215810775757,False,kaggle:spiral,4
P2_subject,resnet50,1,PD:V11,1,0.4942804276943207,False,kaggle:spiral,4
P2_subject,resnet50,1,PD:V11,1,0.5016778111457825,False,kaggle:spiral,4
P2_subject,resnet50,2,HC:V04,0,0.48461440205574036,False,kaggle:spiral,4
P2_subject,resnet50,2,HC:V05,0,0.48657408356666565,False,kaggle:spiral,4
P2_subject,resnet50,2,HC:V07,0,0.3680919408798218,False,kaggle:spiral,4
P2_subject,resnet50,2,HC:V09,0,0.3650508522987366,False,kaggle:spiral,4
P2_subject,resnet50,2,PD:V02,1,0.4733482897281647,False,kaggle:spiral,4
P2_subject,resnet50,2,PD:V05,1,0.6172096133232117,False,kaggle:spiral,4
P2_subject,resnet50,2,PD:V06,1,0.4807698428630829,False,kaggle:spiral,4
P2_subject,resnet50,2,PD:V07,1,0.5603362321853638,False,kaggle:spiral,4
P2_subject,resnet50,2,PD:V09,1,0.40938887000083923,False,kaggle:spiral,4
P2_subject,resnet50,2,PD:V15,1,0.40285250544548035,False,kaggle:spiral,4
P2_subject,resnet50,2,HC:V04,0,0.46921029686927795,False,kaggle:spiral,4
P2_subject,resnet50,2,HC:V04,0,0.4293864071369171,False,kaggle:spiral,4
P2_subject,resnet50,2,HC:V05,0,0.31234872341156006,False,kaggle:spiral,4
P2_subject,resnet50,2,HC:V05,0,0.3468603193759918,False,kaggle:spiral,4
P2_subject,resnet50,2,HC:V07,0,0.40469908714294434,False,kaggle:spiral,4
P2_subject,resnet50,2,HC:V07,0,0.4588063061237335,False,kaggle:spiral,4
P2_subject,resnet50,2,HC:V09,0,0.3731905221939087,False,kaggle:spiral,4
P2_subject,resnet50,2,HC:V09,0,0.45009535551071167,False,kaggle:spiral,4
P2_subject,resnet50,2,HC:V12,0,0.4381656348705292,False,kaggle:spiral,4
P2_subject,resnet50,2,HC:V12,0,0.48971959948539734,False,kaggle:spiral,4
P2_subject,resnet50,2,HC:V12,0,0.38928714394569397,False,kaggle:spiral,4
P2_subject,resnet50,2,PD:V02,1,0.5112755298614502,False,kaggle:spiral,4
P2_subject,resnet50,2,PD:V02,1,0.5075057148933411,False,kaggle:spiral,4
P2_subject,resnet50,2,PD:V05,1,0.4865357577800751,False,kaggle:spiral,4
P2_subject,resnet50,2,PD:V05,1,0.4982253611087799,False,kaggle:spiral,4
P2_subject,resnet50,2,PD:V06,1,0.43474772572517395,False,kaggle:spiral,4
P2_subject,resnet50,2,PD:V06,1,0.3232381045818329,False,kaggle:spiral,4
P2_subject,resnet50,2,PD:V07,1,0.5953401923179626,False,kaggle:spiral,4
P2_subject,resnet50,2,PD:V07,1,0.5478793978691101,False,kaggle:spiral,4
P2_subject,resnet50,2,PD:V09,1,0.4246014654636383,False,kaggle:spiral,4
P2_subject,resnet50,2,PD:V09,1,0.5389919877052307,False,kaggle:spiral,4
P2_subject,resnet50,2,PD:V15,1,0.5031367540359497,False,kaggle:spiral,4
P2_subject,resnet50,2,PD:V15,1,0.41453859210014343,False,kaggle:spiral,4
P1_image,efficientnet_b0,0,HC:V02,0,0.5632700324058533,True,kaggle:spiral,4
P1_image,efficientnet_b0,0,HC:V04,0,0.5829256772994995,True,kaggle:spiral,4
P1_image,efficientnet_b0,0,HC:V08,0,0.5156781077384949,True,kaggle:spiral,4
P1_image,efficientnet_b0,0,HC:V09,0,0.48058581352233887,True,kaggle:spiral,4
P1_image,efficientnet_b0,0,HC:V10,0,0.404755562543869,True,kaggle:spiral,4
P1_image,efficientnet_b0,0,HC:V11,0,0.5218933820724487,True,kaggle:spiral,4
P1_image,efficientnet_b0,0,HC:V55,0,0.4336146414279938,True,kaggle:spiral,4
P1_image,efficientnet_b0,0,PD:V02,1,0.43582719564437866,True,kaggle:spiral,4
P1_image,efficientnet_b0,0,PD:V03,1,0.4926312565803528,True,kaggle:spiral,4
P1_image,efficientnet_b0,0,PD:V07,1,0.5330838561058044,True,kaggle:spiral,4
P1_image,efficientnet_b0,0,PD:V09,1,0.45472729206085205,True,kaggle:spiral,4
P1_image,efficientnet_b0,0,PD:V10,1,0.39671990275382996,True,kaggle:spiral,4
P1_image,efficientnet_b0,0,PD:V11,1,0.42815589904785156,True,kaggle:spiral,4
P1_image,efficientnet_b0,0,PD:V15,1,0.5320866703987122,True,kaggle:spiral,4
P1_image,efficientnet_b0,0,HC:V02,0,0.4322862923145294,True,kaggle:spiral,4
P1_image,efficientnet_b0,0,HC:V04,0,0.5551233887672424,True,kaggle:spiral,4
P1_image,efficientnet_b0,0,HC:V05,0,0.5263544321060181,True,kaggle:spiral,4
P1_image,efficientnet_b0,0,HC:V10,0,0.4717099368572235,True,kaggle:spiral,4
P1_image,efficientnet_b0,0,HC:V12,0,0.4901158809661865,True,kaggle:spiral,4
P1_image,efficientnet_b0,0,HC:V12,0,0.45168766379356384,True,kaggle:spiral,4
P1_image,efficientnet_b0,0,HC:V55,0,0.3647634983062744,True,kaggle:spiral,4
P1_image,efficientnet_b0,0,HC:V55,0,0.5373404622077942,True,kaggle:spiral,4
P1_image,efficientnet_b0,0,HC:V55,0,0.4093088209629059,True,kaggle:spiral,4
P1_image,efficientnet_b0,0,HC:V55,0,0.5076188445091248,True,kaggle:spiral,4
P1_image,efficientnet_b0,0,PD:V02,1,0.6149201393127441,True,kaggle:spiral,4
P1_image,efficientnet_b0,0,PD:V03,1,0.42814791202545166,True,kaggle:spiral,4
P1_image,efficientnet_b0,0,PD:V05,1,0.5241119265556335,True,kaggle:spiral,4
P1_image,efficientnet_b0,0,PD:V07,1,0.5320810675621033,True,kaggle:spiral,4
P1_image,efficientnet_b0,0,PD:V08,1,0.5702087879180908,True,kaggle:spiral,4
P1_image,efficientnet_b0,0,PD:V10,1,0.43764448165893555,True,kaggle:spiral,4
P1_image,efficientnet_b0,0,PD:V12,1,0.3369293808937073,True,kaggle:spiral,4
P1_image,efficientnet_b0,0,PD:V13,1,0.5970745086669922,True,kaggle:spiral,4
P1_image,efficientnet_b0,0,PD:V13,1,0.5549337267875671,True,kaggle:spiral,4
P1_image,efficientnet_b0,0,PD:V15,1,0.5233136415481567,True,kaggle:spiral,4
P1_image,efficientnet_b0,1,HC:V01,0,0.5379573106765747,False,kaggle:spiral,4
P1_image,efficientnet_b0,1,HC:V03,0,0.5653901696205139,False,kaggle:spiral,4
P1_image,efficientnet_b0,1,HC:V06,0,0.4677700400352478,True,kaggle:spiral,4
P1_image,efficientnet_b0,1,HC:V07,0,0.5795784592628479,True,kaggle:spiral,4
P1_image,efficientnet_b0,1,HC:V55,0,0.5473222136497498,True,kaggle:spiral,4
P1_image,efficientnet_b0,1,PD:V01,1,0.5340020060539246,True,kaggle:spiral,4
P1_image,efficientnet_b0,1,PD:V03,1,0.5906546711921692,True,kaggle:spiral,4
P1_image,efficientnet_b0,1,PD:V03,1,0.621533989906311,True,kaggle:spiral,4
P1_image,efficientnet_b0,1,PD:V04,1,0.6222633719444275,True,kaggle:spiral,4
P1_image,efficientnet_b0,1,PD:V06,1,0.529503583908081,False,kaggle:spiral,4
P1_image,efficientnet_b0,1,PD:V14,1,0.5877282023429871,True,kaggle:spiral,4
P1_image,efficientnet_b0,1,HC:V01,0,0.5635353326797485,False,kaggle:spiral,4
P1_image,efficientnet_b0,1,HC:V01,0,0.5407092571258545,False,kaggle:spiral,4
P1_image,efficientnet_b0,1,HC:V03,0,0.5189992189407349,False,kaggle:spiral,4
P1_image,efficientnet_b0,1,HC:V03,0,0.5696519017219543,False,kaggle:spiral,4
P1_image,efficientnet_b0,1,HC:V05,0,0.5679605007171631,True,kaggle:spiral,4
P1_image,efficientnet_b0,1,HC:V06,0,0.570696234703064,True,kaggle:spiral,4
P1_image,efficientnet_b0,1,HC:V07,0,0.5513265132904053,True,kaggle:spiral,4
P1_image,efficientnet_b0,1,HC:V08,0,0.5941653847694397,True,kaggle:spiral,4
P1_image,efficientnet_b0,1,HC:V08,0,0.5879917740821838,True,kaggle:spiral,4
P1_image,efficientnet_b0,1,HC:V11,0,0.575124204158783,True,kaggle:spiral,4
P1_image,efficientnet_b0,1,HC:V55,0,0.6011649966239929,True,kaggle:spiral,4
P1_image,efficientnet_b0,1,HC:V55,0,0.5327639579772949,True,kaggle:spiral,4
P1_image,efficientnet_b0,1,PD:V01,1,0.60930997133255,True,kaggle:spiral,4
P1_image,efficientnet_b0,1,PD:V02,1,0.6800750494003296,True,kaggle:spiral,4
P1_image,efficientnet_b0,1,PD:V03,1,0.6218374371528625,True,kaggle:spiral,4
P1_image,efficientnet_b0,1,PD:V05,1,0.6195136308670044,True,kaggle:spiral,4
P1_image,efficientnet_b0,1,PD:V06,1,0.5731522440910339,False,kaggle:spiral,4
P1_image,efficientnet_b0,1,PD:V06,1,0.571368932723999,False,kaggle:spiral,4
P1_image,efficientnet_b0,1,PD:V09,1,0.5758914947509766,True,kaggle:spiral,4
P1_image,efficientnet_b0,1,PD:V11,1,0.5784107446670532,True,kaggle:spiral,4
P1_image,efficientnet_b0,1,PD:V12,1,0.6735200881958008,True,kaggle:spiral,4
P1_image,efficientnet_b0,1,PD:V12,1,0.6248367428779602,True,kaggle:spiral,4
P1_image,efficientnet_b0,1,PD:V13,1,0.5712945461273193,True,kaggle:spiral,4
P1_image,efficientnet_b0,2,HC:V05,0,0.44893762469291687,True,kaggle:spiral,4
P1_image,efficientnet_b0,2,HC:V55,0,0.45184290409088135,True,kaggle:spiral,4
P1_image,efficientnet_b0,2,HC:V55,0,0.3678227365016937,True,kaggle:spiral,4
P1_image,efficientnet_b0,2,PD:V05,1,0.6268702149391174,True,kaggle:spiral,4
P1_image,efficientnet_b0,2,PD:V08,1,0.4177608788013458,True,kaggle:spiral,4
P1_image,efficientnet_b0,2,HC:V02,0,0.3663604259490967,True,kaggle:spiral,4
P1_image,efficientnet_b0,2,HC:V04,0,0.4637221693992615,True,kaggle:spiral,4
P1_image,efficientnet_b0,2,HC:V06,0,0.3478083610534668,True,kaggle:spiral,4
P1_image,efficientnet_b0,2,HC:V07,0,0.42399609088897705,True,kaggle:spiral,4
P1_image,efficientnet_b0,2,HC:V09,0,0.3833911120891571,True,kaggle:spiral,4
P1_image,efficientnet_b0,2,HC:V09,0,0.36993736028671265,True,kaggle:spiral,4
P1_image,efficientnet_b0,2,HC:V10,0,0.41831985116004944,True,kaggle:spiral,4
P1_image,efficientnet_b0,2,HC:V11,0,0.3909063935279846,True,kaggle:spiral,4
P1_image,efficientnet_b0,2,HC:V12,0,0.42607012391090393,True,kaggle:spiral,4
P1_image,efficientnet_b0,2,HC:V55,0,0.3854563534259796,True,kaggle:spiral,4
P1_image,efficientnet_b0,2,HC:V55,0,0.3850315511226654,True,kaggle:spiral,4
P1_image,efficientnet_b0,2,HC:V55,0,0.3273273706436157,True,kaggle:spiral,4
P1_image,efficientnet_b0,2,HC:V55,0,0.4098777770996094,True,kaggle:spiral,4
P1_image,efficientnet_b0,2,HC:V55,0,0.5010775327682495,True,kaggle:spiral,4
P1_image,efficientnet_b0,2,PD:V01,1,0.4897262454032898,True,kaggle:spiral,4
P1_image,efficientnet_b0,2,PD:V03,1,0.42357560992240906,True,kaggle:spiral,4
P1_image,efficientnet_b0,2,PD:V03,1,0.4027230739593506,True,kaggle:spiral,4
P1_image,efficientnet_b0,2,PD:V03,1,0.5441668033599854,True,kaggle:spiral,4
P1_image,efficientnet_b0,2,PD:V03,1,0.5299582481384277,True,kaggle:spiral,4
P1_image,efficientnet_b0,2,PD:V04,1,0.6395019292831421,True,kaggle:spiral,4
P1_image,efficientnet_b0,2,PD:V04,1,0.43040722608566284,True,kaggle:spiral,4
P1_image,efficientnet_b0,2,PD:V07,1,0.48553845286369324,True,kaggle:spiral,4
P1_image,efficientnet_b0,2,PD:V08,1,0.4220770299434662,True,kaggle:spiral,4
P1_image,efficientnet_b0,2,PD:V09,1,0.5067858099937439,True,kaggle:spiral,4
P1_image,efficientnet_b0,2,PD:V10,1,0.3834129869937897,True,kaggle:spiral,4
P1_image,efficientnet_b0,2,PD:V11,1,0.3582252562046051,True,kaggle:spiral,4
P1_image,efficientnet_b0,2,PD:V14,1,0.6363735198974609,True,kaggle:spiral,4
P1_image,efficientnet_b0,2,PD:V14,1,0.5424352288246155,True,kaggle:spiral,4
P1_image,efficientnet_b0,2,PD:V15,1,0.4626213312149048,True,kaggle:spiral,4
P2_subject,efficientnet_b0,0,HC:V06,0,0.43207186460494995,False,kaggle:spiral,4
P2_subject,efficientnet_b0,0,HC:V55,0,0.4190535545349121,False,kaggle:spiral,4
P2_subject,efficientnet_b0,0,HC:V55,0,0.3666480481624603,False,kaggle:spiral,4
P2_subject,efficientnet_b0,0,HC:V55,0,0.33224985003471375,False,kaggle:spiral,4
P2_subject,efficientnet_b0,0,HC:V55,0,0.4096316993236542,False,kaggle:spiral,4
P2_subject,efficientnet_b0,0,PD:V01,1,0.3598412573337555,False,kaggle:spiral,4
P2_subject,efficientnet_b0,0,PD:V04,1,0.49135565757751465,False,kaggle:spiral,4
P2_subject,efficientnet_b0,0,PD:V10,1,0.4256250560283661,False,kaggle:spiral,4
P2_subject,efficientnet_b0,0,PD:V14,1,0.5182945132255554,False,kaggle:spiral,4
P2_subject,efficientnet_b0,0,HC:V06,0,0.4179988205432892,False,kaggle:spiral,4
P2_subject,efficientnet_b0,0,HC:V06,0,0.37915894389152527,False,kaggle:spiral,4
P2_subject,efficientnet_b0,0,HC:V55,0,0.3785651624202728,False,kaggle:spiral,4
P2_subject,efficientnet_b0,0,HC:V55,0,0.3826184868812561,False,kaggle:spiral,4
P2_subject,efficientnet_b0,0,HC:V55,0,0.372467964887619,False,kaggle:spiral,4
P2_subject,efficientnet_b0,0,HC:V55,0,0.47375601530075073,False,kaggle:spiral,4
P2_subject,efficientnet_b0,0,HC:V55,0,0.38957175612449646,False,kaggle:spiral,4
P2_subject,efficientnet_b0,0,HC:V55,0,0.4115268290042877,False,kaggle:spiral,4
P2_subject,efficientnet_b0,0,HC:V55,0,0.4150388240814209,False,kaggle:spiral,4
P2_subject,efficientnet_b0,0,HC:V55,0,0.3965102434158325,False,kaggle:spiral,4
P2_subject,efficientnet_b0,0,HC:V55,0,0.45166799426078796,False,kaggle:spiral,4
P2_subject,efficientnet_b0,0,HC:V55,0,0.37008845806121826,False,kaggle:spiral,4
P2_subject,efficientnet_b0,0,HC:V55,0,0.37845978140830994,False,kaggle:spiral,4
P2_subject,efficientnet_b0,0,PD:V01,1,0.43369701504707336,False,kaggle:spiral,4
P2_subject,efficientnet_b0,0,PD:V01,1,0.32592839002609253,False,kaggle:spiral,4
P2_subject,efficientnet_b0,0,PD:V04,1,0.44002482295036316,False,kaggle:spiral,4
P2_subject,efficientnet_b0,0,PD:V04,1,0.4385693371295929,False,kaggle:spiral,4
P2_subject,efficientnet_b0,0,PD:V10,1,0.41807448863983154,False,kaggle:spiral,4
P2_subject,efficientnet_b0,0,PD:V10,1,0.4118351936340332,False,kaggle:spiral,4
P2_subject,efficientnet_b0,0,PD:V12,1,0.3567691743373871,False,kaggle:spiral,4
P2_subject,efficientnet_b0,0,PD:V12,1,0.5066062211990356,False,kaggle:spiral,4
P2_subject,efficientnet_b0,0,PD:V12,1,0.4186774492263794,False,kaggle:spiral,4
P2_subject,efficientnet_b0,0,PD:V13,1,0.39110803604125977,False,kaggle:spiral,4
P2_subject,efficientnet_b0,0,PD:V13,1,0.3917236328125,False,kaggle:spiral,4
P2_subject,efficientnet_b0,0,PD:V13,1,0.4228583872318268,False,kaggle:spiral,4
P2_subject,efficientnet_b0,0,PD:V14,1,0.4511013329029083,False,kaggle:spiral,4
P2_subject,efficientnet_b0,0,PD:V14,1,0.4840734601020813,False,kaggle:spiral,4
P2_subject,efficientnet_b0,1,HC:V01,0,0.4885002076625824,False,kaggle:spiral,4
P2_subject,efficientnet_b0,1,HC:V02,0,0.6219697594642639,False,kaggle:spiral,4
P2_subject,efficientnet_b0,1,HC:V03,0,0.3637096881866455,False,kaggle:spiral,4
P2_subject,efficientnet_b0,1,HC:V08,0,0.46316197514533997,False,kaggle:spiral,4
P2_subject,efficientnet_b0,1,HC:V10,0,0.40705785155296326,False,kaggle:spiral,4
P2_subject,efficientnet_b0,1,HC:V11,0,0.45405128598213196,False,kaggle:spiral,4
P2_subject,efficientnet_b0,1,PD:V03,1,0.5124083757400513,False,kaggle:spiral,4
P2_subject,efficientnet_b0,1,PD:V03,1,0.474666029214859,False,kaggle:spiral,4
P2_subject,efficientnet_b0,1,PD:V03,1,0.5000313520431519,False,kaggle:spiral,4
P2_subject,efficientnet_b0,1,PD:V08,1,0.37498095631599426,False,kaggle:spiral,4
P2_subject,efficientnet_b0,1,PD:V11,1,0.42741209268569946,False,kaggle:spiral,4
P2_subject,efficientnet_b0,1,HC:V01,0,0.4523760676383972,False,kaggle:spiral,4
P2_subject,efficientnet_b0,1,HC:V01,0,0.42771846055984497,False,kaggle:spiral,4
P2_subject,efficientnet_b0,1,HC:V02,0,0.38103362917900085,False,kaggle:spiral,4
P2_subject,efficientnet_b0,1,HC:V02,0,0.48341700434684753,False,kaggle:spiral,4
P2_subject,efficientnet_b0,1,HC:V03,0,0.4072454869747162,False,kaggle:spiral,4
P2_subject,efficientnet_b0,1,HC:V03,0,0.4064920246601105,False,kaggle:spiral,4
P2_subject,efficientnet_b0,1,HC:V08,0,0.4188993573188782,False,kaggle:spiral,4
P2_subject,efficientnet_b0,1,HC:V08,0,0.40936046838760376,False,kaggle:spiral,4
P2_subject,efficientnet_b0,1,HC:V10,0,0.4157065153121948,False,kaggle:spiral,4
P2_subject,efficientnet_b0,1,HC:V10,0,0.46308672428131104,False,kaggle:spiral,4
P2_subject,efficientnet_b0,1,HC:V11,0,0.5039317607879639,False,kaggle:spiral,4
P2_subject,efficientnet_b0,1,HC:V11,0,0.43081995844841003,False,kaggle:spiral,4
P2_subject,efficientnet_b0,1,PD:V03,1,0.4016796946525574,False,kaggle:spiral,4
P2_subject,efficientnet_b0,1,PD:V03,1,0.5808779001235962,False,kaggle:spiral,4
P2_subject,efficientnet_b0,1,PD:V03,1,0.5562922358512878,False,kaggle:spiral,4
P2_subject,efficientnet_b0,1,PD:V03,1,0.5537953972816467,False,kaggle:spiral,4
P2_subject,efficientnet_b0,1,PD:V03,1,0.5449826121330261,False,kaggle:spiral,4
P2_subject,efficientnet_b0,1,PD:V03,1,0.5963720083236694,False,kaggle:spiral,4
P2_subject,efficientnet_b0,1,PD:V08,1,0.4568043351173401,False,kaggle:spiral,4
P2_subject,efficientnet_b0,1,PD:V08,1,0.44588983058929443,False,kaggle:spiral,4
P2_subject,efficientnet_b0,1,PD:V11,1,0.41801947355270386,False,kaggle:spiral,4
P2_subject,efficientnet_b0,1,PD:V11,1,0.4159974753856659,False,kaggle:spiral,4
P2_subject,efficientnet_b0,2,HC:V04,0,0.3921476900577545,False,kaggle:spiral,4
P2_subject,efficientnet_b0,2,HC:V05,0,0.5288155674934387,False,kaggle:spiral,4
P2_subject,efficientnet_b0,2,HC:V07,0,0.4053958058357239,False,kaggle:spiral,4
P2_subject,efficientnet_b0,2,HC:V09,0,0.39200904965400696,False,kaggle:spiral,4
P2_subject,efficientnet_b0,2,PD:V02,1,0.5176801681518555,False,kaggle:spiral,4
P2_subject,efficientnet_b0,2,PD:V05,1,0.5527818202972412,False,kaggle:spiral,4
P2_subject,efficientnet_b0,2,PD:V06,1,0.4077828526496887,False,kaggle:spiral,4
P2_subject,efficientnet_b0,2,PD:V07,1,0.4209899604320526,False,kaggle:spiral,4
P2_subject,efficientnet_b0,2,PD:V09,1,0.43531304597854614,False,kaggle:spiral,4
P2_subject,efficientnet_b0,2,PD:V15,1,0.49712228775024414,False,kaggle:spiral,4
P2_subject,efficientnet_b0,2,HC:V04,0,0.4079850912094116,False,kaggle:spiral,4
P2_subject,efficientnet_b0,2,HC:V04,0,0.43319961428642273,False,kaggle:spiral,4
P2_subject,efficientnet_b0,2,HC:V05,0,0.40523311495780945,False,kaggle:spiral,4
P2_subject,efficientnet_b0,2,HC:V05,0,0.47473031282424927,False,kaggle:spiral,4
P2_subject,efficientnet_b0,2,HC:V07,0,0.4853266477584839,False,kaggle:spiral,4
P2_subject,efficientnet_b0,2,HC:V07,0,0.49955615401268005,False,kaggle:spiral,4
P2_subject,efficientnet_b0,2,HC:V09,0,0.424605131149292,False,kaggle:spiral,4
P2_subject,efficientnet_b0,2,HC:V09,0,0.45513319969177246,False,kaggle:spiral,4
P2_subject,efficientnet_b0,2,HC:V12,0,0.4312722086906433,False,kaggle:spiral,4
P2_subject,efficientnet_b0,2,HC:V12,0,0.4081346392631531,False,kaggle:spiral,4
P2_subject,efficientnet_b0,2,HC:V12,0,0.4239606559276581,False,kaggle:spiral,4
P2_subject,efficientnet_b0,2,PD:V02,1,0.5418890714645386,False,kaggle:spiral,4
P2_subject,efficientnet_b0,2,PD:V02,1,0.49541938304901123,False,kaggle:spiral,4
P2_subject,efficientnet_b0,2,PD:V05,1,0.5014544129371643,False,kaggle:spiral,4
P2_subject,efficientnet_b0,2,PD:V05,1,0.5996942520141602,False,kaggle:spiral,4
P2_subject,efficientnet_b0,2,PD:V06,1,0.39952772855758667,False,kaggle:spiral,4
P2_subject,efficientnet_b0,2,PD:V06,1,0.3589842915534973,False,kaggle:spiral,4
P2_subject,efficientnet_b0,2,PD:V07,1,0.41775137186050415,False,kaggle:spiral,4
P2_subject,efficientnet_b0,2,PD:V07,1,0.398511677980423,False,kaggle:spiral,4
P2_subject,efficientnet_b0,2,PD:V09,1,0.4669138193130493,False,kaggle:spiral,4
P2_subject,efficientnet_b0,2,PD:V09,1,0.36528539657592773,False,kaggle:spiral,4
P2_subject,efficientnet_b0,2,PD:V15,1,0.5397212505340576,False,kaggle:spiral,4
P2_subject,efficientnet_b0,2,PD:V15,1,0.5439160466194153,False,kaggle:spiral,4
P1_image,vgg16,0,HC:V07,0,0.3610996603965759,True,kaggle:spiral,5
P1_image,vgg16,0,HC:V09,0,0.2890532314777374,False,kaggle:spiral,5
P1_image,vgg16,0,HC:V10,0,0.2852865755558014,True,kaggle:spiral,5
P1_image,vgg16,0,HC:V55,0,0.276538610458374,True,kaggle:spiral,5
P1_image,vgg16,0,HC:V55,0,0.30951687693595886,True,kaggle:spiral,5
P1_image,vgg16,0,PD:V03,1,0.6893237829208374,True,kaggle:spiral,5
P1_image,vgg16,0,PD:V05,1,0.6886746287345886,False,kaggle:spiral,5
P1_image,vgg16,0,HC:V01,0,0.4185955226421356,True,kaggle:spiral,5
P1_image,vgg16,0,HC:V05,0,0.34870290756225586,True,kaggle:spiral,5
P1_image,vgg16,0,HC:V09,0,0.30321359634399414,False,kaggle:spiral,5
P1_image,vgg16,0,HC:V09,0,0.3489339351654053,False,kaggle:spiral,5
P1_image,vgg16,0,HC:V10,0,0.30289021134376526,True,kaggle:spiral,5
P1_image,vgg16,0,HC:V11,0,0.3050009608268738,True,kaggle:spiral,5
P1_image,vgg16,0,HC:V12,0,0.3101713955402374,True,kaggle:spiral,5
P1_image,vgg16,0,HC:V12,0,0.34366801381111145,True,kaggle:spiral,5
P1_image,vgg16,0,HC:V55,0,0.3652239441871643,True,kaggle:spiral,5
P1_image,vgg16,0,HC:V55,0,0.3675157129764557,True,kaggle:spiral,5
P1_image,vgg16,0,HC:V55,0,0.28487125039100647,True,kaggle:spiral,5
P1_image,vgg16,0,HC:V55,0,0.3133220970630646,True,kaggle:spiral,5
P1_image,vgg16,0,PD:V02,1,0.6706309914588928,True,kaggle:spiral,5
P1_image,vgg16,0,PD:V02,1,0.6344503164291382,True,kaggle:spiral,5
P1_image,vgg16,0,PD:V03,1,0.6808009743690491,True,kaggle:spiral,5
P1_image,vgg16,0,PD:V03,1,0.7421919107437134,True,kaggle:spiral,5
P1_image,vgg16,0,PD:V03,1,0.6975077390670776,True,kaggle:spiral,5
P1_image,vgg16,0,PD:V03,1,0.7144609689712524,True,kaggle:spiral,5
P1_image,vgg16,0,PD:V04,1,0.7369152307510376,True,kaggle:spiral,5
P1_image,vgg16,0,PD:V05,1,0.6158085465431213,False,kaggle:spiral,5
P1_image,vgg16,0,PD:V05,1,0.6983646154403687,False,kaggle:spiral,5
P1_image,vgg16,0,PD:V07,1,0.7416257858276367,True,kaggle:spiral,5
P1_image,vgg16,0,PD:V11,1,0.4114750623703003,True,kaggle:spiral,5
P1_image,vgg16,0,PD:V12,1,0.44982022047042847,True,kaggle:spiral,5
P1_image,vgg16,0,PD:V12,1,0.4545215666294098,True,kaggle:spiral,5
P1_image,vgg16,0,PD:V13,1,0.4796343743801117,True,kaggle:spiral,5
P1_image,vgg16,0,PD:V15,1,0.3643348217010498,True,kaggle:spiral,5
P1_image,vgg16,1,HC:V01,0,0.5617758631706238,True,kaggle:spiral,5
P1_image,vgg16,1,HC:V02,0,0.5559777021408081,True,kaggle:spiral,5
P1_image,vgg16,1,HC:V04,0,0.530785083770752,False,kaggle:spiral,5
P1_image,vgg16,1,HC:V06,0,0.5398494601249695,True,kaggle:spiral,5
P1_image,vgg16,1,HC:V08,0,0.5418111681938171,True,kaggle:spiral,5
P1_image,vgg16,1,HC:V11,0,0.5437905192375183,True,kaggle:spiral,5
P1_image,vgg16,1,HC:V55,0,0.5302838087081909,True,kaggle:spiral,5
P1_image,vgg16,1,PD:V02,1,0.5776052474975586,True,kaggle:spiral,5
P1_image,vgg16,1,PD:V06,1,0.557490348815918,True,kaggle:spiral,5
P1_image,vgg16,1,PD:V09,1,0.5585408210754395,False,kaggle:spiral,5
P1_image,vgg16,1,PD:V11,1,0.5434886813163757,True,kaggle:spiral,5
P1_image,vgg16,1,PD:V14,1,0.5697821974754333,True,kaggle:spiral,5
P1_image,vgg16,1,PD:V15,1,0.5495870113372803,True,kaggle:spiral,5
P1_image,vgg16,1,HC:V01,0,0.5341030359268188,True,kaggle:spiral,5
P1_image,vgg16,1,HC:V04,0,0.5429686307907104,False,kaggle:spiral,5
P1_image,vgg16,1,HC:V04,0,0.5391302704811096,False,kaggle:spiral,5
P1_image,vgg16,1,HC:V05,0,0.5427266359329224,True,kaggle:spiral,5
P1_image,vgg16,1,HC:V06,0,0.5289801359176636,True,kaggle:spiral,5
P1_image,vgg16,1,HC:V07,0,0.534765362739563,True,kaggle:spiral,5
P1_image,vgg16,1,HC:V07,0,0.5257155299186707,True,kaggle:spiral,5
P1_image,vgg16,1,HC:V08,0,0.5457894206047058,True,kaggle:spiral,5
P1_image,vgg16,1,HC:V55,0,0.5451465249061584,True,kaggle:spiral,5
P1_image,vgg16,1,HC:V55,0,0.5422449707984924,True,kaggle:spiral,5
P1_image,vgg16,1,PD:V01,1,0.530597984790802,True,kaggle:spiral,5
P1_image,vgg16,1,PD:V01,1,0.5369046330451965,True,kaggle:spiral,5
P1_image,vgg16,1,PD:V03,1,0.5771234035491943,True,kaggle:spiral,5
P1_image,vgg16,1,PD:V04,1,0.5630766749382019,True,kaggle:spiral,5
P1_image,vgg16,1,PD:V06,1,0.5498072504997253,True,kaggle:spiral,5
P1_image,vgg16,1,PD:V08,1,0.5496056079864502,True,kaggle:spiral,5
P1_image,vgg16,1,PD:V09,1,0.5753546953201294,False,kaggle:spiral,5
P1_image,vgg16,1,PD:V09,1,0.5633434057235718,False,kaggle:spiral,5
P1_image,vgg16,1,PD:V10,1,0.5486802458763123,True,kaggle:spiral,5
P1_image,vgg16,1,PD:V11,1,0.5455667972564697,True,kaggle:spiral,5
P1_image,vgg16,1,PD:V13,1,0.5467830896377563,True,kaggle:spiral,5
P1_image,vgg16,2,HC:V03,0,0.8031491041183472,False,kaggle:spiral,5
P1_image,vgg16,2,HC:V05,0,0.658090353012085,True,kaggle:spiral,5
P1_image,vgg16,2,HC:V55,0,0.5808464884757996,True,kaggle:spiral,5
P1_image,vgg16,2,PD:V01,1,0.6642931699752808,True,kaggle:spiral,5
P1_image,vgg16,2,PD:V03,1,0.9975104331970215,True,kaggle:spiral,5
P1_image,vgg16,2,PD:V03,1,0.9993441700935364,True,kaggle:spiral,5
P1_image,vgg16,2,PD:V04,1,0.9584948420524597,True,kaggle:spiral,5
P1_image,vgg16,2,PD:V07,1,0.9933755993843079,True,kaggle:spiral,5
P1_image,vgg16,2,PD:V08,1,0.4260283410549164,True,kaggle:spiral,5
P1_image,vgg16,2,PD:V10,1,0.7293053865432739,True,kaggle:spiral,5
P1_image,vgg16,2,HC:V02,0,0.9079110622406006,True,kaggle:spiral,5
P1_image,vgg16,2,HC:V02,0,0.9058180451393127,True,kaggle:spiral,5
P1_image,vgg16,2,HC:V03,0,0.49640893936157227,False,kaggle:spiral,5
P1_image,vgg16,2,HC:V03,0,0.5319371819496155,False,kaggle:spiral,5
P1_image,vgg16,2,HC:V06,0,0.760269284248352,True,kaggle:spiral,5
P1_image,vgg16,2,HC:V08,0,0.5243915915489197,True,kaggle:spiral,5
P1_image,vgg16,2,HC:V10,0,0.45492011308670044,True,kaggle:spiral,5
P1_image,vgg16,2,HC:V11,0,0.5143857002258301,True,kaggle:spiral,5
P1_image,vgg16,2,HC:V12,0,0.6211746335029602,True,kaggle:spiral,5
P1_image,vgg16,2,HC:V55,0,0.49285706877708435,True,kaggle:spiral,5
P1_image,vgg16,2,HC:V55,0,0.6583687663078308,True,kaggle:spiral,5
P1_image,vgg16,2,HC:V55,0,0.5302488207817078,True,kaggle:spiral,5
P1_image,vgg16,2,HC:V55,0,0.9173862934112549,True,kaggle:spiral,5
P1_image,vgg16,2,HC:V55,0,0.45156797766685486,True,kaggle:spiral,5
P1_image,vgg16,2,PD:V03,1,0.9934362173080444,True,kaggle:spiral,5
P1_image,vgg16,2,PD:V06,1,0.791434109210968,True,kaggle:spiral,5
P1_image,vgg16,2,PD:V07,1,0.997231662273407,True,kaggle:spiral,5
P1_image,vgg16,2,PD:V08,1,0.7759055495262146,True,kaggle:spiral,5
P1_image,vgg16,2,PD:V10,1,0.4349571168422699,True,kaggle:spiral,5
P1_image,vgg16,2,PD:V12,1,0.9252607226371765,True,kaggle:spiral,5
P1_image,vgg16,2,PD:V13,1,0.7060588002204895,True,kaggle:spiral,5
P1_image,vgg16,2,PD:V14,1,0.9907039999961853,True,kaggle:spiral,5
P1_image,vgg16,2,PD:V14,1,0.977070689201355,True,kaggle:spiral,5
P1_image,vgg16,2,PD:V15,1,0.8505123257637024,True,kaggle:spiral,5
P2_subject,vgg16,0,HC:V04,0,0.26525983214378357,False,kaggle:spiral,5
P2_subject,vgg16,0,HC:V55,0,0.2643589675426483,False,kaggle:spiral,5
P2_subject,vgg16,0,HC:V55,0,0.24184712767601013,False,kaggle:spiral,5
P2_subject,vgg16,0,HC:V55,0,0.24418416619300842,False,kaggle:spiral,5
P2_subject,vgg16,0,HC:V55,0,0.26390498876571655,False,kaggle:spiral,5
P2_subject,vgg16,0,PD:V04,1,0.5677544474601746,False,kaggle:spiral,5
P2_subject,vgg16,0,PD:V06,1,0.3644736707210541,False,kaggle:spiral,5
P2_subject,vgg16,0,PD:V07,1,0.5974665880203247,False,kaggle:spiral,5
P2_subject,vgg16,0,PD:V08,1,0.2585803270339966,False,kaggle:spiral,5
P2_subject,vgg16,0,PD:V10,1,0.30393150448799133,False,kaggle:spiral,5
P2_subject,vgg16,0,PD:V14,1,0.5652661323547363,False,kaggle:spiral,5
P2_subject,vgg16,0,HC:V04,0,0.2680204510688782,False,kaggle:spiral,5
P2_subject,vgg16,0,HC:V04,0,0.2610279619693756,False,kaggle:spiral,5
P2_subject,vgg16,0,HC:V55,0,0.2837837040424347,False,kaggle:spiral,5
P2_subject,vgg16,0,HC:V55,0,0.2879786491394043,False,kaggle:spiral,5
P2_subject,vgg16,0,HC:V55,0,0.3063954710960388,False,kaggle:spiral,5
P2_subject,vgg16,0,HC:V55,0,0.2691227197647095,False,kaggle:spiral,5
P2_subject,vgg16,0,HC:V55,0,0.25771576166152954,False,kaggle:spiral,5
P2_subject,vgg16,0,HC:V55,0,0.32906466722488403,False,kaggle:spiral,5
P2_subject,vgg16,0,HC:V55,0,0.26680290699005127,False,kaggle:spiral,5
P2_subject,vgg16,0,HC:V55,0,0.25776296854019165,False,kaggle:spiral,5
P2_subject,vgg16,0,HC:V55,0,0.325303316116333,False,kaggle:spiral,5
P2_subject,vgg16,0,HC:V55,0,0.29783809185028076,False,kaggle:spiral,5
P2_subject,vgg16,0,HC:V55,0,0.2247823029756546,False,kaggle:spiral,5
P2_subject,vgg16,0,PD:V04,1,0.5910254716873169,False,kaggle:spiral,5
P2_subject,vgg16,0,PD:V04,1,0.5280090570449829,False,kaggle:spiral,5
P2_subject,vgg16,0,PD:V06,1,0.2900925576686859,False,kaggle:spiral,5
P2_subject,vgg16,0,PD:V06,1,0.37004759907722473,False,kaggle:spiral,5
P2_subject,vgg16,0,PD:V07,1,0.5552515983581543,False,kaggle:spiral,5
P2_subject,vgg16,0,PD:V07,1,0.6424505710601807,False,kaggle:spiral,5
P2_subject,vgg16,0,PD:V08,1,0.2908129096031189,False,kaggle:spiral,5
P2_subject,vgg16,0,PD:V08,1,0.2895679473876953,False,kaggle:spiral,5
P2_subject,vgg16,0,PD:V10,1,0.33009836077690125,False,kaggle:spiral,5
P2_subject,vgg16,0,PD:V10,1,0.28212693333625793,False,kaggle:spiral,5
P2_subject,vgg16,0,PD:V14,1,0.6009838581085205,False,kaggle:spiral,5
P2_subject,vgg16,0,PD:V14,1,0.6008064150810242,False,kaggle:spiral,5
P2_subject,vgg16,1,HC:V01,0,0.6287442445755005,False,kaggle:spiral,5
P2_subject,vgg16,1,HC:V06,0,0.580869734287262,False,kaggle:spiral,5
P2_subject,vgg16,1,HC:V07,0,0.6032145619392395,False,kaggle:spiral,5
P2_subject,vgg16,1,HC:V08,0,0.5816851854324341,False,kaggle:spiral,5
P2_subject,vgg16,1,HC:V09,0,0.564244270324707,False,kaggle:spiral,5
P2_subject,vgg16,1,PD:V01,1,0.6348579525947571,False,kaggle:spiral,5
P2_subject,vgg16,1,PD:V03,1,0.7371789216995239,False,kaggle:spiral,5
P2_subject,vgg16,1,PD:V03,1,0.7413226366043091,False,kaggle:spiral,5
P2_subject,vgg16,1,PD:V03,1,0.7090495228767395,False,kaggle:spiral,5
P2_subject,vgg16,1,PD:V05,1,0.7185662388801575,False,kaggle:spiral,5
P2_subject,vgg16,1,HC:V01,0,0.6103294491767883,False,kaggle:spiral,5
P2_subject,vgg16,1,HC:V01,0,0.6867728233337402,False,kaggle:spiral,5
P2_subject,vgg16,1,HC:V06,0,0.6410977840423584,False,kaggle:spiral,5
P2_subject,vgg16,1,HC:V06,0,0.5716191530227661,False,kaggle:spiral,5
P2_subject,vgg16,1,HC:V07,0,0.5851978659629822,False,kaggle:spiral,5
P2_subject,vgg16,1,HC:V07,0,0.5996201634407043,False,kaggle:spiral,5
P2_subject,vgg16,1,HC:V08,0,0.6627086997032166,False,kaggle:spiral,5
P2_subject,vgg16,1,HC:V08,0,0.6337025165557861,False,kaggle:spiral,5
P2_subject,vgg16,1,HC:V09,0,0.6310164928436279,False,kaggle:spiral,5
P2_subject,vgg16,1,HC:V09,0,0.6287564635276794,False,kaggle:spiral,5
P2_subject,vgg16,1,HC:V12,0,0.547014594078064,False,kaggle:spiral,5
P2_subject,vgg16,1,HC:V12,0,0.5902417898178101,False,kaggle:spiral,5
P2_subject,vgg16,1,HC:V12,0,0.5566603541374207,False,kaggle:spiral,5
P2_subject,vgg16,1,PD:V01,1,0.629336416721344,False,kaggle:spiral,5
P2_subject,vgg16,1,PD:V01,1,0.6484387516975403,False,kaggle:spiral,5
P2_subject,vgg16,1,PD:V03,1,0.7452903389930725,False,kaggle:spiral,5
P2_subject,vgg16,1,PD:V03,1,0.7409313321113586,False,kaggle:spiral,5
P2_subject,vgg16,1,PD:V03,1,0.7188902497291565,False,kaggle:spiral,5
P2_subject,vgg16,1,PD:V03,1,0.7453437447547913,False,kaggle:spiral,5
P2_subject,vgg16,1,PD:V03,1,0.7275548577308655,False,kaggle:spiral,5
P2_subject,vgg16,1,PD:V03,1,0.6916697025299072,False,kaggle:spiral,5
P2_subject,vgg16,1,PD:V05,1,0.7500916123390198,False,kaggle:spiral,5
P2_subject,vgg16,1,PD:V05,1,0.7298697233200073,False,kaggle:spiral,5
P2_subject,vgg16,2,HC:V02,0,0.2365114539861679,False,kaggle:spiral,5
P2_subject,vgg16,2,HC:V03,0,0.08640395849943161,False,kaggle:spiral,5
P2_subject,vgg16,2,HC:V05,0,0.07595861703157425,False,kaggle:spiral,5
P2_subject,vgg16,2,HC:V10,0,0.10745245218276978,False,kaggle:spiral,5
P2_subject,vgg16,2,HC:V11,0,0.10675910115242004,False,kaggle:spiral,5
P2_subject,vgg16,2,PD:V02,1,0.15338605642318726,False,kaggle:spiral,5
P2_subject,vgg16,2,PD:V09,1,0.11682062596082687,False,kaggle:spiral,5
P2_subject,vgg16,2,PD:V11,1,0.10099945962429047,False,kaggle:spiral,5
P2_subject,vgg16,2,PD:V15,1,0.12250177562236786,False,kaggle:spiral,5
P2_subject,vgg16,2,HC:V02,0,0.12650208175182343,False,kaggle:spiral,5
P2_subject,vgg16,2,HC:V02,0,0.1057070642709732,False,kaggle:spiral,5
P2_subject,vgg16,2,HC:V03,0,0.08923956006765366,False,kaggle:spiral,5
P2_subject,vgg16,2,HC:V03,0,0.06525969505310059,False,kaggle:spiral,5
P2_subject,vgg16,2,HC:V05,0,0.09546530991792679,False,kaggle:spiral,5
P2_subject,vgg16,2,HC:V05,0,0.10188426822423935,False,kaggle:spiral,5
P2_subject,vgg16,2,HC:V10,0,0.12056134641170502,False,kaggle:spiral,5
P2_subject,vgg16,2,HC:V10,0,0.09543270617723465,False,kaggle:spiral,5
P2_subject,vgg16,2,HC:V11,0,0.10617313534021378,False,kaggle:spiral,5
P2_subject,vgg16,2,HC:V11,0,0.09847255796194077,False,kaggle:spiral,5
P2_subject,vgg16,2,PD:V02,1,0.16581325232982635,False,kaggle:spiral,5
P2_subject,vgg16,2,PD:V02,1,0.14397569000720978,False,kaggle:spiral,5
P2_subject,vgg16,2,PD:V09,1,0.13895955681800842,False,kaggle:spiral,5
P2_subject,vgg16,2,PD:V09,1,0.14648477733135223,False,kaggle:spiral,5
P2_subject,vgg16,2,PD:V11,1,0.09543244540691376,False,kaggle:spiral,5
P2_subject,vgg16,2,PD:V11,1,0.09244327992200851,False,kaggle:spiral,5
P2_subject,vgg16,2,PD:V12,1,0.1418161541223526,False,kaggle:spiral,5
P2_subject,vgg16,2,PD:V12,1,0.21307900547981262,False,kaggle:spiral,5
P2_subject,vgg16,2,PD:V12,1,0.17909760773181915,False,kaggle:spiral,5
P2_subject,vgg16,2,PD:V13,1,0.1413077563047409,False,kaggle:spiral,5
P2_subject,vgg16,2,PD:V13,1,0.13101187348365784,False,kaggle:spiral,5
P2_subject,vgg16,2,PD:V13,1,0.11855961382389069,False,kaggle:spiral,5
P2_subject,vgg16,2,PD:V15,1,0.15204571187496185,False,kaggle:spiral,5
P2_subject,vgg16,2,PD:V15,1,0.10791928321123123,False,kaggle:spiral,5
P1_image,resnet50,0,HC:V07,0,0.40316206216812134,True,kaggle:spiral,5
P1_image,resnet50,0,HC:V09,0,0.35883110761642456,False,kaggle:spiral,5
P1_image,resnet50,0,HC:V10,0,0.45924270153045654,True,kaggle:spiral,5
P1_image,resnet50,0,HC:V55,0,0.45934417843818665,True,kaggle:spiral,5
P1_image,resnet50,0,HC:V55,0,0.3692402243614197,True,kaggle:spiral,5
P1_image,resnet50,0,PD:V03,1,0.6067213416099548,True,kaggle:spiral,5
P1_image,resnet50,0,PD:V05,1,0.45631617307662964,False,kaggle:spiral,5
P1_image,resnet50,0,HC:V01,0,0.3968156576156616,True,kaggle:spiral,5
P1_image,resnet50,0,HC:V05,0,0.4273967742919922,True,kaggle:spiral,5
P1_image,resnet50,0,HC:V09,0,0.31489086151123047,False,kaggle:spiral,5
P1_image,resnet50,0,HC:V09,0,0.37599995732307434,False,kaggle:spiral,5
P1_image,resnet50,0,HC:V10,0,0.39573365449905396,True,kaggle:spiral,5
P1_image,resnet50,0,HC:V11,0,0.450371116399765,True,kaggle:spiral,5
P1_image,resnet50,0,HC:V12,0,0.4841563105583191,True,kaggle:spiral,5
P1_image,resnet50,0,HC:V12,0,0.45641010999679565,True,kaggle:spiral,5
P1_image,resnet50,0,HC:V55,0,0.43546414375305176,True,kaggle:spiral,5
P1_image,resnet50,0,HC:V55,0,0.41978761553764343,True,kaggle:spiral,5
P1_image,resnet50,0,HC:V55,0,0.37748223543167114,True,kaggle:spiral,5
P1_image,resnet50,0,HC:V55,0,0.38089483976364136,True,kaggle:spiral,5
P1_image,resnet50,0,PD:V02,1,0.520031750202179,True,kaggle:spiral,5
P1_image,resnet50,0,PD:V02,1,0.5516523122787476,True,kaggle:spiral,5
P1_image,resnet50,0,PD:V03,1,0.5397206544876099,True,kaggle:spiral,5
P1_image,resnet50,0,PD:V03,1,0.5724254846572876,True,kaggle:spiral,5
P1_image,resnet50,0,PD:V03,1,0.6064037084579468,True,kaggle:spiral,5
P1_image,resnet50,0,PD:V03,1,0.6230955123901367,True,kaggle:spiral,5
P1_image,resnet50,0,PD:V04,1,0.46360287070274353,True,kaggle:spiral,5
P1_image,resnet50,0,PD:V05,1,0.5140275955200195,False,kaggle:spiral,5
P1_image,resnet50,0,PD:V05,1,0.4678928554058075,False,kaggle:spiral,5
P1_image,resnet50,0,PD:V07,1,0.5013450384140015,True,kaggle:spiral,5
P1_image,resnet50,0,PD:V11,1,0.4088088572025299,True,kaggle:spiral,5
P1_image,resnet50,0,PD:V12,1,0.4414096176624298,True,kaggle:spiral,5
P1_image,resnet50,0,PD:V12,1,0.45890969038009644,True,kaggle:spiral,5
P1_image,resnet50,0,PD:V13,1,0.42208749055862427,True,kaggle:spiral,5
P1_image,resnet50,0,PD:V15,1,0.42380470037460327,True,kaggle:spiral,5
P1_image,resnet50,1,HC:V01,0,0.4641501307487488,True,kaggle:spiral,5
P1_image,resnet50,1,HC:V02,0,0.515480101108551,True,kaggle:spiral,5
P1_image,resnet50,1,HC:V04,0,0.4121570289134979,False,kaggle:spiral,5
P1_image,resnet50,1,HC:V06,0,0.4822704493999481,True,kaggle:spiral,5
P1_image,resnet50,1,HC:V08,0,0.45117926597595215,True,kaggle:spiral,5
P1_image,resnet50,1,HC:V11,0,0.4182833731174469,True,kaggle:spiral,5
P1_image,resnet50,1,HC:V55,0,0.44214877486228943,True,kaggle:spiral,5
P1_image,resnet50,1,PD:V02,1,0.5138136744499207,True,kaggle:spiral,5
P1_image,resnet50,1,PD:V06,1,0.48036691546440125,True,kaggle:spiral,5
P1_image,resnet50,1,PD:V09,1,0.4656783938407898,False,kaggle:spiral,5
P1_image,resnet50,1,PD:V11,1,0.479412704706192,True,kaggle:spiral,5
P1_image,resnet50,1,PD:V14,1,0.5884914398193359,True,kaggle:spiral,5
P1_image,resnet50,1,PD:V15,1,0.4809924364089966,True,kaggle:spiral,5
P1_image,resnet50,1,HC:V01,0,0.4097113013267517,True,kaggle:spiral,5
P1_image,resnet50,1,HC:V04,0,0.41706645488739014,False,kaggle:spiral,5
P1_image,resnet50,1,HC:V04,0,0.3654435873031616,False,kaggle:spiral,5
P1_image,resnet50,1,HC:V05,0,0.43218427896499634,True,kaggle:spiral,5
P1_image,resnet50,1,HC:V06,0,0.4668343961238861,True,kaggle:spiral,5
P1_image,resnet50,1,HC:V07,0,0.4440505802631378,True,kaggle:spiral,5
P1_image,resnet50,1,HC:V07,0,0.4843709170818329,True,kaggle:spiral,5
P1_image,resnet50,1,HC:V08,0,0.4700809717178345,True,kaggle:spiral,5
P1_image,resnet50,1,HC:V55,0,0.4719104468822479,True,kaggle:spiral,5
P1_image,resnet50,1,HC:V55,0,0.4533592760562897,True,kaggle:spiral,5
P1_image,resnet50,1,PD:V01,1,0.4362606406211853,True,kaggle:spiral,5
P1_image,resnet50,1,PD:V01,1,0.4660073220729828,True,kaggle:spiral,5
P1_image,resnet50,1,PD:V03,1,0.6516665816307068,True,kaggle:spiral,5
P1_image,resnet50,1,PD:V04,1,0.6089717745780945,True,kaggle:spiral,5
P1_image,resnet50,1,PD:V06,1,0.4982356131076813,True,kaggle:spiral,5
P1_image,resnet50,1,PD:V08,1,0.4814724922180176,True,kaggle:spiral,5
P1_image,resnet50,1,PD:V09,1,0.43165722489356995,False,kaggle:spiral,5
P1_image,resnet50,1,PD:V09,1,0.5022537112236023,False,kaggle:spiral,5
P1_image,resnet50,1,PD:V10,1,0.422983855009079,True,kaggle:spiral,5
P1_image,resnet50,1,PD:V11,1,0.4387188255786896,True,kaggle:spiral,5
P1_image,resnet50,1,PD:V13,1,0.4712844491004944,True,kaggle:spiral,5
P1_image,resnet50,2,HC:V03,0,0.5078048706054688,False,kaggle:spiral,5
P1_image,resnet50,2,HC:V05,0,0.4966159462928772,True,kaggle:spiral,5
P1_image,resnet50,2,HC:V55,0,0.522712230682373,True,kaggle:spiral,5
P1_image,resnet50,2,PD:V01,1,0.5619139671325684,True,kaggle:spiral,5
P1_image,resnet50,2,PD:V03,1,0.6120204329490662,True,kaggle:spiral,5
P1_image,resnet50,2,PD:V03,1,0.5554111003875732,True,kaggle:spiral,5
P1_image,resnet50,2,PD:V04,1,0.5990654230117798,True,kaggle:spiral,5
P1_image,resnet50,2,PD:V07,1,0.6163457036018372,True,kaggle:spiral,5
P1_image,resnet50,2,PD:V08,1,0.49805259704589844,True,kaggle:spiral,5
P1_image,resnet50,2,PD:V10,1,0.5213385820388794,True,kaggle:spiral,5
P1_image,resnet50,2,HC:V02,0,0.5062993168830872,True,kaggle:spiral,5
P1_image,resnet50,2,HC:V02,0,0.487148642539978,True,kaggle:spiral,5
P1_image,resnet50,2,HC:V03,0,0.5222599506378174,False,kaggle:spiral,5
P1_image,resnet50,2,HC:V03,0,0.5486491322517395,False,kaggle:spiral,5
P1_image,resnet50,2,HC:V06,0,0.5476967692375183,True,kaggle:spiral,5
P1_image,resnet50,2,HC:V08,0,0.5198171734809875,True,kaggle:spiral,5
P1_image,resnet50,2,HC:V10,0,0.5102209448814392,True,kaggle:spiral,5
P1_image,resnet50,2,HC:V11,0,0.5006017684936523,True,kaggle:spiral,5
P1_image,resnet50,2,HC:V12,0,0.49665048718452454,True,kaggle:spiral,5
P1_image,resnet50,2,HC:V55,0,0.55792236328125,True,kaggle:spiral,5
P1_image,resnet50,2,HC:V55,0,0.5729393362998962,True,kaggle:spiral,5
P1_image,resnet50,2,HC:V55,0,0.5190656781196594,True,kaggle:spiral,5
P1_image,resnet50,2,HC:V55,0,0.5245711207389832,True,kaggle:spiral,5
P1_image,resnet50,2,HC:V55,0,0.5817613005638123,True,kaggle:spiral,5
P1_image,resnet50,2,PD:V03,1,0.5303866267204285,True,kaggle:spiral,5
P1_image,resnet50,2,PD:V06,1,0.5477450489997864,True,kaggle:spiral,5
P1_image,resnet50,2,PD:V07,1,0.571431040763855,True,kaggle:spiral,5
P1_image,resnet50,2,PD:V08,1,0.528679609298706,True,kaggle:spiral,5
P1_image,resnet50,2,PD:V10,1,0.5456865429878235,True,kaggle:spiral,5
P1_image,resnet50,2,PD:V12,1,0.5445145964622498,True,kaggle:spiral,5
P1_image,resnet50,2,PD:V13,1,0.5272327661514282,True,kaggle:spiral,5
P1_image,resnet50,2,PD:V14,1,0.5400545001029968,True,kaggle:spiral,5
P1_image,resnet50,2,PD:V14,1,0.5684719681739807,True,kaggle:spiral,5
P1_image,resnet50,2,PD:V15,1,0.53883957862854,True,kaggle:spiral,5
P2_subject,resnet50,0,HC:V04,0,0.44989269971847534,False,kaggle:spiral,5
P2_subject,resnet50,0,HC:V55,0,0.4230939745903015,False,kaggle:spiral,5
P2_subject,resnet50,0,HC:V55,0,0.4670860171318054,False,kaggle:spiral,5
P2_subject,resnet50,0,HC:V55,0,0.4874204993247986,False,kaggle:spiral,5
P2_subject,resnet50,0,HC:V55,0,0.3914605975151062,False,kaggle:spiral,5
P2_subject,resnet50,0,PD:V04,1,0.5359664559364319,False,kaggle:spiral,5
P2_subject,resnet50,0,PD:V06,1,0.46966272592544556,False,kaggle:spiral,5
P2_subject,resnet50,0,PD:V07,1,0.6801068782806396,False,kaggle:spiral,5
P2_subject,resnet50,0,PD:V08,1,0.4566743075847626,False,kaggle:spiral,5
P2_subject,resnet50,0,PD:V10,1,0.42589056491851807,False,kaggle:spiral,5
P2_subject,resnet50,0,PD:V14,1,0.5908753871917725,False,kaggle:spiral,5
P2_subject,resnet50,0,HC:V04,0,0.5195307731628418,False,kaggle:spiral,5
P2_subject,resnet50,0,HC:V04,0,0.48895710706710815,False,kaggle:spiral,5
P2_subject,resnet50,0,HC:V55,0,0.4277117848396301,False,kaggle:spiral,5
P2_subject,resnet50,0,HC:V55,0,0.47178056836128235,False,kaggle:spiral,5
P2_subject,resnet50,0,HC:V55,0,0.4567451477050781,False,kaggle:spiral,5
P2_subject,resnet50,0,HC:V55,0,0.4387342929840088,False,kaggle:spiral,5
P2_subject,resnet50,0,HC:V55,0,0.40548670291900635,False,kaggle:spiral,5
P2_subject,resnet50,0,HC:V55,0,0.49546343088150024,False,kaggle:spiral,5
P2_subject,resnet50,0,HC:V55,0,0.4527278244495392,False,kaggle:spiral,5
P2_subject,resnet50,0,HC:V55,0,0.41511470079421997,False,kaggle:spiral,5
P2_subject,resnet50,0,HC:V55,0,0.4714868366718292,False,kaggle:spiral,5
P2_subject,resnet50,0,HC:V55,0,0.428672194480896,False,kaggle:spiral,5
P2_subject,resnet50,0,HC:V55,0,0.38911187648773193,False,kaggle:spiral,5
P2_subject,resnet50,0,PD:V04,1,0.5410840511322021,False,kaggle:spiral,5
P2_subject,resnet50,0,PD:V04,1,0.5221986770629883,False,kaggle:spiral,5
P2_subject,resnet50,0,PD:V06,1,0.4935827851295471,False,kaggle:spiral,5
P2_subject,resnet50,0,PD:V06,1,0.4710274636745453,False,kaggle:spiral,5
P2_subject,resnet50,0,PD:V07,1,0.6829622387886047,False,kaggle:spiral,5
P2_subject,resnet50,0,PD:V07,1,0.5899696350097656,False,kaggle:spiral,5
P2_subject,resnet50,0,PD:V08,1,0.4487142562866211,False,kaggle:spiral,5
P2_subject,resnet50,0,PD:V08,1,0.4581957459449768,False,kaggle:spiral,5
P2_subject,resnet50,0,PD:V10,1,0.4752735495567322,False,kaggle:spiral,5
P2_subject,resnet50,0,PD:V10,1,0.4125588536262512,False,kaggle:spiral,5
P2_subject,resnet50,0,PD:V14,1,0.5452101230621338,False,kaggle:spiral,5
P2_subject,resnet50,0,PD:V14,1,0.5789986848831177,False,kaggle:spiral,5
P2_subject,resnet50,1,HC:V01,0,0.4812963604927063,False,kaggle:spiral,5
P2_subject,resnet50,1,HC:V06,0,0.44263482093811035,False,kaggle:spiral,5
P2_subject,resnet50,1,HC:V07,0,0.4363635182380676,False,kaggle:spiral,5
P2_subject,resnet50,1,HC:V08,0,0.4568095803260803,False,kaggle:spiral,5
P2_subject,resnet50,1,HC:V09,0,0.4543303847312927,False,kaggle:spiral,5
P2_subject,resnet50,1,PD:V01,1,0.48741334676742554,False,kaggle:spiral,5
P2_subject,resnet50,1,PD:V03,1,0.5700331330299377,False,kaggle:spiral,5
P2_subject,resnet50,1,PD:V03,1,0.5270153284072876,False,kaggle:spiral,5
P2_subject,resnet50,1,PD:V03,1,0.5292076468467712,False,kaggle:spiral,5
P2_subject,resnet50,1,PD:V05,1,0.49726516008377075,False,kaggle:spiral,5
P2_subject,resnet50,1,HC:V01,0,0.4611865282058716,False,kaggle:spiral,5
P2_subject,resnet50,1,HC:V01,0,0.47960197925567627,False,kaggle:spiral,5
P2_subject,resnet50,1,HC:V06,0,0.43856334686279297,False,kaggle:spiral,5
P2_subject,resnet50,1,HC:V06,0,0.4670502543449402,False,kaggle:spiral,5
P2_subject,resnet50,1,HC:V07,0,0.4360775947570801,False,kaggle:spiral,5
P2_subject,resnet50,1,HC:V07,0,0.43477633595466614,False,kaggle:spiral,5
P2_subject,resnet50,1,HC:V08,0,0.452710896730423,False,kaggle:spiral,5
P2_subject,resnet50,1,HC:V08,0,0.450178861618042,False,kaggle:spiral,5
P2_subject,resnet50,1,HC:V09,0,0.44620296359062195,False,kaggle:spiral,5
P2_subject,resnet50,1,HC:V09,0,0.4704793691635132,False,kaggle:spiral,5
P2_subject,resnet50,1,HC:V12,0,0.423289954662323,False,kaggle:spiral,5
P2_subject,resnet50,1,HC:V12,0,0.42820948362350464,False,kaggle:spiral,5
P2_subject,resnet50,1,HC:V12,0,0.38832706212997437,False,kaggle:spiral,5
P2_subject,resnet50,1,PD:V01,1,0.4761151075363159,False,kaggle:spiral,5
P2_subject,resnet50,1,PD:V01,1,0.5027661323547363,False,kaggle:spiral,5
P2_subject,resnet50,1,PD:V03,1,0.5019793510437012,False,kaggle:spiral,5
P2_subject,resnet50,1,PD:V03,1,0.5495863556861877,False,kaggle:spiral,5
P2_subject,resnet50,1,PD:V03,1,0.551308810710907,False,kaggle:spiral,5
P2_subject,resnet50,1,PD:V03,1,0.5776866674423218,False,kaggle:spiral,5
P2_subject,resnet50,1,PD:V03,1,0.5487691164016724,False,kaggle:spiral,5
P2_subject,resnet50,1,PD:V03,1,0.5203296542167664,False,kaggle:spiral,5
P2_subject,resnet50,1,PD:V05,1,0.5047928094863892,False,kaggle:spiral,5
P2_subject,resnet50,1,PD:V05,1,0.5025054812431335,False,kaggle:spiral,5
P2_subject,resnet50,2,HC:V02,0,0.45729178190231323,False,kaggle:spiral,5
P2_subject,resnet50,2,HC:V03,0,0.36390596628189087,False,kaggle:spiral,5
P2_subject,resnet50,2,HC:V05,0,0.40495944023132324,False,kaggle:spiral,5
P2_subject,resnet50,2,HC:V10,0,0.3606787621974945,False,kaggle:spiral,5
P2_subject,resnet50,2,HC:V11,0,0.4437161087989807,False,kaggle:spiral,5
P2_subject,resnet50,2,PD:V02,1,0.4476296603679657,False,kaggle:spiral,5
P2_subject,resnet50,2,PD:V09,1,0.48558714985847473,False,kaggle:spiral,5
P2_subject,resnet50,2,PD:V11,1,0.4264024496078491,False,kaggle:spiral,5
P2_subject,resnet50,2,PD:V15,1,0.4494188129901886,False,kaggle:spiral,5
P2_subject,resnet50,2,HC:V02,0,0.4147583842277527,False,kaggle:spiral,5
P2_subject,resnet50,2,HC:V02,0,0.4541975259780884,False,kaggle:spiral,5
P2_subject,resnet50,2,HC:V03,0,0.27323639392852783,False,kaggle:spiral,5
P2_subject,resnet50,2,HC:V03,0,0.30838543176651,False,kaggle:spiral,5
P2_subject,resnet50,2,HC:V05,0,0.42177245020866394,False,kaggle:spiral,5
P2_subject,resnet50,2,HC:V05,0,0.3920978307723999,False,kaggle:spiral,5
P2_subject,resnet50,2,HC:V10,0,0.3113695979118347,False,kaggle:spiral,5
P2_subject,resnet50,2,HC:V10,0,0.32688990235328674,False,kaggle:spiral,5
P2_subject,resnet50,2,HC:V11,0,0.3058694899082184,False,kaggle:spiral,5
P2_subject,resnet50,2,HC:V11,0,0.37915948033332825,False,kaggle:spiral,5
P2_subject,resnet50,2,PD:V02,1,0.44338738918304443,False,kaggle:spiral,5
P2_subject,resnet50,2,PD:V02,1,0.440652996301651,False,kaggle:spiral,5
P2_subject,resnet50,2,PD:V09,1,0.40530648827552795,False,kaggle:spiral,5
P2_subject,resnet50,2,PD:V09,1,0.4750564992427826,False,kaggle:spiral,5
P2_subject,resnet50,2,PD:V11,1,0.3973879814147949,False,kaggle:spiral,5
P2_subject,resnet50,2,PD:V11,1,0.376399427652359,False,kaggle:spiral,5
P2_subject,resnet50,2,PD:V12,1,0.425228476524353,False,kaggle:spiral,5
P2_subject,resnet50,2,PD:V12,1,0.3320252597332001,False,kaggle:spiral,5
P2_subject,resnet50,2,PD:V12,1,0.4516232907772064,False,kaggle:spiral,5
P2_subject,resnet50,2,PD:V13,1,0.2886344790458679,False,kaggle:spiral,5
P2_subject,resnet50,2,PD:V13,1,0.35458528995513916,False,kaggle:spiral,5
P2_subject,resnet50,2,PD:V13,1,0.3508570194244385,False,kaggle:spiral,5
P2_subject,resnet50,2,PD:V15,1,0.46552813053131104,False,kaggle:spiral,5
P2_subject,resnet50,2,PD:V15,1,0.4079605042934418,False,kaggle:spiral,5
P1_image,efficientnet_b0,0,HC:V07,0,0.36051496863365173,True,kaggle:spiral,5
P1_image,efficientnet_b0,0,HC:V09,0,0.41257452964782715,False,kaggle:spiral,5
P1_image,efficientnet_b0,0,HC:V10,0,0.40100187063217163,True,kaggle:spiral,5
P1_image,efficientnet_b0,0,HC:V55,0,0.42289233207702637,True,kaggle:spiral,5
P1_image,efficientnet_b0,0,HC:V55,0,0.4295845329761505,True,kaggle:spiral,5
P1_image,efficientnet_b0,0,PD:V03,1,0.4197363257408142,True,kaggle:spiral,5
P1_image,efficientnet_b0,0,PD:V05,1,0.3736354410648346,False,kaggle:spiral,5
P1_image,efficientnet_b0,0,HC:V01,0,0.41473501920700073,True,kaggle:spiral,5
P1_image,efficientnet_b0,0,HC:V05,0,0.3966287672519684,True,kaggle:spiral,5
P1_image,efficientnet_b0,0,HC:V09,0,0.4497218430042267,False,kaggle:spiral,5
P1_image,efficientnet_b0,0,HC:V09,0,0.41165775060653687,False,kaggle:spiral,5
P1_image,efficientnet_b0,0,HC:V10,0,0.46479231119155884,True,kaggle:spiral,5
P1_image,efficientnet_b0,0,HC:V11,0,0.4690505564212799,True,kaggle:spiral,5
P1_image,efficientnet_b0,0,HC:V12,0,0.46440836787223816,True,kaggle:spiral,5
P1_image,efficientnet_b0,0,HC:V12,0,0.4175167679786682,True,kaggle:spiral,5
P1_image,efficientnet_b0,0,HC:V55,0,0.42519664764404297,True,kaggle:spiral,5
P1_image,efficientnet_b0,0,HC:V55,0,0.41735681891441345,True,kaggle:spiral,5
P1_image,efficientnet_b0,0,HC:V55,0,0.49278366565704346,True,kaggle:spiral,5
P1_image,efficientnet_b0,0,HC:V55,0,0.453371524810791,True,kaggle:spiral,5
P1_image,efficientnet_b0,0,PD:V02,1,0.4885234236717224,True,kaggle:spiral,5
P1_image,efficientnet_b0,0,PD:V02,1,0.4657978117465973,True,kaggle:spiral,5
P1_image,efficientnet_b0,0,PD:V03,1,0.3936120867729187,True,kaggle:spiral,5
P1_image,efficientnet_b0,0,PD:V03,1,0.5258565545082092,True,kaggle:spiral,5
P1_image,efficientnet_b0,0,PD:V03,1,0.38988998532295227,True,kaggle:spiral,5
P1_image,efficientnet_b0,0,PD:V03,1,0.4178752899169922,True,kaggle:spiral,5
P1_image,efficientnet_b0,0,PD:V04,1,0.5750855803489685,True,kaggle:spiral,5
P1_image,efficientnet_b0,0,PD:V05,1,0.4594878554344177,False,kaggle:spiral,5
P1_image,efficientnet_b0,0,PD:V05,1,0.31851115822792053,False,kaggle:spiral,5
P1_image,efficientnet_b0,0,PD:V07,1,0.42650479078292847,True,kaggle:spiral,5
P1_image,efficientnet_b0,0,PD:V11,1,0.43040862679481506,True,kaggle:spiral,5
P1_image,efficientnet_b0,0,PD:V12,1,0.4217924475669861,True,kaggle:spiral,5
P1_image,efficientnet_b0,0,PD:V12,1,0.39915546774864197,True,kaggle:spiral,5
P1_image,efficientnet_b0,0,PD:V13,1,0.4720054566860199,True,kaggle:spiral,5
P1_image,efficientnet_b0,0,PD:V15,1,0.39230772852897644,True,kaggle:spiral,5
P1_image,efficientnet_b0,1,HC:V01,0,0.4708442687988281,True,kaggle:spiral,5
P1_image,efficientnet_b0,1,HC:V02,0,0.5154932737350464,True,kaggle:spiral,5
P1_image,efficientnet_b0,1,HC:V04,0,0.45111727714538574,False,kaggle:spiral,5
P1_image,efficientnet_b0,1,HC:V06,0,0.35350826382637024,True,kaggle:spiral,5
P1_image,efficientnet_b0,1,HC:V08,0,0.43316054344177246,True,kaggle:spiral,5
P1_image,efficientnet_b0,1,HC:V11,0,0.3627823293209076,True,kaggle:spiral,5
P1_image,efficientnet_b0,1,HC:V55,0,0.3209112286567688,True,kaggle:spiral,5
P1_image,efficientnet_b0,1,PD:V02,1,0.39913514256477356,True,kaggle:spiral,5
P1_image,efficientnet_b0,1,PD:V06,1,0.4296500086784363,True,kaggle:spiral,5
P1_image,efficientnet_b0,1,PD:V09,1,0.3352894186973572,False,kaggle:spiral,5
P1_image,efficientnet_b0,1,PD:V11,1,0.3624283969402313,True,kaggle:spiral,5
P1_image,efficientnet_b0,1,PD:V14,1,0.5875333547592163,True,kaggle:spiral,5
P1_image,efficientnet_b0,1,PD:V15,1,0.4153382480144501,True,kaggle:spiral,5
P1_image,efficientnet_b0,1,HC:V01,0,0.4231339395046234,True,kaggle:spiral,5
P1_image,efficientnet_b0,1,HC:V04,0,0.359661728143692,False,kaggle:spiral,5
P1_image,efficientnet_b0,1,HC:V04,0,0.43212446570396423,False,kaggle:spiral,5
P1_image,efficientnet_b0,1,HC:V05,0,0.3319050371646881,True,kaggle:spiral,5
P1_image,efficientnet_b0,1,HC:V06,0,0.30469146370887756,True,kaggle:spiral,5
P1_image,efficientnet_b0,1,HC:V07,0,0.39665740728378296,True,kaggle:spiral,5
P1_image,efficientnet_b0,1,HC:V07,0,0.3598378002643585,True,kaggle:spiral,5
P1_image,efficientnet_b0,1,HC:V08,0,0.4095330834388733,True,kaggle:spiral,5
P1_image,efficientnet_b0,1,HC:V55,0,0.33601024746894836,True,kaggle:spiral,5
P1_image,efficientnet_b0,1,HC:V55,0,0.39284637570381165,True,kaggle:spiral,5
P1_image,efficientnet_b0,1,PD:V01,1,0.4280683100223541,True,kaggle:spiral,5
P1_image,efficientnet_b0,1,PD:V01,1,0.2937696874141693,True,kaggle:spiral,5
P1_image,efficientnet_b0,1,PD:V03,1,0.4688390791416168,True,kaggle:spiral,5
P1_image,efficientnet_b0,1,PD:V04,1,0.5096884965896606,True,kaggle:spiral,5
P1_image,efficientnet_b0,1,PD:V06,1,0.4099526107311249,True,kaggle:spiral,5
P1_image,efficientnet_b0,1,PD:V08,1,0.47352585196495056,True,kaggle:spiral,5
P1_image,efficientnet_b0,1,PD:V09,1,0.4523114860057831,False,kaggle:spiral,5
P1_image,efficientnet_b0,1,PD:V09,1,0.3205789625644684,False,kaggle:spiral,5
P1_image,efficientnet_b0,1,PD:V10,1,0.36022481322288513,True,kaggle:spiral,5
P1_image,efficientnet_b0,1,PD:V11,1,0.4706847369670868,True,kaggle:spiral,5
P1_image,efficientnet_b0,1,PD:V13,1,0.47269174456596375,True,kaggle:spiral,5
P1_image,efficientnet_b0,2,HC:V03,0,0.43401432037353516,False,kaggle:spiral,5
P1_image,efficientnet_b0,2,HC:V05,0,0.5167100429534912,True,kaggle:spiral,5
P1_image,efficientnet_b0,2,HC:V55,0,0.4018537998199463,True,kaggle:spiral,5
P1_image,efficientnet_b0,2,PD:V01,1,0.48981818556785583,True,kaggle:spiral,5
P1_image,efficientnet_b0,2,PD:V03,1,0.5767766833305359,True,kaggle:spiral,5
P1_image,efficientnet_b0,2,PD:V03,1,0.5118227601051331,True,kaggle:spiral,5
P1_image,efficientnet_b0,2,PD:V04,1,0.6312500834465027,True,kaggle:spiral,5
P1_image,efficientnet_b0,2,PD:V07,1,0.5243442058563232,True,kaggle:spiral,5
P1_image,efficientnet_b0,2,PD:V08,1,0.37071746587753296,True,kaggle:spiral,5
P1_image,efficientnet_b0,2,PD:V10,1,0.338695228099823,True,kaggle:spiral,5
P1_image,efficientnet_b0,2,HC:V02,0,0.2522028386592865,True,kaggle:spiral,5
P1_image,efficientnet_b0,2,HC:V02,0,0.4204036295413971,True,kaggle:spiral,5
P1_image,efficientnet_b0,2,HC:V03,0,0.44705599546432495,False,kaggle:spiral,5
P1_image,efficientnet_b0,2,HC:V03,0,0.3979005515575409,False,kaggle:spiral,5
P1_image,efficientnet_b0,2,HC:V06,0,0.43056216835975647,True,kaggle:spiral,5
P1_image,efficientnet_b0,2,HC:V08,0,0.38477623462677,True,kaggle:spiral,5
P1_image,efficientnet_b0,2,HC:V10,0,0.4159141182899475,True,kaggle:spiral,5
P1_image,efficientnet_b0,2,HC:V11,0,0.38918665051460266,True,kaggle:spiral,5
P1_image,efficientnet_b0,2,HC:V12,0,0.4300549626350403,True,kaggle:spiral,5
P1_image,efficientnet_b0,2,HC:V55,0,0.42859551310539246,True,kaggle:spiral,5
P1_image,efficientnet_b0,2,HC:V55,0,0.36751827597618103,True,kaggle:spiral,5
P1_image,efficientnet_b0,2,HC:V55,0,0.3343812823295593,True,kaggle:spiral,5
P1_image,efficientnet_b0,2,HC:V55,0,0.3721860647201538,True,kaggle:spiral,5
P1_image,efficientnet_b0,2,HC:V55,0,0.4669681787490845,True,kaggle:spiral,5
P1_image,efficientnet_b0,2,PD:V03,1,0.5331303477287292,True,kaggle:spiral,5
P1_image,efficientnet_b0,2,PD:V06,1,0.47012218832969666,True,kaggle:spiral,5
P1_image,efficientnet_b0,2,PD:V07,1,0.5178115963935852,True,kaggle:spiral,5
P1_image,efficientnet_b0,2,PD:V08,1,0.5371080040931702,True,kaggle:spiral,5
P1_image,efficientnet_b0,2,PD:V10,1,0.3308331072330475,True,kaggle:spiral,5
P1_image,efficientnet_b0,2,PD:V12,1,0.43443071842193604,True,kaggle:spiral,5
P1_image,efficientnet_b0,2,PD:V13,1,0.4773797392845154,True,kaggle:spiral,5
P1_image,efficientnet_b0,2,PD:V14,1,0.5533342957496643,True,kaggle:spiral,5
P1_image,efficientnet_b0,2,PD:V14,1,0.5874561071395874,True,kaggle:spiral,5
P1_image,efficientnet_b0,2,PD:V15,1,0.5213165879249573,True,kaggle:spiral,5
P2_subject,efficientnet_b0,0,HC:V04,0,0.5523978471755981,False,kaggle:spiral,5
P2_subject,efficientnet_b0,0,HC:V55,0,0.485708087682724,False,kaggle:spiral,5
P2_subject,efficientnet_b0,0,HC:V55,0,0.5938904881477356,False,kaggle:spiral,5
P2_subject,efficientnet_b0,0,HC:V55,0,0.48080506920814514,False,kaggle:spiral,5
P2_subject,efficientnet_b0,0,HC:V55,0,0.5024173259735107,False,kaggle:spiral,5
P2_subject,efficientnet_b0,0,PD:V04,1,0.5890007615089417,False,kaggle:spiral,5
P2_subject,efficientnet_b0,0,PD:V06,1,0.5979652404785156,False,kaggle:spiral,5
P2_subject,efficientnet_b0,0,PD:V07,1,0.5513877272605896,False,kaggle:spiral,5
P2_subject,efficientnet_b0,0,PD:V08,1,0.5728933215141296,False,kaggle:spiral,5
P2_subject,efficientnet_b0,0,PD:V10,1,0.553863525390625,False,kaggle:spiral,5
P2_subject,efficientnet_b0,0,PD:V14,1,0.6472251415252686,False,kaggle:spiral,5
P2_subject,efficientnet_b0,0,HC:V04,0,0.5553969740867615,False,kaggle:spiral,5
P2_subject,efficientnet_b0,0,HC:V04,0,0.5701400637626648,False,kaggle:spiral,5
P2_subject,efficientnet_b0,0,HC:V55,0,0.5212005376815796,False,kaggle:spiral,5
P2_subject,efficientnet_b0,0,HC:V55,0,0.5324122905731201,False,kaggle:spiral,5
P2_subject,efficientnet_b0,0,HC:V55,0,0.5645999312400818,False,kaggle:spiral,5
P2_subject,efficientnet_b0,0,HC:V55,0,0.5008695125579834,False,kaggle:spiral,5
P2_subject,efficientnet_b0,0,HC:V55,0,0.5098518133163452,False,kaggle:spiral,5
P2_subject,efficientnet_b0,0,HC:V55,0,0.5401473045349121,False,kaggle:spiral,5
P2_subject,efficientnet_b0,0,HC:V55,0,0.5695608258247375,False,kaggle:spiral,5
P2_subject,efficientnet_b0,0,HC:V55,0,0.5705940127372742,False,kaggle:spiral,5
P2_subject,efficientnet_b0,0,HC:V55,0,0.5298023223876953,False,kaggle:spiral,5
P2_subject,efficientnet_b0,0,HC:V55,0,0.6339607834815979,False,kaggle:spiral,5
P2_subject,efficientnet_b0,0,HC:V55,0,0.6113302111625671,False,kaggle:spiral,5
P2_subject,efficientnet_b0,0,PD:V04,1,0.6063005924224854,False,kaggle:spiral,5
P2_subject,efficientnet_b0,0,PD:V04,1,0.6788420081138611,False,kaggle:spiral,5
P2_subject,efficientnet_b0,0,PD:V06,1,0.5351353883743286,False,kaggle:spiral,5
P2_subject,efficientnet_b0,0,PD:V06,1,0.5648947954177856,False,kaggle:spiral,5
P2_subject,efficientnet_b0,0,PD:V07,1,0.6031792163848877,False,kaggle:spiral,5
P2_subject,efficientnet_b0,0,PD:V07,1,0.6633000373840332,False,kaggle:spiral,5
P2_subject,efficientnet_b0,0,PD:V08,1,0.6467850804328918,False,kaggle:spiral,5
P2_subject,efficientnet_b0,0,PD:V08,1,0.6116483807563782,False,kaggle:spiral,5
P2_subject,efficientnet_b0,0,PD:V10,1,0.48926323652267456,False,kaggle:spiral,5
P2_subject,efficientnet_b0,0,PD:V10,1,0.5497042536735535,False,kaggle:spiral,5
P2_subject,efficientnet_b0,0,PD:V14,1,0.5941099524497986,False,kaggle:spiral,5
P2_subject,efficientnet_b0,0,PD:V14,1,0.617764413356781,False,kaggle:spiral,5
P2_subject,efficientnet_b0,1,HC:V01,0,0.4035996198654175,False,kaggle:spiral,5
P2_subject,efficientnet_b0,1,HC:V06,0,0.34689027070999146,False,kaggle:spiral,5
P2_subject,efficientnet_b0,1,HC:V07,0,0.35359182953834534,False,kaggle:spiral,5
P2_subject,efficientnet_b0,1,HC:V08,0,0.4139420688152313,False,kaggle:spiral,5
P2_subject,efficientnet_b0,1,HC:V09,0,0.33780956268310547,False,kaggle:spiral,5
P2_subject,efficientnet_b0,1,PD:V01,1,0.3662070333957672,False,kaggle:spiral,5
P2_subject,efficientnet_b0,1,PD:V03,1,0.5244298577308655,False,kaggle:spiral,5
P2_subject,efficientnet_b0,1,PD:V03,1,0.6593431830406189,False,kaggle:spiral,5
P2_subject,efficientnet_b0,1,PD:V03,1,0.4672153890132904,False,kaggle:spiral,5
P2_subject,efficientnet_b0,1,PD:V05,1,0.5430817604064941,False,kaggle:spiral,5
P2_subject,efficientnet_b0,1,HC:V01,0,0.3682500720024109,False,kaggle:spiral,5
P2_subject,efficientnet_b0,1,HC:V01,0,0.3862915337085724,False,kaggle:spiral,5
P2_subject,efficientnet_b0,1,HC:V06,0,0.3466094732284546,False,kaggle:spiral,5
P2_subject,efficientnet_b0,1,HC:V06,0,0.39248278737068176,False,kaggle:spiral,5
P2_subject,efficientnet_b0,1,HC:V07,0,0.4134652316570282,False,kaggle:spiral,5
P2_subject,efficientnet_b0,1,HC:V07,0,0.412883460521698,False,kaggle:spiral,5
P2_subject,efficientnet_b0,1,HC:V08,0,0.4001399874687195,False,kaggle:spiral,5
P2_subject,efficientnet_b0,1,HC:V08,0,0.37166696786880493,False,kaggle:spiral,5
P2_subject,efficientnet_b0,1,HC:V09,0,0.37460675835609436,False,kaggle:spiral,5
P2_subject,efficientnet_b0,1,HC:V09,0,0.39931419491767883,False,kaggle:spiral,5
P2_subject,efficientnet_b0,1,HC:V12,0,0.3922988176345825,False,kaggle:spiral,5
P2_subject,efficientnet_b0,1,HC:V12,0,0.42980149388313293,False,kaggle:spiral,5
P2_subject,efficientnet_b0,1,HC:V12,0,0.40584278106689453,False,kaggle:spiral,5
P2_subject,efficientnet_b0,1,PD:V01,1,0.40117746591567993,False,kaggle:spiral,5
P2_subject,efficientnet_b0,1,PD:V01,1,0.4268058240413666,False,kaggle:spiral,5
P2_subject,efficientnet_b0,1,PD:V03,1,0.4729749858379364,False,kaggle:spiral,5
P2_subject,efficientnet_b0,1,PD:V03,1,0.5371784567832947,False,kaggle:spiral,5
P2_subject,efficientnet_b0,1,PD:V03,1,0.640598714351654,False,kaggle:spiral,5
P2_subject,efficientnet_b0,1,PD:V03,1,0.5604360699653625,False,kaggle:spiral,5
P2_subject,efficientnet_b0,1,PD:V03,1,0.5019851922988892,False,kaggle:spiral,5
P2_subject,efficientnet_b0,1,PD:V03,1,0.6043760776519775,False,kaggle:spiral,5
P2_subject,efficientnet_b0,1,PD:V05,1,0.5209759473800659,False,kaggle:spiral,5
P2_subject,efficientnet_b0,1,PD:V05,1,0.4465799331665039,False,kaggle:spiral,5
P2_subject,efficientnet_b0,2,HC:V02,0,0.43867045640945435,False,kaggle:spiral,5
P2_subject,efficientnet_b0,2,HC:V03,0,0.35220852494239807,False,kaggle:spiral,5
P2_subject,efficientnet_b0,2,HC:V05,0,0.4635011553764343,False,kaggle:spiral,5
P2_subject,efficientnet_b0,2,HC:V10,0,0.3039902448654175,False,kaggle:spiral,5
P2_subject,efficientnet_b0,2,HC:V11,0,0.4188317656517029,False,kaggle:spiral,5
P2_subject,efficientnet_b0,2,PD:V02,1,0.5591066479682922,False,kaggle:spiral,5
P2_subject,efficientnet_b0,2,PD:V09,1,0.4747108221054077,False,kaggle:spiral,5
P2_subject,efficientnet_b0,2,PD:V11,1,0.398507297039032,False,kaggle:spiral,5
P2_subject,efficientnet_b0,2,PD:V15,1,0.37592029571533203,False,kaggle:spiral,5
P2_subject,efficientnet_b0,2,HC:V02,0,0.43772178888320923,False,kaggle:spiral,5
P2_subject,efficientnet_b0,2,HC:V02,0,0.4474300146102905,False,kaggle:spiral,5
P2_subject,efficientnet_b0,2,HC:V03,0,0.477912962436676,False,kaggle:spiral,5
P2_subject,efficientnet_b0,2,HC:V03,0,0.47007641196250916,False,kaggle:spiral,5
P2_subject,efficientnet_b0,2,HC:V05,0,0.36206912994384766,False,kaggle:spiral,5
P2_subject,efficientnet_b0,2,HC:V05,0,0.39299827814102173,False,kaggle:spiral,5
P2_subject,efficientnet_b0,2,HC:V10,0,0.3540073335170746,False,kaggle:spiral,5
P2_subject,efficientnet_b0,2,HC:V10,0,0.34813082218170166,False,kaggle:spiral,5
P2_subject,efficientnet_b0,2,HC:V11,0,0.37403860688209534,False,kaggle:spiral,5
P2_subject,efficientnet_b0,2,HC:V11,0,0.3635720908641815,False,kaggle:spiral,5
P2_subject,efficientnet_b0,2,PD:V02,1,0.5585916638374329,False,kaggle:spiral,5
P2_subject,efficientnet_b0,2,PD:V02,1,0.4881298840045929,False,kaggle:spiral,5
P2_subject,efficientnet_b0,2,PD:V09,1,0.5220375061035156,False,kaggle:spiral,5
P2_subject,efficientnet_b0,2,PD:V09,1,0.43683797121047974,False,kaggle:spiral,5
P2_subject,efficientnet_b0,2,PD:V11,1,0.33717161417007446,False,kaggle:spiral,5
P2_subject,efficientnet_b0,2,PD:V11,1,0.3793962299823761,False,kaggle:spiral,5
P2_subject,efficientnet_b0,2,PD:V12,1,0.34788352251052856,False,kaggle:spiral,5
P2_subject,efficientnet_b0,2,PD:V12,1,0.35417455434799194,False,kaggle:spiral,5
P2_subject,efficientnet_b0,2,PD:V12,1,0.45389649271965027,False,kaggle:spiral,5
P2_subject,efficientnet_b0,2,PD:V13,1,0.2681654989719391,False,kaggle:spiral,5
P2_subject,efficientnet_b0,2,PD:V13,1,0.4235219657421112,False,kaggle:spiral,5
P2_subject,efficientnet_b0,2,PD:V13,1,0.4785585105419159,False,kaggle:spiral,5
P2_subject,efficientnet_b0,2,PD:V15,1,0.4927520155906677,False,kaggle:spiral,5
P2_subject,efficientnet_b0,2,PD:V15,1,0.43365809321403503,False,kaggle:spiral,5
