protocol,model,fold,subject,y_true,y_prob,same_subject_in_train,dataset,seed
P1_image,vgg16,0,HC:0068,0,0.6366398930549622,True,handpd:meander,1
P1_image,vgg16,0,HC:0068,0,0.6364993453025818,True,handpd:meander,1
P1_image,vgg16,0,HC:0100,0,0.6395068168640137,True,handpd:meander,1
P1_image,vgg16,0,HC:0102,0,0.6464740037918091,True,handpd:meander,1
P1_image,vgg16,0,HC:0112,0,0.6331233382225037,True,handpd:meander,1
P1_image,vgg16,0,HC:0112,0,0.6277145743370056,True,handpd:meander,1
P1_image,vgg16,0,HC:0127,0,0.6313507556915283,True,handpd:meander,1
P1_image,vgg16,0,HC:0127,0,0.6473848223686218,True,handpd:meander,1
P1_image,vgg16,0,HC:0127,0,0.6561922430992126,True,handpd:meander,1
P1_image,vgg16,0,HC:0129,0,0.651470422744751,True,handpd:meander,1
P1_image,vgg16,0,HC:0131,0,0.6479034423828125,True,handpd:meander,1
P1_image,vgg16,0,HC:0131,0,0.6592710018157959,True,handpd:meander,1
P1_image,vgg16,0,HC:0287,0,0.671310305595398,True,handpd:meander,1
P1_image,vgg16,0,HC:0287,0,0.6637051105499268,True,handpd:meander,1
P1_image,vgg16,0,HC:0289,0,0.6503331065177917,True,handpd:meander,1
P1_image,vgg16,0,HC:0293,0,0.6577702164649963,True,handpd:meander,1
P1_image,vgg16,0,HC:0293,0,0.6767176389694214,True,handpd:meander,1
P1_image,vgg16,0,HC:0295,0,0.7052070498466492,True,handpd:meander,1
P1_image,vgg16,0,HC:0297,0,0.6500706672668457,True,handpd:meander,1
P1_image,vgg16,0,HC:0297,0,0.6518386602401733,True,handpd:meander,1
P1_image,vgg16,0,HC:0297,0,0.679426372051239,True,handpd:meander,1
P1_image,vgg16,0,HC:0305,0,0.6815984845161438,True,handpd:meander,1
P1_image,vgg16,0,HC:0305,0,0.6853781342506409,True,handpd:meander,1
P1_image,vgg16,0,HC:0305,0,0.665184736251831,True,handpd:meander,1
P1_image,vgg16,0,PD:0002,1,0.7504597902297974,True,handpd:meander,1
P1_image,vgg16,0,PD:0003,1,0.7237189412117004,True,handpd:meander,1
P1_image,vgg16,0,PD:0009,1,0.6610133647918701,True,handpd:meander,1
P1_image,vgg16,0,PD:0009,1,0.6617498993873596,True,handpd:meander,1
P1_image,vgg16,0,PD:0009,1,0.64906907081604,True,handpd:meander,1
P1_image,vgg16,0,PD:0010,1,0.6634125709533691,True,handpd:meander,1
P1_image,vgg16,0,PD:0024,1,0.6757121682167053,True,handpd:meander,1
P1_image,vgg16,0,PD:0030,1,0.6841790080070496,True,handpd:meander,1
P1_image,vgg16,0,PD:0031,1,0.6459727883338928,True,handpd:meander,1
P1_image,vgg16,0,PD:0037,1,0.7156632542610168,True,handpd:meander,1
P1_image,vgg16,0,PD:0037,1,0.6902238726615906,True,handpd:meander,1
P1_image,vgg16,0,PD:0038,1,0.7156158089637756,True,handpd:meander,1
P1_image,vgg16,0,PD:0044,1,0.7324041128158569,True,handpd:meander,1
P1_image,vgg16,0,PD:0044,1,0.7076119184494019,True,handpd:meander,1
P1_image,vgg16,0,PD:0045,1,0.707588791847229,True,handpd:meander,1
P1_image,vgg16,0,PD:0046,1,0.7632679343223572,True,handpd:meander,1
P1_image,vgg16,0,PD:0046,1,0.7309584617614746,True,handpd:meander,1
P1_image,vgg16,0,PD:0051,1,0.6763753890991211,True,handpd:meander,1
P1_image,vgg16,0,PD:0052,1,0.6854636669158936,True,handpd:meander,1
P1_image,vgg16,0,PD:0052,1,0.6711081266403198,True,handpd:meander,1
P1_image,vgg16,0,PD:0052,1,0.6702814698219299,True,handpd:meander,1
P1_image,vgg16,0,PD:0053,1,0.6804720163345337,True,handpd:meander,1
P1_image,vgg16,0,PD:0053,1,0.6602482795715332,True,handpd:meander,1
P1_image,vgg16,0,PD:0054,1,0.6947009563446045,True,handpd:meander,1
P1_image,vgg16,0,PD:0054,1,0.7170253992080688,True,handpd:meander,1
P1_image,vgg16,0,PD:0136,1,0.6985375881195068,True,handpd:meander,1
P1_image,vgg16,0,PD:0136,1,0.6799469590187073,True,handpd:meander,1
P1_image,vgg16,0,PD:0138,1,0.686853289604187,True,handpd:meander,1
P1_image,vgg16,0,PD:0138,1,0.6606690883636475,True,handpd:meander,1
P1_image,vgg16,0,PD:0139,1,0.680156946182251,True,handpd:meander,1
P1_image,vgg16,0,PD:0139,1,0.674258291721344,True,handpd:meander,1
P1_image,vgg16,0,PD:0143,1,0.6898437738418579,True,handpd:meander,1
P1_image,vgg16,0,PD:0143,1,0.6805262565612793,True,handpd:meander,1
P1_image,vgg16,0,PD:0148,1,0.6683667302131653,True,handpd:meander,1
P1_image,vgg16,0,PD:0148,1,0.6873457431793213,True,handpd:meander,1
P1_image,vgg16,0,PD:0149,1,0.7203207612037659,True,handpd:meander,1
P1_image,vgg16,0,PD:0153,1,0.6358413696289062,True,handpd:meander,1
P1_image,vgg16,0,PD:0157,1,0.6830417513847351,True,handpd:meander,1
P1_image,vgg16,0,PD:0161,1,0.6676212549209595,True,handpd:meander,1
P1_image,vgg16,0,PD:0161,1,0.7056721448898315,True,handpd:meander,1
P1_image,vgg16,0,PD:0165,1,0.6473994851112366,True,handpd:meander,1
P1_image,vgg16,0,PD:0165,1,0.6564844250679016,True,handpd:meander,1
P1_image,vgg16,0,PD:0165,1,0.6477066874504089,True,handpd:meander,1
P1_image,vgg16,0,PD:0166,1,0.6867028474807739,True,handpd:meander,1
P1_image,vgg16,0,PD:0170,1,0.7523379921913147,True,handpd:meander,1
P1_image,vgg16,0,PD:0170,1,0.7239035964012146,True,handpd:meander,1
P1_image,vgg16,0,PD:0176,1,0.6819409132003784,True,handpd:meander,1
P1_image,vgg16,0,PD:0177,1,0.6790109872817993,True,handpd:meander,1
P1_image,vgg16,0,PD:0181,1,0.6597601771354675,True,handpd:meander,1
P1_image,vgg16,0,PD:0181,1,0.6771552562713623,True,handpd:meander,1
P1_image,vgg16,0,PD:0186,1,0.634427547454834,True,handpd:meander,1
P1_image,vgg16,0,PD:0186,1,0.6953411102294922,True,handpd:meander,1
P1_image,vgg16,0,PD:0186,1,0.7020667195320129,True,handpd:meander,1
P1_image,vgg16,0,PD:0187,1,0.6738844513893127,True,handpd:meander,1
P1_image,vgg16,0,PD:0188,1,0.6661134362220764,True,handpd:meander,1
P1_image,vgg16,0,PD:0188,1,0.6716659665107727,True,handpd:meander,1
P1_image,vgg16,0,PD:0192,1,0.6795874238014221,True,handpd:meander,1
P1_image,vgg16,0,PD:0192,1,0.68392014503479,True,handpd:meander,1
P1_image,vgg16,0,PD:0196,1,0.6811613440513611,True,handpd:meander,1
P1_image,vgg16,0,PD:0196,1,0.7063432335853577,True,handpd:meander,1
P1_image,vgg16,0,PD:0197,1,0.6689778566360474,True,handpd:meander,1
P1_image,vgg16,0,PD:0197,1,0.6732640862464905,True,handpd:meander,1
P1_image,vgg16,0,PD:0198,1,0.6738831400871277,True,handpd:meander,1
P1_image,vgg16,0,PD:0198,1,0.6505271792411804,True,handpd:meander,1
P1_image,vgg16,0,PD:0203,1,0.6655723452568054,True,handpd:meander,1
P1_image,vgg16,0,PD:0203,1,0.6622387766838074,True,handpd:meander,1
P1_image,vgg16,0,PD:0207,1,0.6655247211456299,True,handpd:meander,1
P1_image,vgg16,0,PD:0207,1,0.6687501668930054,True,handpd:meander,1
P1_image,vgg16,0,PD:0208,1,0.6748273372650146,True,handpd:meander,1
P1_image,vgg16,0,PD:0208,1,0.6915422081947327,True,handpd:meander,1
P1_image,vgg16,0,PD:0213,1,0.7450674772262573,True,handpd:meander,1
P1_image,vgg16,0,PD:0218,1,0.6375570893287659,True,handpd:meander,1
P1_image,vgg16,0,PD:0219,1,0.6883645057678223,True,handpd:meander,1
P1_image,vgg16,0,PD:0219,1,0.6693874597549438,True,handpd:meander,1
P1_image,vgg16,0,PD:0223,1,0.6866971254348755,True,handpd:meander,1
P1_image,vgg16,0,PD:0229,1,0.8032149076461792,True,handpd:meander,1
P1_image,vgg16,0,PD:0230,1,0.8299698233604431,True,handpd:meander,1
P1_image,vgg16,0,PD:0234,1,0.7277835011482239,True,handpd:meander,1
P1_image,vgg16,0,PD:0234,1,0.8303508758544922,True,handpd:meander,1
P1_image,vgg16,0,PD:0236,1,0.8185122609138489,True,handpd:meander,1
P1_image,vgg16,0,PD:0241,1,0.7103907465934753,True,handpd:meander,1
P1_image,vgg16,0,PD:0241,1,0.8290423154830933,True,handpd:meander,1
P1_image,vgg16,0,PD:0242,1,0.7189557552337646,True,handpd:meander,1
P1_image,vgg16,0,PD:0242,1,0.7027437090873718,True,handpd:meander,1
P1_image,vgg16,0,PD:0247,1,0.7609153985977173,True,handpd:meander,1
P1_image,vgg16,0,PD:0247,1,0.7110099196434021,True,handpd:meander,1
P1_image,vgg16,0,PD:0253,1,0.6509069800376892,True,handpd:meander,1
P1_image,vgg16,0,PD:0254,1,0.6670462489128113,False,handpd:meander,1
P1_image,vgg16,0,PD:0254,1,0.6650279760360718,False,handpd:meander,1
P1_image,vgg16,0,PD:0254,1,0.66862553358078,False,handpd:meander,1
P1_image,vgg16,0,PD:0254,1,0.6656107306480408,False,handpd:meander,1
P1_image,vgg16,0,PD:0261,1,0.6852025985717773,True,handpd:meander,1
P1_image,vgg16,0,PD:0261,1,0.6717004179954529,True,handpd:meander,1
P1_image,vgg16,0,PD:0268,1,0.7019479870796204,True,handpd:meander,1
P1_image,vgg16,0,PD:0268,1,0.6796696782112122,True,handpd:meander,1
P1_image,vgg16,0,PD:0269,1,0.6882388591766357,True,handpd:meander,1
P1_image,vgg16,0,PD:0274,1,0.7057873606681824,True,handpd:meander,1
P1_image,vgg16,0,PD:0274,1,0.6981872916221619,True,handpd:meander,1
P1_image,vgg16,0,PD:0281,1,0.68413245677948,True,handpd:meander,1
P1_image,vgg16,1,HC:0092,0,0.6198735237121582,True,handpd:meander,1
P1_image,vgg16,1,HC:0092,0,0.6073498725891113,True,handpd:meander,1
P1_image,vgg16,1,HC:0098,0,0.6395540237426758,True,handpd:meander,1
P1_image,vgg16,1,HC:0098,0,0.6243196129798889,True,handpd:meander,1
P1_image,vgg16,1,HC:0098,0,0.6486901640892029,True,handpd:meander,1
P1_image,vgg16,1,HC:0100,0,0.7576262354850769,True,handpd:meander,1
P1_image,vgg16,1,HC:0100,0,0.7548919320106506,True,handpd:meander,1
P1_image,vgg16,1,HC:0102,0,0.6273031830787659,True,handpd:meander,1
P1_image,vgg16,1,HC:0104,0,0.6354302167892456,True,handpd:meander,1
P1_image,vgg16,1,HC:0106,0,0.6072034239768982,True,handpd:meander,1
P1_image,vgg16,1,HC:0112,0,0.6522719860076904,True,handpd:meander,1
P1_image,vgg16,1,HC:0116,0,0.6652200222015381,False,handpd:meander,1
P1_image,vgg16,1,HC:0116,0,0.6336126923561096,False,handpd:meander,1
P1_image,vgg16,1,HC:0116,0,0.687205970287323,False,handpd:meander,1
P1_image,vgg16,1,HC:0116,0,0.6265705227851868,False,handpd:meander,1
P1_image,vgg16,1,HC:0129,0,0.592917263507843,True,handpd:meander,1
P1_image,vgg16,1,HC:0131,0,0.5683714747428894,True,handpd:meander,1
P1_image,vgg16,1,HC:0131,0,0.5670590400695801,True,handpd:meander,1
P1_image,vgg16,1,HC:0287,0,0.6587433218955994,True,handpd:meander,1
P1_image,vgg16,1,HC:0289,0,0.6427249312400818,True,handpd:meander,1
P1_image,vgg16,1,HC:0289,0,0.700825572013855,True,handpd:meander,1
P1_image,vgg16,1,HC:0293,0,0.648224413394928,True,handpd:meander,1
P1_image,vgg16,1,HC:0295,0,0.9053670763969421,True,handpd:meander,1
P1_image,vgg16,1,HC:0305,0,0.7881621718406677,True,handpd:meander,1
P1_image,vgg16,1,PD:0002,1,0.9649702310562134,True,handpd:meander,1
P1_image,vgg16,1,PD:0003,1,0.9809489846229553,True,handpd:meander,1
P1_image,vgg16,1,PD:0004,1,0.8674365282058716,True,handpd:meander,1
P1_image,vgg16,1,PD:0004,1,0.9202672839164734,True,handpd:meander,1
P1_image,vgg16,1,PD:0005,1,0.8030478358268738,True,handpd:meander,1
P1_image,vgg16,1,PD:0005,1,0.7517085671424866,True,handpd:meander,1
P1_image,vgg16,1,PD:0005,1,0.8116462230682373,True,handpd:meander,1
P1_image,vgg16,1,PD:0010,1,0.9164454936981201,True,handpd:meander,1
P1_image,vgg16,1,PD:0010,1,0.8602063059806824,True,handpd:meander,1
P1_image,vgg16,1,PD:0010,1,0.9060362577438354,True,handpd:meander,1
P1_image,vgg16,1,PD:0016,1,0.8940543532371521,True,handpd:meander,1
P1_image,vgg16,1,PD:0016,1,0.7988852262496948,True,handpd:meander,1
P1_image,vgg16,1,PD:0023,1,0.8213884830474854,True,handpd:meander,1
P1_image,vgg16,1,PD:0023,1,0.6490834355354309,True,handpd:meander,1
P1_image,vgg16,1,PD:0023,1,0.7567060589790344,True,handpd:meander,1
P1_image,vgg16,1,PD:0024,1,0.6599023938179016,True,handpd:meander,1
P1_image,vgg16,1,PD:0030,1,0.7500251531600952,True,handpd:meander,1
P1_image,vgg16,1,PD:0031,1,0.7314727902412415,True,handpd:meander,1
P1_image,vgg16,1,PD:0031,1,0.6431577801704407,True,handpd:meander,1
P1_image,vgg16,1,PD:0037,1,0.8482253551483154,True,handpd:meander,1
P1_image,vgg16,1,PD:0037,1,0.8320035934448242,True,handpd:meander,1
P1_image,vgg16,1,PD:0038,1,0.9071899056434631,True,handpd:meander,1
P1_image,vgg16,1,PD:0044,1,0.8690311908721924,True,handpd:meander,1
P1_image,vgg16,1,PD:0045,1,0.9200958609580994,True,handpd:meander,1
P1_image,vgg16,1,PD:0045,1,0.9661290645599365,True,handpd:meander,1
P1_image,vgg16,1,PD:0046,1,0.9692734479904175,True,handpd:meander,1
P1_image,vgg16,1,PD:0046,1,0.9434302449226379,True,handpd:meander,1
P1_image,vgg16,1,PD:0051,1,0.695382833480835,True,handpd:meander,1
P1_image,vgg16,1,PD:0051,1,0.6836972236633301,True,handpd:meander,1
P1_image,vgg16,1,PD:0052,1,0.8851924538612366,True,handpd:meander,1
P1_image,vgg16,1,PD:0053,1,0.8268109560012817,True,handpd:meander,1
P1_image,vgg16,1,PD:0054,1,0.8292019367218018,True,handpd:meander,1
P1_image,vgg16,1,PD:0134,1,0.7605488300323486,True,handpd:meander,1
P1_image,vgg16,1,PD:0136,1,0.7695015668869019,True,handpd:meander,1
P1_image,vgg16,1,PD:0138,1,0.8359292149543762,True,handpd:meander,1
P1_image,vgg16,1,PD:0139,1,0.7573205232620239,True,handpd:meander,1
P1_image,vgg16,1,PD:0139,1,0.7468288540840149,True,handpd:meander,1
P1_image,vgg16,1,PD:0149,1,0.8534526824951172,True,handpd:meander,1
P1_image,vgg16,1,PD:0149,1,0.8496155738830566,True,handpd:meander,1
P1_image,vgg16,1,PD:0149,1,0.8379487991333008,True,handpd:meander,1
P1_image,vgg16,1,PD:0153,1,0.6595218777656555,True,handpd:meander,1
P1_image,vgg16,1,PD:0153,1,0.6352911591529846,True,handpd:meander,1
P1_image,vgg16,1,PD:0153,1,0.6398531794548035,True,handpd:meander,1
P1_image,vgg16,1,PD:0157,1,0.8111670017242432,True,handpd:meander,1
P1_image,vgg16,1,PD:0157,1,0.8276153206825256,True,handpd:meander,1
P1_image,vgg16,1,PD:0161,1,0.8838095664978027,True,handpd:meander,1
P1_image,vgg16,1,PD:0165,1,0.6306746006011963,True,handpd:meander,1
P1_image,vgg16,1,PD:0166,1,0.745585024356842,True,handpd:meander,1
P1_image,vgg16,1,PD:0174,1,0.9626882076263428,True,handpd:meander,1
P1_image,vgg16,1,PD:0174,1,0.9710190296173096,True,handpd:meander,1
P1_image,vgg16,1,PD:0176,1,0.948555052280426,True,handpd:meander,1
P1_image,vgg16,1,PD:0176,1,0.8553743362426758,True,handpd:meander,1
P1_image,vgg16,1,PD:0176,1,0.7935609817504883,True,handpd:meander,1
P1_image,vgg16,1,PD:0177,1,0.8922505974769592,True,handpd:meander,1
P1_image,vgg16,1,PD:0177,1,0.7340383529663086,True,handpd:meander,1
P1_image,vgg16,1,PD:0177,1,0.8106421232223511,True,handpd:meander,1
P1_image,vgg16,1,PD:0182,1,0.784381628036499,True,handpd:meander,1
P1_image,vgg16,1,PD:0187,1,0.7355837225914001,True,handpd:meander,1
P1_image,vgg16,1,PD:0187,1,0.6709375381469727,True,handpd:meander,1
P1_image,vgg16,1,PD:0197,1,0.8863809108734131,True,handpd:meander,1
P1_image,vgg16,1,PD:0198,1,0.7096461057662964,True,handpd:meander,1
P1_image,vgg16,1,PD:0202,1,0.6498680114746094,True,handpd:meander,1
P1_image,vgg16,1,PD:0202,1,0.6383832097053528,True,handpd:meander,1
P1_image,vgg16,1,PD:0203,1,0.8474646210670471,True,handpd:meander,1
P1_image,vgg16,1,PD:0203,1,0.7423766255378723,True,handpd:meander,1
P1_image,vgg16,1,PD:0207,1,0.8719380497932434,True,handpd:meander,1
P1_image,vgg16,1,PD:0208,1,0.8405888676643372,True,handpd:meander,1
P1_image,vgg16,1,PD:0208,1,0.9145464897155762,True,handpd:meander,1
P1_image,vgg16,1,PD:0213,1,0.9115100502967834,True,handpd:meander,1
P1_image,vgg16,1,PD:0214,1,0.9705514311790466,True,handpd:meander,1
P1_image,vgg16,1,PD:0214,1,0.9164962768554688,True,handpd:meander,1
P1_image,vgg16,1,PD:0214,1,0.9257591366767883,True,handpd:meander,1
P1_image,vgg16,1,PD:0218,1,0.6406527161598206,True,handpd:meander,1
P1_image,vgg16,1,PD:0218,1,0.6539422869682312,True,handpd:meander,1
P1_image,vgg16,1,PD:0228,1,0.9802119731903076,True,handpd:meander,1
P1_image,vgg16,1,PD:0228,1,0.9775017499923706,True,handpd:meander,1
P1_image,vgg16,1,PD:0228,1,0.9658761024475098,True,handpd:meander,1
P1_image,vgg16,1,PD:0229,1,0.962095320224762,True,handpd:meander,1
P1_image,vgg16,1,PD:0230,1,0.9965546131134033,True,handpd:meander,1
P1_image,vgg16,1,PD:0230,1,0.9893514513969421,True,handpd:meander,1
P1_image,vgg16,1,PD:0230,1,0.9903544187545776,True,handpd:meander,1
P1_image,vgg16,1,PD:0234,1,0.7677193284034729,True,handpd:meander,1
P1_image,vgg16,1,PD:0234,1,0.8687427043914795,True,handpd:meander,1
P1_image,vgg16,1,PD:0236,1,0.9922426342964172,True,handpd:meander,1
P1_image,vgg16,1,PD:0240,1,0.7633321285247803,True,handpd:meander,1
P1_image,vgg16,1,PD:0240,1,0.8150249123573303,True,handpd:meander,1
P1_image,vgg16,1,PD:0241,1,0.9691295623779297,True,handpd:meander,1
P1_image,vgg16,1,PD:0242,1,0.8922080397605896,True,handpd:meander,1
P1_image,vgg16,1,PD:0246,1,0.9684829711914062,True,handpd:meander,1
P1_image,vgg16,1,PD:0246,1,0.9521797895431519,True,handpd:meander,1
P1_image,vgg16,1,PD:0246,1,0.9139900803565979,True,handpd:meander,1
P1_image,vgg16,1,PD:0247,1,0.9486056566238403,True,handpd:meander,1
P1_image,vgg16,1,PD:0268,1,0.8393322825431824,True,handpd:meander,1
P1_image,vgg16,1,PD:0273,1,0.8310306668281555,True,handpd:meander,1
P1_image,vgg16,1,PD:0273,1,0.8432744741439819,True,handpd:meander,1
P1_image,vgg16,1,PD:0273,1,0.8250367045402527,True,handpd:meander,1
P1_image,vgg16,1,PD:0280,1,0.8390485048294067,True,handpd:meander,1
P1_image,vgg16,1,PD:0281,1,0.6861246228218079,True,handpd:meander,1
P1_image,vgg16,1,PD:0281,1,0.8568782210350037,True,handpd:meander,1
P1_image,vgg16,2,HC:0068,0,0.6455191969871521,True,handpd:meander,1
P1_image,vgg16,2,HC:0068,0,0.6600582599639893,True,handpd:meander,1
P1_image,vgg16,2,HC:0092,0,0.6570001244544983,True,handpd:meander,1
P1_image,vgg16,2,HC:0092,0,0.6570007801055908,True,handpd:meander,1
P1_image,vgg16,2,HC:0098,0,0.639583170413971,True,handpd:meander,1
P1_image,vgg16,2,HC:0100,0,0.6528713703155518,True,handpd:meander,1
P1_image,vgg16,2,HC:0102,0,0.6299772262573242,True,handpd:meander,1
P1_image,vgg16,2,HC:0102,0,0.6415039300918579,True,handpd:meander,1
P1_image,vgg16,2,HC:0104,0,0.6672817468643188,True,handpd:meander,1
P1_image,vgg16,2,HC:0104,0,0.6482909321784973,True,handpd:meander,1
P1_image,vgg16,2,HC:0104,0,0.6378865838050842,True,handpd:meander,1
P1_image,vgg16,2,HC:0106,0,0.6639804840087891,True,handpd:meander,1
P1_image,vgg16,2,HC:0106,0,0.6602751612663269,True,handpd:meander,1
P1_image,vgg16,2,HC:0106,0,0.6753385663032532,True,handpd:meander,1
P1_image,vgg16,2,HC:0112,0,0.6643090844154358,True,handpd:meander,1
P1_image,vgg16,2,HC:0127,0,0.6473994851112366,True,handpd:meander,1
P1_image,vgg16,2,HC:0129,0,0.6604820489883423,True,handpd:meander,1
P1_image,vgg16,2,HC:0129,0,0.6660758852958679,True,handpd:meander,1
P1_image,vgg16,2,HC:0287,0,0.6827711462974548,True,handpd:meander,1
P1_image,vgg16,2,HC:0289,0,0.6672565937042236,True,handpd:meander,1
P1_image,vgg16,2,HC:0293,0,0.6728604435920715,True,handpd:meander,1
P1_image,vgg16,2,HC:0295,0,0.6839419603347778,True,handpd:meander,1
P1_image,vgg16,2,HC:0295,0,0.695632815361023,True,handpd:meander,1
P1_image,vgg16,2,HC:0297,0,0.6673317551612854,True,handpd:meander,1
P1_image,vgg16,2,PD:0002,1,0.727110743522644,True,handpd:meander,1
P1_image,vgg16,2,PD:0002,1,0.6988564133644104,True,handpd:meander,1
P1_image,vgg16,2,PD:0003,1,0.7208831906318665,True,handpd:meander,1
P1_image,vgg16,2,PD:0003,1,0.737101674079895,True,handpd:meander,1
P1_image,vgg16,2,PD:0004,1,0.6945295929908752,True,handpd:meander,1
P1_image,vgg16,2,PD:0004,1,0.7075366377830505,True,handpd:meander,1
P1_image,vgg16,2,PD:0005,1,0.6946835517883301,True,handpd:meander,1
P1_image,vgg16,2,PD:0009,1,0.6873015761375427,True,handpd:meander,1
P1_image,vgg16,2,PD:0016,1,0.732354998588562,True,handpd:meander,1
P1_image,vgg16,2,PD:0016,1,0.7261442542076111,True,handpd:meander,1
P1_image,vgg16,2,PD:0023,1,0.6806398630142212,True,handpd:meander,1
P1_image,vgg16,2,PD:0024,1,0.701996386051178,True,handpd:meander,1
P1_image,vgg16,2,PD:0024,1,0.680724561214447,True,handpd:meander,1
P1_image,vgg16,2,PD:0030,1,0.6701648235321045,True,handpd:meander,1
P1_image,vgg16,2,PD:0030,1,0.6973348259925842,True,handpd:meander,1
P1_image,vgg16,2,PD:0031,1,0.6508225202560425,True,handpd:meander,1
P1_image,vgg16,2,PD:0038,1,0.7427758574485779,True,handpd:meander,1
P1_image,vgg16,2,PD:0038,1,0.7367687225341797,True,handpd:meander,1
P1_image,vgg16,2,PD:0044,1,0.7009684443473816,True,handpd:meander,1
P1_image,vgg16,2,PD:0045,1,0.7292912006378174,True,handpd:meander,1
P1_image,vgg16,2,PD:0051,1,0.6742212772369385,True,handpd:meander,1
P1_image,vgg16,2,PD:0053,1,0.6913008689880371,True,handpd:meander,1
P1_image,vgg16,2,PD:0054,1,0.6976448893547058,True,handpd:meander,1
P1_image,vgg16,2,PD:0134,1,0.7071284651756287,True,handpd:meander,1
P1_image,vgg16,2,PD:0134,1,0.7353415489196777,True,handpd:meander,1
P1_image,vgg16,2,PD:0134,1,0.7356206178665161,True,handpd:meander,1
P1_image,vgg16,2,PD:0136,1,0.7098066210746765,True,handpd:meander,1
P1_image,vgg16,2,PD:0138,1,0.6970759630203247,True,handpd:meander,1
P1_image,vgg16,2,PD:0143,1,0.7396873831748962,True,handpd:meander,1
P1_image,vgg16,2,PD:0143,1,0.7106779217720032,True,handpd:meander,1
P1_image,vgg16,2,PD:0148,1,0.7604501247406006,True,handpd:meander,1
P1_image,vgg16,2,PD:0148,1,0.7112258672714233,True,handpd:meander,1
P1_image,vgg16,2,PD:0157,1,0.7002014517784119,True,handpd:meander,1
P1_image,vgg16,2,PD:0161,1,0.7070360779762268,True,handpd:meander,1
P1_image,vgg16,2,PD:0166,1,0.6980568766593933,True,handpd:meander,1
P1_image,vgg16,2,PD:0166,1,0.6799023151397705,True,handpd:meander,1
P1_image,vgg16,2,PD:0170,1,0.7365390062332153,True,handpd:meander,1
P1_image,vgg16,2,PD:0170,1,0.7751829624176025,True,handpd:meander,1
P1_image,vgg16,2,PD:0174,1,0.7897387146949768,True,handpd:meander,1
P1_image,vgg16,2,PD:0174,1,0.7735636234283447,True,handpd:meander,1
P1_image,vgg16,2,PD:0181,1,0.6953164339065552,True,handpd:meander,1
P1_image,vgg16,2,PD:0181,1,0.7004477977752686,True,handpd:meander,1
P1_image,vgg16,2,PD:0182,1,0.6811560988426208,True,handpd:meander,1
P1_image,vgg16,2,PD:0182,1,0.7081344723701477,True,handpd:meander,1
P1_image,vgg16,2,PD:0182,1,0.700295627117157,True,handpd:meander,1
P1_image,vgg16,2,PD:0186,1,0.6956872344017029,True,handpd:meander,1
P1_image,vgg16,2,PD:0187,1,0.6804807782173157,True,handpd:meander,1
P1_image,vgg16,2,PD:0188,1,0.6723771691322327,True,handpd:meander,1
P1_image,vgg16,2,PD:0188,1,0.6750175952911377,True,handpd:meander,1
P1_image,vgg16,2,PD:0192,1,0.6914826035499573,True,handpd:meander,1
P1_image,vgg16,2,PD:0192,1,0.7174380421638489,True,handpd:meander,1
P1_image,vgg16,2,PD:0196,1,0.6960065364837646,True,handpd:meander,1
P1_image,vgg16,2,PD:0196,1,0.6746378540992737,True,handpd:meander,1
P1_image,vgg16,2,PD:0197,1,0.6988292336463928,True,handpd:meander,1
P1_image,vgg16,2,PD:0198,1,0.7198520302772522,True,handpd:meander,1
P1_image,vgg16,2,PD:0202,1,0.6682747602462769,True,handpd:meander,1
P1_image,vgg16,2,PD:0202,1,0.6831001043319702,True,handpd:meander,1
P1_image,vgg16,2,PD:0207,1,0.7498579025268555,True,handpd:meander,1
P1_image,vgg16,2,PD:0213,1,0.7161162495613098,True,handpd:meander,1
P1_image,vgg16,2,PD:0213,1,0.6847283244132996,True,handpd:meander,1
P1_image,vgg16,2,PD:0214,1,0.702387273311615,True,handpd:meander,1
P1_image,vgg16,2,PD:0218,1,0.6698158979415894,True,handpd:meander,1
P1_image,vgg16,2,PD:0219,1,0.6817424297332764,True,handpd:meander,1
P1_image,vgg16,2,PD:0219,1,0.6815465688705444,True,handpd:meander,1
P1_image,vgg16,2,PD:0223,1,0.7002683281898499,True,handpd:meander,1
P1_image,vgg16,2,PD:0223,1,0.6866865158081055,True,handpd:meander,1
P1_image,vgg16,2,PD:0223,1,0.6841561794281006,True,handpd:meander,1
P1_image,vgg16,2,PD:0228,1,0.7496097087860107,True,handpd:meander,1
P1_image,vgg16,2,PD:0229,1,0.743224024772644,True,handpd:meander,1
P1_image,vgg16,2,PD:0229,1,0.7486768960952759,True,handpd:meander,1
P1_image,vgg16,2,PD:0235,1,0.7789139747619629,False,handpd:meander,1
P1_image,vgg16,2,PD:0235,1,0.7795208692550659,False,handpd:meander,1
P1_image,vgg16,2,PD:0235,1,0.7354839444160461,False,handpd:meander,1
P1_image,vgg16,2,PD:0235,1,0.7347647547721863,False,handpd:meander,1
P1_image,vgg16,2,PD:0236,1,0.7967325448989868,True,handpd:meander,1
P1_image,vgg16,2,PD:0236,1,0.7756578922271729,True,handpd:meander,1
P1_image,vgg16,2,PD:0240,1,0.7092683911323547,True,handpd:meander,1
P1_image,vgg16,2,PD:0240,1,0.7279762625694275,True,handpd:meander,1
P1_image,vgg16,2,PD:0241,1,0.7373886704444885,True,handpd:meander,1
P1_image,vgg16,2,PD:0242,1,0.6966552734375,True,handpd:meander,1
P1_image,vgg16,2,PD:0246,1,0.7391323447227478,True,handpd:meander,1
P1_image,vgg16,2,PD:0247,1,0.7519899606704712,True,handpd:meander,1
P1_image,vgg16,2,PD:0253,1,0.6903230547904968,True,handpd:meander,1
P1_image,vgg16,2,PD:0253,1,0.6951801776885986,True,handpd:meander,1
P1_image,vgg16,2,PD:0253,1,0.7173786163330078,True,handpd:meander,1
P1_image,vgg16,2,PD:0261,1,0.6710240840911865,True,handpd:meander,1
P1_image,vgg16,2,PD:0261,1,0.6789461374282837,True,handpd:meander,1
P1_image,vgg16,2,PD:0268,1,0.7272204160690308,True,handpd:meander,1
P1_image,vgg16,2,PD:0269,1,0.6780507564544678,True,handpd:meander,1
P1_image,vgg16,2,PD:0269,1,0.7161188721656799,True,handpd:meander,1
P1_image,vgg16,2,PD:0269,1,0.6830430030822754,True,handpd:meander,1
P1_image,vgg16,2,PD:0273,1,0.7265587449073792,True,handpd:meander,1
P1_image,vgg16,2,PD:0274,1,0.7240819931030273,True,handpd:meander,1
P1_image,vgg16,2,PD:0274,1,0.7120605111122131,True,handpd:meander,1
P1_image,vgg16,2,PD:0280,1,0.7198474407196045,True,handpd:meander,1
P1_image,vgg16,2,PD:0280,1,0.7070444226264954,True,handpd:meander,1
P1_image,vgg16,2,PD:0280,1,0.6983165740966797,True,handpd:meander,1
P1_image,vgg16,2,PD:0281,1,0.7410376071929932,True,handpd:meander,1
P2_subject,vgg16,0,HC:0068,0,0.6134947538375854,False,handpd:meander,1
P2_subject,vgg16,0,HC:0068,0,0.5808511972427368,False,handpd:meander,1
P2_subject,vgg16,0,HC:0068,0,0.5781100988388062,False,handpd:meander,1
P2_subject,vgg16,0,HC:0068,0,0.6115968227386475,False,handpd:meander,1
P2_subject,vgg16,0,HC:0092,0,0.609755277633667,False,handpd:meander,1
P2_subject,vgg16,0,HC:0092,0,0.6001701951026917,False,handpd:meander,1
P2_subject,vgg16,0,HC:0092,0,0.5976870059967041,False,handpd:meander,1
P2_subject,vgg16,0,HC:0092,0,0.5962271094322205,False,handpd:meander,1
P2_subject,vgg16,0,HC:0102,0,0.6336807012557983,False,handpd:meander,1
P2_subject,vgg16,0,HC:0102,0,0.6335821151733398,False,handpd:meander,1
P2_subject,vgg16,0,HC:0102,0,0.615422785282135,False,handpd:meander,1
P2_subject,vgg16,0,HC:0102,0,0.6334069967269897,False,handpd:meander,1
P2_subject,vgg16,0,HC:0127,0,0.6471918821334839,False,handpd:meander,1
P2_subject,vgg16,0,HC:0127,0,0.6358233094215393,False,handpd:meander,1
P2_subject,vgg16,0,HC:0127,0,0.6212151050567627,False,handpd:meander,1
P2_subject,vgg16,0,HC:0127,0,0.6041378974914551,False,handpd:meander,1
P2_subject,vgg16,0,HC:0131,0,0.5997430086135864,False,handpd:meander,1
P2_subject,vgg16,0,HC:0131,0,0.5808427929878235,False,handpd:meander,1
P2_subject,vgg16,0,HC:0131,0,0.5830498933792114,False,handpd:meander,1
P2_subject,vgg16,0,HC:0131,0,0.6062802672386169,False,handpd:meander,1
P2_subject,vgg16,0,HC:0295,0,0.8305273652076721,False,handpd:meander,1
P2_subject,vgg16,0,HC:0295,0,0.855683445930481,False,handpd:meander,1
P2_subject,vgg16,0,HC:0295,0,0.8402480483055115,False,handpd:meander,1
P2_subject,vgg16,0,HC:0295,0,0.8689755201339722,False,handpd:meander,1
P2_subject,vgg16,0,PD:0002,1,0.8820061683654785,False,handpd:meander,1
P2_subject,vgg16,0,PD:0002,1,0.8832414746284485,False,handpd:meander,1
P2_subject,vgg16,0,PD:0002,1,0.8167531490325928,False,handpd:meander,1
P2_subject,vgg16,0,PD:0002,1,0.9064679145812988,False,handpd:meander,1
P2_subject,vgg16,0,PD:0009,1,0.7279115915298462,False,handpd:meander,1
P2_subject,vgg16,0,PD:0009,1,0.6700731515884399,False,handpd:meander,1
P2_subject,vgg16,0,PD:0009,1,0.6523417830467224,False,handpd:meander,1
P2_subject,vgg16,0,PD:0009,1,0.6565507054328918,False,handpd:meander,1
P2_subject,vgg16,0,PD:0016,1,0.8035370111465454,False,handpd:meander,1
P2_subject,vgg16,0,PD:0016,1,0.8553180694580078,False,handpd:meander,1
P2_subject,vgg16,0,PD:0016,1,0.8708698153495789,False,handpd:meander,1
P2_subject,vgg16,0,PD:0016,1,0.7932754158973694,False,handpd:meander,1
P2_subject,vgg16,0,PD:0023,1,0.692758321762085,False,handpd:meander,1
P2_subject,vgg16,0,PD:0023,1,0.6332436203956604,False,handpd:meander,1
P2_subject,vgg16,0,PD:0023,1,0.6553224921226501,False,handpd:meander,1
P2_subject,vgg16,0,PD:0023,1,0.7114217281341553,False,handpd:meander,1
P2_subject,vgg16,0,PD:0038,1,0.887190580368042,False,handpd:meander,1
P2_subject,vgg16,0,PD:0038,1,0.8619731664657593,False,handpd:meander,1
P2_subject,vgg16,0,PD:0038,1,0.8605278730392456,False,handpd:meander,1
P2_subject,vgg16,0,PD:0038,1,0.891191840171814,False,handpd:meander,1
P2_subject,vgg16,0,PD:0053,1,0.7610650658607483,False,handpd:meander,1
P2_subject,vgg16,0,PD:0053,1,0.7845137119293213,False,handpd:meander,1
P2_subject,vgg16,0,PD:0053,1,0.6852097511291504,False,handpd:meander,1
P2_subject,vgg16,0,PD:0053,1,0.7854755520820618,False,handpd:meander,1
P2_subject,vgg16,0,PD:0054,1,0.7755293846130371,False,handpd:meander,1
P2_subject,vgg16,0,PD:0054,1,0.7947675585746765,False,handpd:meander,1
P2_subject,vgg16,0,PD:0054,1,0.6910943388938904,False,handpd:meander,1
P2_subject,vgg16,0,PD:0054,1,0.7861030101776123,False,handpd:meander,1
P2_subject,vgg16,0,PD:0136,1,0.8000012040138245,False,handpd:meander,1
P2_subject,vgg16,0,PD:0136,1,0.7815538048744202,False,handpd:meander,1
P2_subject,vgg16,0,PD:0136,1,0.806243896484375,False,handpd:meander,1
P2_subject,vgg16,0,PD:0136,1,0.8079759478569031,False,handpd:meander,1
P2_subject,vgg16,0,PD:0157,1,0.8053883910179138,False,handpd:meander,1
P2_subject,vgg16,0,PD:0157,1,0.7357804179191589,False,handpd:meander,1
P2_subject,vgg16,0,PD:0157,1,0.7659317851066589,False,handpd:meander,1
P2_subject,vgg16,0,PD:0157,1,0.7427460551261902,False,handpd:meander,1
P2_subject,vgg16,0,PD:0161,1,0.7927880883216858,False,handpd:meander,1
P2_subject,vgg16,0,PD:0161,1,0.7926706075668335,False,handpd:meander,1
P2_subject,vgg16,0,PD:0161,1,0.7431252598762512,False,handpd:meander,1
P2_subject,vgg16,0,PD:0161,1,0.8409885168075562,False,handpd:meander,1
P2_subject,vgg16,0,PD:0165,1,0.6227989792823792,False,handpd:meander,1
P2_subject,vgg16,0,PD:0165,1,0.6257939338684082,False,handpd:meander,1
P2_subject,vgg16,0,PD:0165,1,0.621720552444458,False,handpd:meander,1
P2_subject,vgg16,0,PD:0165,1,0.5901796221733093,False,handpd:meander,1
P2_subject,vgg16,0,PD:0176,1,0.9069123268127441,False,handpd:meander,1
P2_subject,vgg16,0,PD:0176,1,0.8149850964546204,False,handpd:meander,1
P2_subject,vgg16,0,PD:0176,1,0.8139263987541199,False,handpd:meander,1
P2_subject,vgg16,0,PD:0176,1,0.8301036357879639,False,handpd:meander,1
P2_subject,vgg16,0,PD:0182,1,0.7696401476860046,False,handpd:meander,1
P2_subject,vgg16,0,PD:0182,1,0.6866422295570374,False,handpd:meander,1
P2_subject,vgg16,0,PD:0182,1,0.7239885330200195,False,handpd:meander,1
P2_subject,vgg16,0,PD:0182,1,0.7445175051689148,False,handpd:meander,1
P2_subject,vgg16,0,PD:0186,1,0.658740758895874,False,handpd:meander,1
P2_subject,vgg16,0,PD:0186,1,0.7303875684738159,False,handpd:meander,1
P2_subject,vgg16,0,PD:0186,1,0.7545928359031677,False,handpd:meander,1
P2_subject,vgg16,0,PD:0186,1,0.7244539856910706,False,handpd:meander,1
P2_subject,vgg16,0,PD:0203,1,0.6992309093475342,False,handpd:meander,1
P2_subject,vgg16,0,PD:0203,1,0.7456396222114563,False,handpd:meander,1
P2_subject,vgg16,0,PD:0203,1,0.6935755610466003,False,handpd:meander,1
P2_subject,vgg16,0,PD:0203,1,0.7022886276245117,False,handpd:meander,1
P2_subject,vgg16,0,PD:0219,1,0.7308006882667542,False,handpd:meander,1
P2_subject,vgg16,0,PD:0219,1,0.669642984867096,False,handpd:meander,1
P2_subject,vgg16,0,PD:0219,1,0.6974385976791382,False,handpd:meander,1
P2_subject,vgg16,0,PD:0219,1,0.7097598314285278,False,handpd:meander,1
P2_subject,vgg16,0,PD:0229,1,0.9728083610534668,False,handpd:meander,1
P2_subject,vgg16,0,PD:0229,1,0.9730890989303589,False,handpd:meander,1
P2_subject,vgg16,0,PD:0229,1,0.9482225179672241,False,handpd:meander,1
P2_subject,vgg16,0,PD:0229,1,0.9601817727088928,False,handpd:meander,1
P2_subject,vgg16,0,PD:0236,1,0.9751281142234802,False,handpd:meander,1
P2_subject,vgg16,0,PD:0236,1,0.9829198122024536,False,handpd:meander,1
P2_subject,vgg16,0,PD:0236,1,0.9581785798072815,False,handpd:meander,1
P2_subject,vgg16,0,PD:0236,1,0.9808835983276367,False,handpd:meander,1
P2_subject,vgg16,0,PD:0240,1,0.81298828125,False,handpd:meander,1
P2_subject,vgg16,0,PD:0240,1,0.7930189967155457,False,handpd:meander,1
P2_subject,vgg16,0,PD:0240,1,0.7962940335273743,False,handpd:meander,1
P2_subject,vgg16,0,PD:0240,1,0.7949495911598206,False,handpd:meander,1
P2_subject,vgg16,0,PD:0242,1,0.8391425013542175,False,handpd:meander,1
P2_subject,vgg16,0,PD:0242,1,0.8184745907783508,False,handpd:meander,1
P2_subject,vgg16,0,PD:0242,1,0.8784155249595642,False,handpd:meander,1
P2_subject,vgg16,0,PD:0242,1,0.8265849947929382,False,handpd:meander,1
P2_subject,vgg16,0,PD:0254,1,0.7848464250564575,False,handpd:meander,1
P2_subject,vgg16,0,PD:0254,1,0.7791507244110107,False,handpd:meander,1
P2_subject,vgg16,0,PD:0254,1,0.7240860462188721,False,handpd:meander,1
P2_subject,vgg16,0,PD:0254,1,0.81520676612854,False,handpd:meander,1
P2_subject,vgg16,0,PD:0261,1,0.7531855702400208,False,handpd:meander,1
P2_subject,vgg16,0,PD:0261,1,0.7262917757034302,False,handpd:meander,1
P2_subject,vgg16,0,PD:0261,1,0.6337302923202515,False,handpd:meander,1
P2_subject,vgg16,0,PD:0261,1,0.6908478140830994,False,handpd:meander,1
P2_subject,vgg16,0,PD:0269,1,0.7352172136306763,False,handpd:meander,1
P2_subject,vgg16,0,PD:0269,1,0.7327703237533569,False,handpd:meander,1
P2_subject,vgg16,0,PD:0269,1,0.7381662130355835,False,handpd:meander,1
P2_subject,vgg16,0,PD:0269,1,0.7671821713447571,False,handpd:meander,1
P2_subject,vgg16,0,PD:0273,1,0.7367509603500366,False,handpd:meander,1
P2_subject,vgg16,0,PD:0273,1,0.7090902924537659,False,handpd:meander,1
P2_subject,vgg16,0,PD:0273,1,0.7714988589286804,False,handpd:meander,1
P2_subject,vgg16,0,PD:0273,1,0.7647689580917358,False,handpd:meander,1
P2_subject,vgg16,0,PD:0280,1,0.7425462007522583,False,handpd:meander,1
P2_subject,vgg16,0,PD:0280,1,0.737127423286438,False,handpd:meander,1
P2_subject,vgg16,0,PD:0280,1,0.7101526260375977,False,handpd:meander,1
P2_subject,vgg16,0,PD:0280,1,0.7251257300376892,False,handpd:meander,1
P2_subject,vgg16,1,HC:0100,0,0.7691789269447327,False,handpd:meander,1
P2_subject,vgg16,1,HC:0100,0,0.7518271207809448,False,handpd:meander,1
P2_subject,vgg16,1,HC:0100,0,0.8371443152427673,False,handpd:meander,1
P2_subject,vgg16,1,HC:0100,0,0.7515502572059631,False,handpd:meander,1
P2_subject,vgg16,1,HC:0106,0,0.8358142375946045,False,handpd:meander,1
P2_subject,vgg16,1,HC:0106,0,0.8245204091072083,False,handpd:meander,1
P2_subject,vgg16,1,HC:0106,0,0.8232365250587463,False,handpd:meander,1
P2_subject,vgg16,1,HC:0106,0,0.7822084426879883,False,handpd:meander,1
P2_subject,vgg16,1,HC:0129,0,0.7412340641021729,False,handpd:meander,1
P2_subject,vgg16,1,HC:0129,0,0.7863553762435913,False,handpd:meander,1
P2_subject,vgg16,1,HC:0129,0,0.7589861750602722,False,handpd:meander,1
P2_subject,vgg16,1,HC:0129,0,0.790915846824646,False,handpd:meander,1
P2_subject,vgg16,1,HC:0287,0,0.9036375284194946,False,handpd:meander,1
P2_subject,vgg16,1,HC:0287,0,0.9484253525733948,False,handpd:meander,1
P2_subject,vgg16,1,HC:0287,0,0.9528650045394897,False,handpd:meander,1
P2_subject,vgg16,1,HC:0287,0,0.9462679028511047,False,handpd:meander,1
P2_subject,vgg16,1,HC:0289,0,0.8493972420692444,False,handpd:meander,1
P2_subject,vgg16,1,HC:0289,0,0.8700651526451111,False,handpd:meander,1
P2_subject,vgg16,1,HC:0289,0,0.8360909223556519,False,handpd:meander,1
P2_subject,vgg16,1,HC:0289,0,0.8767312169075012,False,handpd:meander,1
P2_subject,vgg16,1,HC:0305,0,0.9842430353164673,False,handpd:meander,1
P2_subject,vgg16,1,HC:0305,0,0.981868326663971,False,handpd:meander,1
P2_subject,vgg16,1,HC:0305,0,0.9632813930511475,False,handpd:meander,1
P2_subject,vgg16,1,HC:0305,0,0.972008228302002,False,handpd:meander,1
P2_subject,vgg16,1,PD:0003,1,0.9983312487602234,False,handpd:meander,1
P2_subject,vgg16,1,PD:0003,1,0.99359530210495,False,handpd:meander,1
P2_subject,vgg16,1,PD:0003,1,0.991860568523407,False,handpd:meander,1
P2_subject,vgg16,1,PD:0003,1,0.9902153015136719,False,handpd:meander,1
P2_subject,vgg16,1,PD:0004,1,0.970007598400116,False,handpd:meander,1
P2_subject,vgg16,1,PD:0004,1,0.9669140577316284,False,handpd:meander,1
P2_subject,vgg16,1,PD:0004,1,0.9718769192695618,False,handpd:meander,1
P2_subject,vgg16,1,PD:0004,1,0.9831758737564087,False,handpd:meander,1
P2_subject,vgg16,1,PD:0010,1,0.9683627486228943,False,handpd:meander,1
P2_subject,vgg16,1,PD:0010,1,0.9837716221809387,False,handpd:meander,1
P2_subject,vgg16,1,PD:0010,1,0.9771646857261658,False,handpd:meander,1
P2_subject,vgg16,1,PD:0010,1,0.9764560461044312,False,handpd:meander,1
P2_subject,vgg16,1,PD:0030,1,0.9223310947418213,False,handpd:meander,1
P2_subject,vgg16,1,PD:0030,1,0.9120291471481323,False,handpd:meander,1
P2_subject,vgg16,1,PD:0030,1,0.9578375220298767,False,handpd:meander,1
P2_subject,vgg16,1,PD:0030,1,0.9495433568954468,False,handpd:meander,1
P2_subject,vgg16,1,PD:0037,1,0.9865562915802002,False,handpd:meander,1
P2_subject,vgg16,1,PD:0037,1,0.9810954928398132,False,handpd:meander,1
P2_subject,vgg16,1,PD:0037,1,0.9860467314720154,False,handpd:meander,1
P2_subject,vgg16,1,PD:0037,1,0.9854270219802856,False,handpd:meander,1
P2_subject,vgg16,1,PD:0046,1,0.9950889945030212,False,handpd:meander,1
P2_subject,vgg16,1,PD:0046,1,0.9948440790176392,False,handpd:meander,1
P2_subject,vgg16,1,PD:0046,1,0.9948392510414124,False,handpd:meander,1
P2_subject,vgg16,1,PD:0046,1,0.9973403811454773,False,handpd:meander,1
P2_subject,vgg16,1,PD:0052,1,0.9263575673103333,False,handpd:meander,1
P2_subject,vgg16,1,PD:0052,1,0.9418433904647827,False,handpd:meander,1
P2_subject,vgg16,1,PD:0052,1,0.9144573211669922,False,handpd:meander,1
P2_subject,vgg16,1,PD:0052,1,0.9500795602798462,False,handpd:meander,1
P2_subject,vgg16,1,PD:0138,1,0.902121901512146,False,handpd:meander,1
P2_subject,vgg16,1,PD:0138,1,0.8762985467910767,False,handpd:meander,1
P2_subject,vgg16,1,PD:0138,1,0.8127604722976685,False,handpd:meander,1
P2_subject,vgg16,1,PD:0138,1,0.9559879899024963,False,handpd:meander,1
P2_subject,vgg16,1,PD:0148,1,0.9795919060707092,False,handpd:meander,1
P2_subject,vgg16,1,PD:0148,1,0.989750325679779,False,handpd:meander,1
P2_subject,vgg16,1,PD:0148,1,0.9883379340171814,False,handpd:meander,1
P2_subject,vgg16,1,PD:0148,1,0.9778803586959839,False,handpd:meander,1
P2_subject,vgg16,1,PD:0149,1,0.9875597357749939,False,handpd:meander,1
P2_subject,vgg16,1,PD:0149,1,0.9815203547477722,False,handpd:meander,1
P2_subject,vgg16,1,PD:0149,1,0.9810935854911804,False,handpd:meander,1
P2_subject,vgg16,1,PD:0149,1,0.9852294325828552,False,handpd:meander,1
P2_subject,vgg16,1,PD:0153,1,0.8352994322776794,False,handpd:meander,1
P2_subject,vgg16,1,PD:0153,1,0.824207067489624,False,handpd:meander,1
P2_subject,vgg16,1,PD:0153,1,0.748113214969635,False,handpd:meander,1
P2_subject,vgg16,1,PD:0153,1,0.7912344336509705,False,handpd:meander,1
P2_subject,vgg16,1,PD:0166,1,0.943125307559967,False,handpd:meander,1
P2_subject,vgg16,1,PD:0166,1,0.9482763409614563,False,handpd:meander,1
P2_subject,vgg16,1,PD:0166,1,0.9060730934143066,False,handpd:meander,1
P2_subject,vgg16,1,PD:0166,1,0.9362209439277649,False,handpd:meander,1
P2_subject,vgg16,1,PD:0174,1,0.9961850047111511,False,handpd:meander,1
P2_subject,vgg16,1,PD:0174,1,0.9966633915901184,False,handpd:meander,1
P2_subject,vgg16,1,PD:0174,1,0.9988189339637756,False,handpd:meander,1
P2_subject,vgg16,1,PD:0174,1,0.996823787689209,False,handpd:meander,1
P2_subject,vgg16,1,PD:0177,1,0.9858546853065491,False,handpd:meander,1
P2_subject,vgg16,1,PD:0177,1,0.9210137724876404,False,handpd:meander,1
P2_subject,vgg16,1,PD:0177,1,0.9608186483383179,False,handpd:meander,1
P2_subject,vgg16,1,PD:0177,1,0.9845992922782898,False,handpd:meander,1
P2_subject,vgg16,1,PD:0188,1,0.9237924218177795,False,handpd:meander,1
P2_subject,vgg16,1,PD:0188,1,0.9090697169303894,False,handpd:meander,1
P2_subject,vgg16,1,PD:0188,1,0.9071581959724426,False,handpd:meander,1
P2_subject,vgg16,1,PD:0188,1,0.940222442150116,False,handpd:meander,1
P2_subject,vgg16,1,PD:0197,1,0.9284665584564209,False,handpd:meander,1
P2_subject,vgg16,1,PD:0197,1,0.918388843536377,False,handpd:meander,1
P2_subject,vgg16,1,PD:0197,1,0.9267088174819946,False,handpd:meander,1
P2_subject,vgg16,1,PD:0197,1,0.9708449244499207,False,handpd:meander,1
P2_subject,vgg16,1,PD:0213,1,0.9939660429954529,False,handpd:meander,1
P2_subject,vgg16,1,PD:0213,1,0.9933820962905884,False,handpd:meander,1
P2_subject,vgg16,1,PD:0213,1,0.9891995191574097,False,handpd:meander,1
P2_subject,vgg16,1,PD:0213,1,0.9828610420227051,False,handpd:meander,1
P2_subject,vgg16,1,PD:0214,1,0.9972870349884033,False,handpd:meander,1
P2_subject,vgg16,1,PD:0214,1,0.9913568496704102,False,handpd:meander,1
P2_subject,vgg16,1,PD:0214,1,0.9947503209114075,False,handpd:meander,1
P2_subject,vgg16,1,PD:0214,1,0.9745440483093262,False,handpd:meander,1
P2_subject,vgg16,1,PD:0228,1,0.9978220462799072,False,handpd:meander,1
P2_subject,vgg16,1,PD:0228,1,0.9823002219200134,False,handpd:meander,1
P2_subject,vgg16,1,PD:0228,1,0.9936944842338562,False,handpd:meander,1
P2_subject,vgg16,1,PD:0228,1,0.9929357171058655,False,handpd:meander,1
P2_subject,vgg16,1,PD:0230,1,0.9998039603233337,False,handpd:meander,1
P2_subject,vgg16,1,PD:0230,1,0.9995461106300354,False,handpd:meander,1
P2_subject,vgg16,1,PD:0230,1,0.999396562576294,False,handpd:meander,1
P2_subject,vgg16,1,PD:0230,1,0.9989997744560242,False,handpd:meander,1
P2_subject,vgg16,1,PD:0235,1,0.9985815286636353,False,handpd:meander,1
P2_subject,vgg16,1,PD:0235,1,0.9960250854492188,False,handpd:meander,1
P2_subject,vgg16,1,PD:0235,1,0.991935133934021,False,handpd:meander,1
P2_subject,vgg16,1,PD:0235,1,0.9975124597549438,False,handpd:meander,1
P2_subject,vgg16,1,PD:0241,1,0.9925585985183716,False,handpd:meander,1
P2_subject,vgg16,1,PD:0241,1,0.9951426982879639,False,handpd:meander,1
P2_subject,vgg16,1,PD:0241,1,0.9976994395256042,False,handpd:meander,1
P2_subject,vgg16,1,PD:0241,1,0.9945268034934998,False,handpd:meander,1
P2_subject,vgg16,1,PD:0247,1,0.9959406852722168,False,handpd:meander,1
P2_subject,vgg16,1,PD:0247,1,0.9894090890884399,False,handpd:meander,1
P2_subject,vgg16,1,PD:0247,1,0.9956619143486023,False,handpd:meander,1
P2_subject,vgg16,1,PD:0247,1,0.9941564798355103,False,handpd:meander,1
P2_subject,vgg16,1,PD:0253,1,0.9290196299552917,False,handpd:meander,1
P2_subject,vgg16,1,PD:0253,1,0.9399654865264893,False,handpd:meander,1
P2_subject,vgg16,1,PD:0253,1,0.9268806576728821,False,handpd:meander,1
P2_subject,vgg16,1,PD:0253,1,0.9007810354232788,False,handpd:meander,1
P2_subject,vgg16,1,PD:0281,1,0.9906660914421082,False,handpd:meander,1
P2_subject,vgg16,1,PD:0281,1,0.9519009590148926,False,handpd:meander,1
P2_subject,vgg16,1,PD:0281,1,0.9661621451377869,False,handpd:meander,1
P2_subject,vgg16,1,PD:0281,1,0.9813657999038696,False,handpd:meander,1
P2_subject,vgg16,2,HC:0098,0,0.9655866026878357,False,handpd:meander,1
P2_subject,vgg16,2,HC:0098,0,0.9916021227836609,False,handpd:meander,1
P2_subject,vgg16,2,HC:0098,0,0.9787445068359375,False,handpd:meander,1
P2_subject,vgg16,2,HC:0098,0,0.991710901260376,False,handpd:meander,1
P2_subject,vgg16,2,HC:0104,0,0.9592138528823853,False,handpd:meander,1
P2_subject,vgg16,2,HC:0104,0,0.9797516465187073,False,handpd:meander,1
P2_subject,vgg16,2,HC:0104,0,0.980582058429718,False,handpd:meander,1
P2_subject,vgg16,2,HC:0104,0,0.989401638507843,False,handpd:meander,1
P2_subject,vgg16,2,HC:0112,0,0.9821463227272034,False,handpd:meander,1
P2_subject,vgg16,2,HC:0112,0,0.9908599853515625,False,handpd:meander,1
P2_subject,vgg16,2,HC:0112,0,0.9819540977478027,False,handpd:meander,1
P2_subject,vgg16,2,HC:0112,0,0.9765971302986145,False,handpd:meander,1
P2_subject,vgg16,2,HC:0116,0,0.9904680848121643,False,handpd:meander,1
P2_subject,vgg16,2,HC:0116,0,0.9716395139694214,False,handpd:meander,1
P2_subject,vgg16,2,HC:0116,0,0.9824894666671753,False,handpd:meander,1
P2_subject,vgg16,2,HC:0116,0,0.975835382938385,False,handpd:meander,1
P2_subject,vgg16,2,HC:0293,0,0.9845816493034363,False,handpd:meander,1
P2_subject,vgg16,2,HC:0293,0,0.9687300324440002,False,handpd:meander,1
P2_subject,vgg16,2,HC:0293,0,0.9821666479110718,False,handpd:meander,1
P2_subject,vgg16,2,HC:0293,0,0.9915804266929626,False,handpd:meander,1
P2_subject,vgg16,2,HC:0297,0,0.9960422515869141,False,handpd:meander,1
P2_subject,vgg16,2,HC:0297,0,0.993285596370697,False,handpd:meander,1
P2_subject,vgg16,2,HC:0297,0,0.9934632778167725,False,handpd:meander,1
P2_subject,vgg16,2,HC:0297,0,0.9925131797790527,False,handpd:meander,1
P2_subject,vgg16,2,PD:0005,1,0.998862624168396,False,handpd:meander,1
P2_subject,vgg16,2,PD:0005,1,0.9978705644607544,False,handpd:meander,1
P2_subject,vgg16,2,PD:0005,1,0.9987492561340332,False,handpd:meander,1
P2_subject,vgg16,2,PD:0005,1,0.9993904829025269,False,handpd:meander,1
P2_subject,vgg16,2,PD:0024,1,0.9920576214790344,False,handpd:meander,1
P2_subject,vgg16,2,PD:0024,1,0.996196985244751,False,handpd:meander,1
P2_subject,vgg16,2,PD:0024,1,0.9883872866630554,False,handpd:meander,1
P2_subject,vgg16,2,PD:0024,1,0.9977362155914307,False,handpd:meander,1
P2_subject,vgg16,2,PD:0031,1,0.9875562787055969,False,handpd:meander,1
P2_subject,vgg16,2,PD:0031,1,0.9845144152641296,False,handpd:meander,1
P2_subject,vgg16,2,PD:0031,1,0.9896251559257507,False,handpd:meander,1
P2_subject,vgg16,2,PD:0031,1,0.9831722974777222,False,handpd:meander,1
P2_subject,vgg16,2,PD:0044,1,0.9998290538787842,False,handpd:meander,1
P2_subject,vgg16,2,PD:0044,1,0.9996019005775452,False,handpd:meander,1
P2_subject,vgg16,2,PD:0044,1,0.9999810457229614,False,handpd:meander,1
P2_subject,vgg16,2,PD:0044,1,0.999889612197876,False,handpd:meander,1
P2_subject,vgg16,2,PD:0045,1,0.9999551773071289,False,handpd:meander,1
P2_subject,vgg16,2,PD:0045,1,0.9999256134033203,False,handpd:meander,1
P2_subject,vgg16,2,PD:0045,1,0.9999806880950928,False,handpd:meander,1
P2_subject,vgg16,2,PD:0045,1,0.9999773502349854,False,handpd:meander,1
P2_subject,vgg16,2,PD:0051,1,0.9970139265060425,False,handpd:meander,1
P2_subject,vgg16,2,PD:0051,1,0.9975323677062988,False,handpd:meander,1
P2_subject,vgg16,2,PD:0051,1,0.9939063191413879,False,handpd:meander,1
P2_subject,vgg16,2,PD:0051,1,0.9948185086250305,False,handpd:meander,1
P2_subject,vgg16,2,PD:0134,1,0.9995574355125427,False,handpd:meander,1
P2_subject,vgg16,2,PD:0134,1,0.9997257590293884,False,handpd:meander,1
P2_subject,vgg16,2,PD:0134,1,0.9999427795410156,False,handpd:meander,1
P2_subject,vgg16,2,PD:0134,1,0.9997623562812805,False,handpd:meander,1
P2_subject,vgg16,2,PD:0139,1,0.9979034662246704,False,handpd:meander,1
P2_subject,vgg16,2,PD:0139,1,0.9970110654830933,False,handpd:meander,1
P2_subject,vgg16,2,PD:0139,1,0.9934337139129639,False,handpd:meander,1
P2_subject,vgg16,2,PD:0139,1,0.9923658967018127,False,handpd:meander,1
P2_subject,vgg16,2,PD:0143,1,0.9993139505386353,False,handpd:meander,1
P2_subject,vgg16,2,PD:0143,1,0.9988616704940796,False,handpd:meander,1
P2_subject,vgg16,2,PD:0143,1,0.9986022114753723,False,handpd:meander,1
P2_subject,vgg16,2,PD:0143,1,0.9990345239639282,False,handpd:meander,1
P2_subject,vgg16,2,PD:0170,1,0.9999996423721313,False,handpd:meander,1
P2_subject,vgg16,2,PD:0170,1,0.9999997615814209,False,handpd:meander,1
P2_subject,vgg16,2,PD:0170,1,0.9999998807907104,False,handpd:meander,1
P2_subject,vgg16,2,PD:0170,1,0.9999997615814209,False,handpd:meander,1
P2_subject,vgg16,2,PD:0181,1,0.9981769323348999,False,handpd:meander,1
P2_subject,vgg16,2,PD:0181,1,0.9967327117919922,False,handpd:meander,1
P2_subject,vgg16,2,PD:0181,1,0.9991518259048462,False,handpd:meander,1
P2_subject,vgg16,2,PD:0181,1,0.9990591406822205,False,handpd:meander,1
P2_subject,vgg16,2,PD:0187,1,0.9934536218643188,False,handpd:meander,1
P2_subject,vgg16,2,PD:0187,1,0.9917860627174377,False,handpd:meander,1
P2_subject,vgg16,2,PD:0187,1,0.9964602589607239,False,handpd:meander,1
P2_subject,vgg16,2,PD:0187,1,0.9859057664871216,False,handpd:meander,1
P2_subject,vgg16,2,PD:0192,1,0.9993719458580017,False,handpd:meander,1
P2_subject,vgg16,2,PD:0192,1,0.9989742040634155,False,handpd:meander,1
P2_subject,vgg16,2,PD:0192,1,0.999718964099884,False,handpd:meander,1
P2_subject,vgg16,2,PD:0192,1,0.9998377561569214,False,handpd:meander,1
P2_subject,vgg16,2,PD:0196,1,0.9983797073364258,False,handpd:meander,1
P2_subject,vgg16,2,PD:0196,1,0.9963675737380981,False,handpd:meander,1
P2_subject,vgg16,2,PD:0196,1,0.9935331344604492,False,handpd:meander,1
P2_subject,vgg16,2,PD:0196,1,0.9998687505722046,False,handpd:meander,1
P2_subject,vgg16,2,PD:0198,1,0.9969814419746399,False,handpd:meander,1
P2_subject,vgg16,2,PD:0198,1,0.9993452429771423,False,handpd:meander,1
P2_subject,vgg16,2,PD:0198,1,0.9992817044258118,False,handpd:meander,1
P2_subject,vgg16,2,PD:0198,1,0.9996291399002075,False,handpd:meander,1
P2_subject,vgg16,2,PD:0202,1,0.9881248474121094,False,handpd:meander,1
P2_subject,vgg16,2,PD:0202,1,0.9753706455230713,False,handpd:meander,1
P2_subject,vgg16,2,PD:0202,1,0.9814099073410034,False,handpd:meander,1
P2_subject,vgg16,2,PD:0202,1,0.99298495054245,False,handpd:meander,1
P2_subject,vgg16,2,PD:0207,1,0.9995079040527344,False,handpd:meander,1
P2_subject,vgg16,2,PD:0207,1,0.9999111890792847,False,handpd:meander,1
P2_subject,vgg16,2,PD:0207,1,0.9971641898155212,False,handpd:meander,1
P2_subject,vgg16,2,PD:0207,1,0.9968212842941284,False,handpd:meander,1
P2_subject,vgg16,2,PD:0208,1,0.9973540306091309,False,handpd:meander,1
P2_subject,vgg16,2,PD:0208,1,0.9991849064826965,False,handpd:meander,1
P2_subject,vgg16,2,PD:0208,1,0.999038815498352,False,handpd:meander,1
P2_subject,vgg16,2,PD:0208,1,0.9996092915534973,False,handpd:meander,1
P2_subject,vgg16,2,PD:0218,1,0.9873176217079163,False,handpd:meander,1
P2_subject,vgg16,2,PD:0218,1,0.9913120865821838,False,handpd:meander,1
P2_subject,vgg16,2,PD:0218,1,0.9892220497131348,False,handpd:meander,1
P2_subject,vgg16,2,PD:0218,1,0.9920740127563477,False,handpd:meander,1
P2_subject,vgg16,2,PD:0223,1,0.9983810186386108,False,handpd:meander,1
P2_subject,vgg16,2,PD:0223,1,0.9989023208618164,False,handpd:meander,1
P2_subject,vgg16,2,PD:0223,1,0.9947702288627625,False,handpd:meander,1
P2_subject,vgg16,2,PD:0223,1,0.9992625117301941,False,handpd:meander,1
P2_subject,vgg16,2,PD:0234,1,0.9999992847442627,False,handpd:meander,1
P2_subject,vgg16,2,PD:0234,1,0.9998612403869629,False,handpd:meander,1
P2_subject,vgg16,2,PD:0234,1,0.9999997615814209,False,handpd:meander,1
P2_subject,vgg16,2,PD:0234,1,0.999956488609314,False,handpd:meander,1
P2_subject,vgg16,2,PD:0246,1,0.9999903440475464,False,handpd:meander,1
P2_subject,vgg16,2,PD:0246,1,0.9999737739562988,False,handpd:meander,1
P2_subject,vgg16,2,PD:0246,1,0.9998663663864136,False,handpd:meander,1
P2_subject,vgg16,2,PD:0246,1,0.999931812286377,False,handpd:meander,1
P2_subject,vgg16,2,PD:0268,1,0.999376118183136,False,handpd:meander,1
P2_subject,vgg16,2,PD:0268,1,0.9991909861564636,False,handpd:meander,1
P2_subject,vgg16,2,PD:0268,1,0.9982838034629822,False,handpd:meander,1
P2_subject,vgg16,2,PD:0268,1,0.997817873954773,False,handpd:meander,1
P2_subject,vgg16,2,PD:0274,1,0.9999632835388184,False,handpd:meander,1
P2_subject,vgg16,2,PD:0274,1,0.9997034668922424,False,handpd:meander,1
P2_subject,vgg16,2,PD:0274,1,0.9999291896820068,False,handpd:meander,1
P2_subject,vgg16,2,PD:0274,1,0.9994285702705383,False,handpd:meander,1
P1_image,resnet50,0,HC:0068,0,0.8934241533279419,True,handpd:meander,1
P1_image,resnet50,0,HC:0068,0,0.8069063425064087,True,handpd:meander,1
P1_image,resnet50,0,HC:0100,0,0.9377612471580505,True,handpd:meander,1
P1_image,resnet50,0,HC:0102,0,0.696342408657074,True,handpd:meander,1
P1_image,resnet50,0,HC:0112,0,0.6880882382392883,True,handpd:meander,1
P1_image,resnet50,0,HC:0112,0,0.830073893070221,True,handpd:meander,1
P1_image,resnet50,0,HC:0127,0,0.7658078074455261,True,handpd:meander,1
P1_image,resnet50,0,HC:0127,0,0.7909145355224609,True,handpd:meander,1
P1_image,resnet50,0,HC:0127,0,0.5187966823577881,True,handpd:meander,1
P1_image,resnet50,0,HC:0129,0,0.6117221117019653,True,handpd:meander,1
P1_image,resnet50,0,HC:0131,0,0.8495942950248718,True,handpd:meander,1
P1_image,resnet50,0,HC:0131,0,0.9371904730796814,True,handpd:meander,1
P1_image,resnet50,0,HC:0287,0,0.9595372676849365,True,handpd:meander,1
P1_image,resnet50,0,HC:0287,0,0.9474416971206665,True,handpd:meander,1
P1_image,resnet50,0,HC:0289,0,0.9719257950782776,True,handpd:meander,1
P1_image,resnet50,0,HC:0293,0,0.8192305564880371,True,handpd:meander,1
P1_image,resnet50,0,HC:0293,0,0.6775547862052917,True,handpd:meander,1
P1_image,resnet50,0,HC:0295,0,0.9902266263961792,True,handpd:meander,1
P1_image,resnet50,0,HC:0297,0,0.9507502317428589,True,handpd:meander,1
P1_image,resnet50,0,HC:0297,0,0.6982001662254333,True,handpd:meander,1
P1_image,resnet50,0,HC:0297,0,0.8042967319488525,True,handpd:meander,1
P1_image,resnet50,0,HC:0305,0,0.9906484484672546,True,handpd:meander,1
P1_image,resnet50,0,HC:0305,0,0.9998944997787476,True,handpd:meander,1
P1_image,resnet50,0,HC:0305,0,0.9869819283485413,True,handpd:meander,1
P1_image,resnet50,0,PD:0002,1,0.9992345571517944,True,handpd:meander,1
P1_image,resnet50,0,PD:0003,1,0.9990023970603943,True,handpd:meander,1
P1_image,resnet50,0,PD:0009,1,0.8099845051765442,True,handpd:meander,1
P1_image,resnet50,0,PD:0009,1,0.8938257098197937,True,handpd:meander,1
P1_image,resnet50,0,PD:0009,1,0.9581481218338013,True,handpd:meander,1
P1_image,resnet50,0,PD:0010,1,0.9976053237915039,True,handpd:meander,1
P1_image,resnet50,0,PD:0024,1,0.9201188683509827,True,handpd:meander,1
P1_image,resnet50,0,PD:0030,1,0.9986720085144043,True,handpd:meander,1
P1_image,resnet50,0,PD:0031,1,0.7425355315208435,True,handpd:meander,1
P1_image,resnet50,0,PD:0037,1,0.9956856966018677,True,handpd:meander,1
P1_image,resnet50,0,PD:0037,1,0.9998530149459839,True,handpd:meander,1
P1_image,resnet50,0,PD:0038,1,0.999800980091095,True,handpd:meander,1
P1_image,resnet50,0,PD:0044,1,0.9817397594451904,True,handpd:meander,1
P1_image,resnet50,0,PD:0044,1,0.9971551895141602,True,handpd:meander,1
P1_image,resnet50,0,PD:0045,1,0.999996542930603,True,handpd:meander,1
P1_image,resnet50,0,PD:0046,1,0.9996672868728638,True,handpd:meander,1
P1_image,resnet50,0,PD:0046,1,0.9988465309143066,True,handpd:meander,1
P1_image,resnet50,0,PD:0051,1,0.9648894667625427,True,handpd:meander,1
P1_image,resnet50,0,PD:0052,1,0.9400595426559448,True,handpd:meander,1
P1_image,resnet50,0,PD:0052,1,0.9901566505432129,True,handpd:meander,1
P1_image,resnet50,0,PD:0052,1,0.998661994934082,True,handpd:meander,1
P1_image,resnet50,0,PD:0053,1,0.9536876678466797,True,handpd:meander,1
P1_image,resnet50,0,PD:0053,1,0.9977444410324097,True,handpd:meander,1
P1_image,resnet50,0,PD:0054,1,0.9995113611221313,True,handpd:meander,1
P1_image,resnet50,0,PD:0054,1,0.9969270825386047,True,handpd:meander,1
P1_image,resnet50,0,PD:0136,1,0.9796286225318909,True,handpd:meander,1
P1_image,resnet50,0,PD:0136,1,0.9981392621994019,True,handpd:meander,1
P1_image,resnet50,0,PD:0138,1,0.9022944569587708,True,handpd:meander,1
P1_image,resnet50,0,PD:0138,1,0.7568638920783997,True,handpd:meander,1
P1_image,resnet50,0,PD:0139,1,0.8554257154464722,True,handpd:meander,1
P1_image,resnet50,0,PD:0139,1,0.8595467209815979,True,handpd:meander,1
P1_image,resnet50,0,PD:0143,1,0.9972535967826843,True,handpd:meander,1
P1_image,resnet50,0,PD:0143,1,0.9961887001991272,True,handpd:meander,1
P1_image,resnet50,0,PD:0148,1,0.9993255138397217,True,handpd:meander,1
P1_image,resnet50,0,PD:0148,1,0.9952419996261597,True,handpd:meander,1
P1_image,resnet50,0,PD:0149,1,0.9773215651512146,True,handpd:meander,1
P1_image,resnet50,0,PD:0153,1,0.6568059921264648,True,handpd:meander,1
P1_image,resnet50,0,PD:0157,1,0.9608585238456726,True,handpd:meander,1
P1_image,resnet50,0,PD:0161,1,0.9942142367362976,True,handpd:meander,1
P1_image,resnet50,0,PD:0161,1,0.9787036776542664,True,handpd:meander,1
P1_image,resnet50,0,PD:0165,1,0.9725643992424011,True,handpd:meander,1
P1_image,resnet50,0,PD:0165,1,0.7160308361053467,True,handpd:meander,1
P1_image,resnet50,0,PD:0165,1,0.9295833110809326,True,handpd:meander,1
P1_image,resnet50,0,PD:0166,1,0.9540199637413025,True,handpd:meander,1
P1_image,resnet50,0,PD:0170,1,0.980905294418335,True,handpd:meander,1
P1_image,resnet50,0,PD:0170,1,0.9975137710571289,True,handpd:meander,1
P1_image,resnet50,0,PD:0176,1,0.9986578226089478,True,handpd:meander,1
P1_image,resnet50,0,PD:0177,1,0.971882700920105,True,handpd:meander,1
P1_image,resnet50,0,PD:0181,1,0.9547759294509888,True,handpd:meander,1
P1_image,resnet50,0,PD:0181,1,0.8607768416404724,True,handpd:meander,1
P1_image,resnet50,0,PD:0186,1,0.6778541803359985,True,handpd:meander,1
P1_image,resnet50,0,PD:0186,1,0.9925794005393982,True,handpd:meander,1
P1_image,resnet50,0,PD:0186,1,0.99276202917099,True,handpd:meander,1
P1_image,resnet50,0,PD:0187,1,0.9170085191726685,True,handpd:meander,1
P1_image,resnet50,0,PD:0188,1,0.7088686227798462,True,handpd:meander,1
P1_image,resnet50,0,PD:0188,1,0.9906210899353027,True,handpd:meander,1
P1_image,resnet50,0,PD:0192,1,0.9928779006004333,True,handpd:meander,1
P1_image,resnet50,0,PD:0192,1,0.9947675466537476,True,handpd:meander,1
P1_image,resnet50,0,PD:0196,1,0.9798738360404968,True,handpd:meander,1
P1_image,resnet50,0,PD:0196,1,0.9803050756454468,True,handpd:meander,1
P1_image,resnet50,0,PD:0197,1,0.9658826589584351,True,handpd:meander,1
P1_image,resnet50,0,PD:0197,1,0.9995997548103333,True,handpd:meander,1
P1_image,resnet50,0,PD:0198,1,0.9915319085121155,True,handpd:meander,1
P1_image,resnet50,0,PD:0198,1,0.9974918365478516,True,handpd:meander,1
P1_image,resnet50,0,PD:0203,1,0.9839560389518738,True,handpd:meander,1
P1_image,resnet50,0,PD:0203,1,0.9055797457695007,True,handpd:meander,1
P1_image,resnet50,0,PD:0207,1,0.9969522953033447,True,handpd:meander,1
P1_image,resnet50,0,PD:0207,1,0.9922228455543518,True,handpd:meander,1
P1_image,resnet50,0,PD:0208,1,0.9583399295806885,True,handpd:meander,1
P1_image,resnet50,0,PD:0208,1,0.9995539784431458,True,handpd:meander,1
P1_image,resnet50,0,PD:0213,1,0.9909102320671082,True,handpd:meander,1
P1_image,resnet50,0,PD:0218,1,0.9176544547080994,True,handpd:meander,1
P1_image,resnet50,0,PD:0219,1,0.9656571745872498,True,handpd:meander,1
P1_image,resnet50,0,PD:0219,1,0.9960296154022217,True,handpd:meander,1
P1_image,resnet50,0,PD:0223,1,0.994127631187439,True,handpd:meander,1
P1_image,resnet50,0,PD:0229,1,0.9984018206596375,True,handpd:meander,1
P1_image,resnet50,0,PD:0230,1,0.9946163296699524,True,handpd:meander,1
P1_image,resnet50,0,PD:0234,1,0.9995959401130676,True,handpd:meander,1
P1_image,resnet50,0,PD:0234,1,0.9996436834335327,True,handpd:meander,1
P1_image,resnet50,0,PD:0236,1,0.9948117733001709,True,handpd:meander,1
P1_image,resnet50,0,PD:0241,1,0.9999939203262329,True,handpd:meander,1
P1_image,resnet50,0,PD:0241,1,0.9990754127502441,True,handpd:meander,1
P1_image,resnet50,0,PD:0242,1,0.9999352693557739,True,handpd:meander,1
P1_image,resnet50,0,PD:0242,1,0.9996784925460815,True,handpd:meander,1
P1_image,resnet50,0,PD:0247,1,0.9905101656913757,True,handpd:meander,1
P1_image,resnet50,0,PD:0247,1,0.9971543550491333,True,handpd:meander,1
P1_image,resnet50,0,PD:0253,1,0.9993256330490112,True,handpd:meander,1
P1_image,resnet50,0,PD:0254,1,0.9809184074401855,False,handpd:meander,1
P1_image,resnet50,0,PD:0254,1,0.9864647388458252,False,handpd:meander,1
P1_image,resnet50,0,PD:0254,1,0.9976861476898193,False,handpd:meander,1
P1_image,resnet50,0,PD:0254,1,0.9990479350090027,False,handpd:meander,1
P1_image,resnet50,0,PD:0261,1,0.9162033796310425,True,handpd:meander,1
P1_image,resnet50,0,PD:0261,1,0.9342314600944519,True,handpd:meander,1
P1_image,resnet50,0,PD:0268,1,0.9906478524208069,True,handpd:meander,1
P1_image,resnet50,0,PD:0268,1,0.9059333801269531,True,handpd:meander,1
P1_image,resnet50,0,PD:0269,1,0.965496838092804,True,handpd:meander,1
P1_image,resnet50,0,PD:0274,1,0.9934239387512207,True,handpd:meander,1
P1_image,resnet50,0,PD:0274,1,0.9999446868896484,True,handpd:meander,1
P1_image,resnet50,0,PD:0281,1,0.9763489961624146,True,handpd:meander,1
P1_image,resnet50,1,HC:0092,0,0.625755250453949,True,handpd:meander,1
P1_image,resnet50,1,HC:0092,0,0.5878245830535889,True,handpd:meander,1
P1_image,resnet50,1,HC:0098,0,0.6684834361076355,True,handpd:meander,1
P1_image,resnet50,1,HC:0098,0,0.769388735294342,True,handpd:meander,1
P1_image,resnet50,1,HC:0098,0,0.8586352467536926,True,handpd:meander,1
P1_image,resnet50,1,HC:0100,0,0.9194852113723755,True,handpd:meander,1
P1_image,resnet50,1,HC:0100,0,0.6652408242225647,True,handpd:meander,1
P1_image,resnet50,1,HC:0102,0,0.7365338802337646,True,handpd:meander,1
P1_image,resnet50,1,HC:0104,0,0.6956114768981934,True,handpd:meander,1
P1_image,resnet50,1,HC:0106,0,0.6752650737762451,True,handpd:meander,1
P1_image,resnet50,1,HC:0112,0,0.9427482485771179,True,handpd:meander,1
P1_image,resnet50,1,HC:0116,0,0.8135396838188171,False,handpd:meander,1
P1_image,resnet50,1,HC:0116,0,0.7310547828674316,False,handpd:meander,1
P1_image,resnet50,1,HC:0116,0,0.7396852970123291,False,handpd:meander,1
P1_image,resnet50,1,HC:0116,0,0.698357105255127,False,handpd:meander,1
P1_image,resnet50,1,HC:0129,0,0.9573692083358765,True,handpd:meander,1
P1_image,resnet50,1,HC:0131,0,0.6726414561271667,True,handpd:meander,1
P1_image,resnet50,1,HC:0131,0,0.8102006912231445,True,handpd:meander,1
P1_image,resnet50,1,HC:0287,0,0.9131202101707458,True,handpd:meander,1
P1_image,resnet50,1,HC:0289,0,0.8092485070228577,True,handpd:meander,1
P1_image,resnet50,1,HC:0289,0,0.9019166827201843,True,handpd:meander,1
P1_image,resnet50,1,HC:0293,0,0.8660869598388672,True,handpd:meander,1
P1_image,resnet50,1,HC:0295,0,0.9847978949546814,True,handpd:meander,1
P1_image,resnet50,1,HC:0305,0,0.9483103156089783,True,handpd:meander,1
P1_image,resnet50,1,PD:0002,1,0.9925137162208557,True,handpd:meander,1
P1_image,resnet50,1,PD:0003,1,0.9947693943977356,True,handpd:meander,1
P1_image,resnet50,1,PD:0004,1,0.9984409213066101,True,handpd:meander,1
P1_image,resnet50,1,PD:0004,1,0.997340977191925,True,handpd:meander,1
P1_image,resnet50,1,PD:0005,1,0.9075946807861328,True,handpd:meander,1
P1_image,resnet50,1,PD:0005,1,0.994515061378479,True,handpd:meander,1
P1_image,resnet50,1,PD:0005,1,0.9708319902420044,True,handpd:meander,1
P1_image,resnet50,1,PD:0010,1,0.9984214305877686,True,handpd:meander,1
P1_image,resnet50,1,PD:0010,1,0.9987727999687195,True,handpd:meander,1
P1_image,resnet50,1,PD:0010,1,0.9923794269561768,True,handpd:meander,1
P1_image,resnet50,1,PD:0016,1,0.996483325958252,True,handpd:meander,1
P1_image,resnet50,1,PD:0016,1,0.9851919412612915,True,handpd:meander,1
P1_image,resnet50,1,PD:0023,1,0.9320681691169739,True,handpd:meander,1
P1_image,resnet50,1,PD:0023,1,0.8405565619468689,True,handpd:meander,1
P1_image,resnet50,1,PD:0023,1,0.7751061320304871,True,handpd:meander,1
P1_image,resnet50,1,PD:0024,1,0.8829416632652283,True,handpd:meander,1
P1_image,resnet50,1,PD:0030,1,0.9566072821617126,True,handpd:meander,1
P1_image,resnet50,1,PD:0031,1,0.7775406837463379,True,handpd:meander,1
P1_image,resnet50,1,PD:0031,1,0.8433045148849487,True,handpd:meander,1
P1_image,resnet50,1,PD:0037,1,0.9804931282997131,True,handpd:meander,1
P1_image,resnet50,1,PD:0037,1,0.9987407326698303,True,handpd:meander,1
P1_image,resnet50,1,PD:0038,1,0.9992352724075317,True,handpd:meander,1
P1_image,resnet50,1,PD:0044,1,0.9728007912635803,True,handpd:meander,1
P1_image,resnet50,1,PD:0045,1,0.9942774176597595,True,handpd:meander,1
P1_image,resnet50,1,PD:0045,1,0.9989563226699829,True,handpd:meander,1
P1_image,resnet50,1,PD:0046,1,0.9676663875579834,True,handpd:meander,1
P1_image,resnet50,1,PD:0046,1,0.9941522479057312,True,handpd:meander,1
P1_image,resnet50,1,PD:0051,1,0.9301002621650696,True,handpd:meander,1
P1_image,resnet50,1,PD:0051,1,0.9593154191970825,True,handpd:meander,1
P1_image,resnet50,1,PD:0052,1,0.9558267593383789,True,handpd:meander,1
P1_image,resnet50,1,PD:0053,1,0.9587123990058899,True,handpd:meander,1
P1_image,resnet50,1,PD:0054,1,0.9931375980377197,True,handpd:meander,1
P1_image,resnet50,1,PD:0134,1,0.9984612464904785,True,handpd:meander,1
P1_image,resnet50,1,PD:0136,1,0.9731782674789429,True,handpd:meander,1
P1_image,resnet50,1,PD:0138,1,0.9887835383415222,True,handpd:meander,1
P1_image,resnet50,1,PD:0139,1,0.8900936245918274,True,handpd:meander,1
P1_image,resnet50,1,PD:0139,1,0.8885486125946045,True,handpd:meander,1
P1_image,resnet50,1,PD:0149,1,0.9997307658195496,True,handpd:meander,1
P1_image,resnet50,1,PD:0149,1,0.9982861876487732,True,handpd:meander,1
P1_image,resnet50,1,PD:0149,1,0.9983018636703491,True,handpd:meander,1
P1_image,resnet50,1,PD:0153,1,0.812602698802948,True,handpd:meander,1
P1_image,resnet50,1,PD:0153,1,0.7157722115516663,True,handpd:meander,1
P1_image,resnet50,1,PD:0153,1,0.8988766074180603,True,handpd:meander,1
P1_image,resnet50,1,PD:0157,1,0.9837821125984192,True,handpd:meander,1
P1_image,resnet50,1,PD:0157,1,0.9779817461967468,True,handpd:meander,1
P1_image,resnet50,1,PD:0161,1,0.9817525148391724,True,handpd:meander,1
P1_image,resnet50,1,PD:0165,1,0.7178073525428772,True,handpd:meander,1
P1_image,resnet50,1,PD:0166,1,0.9770253896713257,True,handpd:meander,1
P1_image,resnet50,1,PD:0174,1,0.9987159967422485,True,handpd:meander,1
P1_image,resnet50,1,PD:0174,1,0.9960624575614929,True,handpd:meander,1
P1_image,resnet50,1,PD:0176,1,0.9948770403862,True,handpd:meander,1
P1_image,resnet50,1,PD:0176,1,0.9980118274688721,True,handpd:meander,1
P1_image,resnet50,1,PD:0176,1,0.9931204319000244,True,handpd:meander,1
P1_image,resnet50,1,PD:0177,1,0.9962628483772278,True,handpd:meander,1
P1_image,resnet50,1,PD:0177,1,0.9629524350166321,True,handpd:meander,1
P1_image,resnet50,1,PD:0177,1,0.9868298172950745,True,handpd:meander,1
P1_image,resnet50,1,PD:0182,1,0.9681357741355896,True,handpd:meander,1
P1_image,resnet50,1,PD:0187,1,0.8747312426567078,True,handpd:meander,1
P1_image,resnet50,1,PD:0187,1,0.8796983361244202,True,handpd:meander,1
P1_image,resnet50,1,PD:0197,1,0.8245951533317566,True,handpd:meander,1
P1_image,resnet50,1,PD:0198,1,0.9564461708068848,True,handpd:meander,1
P1_image,resnet50,1,PD:0202,1,0.6692942976951599,True,handpd:meander,1
P1_image,resnet50,1,PD:0202,1,0.786117672920227,True,handpd:meander,1
P1_image,resnet50,1,PD:0203,1,0.9568998217582703,True,handpd:meander,1
P1_image,resnet50,1,PD:0203,1,0.8733205199241638,True,handpd:meander,1
P1_image,resnet50,1,PD:0207,1,0.9909576177597046,True,handpd:meander,1
P1_image,resnet50,1,PD:0208,1,0.9031859636306763,True,handpd:meander,1
P1_image,resnet50,1,PD:0208,1,0.9507735967636108,True,handpd:meander,1
P1_image,resnet50,1,PD:0213,1,0.9975294470787048,True,handpd:meander,1
P1_image,resnet50,1,PD:0214,1,0.9936961531639099,True,handpd:meander,1
P1_image,resnet50,1,PD:0214,1,0.9883024096488953,True,handpd:meander,1
P1_image,resnet50,1,PD:0214,1,0.9908137917518616,True,handpd:meander,1
P1_image,resnet50,1,PD:0218,1,0.8957258462905884,True,handpd:meander,1
P1_image,resnet50,1,PD:0218,1,0.9110447764396667,True,handpd:meander,1
P1_image,resnet50,1,PD:0228,1,0.999129593372345,True,handpd:meander,1
P1_image,resnet50,1,PD:0228,1,0.9961475133895874,True,handpd:meander,1
P1_image,resnet50,1,PD:0228,1,0.9978408813476562,True,handpd:meander,1
P1_image,resnet50,1,PD:0229,1,0.9961243271827698,True,handpd:meander,1
P1_image,resnet50,1,PD:0230,1,0.9849981665611267,True,handpd:meander,1
P1_image,resnet50,1,PD:0230,1,0.9848065972328186,True,handpd:meander,1
P1_image,resnet50,1,PD:0230,1,0.9863600134849548,True,handpd:meander,1
P1_image,resnet50,1,PD:0234,1,0.997893750667572,True,handpd:meander,1
P1_image,resnet50,1,PD:0234,1,0.9762364029884338,True,handpd:meander,1
P1_image,resnet50,1,PD:0236,1,0.998996913433075,True,handpd:meander,1
P1_image,resnet50,1,PD:0240,1,0.9915235042572021,True,handpd:meander,1
P1_image,resnet50,1,PD:0240,1,0.9828615188598633,True,handpd:meander,1
P1_image,resnet50,1,PD:0241,1,0.9974368214607239,True,handpd:meander,1
P1_image,resnet50,1,PD:0242,1,0.9910982251167297,True,handpd:meander,1
P1_image,resnet50,1,PD:0246,1,0.9980120658874512,True,handpd:meander,1
P1_image,resnet50,1,PD:0246,1,0.9958006739616394,True,handpd:meander,1
P1_image,resnet50,1,PD:0246,1,0.9974046349525452,True,handpd:meander,1
P1_image,resnet50,1,PD:0247,1,0.9480295181274414,True,handpd:meander,1
P1_image,resnet50,1,PD:0268,1,0.9952661991119385,True,handpd:meander,1
P1_image,resnet50,1,PD:0273,1,0.9858983755111694,True,handpd:meander,1
P1_image,resnet50,1,PD:0273,1,0.9861586689949036,True,handpd:meander,1
P1_image,resnet50,1,PD:0273,1,0.9639654755592346,True,handpd:meander,1
P1_image,resnet50,1,PD:0280,1,0.9952242374420166,True,handpd:meander,1
P1_image,resnet50,1,PD:0281,1,0.8787883520126343,True,handpd:meander,1
P1_image,resnet50,1,PD:0281,1,0.9624558091163635,True,handpd:meander,1
P1_image,resnet50,2,HC:0068,0,0.6213933229446411,True,handpd:meander,1
P1_image,resnet50,2,HC:0068,0,0.6105382442474365,True,handpd:meander,1
P1_image,resnet50,2,HC:0092,0,0.8310863375663757,True,handpd:meander,1
P1_image,resnet50,2,HC:0092,0,0.6555003523826599,True,handpd:meander,1
P1_image,resnet50,2,HC:0098,0,0.7657152414321899,True,handpd:meander,1
P1_image,resnet50,2,HC:0100,0,0.7654684782028198,True,handpd:meander,1
P1_image,resnet50,2,HC:0102,0,0.8728156089782715,True,handpd:meander,1
P1_image,resnet50,2,HC:0102,0,0.7079930901527405,True,handpd:meander,1
P1_image,resnet50,2,HC:0104,0,0.701198160648346,True,handpd:meander,1
P1_image,resnet50,2,HC:0104,0,0.7518709301948547,True,handpd:meander,1
P1_image,resnet50,2,HC:0104,0,0.6989941596984863,True,handpd:meander,1
P1_image,resnet50,2,HC:0106,0,0.45858585834503174,True,handpd:meander,1
P1_image,resnet50,2,HC:0106,0,0.7381378412246704,True,handpd:meander,1
P1_image,resnet50,2,HC:0106,0,0.792505145072937,True,handpd:meander,1
P1_image,resnet50,2,HC:0112,0,0.7376802563667297,True,handpd:meander,1
P1_image,resnet50,2,HC:0127,0,0.8370224237442017,True,handpd:meander,1
P1_image,resnet50,2,HC:0129,0,0.8016008734703064,True,handpd:meander,1
P1_image,resnet50,2,HC:0129,0,0.6410961747169495,True,handpd:meander,1
P1_image,resnet50,2,HC:0287,0,0.7746126651763916,True,handpd:meander,1
P1_image,resnet50,2,HC:0289,0,0.716341495513916,True,handpd:meander,1
P1_image,resnet50,2,HC:0293,0,0.7604718208312988,True,handpd:meander,1
P1_image,resnet50,2,HC:0295,0,0.8085197806358337,True,handpd:meander,1
P1_image,resnet50,2,HC:0295,0,0.926954984664917,True,handpd:meander,1
P1_image,resnet50,2,HC:0297,0,0.8690730929374695,True,handpd:meander,1
P1_image,resnet50,2,PD:0002,1,0.9971627593040466,True,handpd:meander,1
P1_image,resnet50,2,PD:0002,1,0.9796497821807861,True,handpd:meander,1
P1_image,resnet50,2,PD:0003,1,0.9893035888671875,True,handpd:meander,1
P1_image,resnet50,2,PD:0003,1,0.982352077960968,True,handpd:meander,1
P1_image,resnet50,2,PD:0004,1,0.9906976819038391,True,handpd:meander,1
P1_image,resnet50,2,PD:0004,1,0.869773805141449,True,handpd:meander,1
P1_image,resnet50,2,PD:0005,1,0.9231692552566528,True,handpd:meander,1
P1_image,resnet50,2,PD:0009,1,0.8020371198654175,True,handpd:meander,1
P1_image,resnet50,2,PD:0016,1,0.972424328327179,True,handpd:meander,1
P1_image,resnet50,2,PD:0016,1,0.9724063277244568,True,handpd:meander,1
P1_image,resnet50,2,PD:0023,1,0.8549638986587524,True,handpd:meander,1
P1_image,resnet50,2,PD:0024,1,0.8697037100791931,True,handpd:meander,1
P1_image,resnet50,2,PD:0024,1,0.9053719639778137,True,handpd:meander,1
P1_image,resnet50,2,PD:0030,1,0.7720457315444946,True,handpd:meander,1
P1_image,resnet50,2,PD:0030,1,0.8865619897842407,True,handpd:meander,1
P1_image,resnet50,2,PD:0031,1,0.792492151260376,True,handpd:meander,1
P1_image,resnet50,2,PD:0038,1,0.9971019625663757,True,handpd:meander,1
P1_image,resnet50,2,PD:0038,1,0.991178572177887,True,handpd:meander,1
P1_image,resnet50,2,PD:0044,1,0.9942891597747803,True,handpd:meander,1
P1_image,resnet50,2,PD:0045,1,0.9850879311561584,True,handpd:meander,1
P1_image,resnet50,2,PD:0051,1,0.7644697427749634,True,handpd:meander,1
P1_image,resnet50,2,PD:0053,1,0.9033886790275574,True,handpd:meander,1
P1_image,resnet50,2,PD:0054,1,0.7792974710464478,True,handpd:meander,1
P1_image,resnet50,2,PD:0134,1,0.9685056209564209,True,handpd:meander,1
P1_image,resnet50,2,PD:0134,1,0.9814596176147461,True,handpd:meander,1
P1_image,resnet50,2,PD:0134,1,0.9383717179298401,True,handpd:meander,1
P1_image,resnet50,2,PD:0136,1,0.9856609106063843,True,handpd:meander,1
P1_image,resnet50,2,PD:0138,1,0.7442137002944946,True,handpd:meander,1
P1_image,resnet50,2,PD:0143,1,0.9755609035491943,True,handpd:meander,1
P1_image,resnet50,2,PD:0143,1,0.8945093154907227,True,handpd:meander,1
P1_image,resnet50,2,PD:0148,1,0.9889454245567322,True,handpd:meander,1
P1_image,resnet50,2,PD:0148,1,0.9482293725013733,True,handpd:meander,1
P1_image,resnet50,2,PD:0157,1,0.9936770796775818,True,handpd:meander,1
P1_image,resnet50,2,PD:0161,1,0.9622070789337158,True,handpd:meander,1
P1_image,resnet50,2,PD:0166,1,0.9198888540267944,True,handpd:meander,1
P1_image,resnet50,2,PD:0166,1,0.8652975559234619,True,handpd:meander,1
P1_image,resnet50,2,PD:0170,1,0.9595357775688171,True,handpd:meander,1
P1_image,resnet50,2,PD:0170,1,0.9775838851928711,True,handpd:meander,1
P1_image,resnet50,2,PD:0174,1,0.8587024807929993,True,handpd:meander,1
P1_image,resnet50,2,PD:0174,1,0.9992089867591858,True,handpd:meander,1
P1_image,resnet50,2,PD:0181,1,0.7682700157165527,True,handpd:meander,1
P1_image,resnet50,2,PD:0181,1,0.9071041345596313,True,handpd:meander,1
P1_image,resnet50,2,PD:0182,1,0.9522629380226135,True,handpd:meander,1
P1_image,resnet50,2,PD:0182,1,0.981756865978241,True,handpd:meander,1
P1_image,resnet50,2,PD:0182,1,0.9349831342697144,True,handpd:meander,1
P1_image,resnet50,2,PD:0186,1,0.9295251965522766,True,handpd:meander,1
P1_image,resnet50,2,PD:0187,1,0.8882516622543335,True,handpd:meander,1
P1_image,resnet50,2,PD:0188,1,0.8529297709465027,True,handpd:meander,1
P1_image,resnet50,2,PD:0188,1,0.7113504409790039,True,handpd:meander,1
P1_image,resnet50,2,PD:0192,1,0.9340817332267761,True,handpd:meander,1
P1_image,resnet50,2,PD:0192,1,0.9744791388511658,True,handpd:meander,1
P1_image,resnet50,2,PD:0196,1,0.8770757913589478,True,handpd:meander,1
P1_image,resnet50,2,PD:0196,1,0.9271366596221924,True,handpd:meander,1
P1_image,resnet50,2,PD:0197,1,0.8521389365196228,True,handpd:meander,1
P1_image,resnet50,2,PD:0198,1,0.9340910911560059,True,handpd:meander,1
P1_image,resnet50,2,PD:0202,1,0.7794784307479858,True,handpd:meander,1
P1_image,resnet50,2,PD:0202,1,0.891808271408081,True,handpd:meander,1
P1_image,resnet50,2,PD:0207,1,0.8220793008804321,True,handpd:meander,1
P1_image,resnet50,2,PD:0213,1,0.9875617027282715,True,handpd:meander,1
P1_image,resnet50,2,PD:0213,1,0.985519528388977,True,handpd:meander,1
P1_image,resnet50,2,PD:0214,1,0.9901201725006104,True,handpd:meander,1
P1_image,resnet50,2,PD:0218,1,0.8180389404296875,True,handpd:meander,1
P1_image,resnet50,2,PD:0219,1,0.9081844091415405,True,handpd:meander,1
P1_image,resnet50,2,PD:0219,1,0.8982972502708435,True,handpd:meander,1
P1_image,resnet50,2,PD:0223,1,0.9451651573181152,True,handpd:meander,1
P1_image,resnet50,2,PD:0223,1,0.9746029376983643,True,handpd:meander,1
P1_image,resnet50,2,PD:0223,1,0.9589419960975647,True,handpd:meander,1
P1_image,resnet50,2,PD:0228,1,0.9789507985115051,True,handpd:meander,1
P1_image,resnet50,2,PD:0229,1,0.9842565655708313,True,handpd:meander,1
P1_image,resnet50,2,PD:0229,1,0.9990731477737427,True,handpd:meander,1
P1_image,resnet50,2,PD:0235,1,0.9774137735366821,False,handpd:meander,1
P1_image,resnet50,2,PD:0235,1,0.9490123987197876,False,handpd:meander,1
P1_image,resnet50,2,PD:0235,1,0.9852797985076904,False,handpd:meander,1
P1_image,resnet50,2,PD:0235,1,0.9918980598449707,False,handpd:meander,1
P1_image,resnet50,2,PD:0236,1,0.9880011677742004,True,handpd:meander,1
P1_image,resnet50,2,PD:0236,1,0.9897776246070862,True,handpd:meander,1
P1_image,resnet50,2,PD:0240,1,0.9455954432487488,True,handpd:meander,1
P1_image,resnet50,2,PD:0240,1,0.9839948415756226,True,handpd:meander,1
P1_image,resnet50,2,PD:0241,1,0.9804199934005737,True,handpd:meander,1
P1_image,resnet50,2,PD:0242,1,0.9789791703224182,True,handpd:meander,1
P1_image,resnet50,2,PD:0246,1,0.98160719871521,True,handpd:meander,1
P1_image,resnet50,2,PD:0247,1,0.9881077408790588,True,handpd:meander,1
P1_image,resnet50,2,PD:0253,1,0.9382761120796204,True,handpd:meander,1
P1_image,resnet50,2,PD:0253,1,0.9748291969299316,True,handpd:meander,1
P1_image,resnet50,2,PD:0253,1,0.8670533895492554,True,handpd:meander,1
P1_image,resnet50,2,PD:0261,1,0.8173841238021851,True,handpd:meander,1
P1_image,resnet50,2,PD:0261,1,0.8503929972648621,True,handpd:meander,1
P1_image,resnet50,2,PD:0268,1,0.8412799835205078,True,handpd:meander,1
P1_image,resnet50,2,PD:0269,1,0.9686198234558105,True,handpd:meander,1
P1_image,resnet50,2,PD:0269,1,0.898020327091217,True,handpd:meander,1
P1_image,resnet50,2,PD:0269,1,0.9599224925041199,True,handpd:meander,1
P1_image,resnet50,2,PD:0273,1,0.9412012100219727,True,handpd:meander,1
P1_image,resnet50,2,PD:0274,1,0.9468470811843872,True,handpd:meander,1
P1_image,resnet50,2,PD:0274,1,0.8757188320159912,True,handpd:meander,1
P1_image,resnet50,2,PD:0280,1,0.9763548970222473,True,handpd:meander,1
P1_image,resnet50,2,PD:0280,1,0.961186945438385,True,handpd:meander,1
P1_image,resnet50,2,PD:0280,1,0.9447192549705505,True,handpd:meander,1
P1_image,resnet50,2,PD:0281,1,0.9466588497161865,True,handpd:meander,1
P2_subject,resnet50,0,HC:0068,0,0.7463680505752563,False,handpd:meander,1
P2_subject,resnet50,0,HC:0068,0,0.6173306703567505,False,handpd:meander,1
P2_subject,resnet50,0,HC:0068,0,0.6948394179344177,False,handpd:meander,1
P2_subject,resnet50,0,HC:0068,0,0.5997921228408813,False,handpd:meander,1
P2_subject,resnet50,0,HC:0092,0,0.6132391095161438,False,handpd:meander,1
P2_subject,resnet50,0,HC:0092,0,0.6484247446060181,False,handpd:meander,1
P2_subject,resnet50,0,HC:0092,0,0.6937692165374756,False,handpd:meander,1
P2_subject,resnet50,0,HC:0092,0,0.5922500491142273,False,handpd:meander,1
P2_subject,resnet50,0,HC:0102,0,0.7326202392578125,False,handpd:meander,1
P2_subject,resnet50,0,HC:0102,0,0.8643011450767517,False,handpd:meander,1
P2_subject,resnet50,0,HC:0102,0,0.7635108232498169,False,handpd:meander,1
P2_subject,resnet50,0,HC:0102,0,0.8401119112968445,False,handpd:meander,1
P2_subject,resnet50,0,HC:0127,0,0.6952465772628784,False,handpd:meander,1
P2_subject,resnet50,0,HC:0127,0,0.6682497262954712,False,handpd:meander,1
P2_subject,resnet50,0,HC:0127,0,0.6150252223014832,False,handpd:meander,1
P2_subject,resnet50,0,HC:0127,0,0.700795590877533,False,handpd:meander,1
P2_subject,resnet50,0,HC:0131,0,0.7596541047096252,False,handpd:meander,1
P2_subject,resnet50,0,HC:0131,0,0.5774287581443787,False,handpd:meander,1
P2_subject,resnet50,0,HC:0131,0,0.5940395593643188,False,handpd:meander,1
P2_subject,resnet50,0,HC:0131,0,0.6299707293510437,False,handpd:meander,1
P2_subject,resnet50,0,HC:0295,0,0.8792124390602112,False,handpd:meander,1
P2_subject,resnet50,0,HC:0295,0,0.992223858833313,False,handpd:meander,1
P2_subject,resnet50,0,HC:0295,0,0.9455270171165466,False,handpd:meander,1
P2_subject,resnet50,0,HC:0295,0,0.9270992279052734,False,handpd:meander,1
P2_subject,resnet50,0,PD:0002,1,0.9996089339256287,False,handpd:meander,1
P2_subject,resnet50,0,PD:0002,1,0.9990746974945068,False,handpd:meander,1
P2_subject,resnet50,0,PD:0002,1,0.9950096607208252,False,handpd:meander,1
P2_subject,resnet50,0,PD:0002,1,0.9993663430213928,False,handpd:meander,1
P2_subject,resnet50,0,PD:0009,1,0.8256309628486633,False,handpd:meander,1
P2_subject,resnet50,0,PD:0009,1,0.8322707414627075,False,handpd:meander,1
P2_subject,resnet50,0,PD:0009,1,0.8115532398223877,False,handpd:meander,1
P2_subject,resnet50,0,PD:0009,1,0.7186607122421265,False,handpd:meander,1
P2_subject,resnet50,0,PD:0016,1,0.9203880429267883,False,handpd:meander,1
P2_subject,resnet50,0,PD:0016,1,0.9758521914482117,False,handpd:meander,1
P2_subject,resnet50,0,PD:0016,1,0.9706921577453613,False,handpd:meander,1
P2_subject,resnet50,0,PD:0016,1,0.9765224456787109,False,handpd:meander,1
P2_subject,resnet50,0,PD:0023,1,0.959761917591095,False,handpd:meander,1
P2_subject,resnet50,0,PD:0023,1,0.7285696268081665,False,handpd:meander,1
P2_subject,resnet50,0,PD:0023,1,0.889621376991272,False,handpd:meander,1
P2_subject,resnet50,0,PD:0023,1,0.7571149468421936,False,handpd:meander,1
P2_subject,resnet50,0,PD:0038,1,0.9982287287712097,False,handpd:meander,1
P2_subject,resnet50,0,PD:0038,1,0.9910426139831543,False,handpd:meander,1
P2_subject,resnet50,0,PD:0038,1,0.9979246854782104,False,handpd:meander,1
P2_subject,resnet50,0,PD:0038,1,0.9897118806838989,False,handpd:meander,1
P2_subject,resnet50,0,PD:0053,1,0.9291436672210693,False,handpd:meander,1
P2_subject,resnet50,0,PD:0053,1,0.9452270865440369,False,handpd:meander,1
P2_subject,resnet50,0,PD:0053,1,0.8965187668800354,False,handpd:meander,1
P2_subject,resnet50,0,PD:0053,1,0.9611152410507202,False,handpd:meander,1
P2_subject,resnet50,0,PD:0054,1,0.9179837703704834,False,handpd:meander,1
P2_subject,resnet50,0,PD:0054,1,0.9740332365036011,False,handpd:meander,1
P2_subject,resnet50,0,PD:0054,1,0.911512553691864,False,handpd:meander,1
P2_subject,resnet50,0,PD:0054,1,0.95224928855896,False,handpd:meander,1
P2_subject,resnet50,0,PD:0136,1,0.9843693971633911,False,handpd:meander,1
P2_subject,resnet50,0,PD:0136,1,0.913286030292511,False,handpd:meander,1
P2_subject,resnet50,0,PD:0136,1,0.9394052624702454,False,handpd:meander,1
P2_subject,resnet50,0,PD:0136,1,0.9766526222229004,False,handpd:meander,1
P2_subject,resnet50,0,PD:0157,1,0.9932990074157715,False,handpd:meander,1
P2_subject,resnet50,0,PD:0157,1,0.9689621925354004,False,handpd:meander,1
P2_subject,resnet50,0,PD:0157,1,0.8903173208236694,False,handpd:meander,1
P2_subject,resnet50,0,PD:0157,1,0.941821277141571,False,handpd:meander,1
P2_subject,resnet50,0,PD:0161,1,0.8262122869491577,False,handpd:meander,1
P2_subject,resnet50,0,PD:0161,1,0.9266090989112854,False,handpd:meander,1
P2_subject,resnet50,0,PD:0161,1,0.984566867351532,False,handpd:meander,1
P2_subject,resnet50,0,PD:0161,1,0.9897297620773315,False,handpd:meander,1
P2_subject,resnet50,0,PD:0165,1,0.6898705363273621,False,handpd:meander,1
P2_subject,resnet50,0,PD:0165,1,0.6952248215675354,False,handpd:meander,1
P2_subject,resnet50,0,PD:0165,1,0.6617240905761719,False,handpd:meander,1
P2_subject,resnet50,0,PD:0165,1,0.7310847640037537,False,handpd:meander,1
P2_subject,resnet50,0,PD:0176,1,0.9799021482467651,False,handpd:meander,1
P2_subject,resnet50,0,PD:0176,1,0.9596635103225708,False,handpd:meander,1
P2_subject,resnet50,0,PD:0176,1,0.9531406760215759,False,handpd:meander,1
P2_subject,resnet50,0,PD:0176,1,0.9781564474105835,False,handpd:meander,1
P2_subject,resnet50,0,PD:0182,1,0.9829815030097961,False,handpd:meander,1
P2_subject,resnet50,0,PD:0182,1,0.9702621698379517,False,handpd:meander,1
P2_subject,resnet50,0,PD:0182,1,0.972517728805542,False,handpd:meander,1
P2_subject,resnet50,0,PD:0182,1,0.9141536951065063,False,handpd:meander,1
P2_subject,resnet50,0,PD:0186,1,0.8566292524337769,False,handpd:meander,1
P2_subject,resnet50,0,PD:0186,1,0.8873479962348938,False,handpd:meander,1
P2_subject,resnet50,0,PD:0186,1,0.9195833206176758,False,handpd:meander,1
P2_subject,resnet50,0,PD:0186,1,0.9656388759613037,False,handpd:meander,1
P2_subject,resnet50,0,PD:0203,1,0.8702149987220764,False,handpd:meander,1
P2_subject,resnet50,0,PD:0203,1,0.8389710187911987,False,handpd:meander,1
P2_subject,resnet50,0,PD:0203,1,0.8081563711166382,False,handpd:meander,1
P2_subject,resnet50,0,PD:0203,1,0.7181914448738098,False,handpd:meander,1
P2_subject,resnet50,0,PD:0219,1,0.8779311180114746,False,handpd:meander,1
P2_subject,resnet50,0,PD:0219,1,0.8808030486106873,False,handpd:meander,1
P2_subject,resnet50,0,PD:0219,1,0.622919499874115,False,handpd:meander,1
P2_subject,resnet50,0,PD:0219,1,0.7771485447883606,False,handpd:meander,1
P2_subject,resnet50,0,PD:0229,1,0.9954603314399719,False,handpd:meander,1
P2_subject,resnet50,0,PD:0229,1,0.9943800568580627,False,handpd:meander,1
P2_subject,resnet50,0,PD:0229,1,0.9964260458946228,False,handpd:meander,1
P2_subject,resnet50,0,PD:0229,1,0.9965586066246033,False,handpd:meander,1
P2_subject,resnet50,0,PD:0236,1,0.8735431432723999,False,handpd:meander,1
P2_subject,resnet50,0,PD:0236,1,0.99314945936203,False,handpd:meander,1
P2_subject,resnet50,0,PD:0236,1,0.964320182800293,False,handpd:meander,1
P2_subject,resnet50,0,PD:0236,1,0.9985194802284241,False,handpd:meander,1
P2_subject,resnet50,0,PD:0240,1,0.9121526479721069,False,handpd:meander,1
P2_subject,resnet50,0,PD:0240,1,0.9515394568443298,False,handpd:meander,1
P2_subject,resnet50,0,PD:0240,1,0.9704231023788452,False,handpd:meander,1
P2_subject,resnet50,0,PD:0240,1,0.9900050759315491,False,handpd:meander,1
P2_subject,resnet50,0,PD:0242,1,0.9816445112228394,False,handpd:meander,1
P2_subject,resnet50,0,PD:0242,1,0.9780007600784302,False,handpd:meander,1
P2_subject,resnet50,0,PD:0242,1,0.9957683086395264,False,handpd:meander,1
P2_subject,resnet50,0,PD:0242,1,0.9775686860084534,False,handpd:meander,1
P2_subject,resnet50,0,PD:0254,1,0.8299023509025574,False,handpd:meander,1
P2_subject,resnet50,0,PD:0254,1,0.8388314247131348,False,handpd:meander,1
P2_subject,resnet50,0,PD:0254,1,0.8179080486297607,False,handpd:meander,1
P2_subject,resnet50,0,PD:0254,1,0.9731873273849487,False,handpd:meander,1
P2_subject,resnet50,0,PD:0261,1,0.7527626752853394,False,handpd:meander,1
P2_subject,resnet50,0,PD:0261,1,0.778264045715332,False,handpd:meander,1
P2_subject,resnet50,0,PD:0261,1,0.7389962673187256,False,handpd:meander,1
P2_subject,resnet50,0,PD:0261,1,0.8317722082138062,False,handpd:meander,1
P2_subject,resnet50,0,PD:0269,1,0.8793317675590515,False,handpd:meander,1
P2_subject,resnet50,0,PD:0269,1,0.9257614612579346,False,handpd:meander,1
P2_subject,resnet50,0,PD:0269,1,0.8429088592529297,False,handpd:meander,1
P2_subject,resnet50,0,PD:0269,1,0.894780158996582,False,handpd:meander,1
P2_subject,resnet50,0,PD:0273,1,0.9729458689689636,False,handpd:meander,1
P2_subject,resnet50,0,PD:0273,1,0.9185989499092102,False,handpd:meander,1
P2_subject,resnet50,0,PD:0273,1,0.8826943635940552,False,handpd:meander,1
P2_subject,resnet50,0,PD:0273,1,0.8052385449409485,False,handpd:meander,1
P2_subject,resnet50,0,PD:0280,1,0.9064696431159973,False,handpd:meander,1
P2_subject,resnet50,0,PD:0280,1,0.9746946096420288,False,handpd:meander,1
P2_subject,resnet50,0,PD:0280,1,0.933527410030365,False,handpd:meander,1
P2_subject,resnet50,0,PD:0280,1,0.9888521432876587,False,handpd:meander,1
P2_subject,resnet50,1,HC:0100,0,0.8073073625564575,False,handpd:meander,1
P2_subject,resnet50,1,HC:0100,0,0.7935446500778198,False,handpd:meander,1
P2_subject,resnet50,1,HC:0100,0,0.7638736367225647,False,handpd:meander,1
P2_subject,resnet50,1,HC:0100,0,0.7254633903503418,False,handpd:meander,1
P2_subject,resnet50,1,HC:0106,0,0.6647685766220093,False,handpd:meander,1
P2_subject,resnet50,1,HC:0106,0,0.5929445028305054,False,handpd:meander,1
P2_subject,resnet50,1,HC:0106,0,0.7730511426925659,False,handpd:meander,1
P2_subject,resnet50,1,HC:0106,0,0.7504735589027405,False,handpd:meander,1
P2_subject,resnet50,1,HC:0129,0,0.8385277390480042,False,handpd:meander,1
P2_subject,resnet50,1,HC:0129,0,0.6100354194641113,False,handpd:meander,1
P2_subject,resnet50,1,HC:0129,0,0.7268044948577881,False,handpd:meander,1
P2_subject,resnet50,1,HC:0129,0,0.698620080947876,False,handpd:meander,1
P2_subject,resnet50,1,HC:0287,0,0.9510854482650757,False,handpd:meander,1
P2_subject,resnet50,1,HC:0287,0,0.8880070447921753,False,handpd:meander,1
P2_subject,resnet50,1,HC:0287,0,0.9875498414039612,False,handpd:meander,1
P2_subject,resnet50,1,HC:0287,0,0.9967895150184631,False,handpd:meander,1
P2_subject,resnet50,1,HC:0289,0,0.9254253506660461,False,handpd:meander,1
P2_subject,resnet50,1,HC:0289,0,0.9362196922302246,False,handpd:meander,1
P2_subject,resnet50,1,HC:0289,0,0.9619398713111877,False,handpd:meander,1
P2_subject,resnet50,1,HC:0289,0,0.8573948740959167,False,handpd:meander,1
P2_subject,resnet50,1,HC:0305,0,0.9994656443595886,False,handpd:meander,1
P2_subject,resnet50,1,HC:0305,0,0.9960792660713196,False,handpd:meander,1
P2_subject,resnet50,1,HC:0305,0,0.9815686941146851,False,handpd:meander,1
P2_subject,resnet50,1,HC:0305,0,0.9987309575080872,False,handpd:meander,1
P2_subject,resnet50,1,PD:0003,1,0.9962917566299438,False,handpd:meander,1
P2_subject,resnet50,1,PD:0003,1,0.9994938373565674,False,handpd:meander,1
P2_subject,resnet50,1,PD:0003,1,0.9994840621948242,False,handpd:meander,1
P2_subject,resnet50,1,PD:0003,1,0.99997878074646,False,handpd:meander,1
P2_subject,resnet50,1,PD:0004,1,0.9994903802871704,False,handpd:meander,1
P2_subject,resnet50,1,PD:0004,1,0.9986345171928406,False,handpd:meander,1
P2_subject,resnet50,1,PD:0004,1,0.9991175532341003,False,handpd:meander,1
P2_subject,resnet50,1,PD:0004,1,0.9982317090034485,False,handpd:meander,1
P2_subject,resnet50,1,PD:0010,1,0.9994840621948242,False,handpd:meander,1
P2_subject,resnet50,1,PD:0010,1,0.9999436140060425,False,handpd:meander,1
P2_subject,resnet50,1,PD:0010,1,0.9994775652885437,False,handpd:meander,1
P2_subject,resnet50,1,PD:0010,1,0.9999024868011475,False,handpd:meander,1
P2_subject,resnet50,1,PD:0030,1,0.9598127603530884,False,handpd:meander,1
P2_subject,resnet50,1,PD:0030,1,0.9864656329154968,False,handpd:meander,1
P2_subject,resnet50,1,PD:0030,1,0.9909921884536743,False,handpd:meander,1
P2_subject,resnet50,1,PD:0030,1,0.9991735816001892,False,handpd:meander,1
P2_subject,resnet50,1,PD:0037,1,0.9984952211380005,False,handpd:meander,1
P2_subject,resnet50,1,PD:0037,1,0.9927701354026794,False,handpd:meander,1
P2_subject,resnet50,1,PD:0037,1,0.9984211921691895,False,handpd:meander,1
P2_subject,resnet50,1,PD:0037,1,0.9984039664268494,False,handpd:meander,1
P2_subject,resnet50,1,PD:0046,1,0.992827832698822,False,handpd:meander,1
P2_subject,resnet50,1,PD:0046,1,0.9991639852523804,False,handpd:meander,1
P2_subject,resnet50,1,PD:0046,1,0.9885911345481873,False,handpd:meander,1
P2_subject,resnet50,1,PD:0046,1,0.9895761013031006,False,handpd:meander,1
P2_subject,resnet50,1,PD:0052,1,0.8485212326049805,False,handpd:meander,1
P2_subject,resnet50,1,PD:0052,1,0.8227498531341553,False,handpd:meander,1
P2_subject,resnet50,1,PD:0052,1,0.979838490486145,False,handpd:meander,1
P2_subject,resnet50,1,PD:0052,1,0.9518230557441711,False,handpd:meander,1
P2_subject,resnet50,1,PD:0138,1,0.7859408855438232,False,handpd:meander,1
P2_subject,resnet50,1,PD:0138,1,0.8472221493721008,False,handpd:meander,1
P2_subject,resnet50,1,PD:0138,1,0.7281147241592407,False,handpd:meander,1
P2_subject,resnet50,1,PD:0138,1,0.9157392382621765,False,handpd:meander,1
P2_subject,resnet50,1,PD:0148,1,0.9992996454238892,False,handpd:meander,1
P2_subject,resnet50,1,PD:0148,1,0.9996505975723267,False,handpd:meander,1
P2_subject,resnet50,1,PD:0148,1,0.9991979002952576,False,handpd:meander,1
P2_subject,resnet50,1,PD:0148,1,0.9997609257698059,False,handpd:meander,1
P2_subject,resnet50,1,PD:0149,1,0.9984927177429199,False,handpd:meander,1
P2_subject,resnet50,1,PD:0149,1,0.9998735189437866,False,handpd:meander,1
P2_subject,resnet50,1,PD:0149,1,0.9999978542327881,False,handpd:meander,1
P2_subject,resnet50,1,PD:0149,1,0.9997796416282654,False,handpd:meander,1
P2_subject,resnet50,1,PD:0153,1,0.5936903357505798,False,handpd:meander,1
P2_subject,resnet50,1,PD:0153,1,0.743768572807312,False,handpd:meander,1
P2_subject,resnet50,1,PD:0153,1,0.7170497179031372,False,handpd:meander,1
P2_subject,resnet50,1,PD:0153,1,0.7742305397987366,False,handpd:meander,1
P2_subject,resnet50,1,PD:0166,1,0.9542227983474731,False,handpd:meander,1
P2_subject,resnet50,1,PD:0166,1,0.9967923760414124,False,handpd:meander,1
P2_subject,resnet50,1,PD:0166,1,0.9931076169013977,False,handpd:meander,1
P2_subject,resnet50,1,PD:0166,1,0.9213056564331055,False,handpd:meander,1
P2_subject,resnet50,1,PD:0174,1,0.9999746084213257,False,handpd:meander,1
P2_subject,resnet50,1,PD:0174,1,0.9955446124076843,False,handpd:meander,1
P2_subject,resnet50,1,PD:0174,1,0.999669075012207,False,handpd:meander,1
P2_subject,resnet50,1,PD:0174,1,0.999922513961792,False,handpd:meander,1
P2_subject,resnet50,1,PD:0177,1,0.9998456239700317,False,handpd:meander,1
P2_subject,resnet50,1,PD:0177,1,0.9958394765853882,False,handpd:meander,1
P2_subject,resnet50,1,PD:0177,1,0.9962867498397827,False,handpd:meander,1
P2_subject,resnet50,1,PD:0177,1,0.9824648499488831,False,handpd:meander,1
P2_subject,resnet50,1,PD:0188,1,0.809910237789154,False,handpd:meander,1
P2_subject,resnet50,1,PD:0188,1,0.8025197386741638,False,handpd:meander,1
P2_subject,resnet50,1,PD:0188,1,0.9147741794586182,False,handpd:meander,1
P2_subject,resnet50,1,PD:0188,1,0.9906405210494995,False,handpd:meander,1
P2_subject,resnet50,1,PD:0197,1,0.9646069407463074,False,handpd:meander,1
P2_subject,resnet50,1,PD:0197,1,0.8689357042312622,False,handpd:meander,1
P2_subject,resnet50,1,PD:0197,1,0.9943735599517822,False,handpd:meander,1
P2_subject,resnet50,1,PD:0197,1,0.9582967758178711,False,handpd:meander,1
P2_subject,resnet50,1,PD:0213,1,0.9947277903556824,False,handpd:meander,1
P2_subject,resnet50,1,PD:0213,1,0.9998964071273804,False,handpd:meander,1
P2_subject,resnet50,1,PD:0213,1,0.9611942768096924,False,handpd:meander,1
P2_subject,resnet50,1,PD:0213,1,0.998807430267334,False,handpd:meander,1
P2_subject,resnet50,1,PD:0214,1,0.9987035989761353,False,handpd:meander,1
P2_subject,resnet50,1,PD:0214,1,0.997718095779419,False,handpd:meander,1
P2_subject,resnet50,1,PD:0214,1,0.9764784574508667,False,handpd:meander,1
P2_subject,resnet50,1,PD:0214,1,0.9991187453269958,False,handpd:meander,1
P2_subject,resnet50,1,PD:0228,1,0.9999994039535522,False,handpd:meander,1
P2_subject,resnet50,1,PD:0228,1,0.9999731779098511,False,handpd:meander,1
P2_subject,resnet50,1,PD:0228,1,0.9998914003372192,False,handpd:meander,1
P2_subject,resnet50,1,PD:0228,1,0.9999998807907104,False,handpd:meander,1
P2_subject,resnet50,1,PD:0230,1,0.9809953570365906,False,handpd:meander,1
P2_subject,resnet50,1,PD:0230,1,0.9973351359367371,False,handpd:meander,1
P2_subject,resnet50,1,PD:0230,1,0.9986251592636108,False,handpd:meander,1
P2_subject,resnet50,1,PD:0230,1,0.882121741771698,False,handpd:meander,1
P2_subject,resnet50,1,PD:0235,1,0.9998705387115479,False,handpd:meander,1
P2_subject,resnet50,1,PD:0235,1,0.9997031092643738,False,handpd:meander,1
P2_subject,resnet50,1,PD:0235,1,0.9994410872459412,False,handpd:meander,1
P2_subject,resnet50,1,PD:0235,1,0.9991235136985779,False,handpd:meander,1
P2_subject,resnet50,1,PD:0241,1,0.9992271661758423,False,handpd:meander,1
P2_subject,resnet50,1,PD:0241,1,0.9999884366989136,False,handpd:meander,1
P2_subject,resnet50,1,PD:0241,1,0.9991249442100525,False,handpd:meander,1
P2_subject,resnet50,1,PD:0241,1,0.9984374642372131,False,handpd:meander,1
P2_subject,resnet50,1,PD:0247,1,0.999942421913147,False,handpd:meander,1
P2_subject,resnet50,1,PD:0247,1,0.9995315074920654,False,handpd:meander,1
P2_subject,resnet50,1,PD:0247,1,0.9997122883796692,False,handpd:meander,1
P2_subject,resnet50,1,PD:0247,1,0.9979233145713806,False,handpd:meander,1
P2_subject,resnet50,1,PD:0253,1,0.9876515865325928,False,handpd:meander,1
P2_subject,resnet50,1,PD:0253,1,0.9882348775863647,False,handpd:meander,1
P2_subject,resnet50,1,PD:0253,1,0.9827597141265869,False,handpd:meander,1
P2_subject,resnet50,1,PD:0253,1,0.9734358787536621,False,handpd:meander,1
P2_subject,resnet50,1,PD:0281,1,0.9996596574783325,False,handpd:meander,1
P2_subject,resnet50,1,PD:0281,1,0.9986739158630371,False,handpd:meander,1
P2_subject,resnet50,1,PD:0281,1,0.9981472492218018,False,handpd:meander,1
P2_subject,resnet50,1,PD:0281,1,0.9999182224273682,False,handpd:meander,1
P2_subject,resnet50,2,HC:0098,0,0.7512072920799255,False,handpd:meander,1
P2_subject,resnet50,2,HC:0098,0,0.6910402178764343,False,handpd:meander,1
P2_subject,resnet50,2,HC:0098,0,0.8434754610061646,False,handpd:meander,1
P2_subject,resnet50,2,HC:0098,0,0.7346450686454773,False,handpd:meander,1
P2_subject,resnet50,2,HC:0104,0,0.8713411092758179,False,handpd:meander,1
P2_subject,resnet50,2,HC:0104,0,0.8685880303382874,False,handpd:meander,1
P2_subject,resnet50,2,HC:0104,0,0.8594734072685242,False,handpd:meander,1
P2_subject,resnet50,2,HC:0104,0,0.7827962040901184,False,handpd:meander,1
P2_subject,resnet50,2,HC:0112,0,0.8252537846565247,False,handpd:meander,1
P2_subject,resnet50,2,HC:0112,0,0.7660657167434692,False,handpd:meander,1
P2_subject,resnet50,2,HC:0112,0,0.9216741323471069,False,handpd:meander,1
P2_subject,resnet50,2,HC:0112,0,0.8201547265052795,False,handpd:meander,1
P2_subject,resnet50,2,HC:0116,0,0.8660045266151428,False,handpd:meander,1
P2_subject,resnet50,2,HC:0116,0,0.8048632144927979,False,handpd:meander,1
P2_subject,resnet50,2,HC:0116,0,0.8630310297012329,False,handpd:meander,1
P2_subject,resnet50,2,HC:0116,0,0.7007691860198975,False,handpd:meander,1
P2_subject,resnet50,2,HC:0293,0,0.8829534649848938,False,handpd:meander,1
P2_subject,resnet50,2,HC:0293,0,0.784186065196991,False,handpd:meander,1
P2_subject,resnet50,2,HC:0293,0,0.8521275520324707,False,handpd:meander,1
P2_subject,resnet50,2,HC:0293,0,0.8883671760559082,False,handpd:meander,1
P2_subject,resnet50,2,HC:0297,0,0.7432045340538025,False,handpd:meander,1
P2_subject,resnet50,2,HC:0297,0,0.927598774433136,False,handpd:meander,1
P2_subject,resnet50,2,HC:0297,0,0.9443398714065552,False,handpd:meander,1
P2_subject,resnet50,2,HC:0297,0,0.9214380383491516,False,handpd:meander,1
P2_subject,resnet50,2,PD:0005,1,0.9720373153686523,False,handpd:meander,1
P2_subject,resnet50,2,PD:0005,1,0.9640076160430908,False,handpd:meander,1
P2_subject,resnet50,2,PD:0005,1,0.989467442035675,False,handpd:meander,1
P2_subject,resnet50,2,PD:0005,1,0.9650627374649048,False,handpd:meander,1
P2_subject,resnet50,2,PD:0024,1,0.9232035875320435,False,handpd:meander,1
P2_subject,resnet50,2,PD:0024,1,0.8798072934150696,False,handpd:meander,1
P2_subject,resnet50,2,PD:0024,1,0.8652834296226501,False,handpd:meander,1
P2_subject,resnet50,2,PD:0024,1,0.9301041960716248,False,handpd:meander,1
P2_subject,resnet50,2,PD:0031,1,0.9651309251785278,False,handpd:meander,1
P2_subject,resnet50,2,PD:0031,1,0.8671572804450989,False,handpd:meander,1
P2_subject,resnet50,2,PD:0031,1,0.8790721297264099,False,handpd:meander,1
P2_subject,resnet50,2,PD:0031,1,0.959580659866333,False,handpd:meander,1
P2_subject,resnet50,2,PD:0044,1,0.9971650242805481,False,handpd:meander,1
P2_subject,resnet50,2,PD:0044,1,0.99636310338974,False,handpd:meander,1
P2_subject,resnet50,2,PD:0044,1,0.9990084767341614,False,handpd:meander,1
P2_subject,resnet50,2,PD:0044,1,0.9934084415435791,False,handpd:meander,1
P2_subject,resnet50,2,PD:0045,1,0.9963357448577881,False,handpd:meander,1
P2_subject,resnet50,2,PD:0045,1,0.9993754029273987,False,handpd:meander,1
P2_subject,resnet50,2,PD:0045,1,0.9998341798782349,False,handpd:meander,1
P2_subject,resnet50,2,PD:0045,1,0.9995286464691162,False,handpd:meander,1
P2_subject,resnet50,2,PD:0051,1,0.9177122712135315,False,handpd:meander,1
P2_subject,resnet50,2,PD:0051,1,0.9869976043701172,False,handpd:meander,1
P2_subject,resnet50,2,PD:0051,1,0.9233352541923523,False,handpd:meander,1
P2_subject,resnet50,2,PD:0051,1,0.9058741331100464,False,handpd:meander,1
P2_subject,resnet50,2,PD:0134,1,0.9923381209373474,False,handpd:meander,1
P2_subject,resnet50,2,PD:0134,1,0.9927046895027161,False,handpd:meander,1
P2_subject,resnet50,2,PD:0134,1,0.9883594512939453,False,handpd:meander,1
P2_subject,resnet50,2,PD:0134,1,0.9976215958595276,False,handpd:meander,1
P2_subject,resnet50,2,PD:0139,1,0.9888668656349182,False,handpd:meander,1
P2_subject,resnet50,2,PD:0139,1,0.8706770539283752,False,handpd:meander,1
P2_subject,resnet50,2,PD:0139,1,0.898740828037262,False,handpd:meander,1
P2_subject,resnet50,2,PD:0139,1,0.9334874749183655,False,handpd:meander,1
P2_subject,resnet50,2,PD:0143,1,0.9967895150184631,False,handpd:meander,1
P2_subject,resnet50,2,PD:0143,1,0.9994245767593384,False,handpd:meander,1
P2_subject,resnet50,2,PD:0143,1,0.9833267331123352,False,handpd:meander,1
P2_subject,resnet50,2,PD:0143,1,0.9984225034713745,False,handpd:meander,1
P2_subject,resnet50,2,PD:0170,1,0.9986960291862488,False,handpd:meander,1
P2_subject,resnet50,2,PD:0170,1,0.9991949200630188,False,handpd:meander,1
P2_subject,resnet50,2,PD:0170,1,0.999422550201416,False,handpd:meander,1
P2_subject,resnet50,2,PD:0170,1,0.9983538389205933,False,handpd:meander,1
P2_subject,resnet50,2,PD:0181,1,0.9672274589538574,False,handpd:meander,1
P2_subject,resnet50,2,PD:0181,1,0.8954281210899353,False,handpd:meander,1
P2_subject,resnet50,2,PD:0181,1,0.8389306664466858,False,handpd:meander,1
P2_subject,resnet50,2,PD:0181,1,0.9157589077949524,False,handpd:meander,1
P2_subject,resnet50,2,PD:0187,1,0.9153738617897034,False,handpd:meander,1
P2_subject,resnet50,2,PD:0187,1,0.8446558117866516,False,handpd:meander,1
P2_subject,resnet50,2,PD:0187,1,0.8199630975723267,False,handpd:meander,1
P2_subject,resnet50,2,PD:0187,1,0.9409250020980835,False,handpd:meander,1
P2_subject,resnet50,2,PD:0192,1,0.9857487082481384,False,handpd:meander,1
P2_subject,resnet50,2,PD:0192,1,0.9945852160453796,False,handpd:meander,1
P2_subject,resnet50,2,PD:0192,1,0.9987205266952515,False,handpd:meander,1
P2_subject,resnet50,2,PD:0192,1,0.9953611493110657,False,handpd:meander,1
P2_subject,resnet50,2,PD:0196,1,0.9684708714485168,False,handpd:meander,1
P2_subject,resnet50,2,PD:0196,1,0.9907138347625732,False,handpd:meander,1
P2_subject,resnet50,2,PD:0196,1,0.9683564901351929,False,handpd:meander,1
P2_subject,resnet50,2,PD:0196,1,0.9202706813812256,False,handpd:meander,1
P2_subject,resnet50,2,PD:0198,1,0.9384922385215759,False,handpd:meander,1
P2_subject,resnet50,2,PD:0198,1,0.9875826239585876,False,handpd:meander,1
P2_subject,resnet50,2,PD:0198,1,0.9953579306602478,False,handpd:meander,1
P2_subject,resnet50,2,PD:0198,1,0.9961087107658386,False,handpd:meander,1
P2_subject,resnet50,2,PD:0202,1,0.7554163336753845,False,handpd:meander,1
P2_subject,resnet50,2,PD:0202,1,0.8466166257858276,False,handpd:meander,1
P2_subject,resnet50,2,PD:0202,1,0.8548452258110046,False,handpd:meander,1
P2_subject,resnet50,2,PD:0202,1,0.8038284778594971,False,handpd:meander,1
P2_subject,resnet50,2,PD:0207,1,0.9951089024543762,False,handpd:meander,1
P2_subject,resnet50,2,PD:0207,1,0.9961546063423157,False,handpd:meander,1
P2_subject,resnet50,2,PD:0207,1,0.8904614448547363,False,handpd:meander,1
P2_subject,resnet50,2,PD:0207,1,0.9847621917724609,False,handpd:meander,1
P2_subject,resnet50,2,PD:0208,1,0.9324427247047424,False,handpd:meander,1
P2_subject,resnet50,2,PD:0208,1,0.8789007067680359,False,handpd:meander,1
P2_subject,resnet50,2,PD:0208,1,0.8934983015060425,False,handpd:meander,1
P2_subject,resnet50,2,PD:0208,1,0.9880310893058777,False,handpd:meander,1
P2_subject,resnet50,2,PD:0218,1,0.8383520841598511,False,handpd:meander,1
P2_subject,resnet50,2,PD:0218,1,0.7013526558876038,False,handpd:meander,1
P2_subject,resnet50,2,PD:0218,1,0.8848031163215637,False,handpd:meander,1
P2_subject,resnet50,2,PD:0218,1,0.8828305006027222,False,handpd:meander,1
P2_subject,resnet50,2,PD:0223,1,0.99527907371521,False,handpd:meander,1
P2_subject,resnet50,2,PD:0223,1,0.9999123811721802,False,handpd:meander,1
P2_subject,resnet50,2,PD:0223,1,0.9490594267845154,False,handpd:meander,1
P2_subject,resnet50,2,PD:0223,1,0.9974564909934998,False,handpd:meander,1
P2_subject,resnet50,2,PD:0234,1,0.9998286962509155,False,handpd:meander,1
P2_subject,resnet50,2,PD:0234,1,0.9931145310401917,False,handpd:meander,1
P2_subject,resnet50,2,PD:0234,1,0.9949461817741394,False,handpd:meander,1
P2_subject,resnet50,2,PD:0234,1,0.9963800311088562,False,handpd:meander,1
P2_subject,resnet50,2,PD:0246,1,0.999861478805542,False,handpd:meander,1
P2_subject,resnet50,2,PD:0246,1,0.9980196952819824,False,handpd:meander,1
P2_subject,resnet50,2,PD:0246,1,0.9990962743759155,False,handpd:meander,1
P2_subject,resnet50,2,PD:0246,1,0.999396800994873,False,handpd:meander,1
P2_subject,resnet50,2,PD:0268,1,0.9903916120529175,False,handpd:meander,1
P2_subject,resnet50,2,PD:0268,1,0.9993773102760315,False,handpd:meander,1
P2_subject,resnet50,2,PD:0268,1,0.9979647397994995,False,handpd:meander,1
P2_subject,resnet50,2,PD:0268,1,0.9906003475189209,False,handpd:meander,1
P2_subject,resnet50,2,PD:0274,1,0.998589813709259,False,handpd:meander,1
P2_subject,resnet50,2,PD:0274,1,0.9954845905303955,False,handpd:meander,1
P2_subject,resnet50,2,PD:0274,1,0.9950672388076782,False,handpd:meander,1
P2_subject,resnet50,2,PD:0274,1,0.9935094714164734,False,handpd:meander,1
P1_image,efficientnet_b0,0,HC:0068,0,0.3372243344783783,True,handpd:meander,1
P1_image,efficientnet_b0,0,HC:0068,0,0.5326640605926514,True,handpd:meander,1
P1_image,efficientnet_b0,0,HC:0100,0,0.5531917214393616,True,handpd:meander,1
P1_image,efficientnet_b0,0,HC:0102,0,0.4492943286895752,True,handpd:meander,1
P1_image,efficientnet_b0,0,HC:0112,0,0.5021483898162842,True,handpd:meander,1
P1_image,efficientnet_b0,0,HC:0112,0,0.427004873752594,True,handpd:meander,1
P1_image,efficientnet_b0,0,HC:0127,0,0.606924295425415,True,handpd:meander,1
P1_image,efficientnet_b0,0,HC:0127,0,0.4947690963745117,True,handpd:meander,1
P1_image,efficientnet_b0,0,HC:0127,0,0.38691139221191406,True,handpd:meander,1
P1_image,efficientnet_b0,0,HC:0129,0,0.4650556147098541,True,handpd:meander,1
P1_image,efficientnet_b0,0,HC:0131,0,0.5259808301925659,True,handpd:meander,1
P1_image,efficientnet_b0,0,HC:0131,0,0.5067680478096008,True,handpd:meander,1
P1_image,efficientnet_b0,0,HC:0287,0,0.6842361688613892,True,handpd:meander,1
P1_image,efficientnet_b0,0,HC:0287,0,0.6573653221130371,True,handpd:meander,1
P1_image,efficientnet_b0,0,HC:0289,0,0.5212351083755493,True,handpd:meander,1
P1_image,efficientnet_b0,0,HC:0293,0,0.5657175779342651,True,handpd:meander,1
P1_image,efficientnet_b0,0,HC:0293,0,0.7700423002243042,True,handpd:meander,1
P1_image,efficientnet_b0,0,HC:0295,0,0.841448187828064,True,handpd:meander,1
P1_image,efficientnet_b0,0,HC:0297,0,0.7428231239318848,True,handpd:meander,1
P1_image,efficientnet_b0,0,HC:0297,0,0.6785258054733276,True,handpd:meander,1
P1_image,efficientnet_b0,0,HC:0297,0,0.8750016689300537,True,handpd:meander,1
P1_image,efficientnet_b0,0,HC:0305,0,0.9431875348091125,True,handpd:meander,1
P1_image,efficientnet_b0,0,HC:0305,0,0.8835147619247437,True,handpd:meander,1
P1_image,efficientnet_b0,0,HC:0305,0,0.8798072934150696,True,handpd:meander,1
P1_image,efficientnet_b0,0,PD:0002,1,0.9904491305351257,True,handpd:meander,1
P1_image,efficientnet_b0,0,PD:0003,1,0.984515905380249,True,handpd:meander,1
P1_image,efficientnet_b0,0,PD:0009,1,0.8519390821456909,True,handpd:meander,1
P1_image,efficientnet_b0,0,PD:0009,1,0.7111884355545044,True,handpd:meander,1
P1_image,efficientnet_b0,0,PD:0009,1,0.7515714764595032,True,handpd:meander,1
P1_image,efficientnet_b0,0,PD:0010,1,0.9268919825553894,True,handpd:meander,1
P1_image,efficientnet_b0,0,PD:0024,1,0.9597725868225098,True,handpd:meander,1
P1_image,efficientnet_b0,0,PD:0030,1,0.7274103164672852,True,handpd:meander,1
P1_image,efficientnet_b0,0,PD:0031,1,0.8446075916290283,True,handpd:meander,1
P1_image,efficientnet_b0,0,PD:0037,1,0.9398970007896423,True,handpd:meander,1
P1_image,efficientnet_b0,0,PD:0037,1,0.9593417644500732,True,handpd:meander,1
P1_image,efficientnet_b0,0,PD:0038,1,0.8949273824691772,True,handpd:meander,1
P1_image,efficientnet_b0,0,PD:0044,1,0.9719048738479614,True,handpd:meander,1
P1_image,efficientnet_b0,0,PD:0044,1,0.9490271806716919,True,handpd:meander,1
P1_image,efficientnet_b0,0,PD:0045,1,0.9610357284545898,True,handpd:meander,1
P1_image,efficientnet_b0,0,PD:0046,1,0.9298564791679382,True,handpd:meander,1
P1_image,efficientnet_b0,0,PD:0046,1,0.9672003388404846,True,handpd:meander,1
P1_image,efficientnet_b0,0,PD:0051,1,0.7888674139976501,True,handpd:meander,1
P1_image,efficientnet_b0,0,PD:0052,1,0.8982354402542114,True,handpd:meander,1
P1_image,efficientnet_b0,0,PD:0052,1,0.7532652616500854,True,handpd:meander,1
P1_image,efficientnet_b0,0,PD:0052,1,0.9598273634910583,True,handpd:meander,1
P1_image,efficientnet_b0,0,PD:0053,1,0.8427291512489319,True,handpd:meander,1
P1_image,efficientnet_b0,0,PD:0053,1,0.6869099140167236,True,handpd:meander,1
P1_image,efficientnet_b0,0,PD:0054,1,0.937821090221405,True,handpd:meander,1
P1_image,efficientnet_b0,0,PD:0054,1,0.8043435215950012,True,handpd:meander,1
P1_image,efficientnet_b0,0,PD:0136,1,0.8788079619407654,True,handpd:meander,1
P1_image,efficientnet_b0,0,PD:0136,1,0.953281044960022,True,handpd:meander,1
P1_image,efficientnet_b0,0,PD:0138,1,0.7709946036338806,True,handpd:meander,1
P1_image,efficientnet_b0,0,PD:0138,1,0.8611663579940796,True,handpd:meander,1
P1_image,efficientnet_b0,0,PD:0139,1,0.6729899644851685,True,handpd:meander,1
P1_image,efficientnet_b0,0,PD:0139,1,0.838971734046936,True,handpd:meander,1
P1_image,efficientnet_b0,0,PD:0143,1,0.9353071451187134,True,handpd:meander,1
P1_image,efficientnet_b0,0,PD:0143,1,0.9743477702140808,True,handpd:meander,1
P1_image,efficientnet_b0,0,PD:0148,1,0.9437372088432312,True,handpd:meander,1
P1_image,efficientnet_b0,0,PD:0148,1,0.9614869356155396,True,handpd:meander,1
P1_image,efficientnet_b0,0,PD:0149,1,0.9603100419044495,True,handpd:meander,1
P1_image,efficientnet_b0,0,PD:0153,1,0.6680302619934082,True,handpd:meander,1
P1_image,efficientnet_b0,0,PD:0157,1,0.9437969326972961,True,handpd:meander,1
P1_image,efficientnet_b0,0,PD:0161,1,0.9453908205032349,True,handpd:meander,1
P1_image,efficientnet_b0,0,PD:0161,1,0.8693190217018127,True,handpd:meander,1
P1_image,efficientnet_b0,0,PD:0165,1,0.680692195892334,True,handpd:meander,1
P1_image,efficientnet_b0,0,PD:0165,1,0.49682891368865967,True,handpd:meander,1
P1_image,efficientnet_b0,0,PD:0165,1,0.632605791091919,True,handpd:meander,1
P1_image,efficientnet_b0,0,PD:0166,1,0.8271822929382324,True,handpd:meander,1
P1_image,efficientnet_b0,0,PD:0170,1,0.9363774657249451,True,handpd:meander,1
P1_image,efficientnet_b0,0,PD:0170,1,0.8281974792480469,True,handpd:meander,1
P1_image,efficientnet_b0,0,PD:0176,1,0.9497069716453552,True,handpd:meander,1
P1_image,efficientnet_b0,0,PD:0177,1,0.9422106742858887,True,handpd:meander,1
P1_image,efficientnet_b0,0,PD:0181,1,0.9182542562484741,True,handpd:meander,1
P1_image,efficientnet_b0,0,PD:0181,1,0.9801187515258789,True,handpd:meander,1
P1_image,efficientnet_b0,0,PD:0186,1,0.9456431865692139,True,handpd:meander,1
P1_image,efficientnet_b0,0,PD:0186,1,0.8842374086380005,True,handpd:meander,1
P1_image,efficientnet_b0,0,PD:0186,1,0.9354478716850281,True,handpd:meander,1
P1_image,efficientnet_b0,0,PD:0187,1,0.8092344999313354,True,handpd:meander,1
P1_image,efficientnet_b0,0,PD:0188,1,0.8990631699562073,True,handpd:meander,1
P1_image,efficientnet_b0,0,PD:0188,1,0.9115256071090698,True,handpd:meander,1
P1_image,efficientnet_b0,0,PD:0192,1,0.8986741900444031,True,handpd:meander,1
P1_image,efficientnet_b0,0,PD:0192,1,0.91623854637146,True,handpd:meander,1
P1_image,efficientnet_b0,0,PD:0196,1,0.9239262342453003,True,handpd:meander,1
P1_image,efficientnet_b0,0,PD:0196,1,0.9614341259002686,True,handpd:meander,1
P1_image,efficientnet_b0,0,PD:0197,1,0.8245614171028137,True,handpd:meander,1
P1_image,efficientnet_b0,0,PD:0197,1,0.9482715129852295,True,handpd:meander,1
P1_image,efficientnet_b0,0,PD:0198,1,0.7552198767662048,True,handpd:meander,1
P1_image,efficientnet_b0,0,PD:0198,1,0.7964915037155151,True,handpd:meander,1
P1_image,efficientnet_b0,0,PD:0203,1,0.9176092743873596,True,handpd:meander,1
P1_image,efficientnet_b0,0,PD:0203,1,0.9611664414405823,True,handpd:meander,1
P1_image,efficientnet_b0,0,PD:0207,1,0.7986161112785339,True,handpd:meander,1
P1_image,efficientnet_b0,0,PD:0207,1,0.8505443930625916,True,handpd:meander,1
P1_image,efficientnet_b0,0,PD:0208,1,0.6891101598739624,True,handpd:meander,1
P1_image,efficientnet_b0,0,PD:0208,1,0.8329708576202393,True,handpd:meander,1
P1_image,efficientnet_b0,0,PD:0213,1,0.9357002377510071,True,handpd:meander,1
P1_image,efficientnet_b0,0,PD:0218,1,0.5686115622520447,True,handpd:meander,1
P1_image,efficientnet_b0,0,PD:0219,1,0.7629660964012146,True,handpd:meander,1
P1_image,efficientnet_b0,0,PD:0219,1,0.785295844078064,True,handpd:meander,1
P1_image,efficientnet_b0,0,PD:0223,1,0.9814552664756775,True,handpd:meander,1
P1_image,efficientnet_b0,0,PD:0229,1,0.9949978590011597,True,handpd:meander,1
P1_image,efficientnet_b0,0,PD:0230,1,0.8664600849151611,True,handpd:meander,1
P1_image,efficientnet_b0,0,PD:0234,1,0.9691707491874695,True,handpd:meander,1
P1_image,efficientnet_b0,0,PD:0234,1,0.9964877367019653,True,handpd:meander,1
P1_image,efficientnet_b0,0,PD:0236,1,0.9833731651306152,True,handpd:meander,1
P1_image,efficientnet_b0,0,PD:0241,1,0.9929001331329346,True,handpd:meander,1
P1_image,efficientnet_b0,0,PD:0241,1,0.982806921005249,True,handpd:meander,1
P1_image,efficientnet_b0,0,PD:0242,1,0.9445404410362244,True,handpd:meander,1
P1_image,efficientnet_b0,0,PD:0242,1,0.987695574760437,True,handpd:meander,1
P1_image,efficientnet_b0,0,PD:0247,1,0.9284813404083252,True,handpd:meander,1
P1_image,efficientnet_b0,0,PD:0247,1,0.8816220164299011,True,handpd:meander,1
P1_image,efficientnet_b0,0,PD:0253,1,0.7879629731178284,True,handpd:meander,1
P1_image,efficientnet_b0,0,PD:0254,1,0.8848715424537659,False,handpd:meander,1
P1_image,efficientnet_b0,0,PD:0254,1,0.9048402905464172,False,handpd:meander,1
P1_image,efficientnet_b0,0,PD:0254,1,0.8134512901306152,False,handpd:meander,1
P1_image,efficientnet_b0,0,PD:0254,1,0.7956350445747375,False,handpd:meander,1
P1_image,efficientnet_b0,0,PD:0261,1,0.7826880812644958,True,handpd:meander,1
P1_image,efficientnet_b0,0,PD:0261,1,0.7019660472869873,True,handpd:meander,1
P1_image,efficientnet_b0,0,PD:0268,1,0.9478790163993835,True,handpd:meander,1
P1_image,efficientnet_b0,0,PD:0268,1,0.9543553590774536,True,handpd:meander,1
P1_image,efficientnet_b0,0,PD:0269,1,0.9025848507881165,True,handpd:meander,1
P1_image,efficientnet_b0,0,PD:0274,1,0.9630980491638184,True,handpd:meander,1
P1_image,efficientnet_b0,0,PD:0274,1,0.8200328350067139,True,handpd:meander,1
P1_image,efficientnet_b0,0,PD:0281,1,0.969964861869812,True,handpd:meander,1
P1_image,efficientnet_b0,1,HC:0092,0,0.43474990129470825,True,handpd:meander,1
P1_image,efficientnet_b0,1,HC:0092,0,0.539277195930481,True,handpd:meander,1
P1_image,efficientnet_b0,1,HC:0098,0,0.5126352310180664,True,handpd:meander,1
P1_image,efficientnet_b0,1,HC:0098,0,0.627348005771637,True,handpd:meander,1
P1_image,efficientnet_b0,1,HC:0098,0,0.6703672409057617,True,handpd:meander,1
P1_image,efficientnet_b0,1,HC:0100,0,0.5653696656227112,True,handpd:meander,1
P1_image,efficientnet_b0,1,HC:0100,0,0.7704459428787231,True,handpd:meander,1
P1_image,efficientnet_b0,1,HC:0102,0,0.549168050289154,True,handpd:meander,1
P1_image,efficientnet_b0,1,HC:0104,0,0.6734029054641724,True,handpd:meander,1
P1_image,efficientnet_b0,1,HC:0106,0,0.5042160153388977,True,handpd:meander,1
P1_image,efficientnet_b0,1,HC:0112,0,0.6523352861404419,True,handpd:meander,1
P1_image,efficientnet_b0,1,HC:0116,0,0.46599510312080383,False,handpd:meander,1
P1_image,efficientnet_b0,1,HC:0116,0,0.6399367451667786,False,handpd:meander,1
P1_image,efficientnet_b0,1,HC:0116,0,0.6274534463882446,False,handpd:meander,1
P1_image,efficientnet_b0,1,HC:0116,0,0.7609190940856934,False,handpd:meander,1
P1_image,efficientnet_b0,1,HC:0129,0,0.6174612641334534,True,handpd:meander,1
P1_image,efficientnet_b0,1,HC:0131,0,0.36485522985458374,True,handpd:meander,1
P1_image,efficientnet_b0,1,HC:0131,0,0.4230785071849823,True,handpd:meander,1
P1_image,efficientnet_b0,1,HC:0287,0,0.5481284260749817,True,handpd:meander,1
P1_image,efficientnet_b0,1,HC:0289,0,0.3732735216617584,True,handpd:meander,1
P1_image,efficientnet_b0,1,HC:0289,0,0.5671290159225464,True,handpd:meander,1
P1_image,efficientnet_b0,1,HC:0293,0,0.7504599094390869,True,handpd:meander,1
P1_image,efficientnet_b0,1,HC:0295,0,0.7859089970588684,True,handpd:meander,1
P1_image,efficientnet_b0,1,HC:0305,0,0.9120630621910095,True,handpd:meander,1
P1_image,efficientnet_b0,1,PD:0002,1,0.9909071922302246,True,handpd:meander,1
P1_image,efficientnet_b0,1,PD:0003,1,0.9111286997795105,True,handpd:meander,1
P1_image,efficientnet_b0,1,PD:0004,1,0.85474693775177,True,handpd:meander,1
P1_image,efficientnet_b0,1,PD:0004,1,0.9036616683006287,True,handpd:meander,1
P1_image,efficientnet_b0,1,PD:0005,1,0.8857271671295166,True,handpd:meander,1
P1_image,efficientnet_b0,1,PD:0005,1,0.8659600615501404,True,handpd:meander,1
P1_image,efficientnet_b0,1,PD:0005,1,0.9689028859138489,True,handpd:meander,1
P1_image,efficientnet_b0,1,PD:0010,1,0.9344464540481567,True,handpd:meander,1
P1_image,efficientnet_b0,1,PD:0010,1,0.8969137072563171,True,handpd:meander,1
P1_image,efficientnet_b0,1,PD:0010,1,0.9405186176300049,True,handpd:meander,1
P1_image,efficientnet_b0,1,PD:0016,1,0.9728164672851562,True,handpd:meander,1
P1_image,efficientnet_b0,1,PD:0016,1,0.9136418104171753,True,handpd:meander,1
P1_image,efficientnet_b0,1,PD:0023,1,0.9508621692657471,True,handpd:meander,1
P1_image,efficientnet_b0,1,PD:0023,1,0.8403801321983337,True,handpd:meander,1
P1_image,efficientnet_b0,1,PD:0023,1,0.9213259220123291,True,handpd:meander,1
P1_image,efficientnet_b0,1,PD:0024,1,0.7982725501060486,True,handpd:meander,1
P1_image,efficientnet_b0,1,PD:0030,1,0.8960803747177124,True,handpd:meander,1
P1_image,efficientnet_b0,1,PD:0031,1,0.7594571709632874,True,handpd:meander,1
P1_image,efficientnet_b0,1,PD:0031,1,0.7299900650978088,True,handpd:meander,1
P1_image,efficientnet_b0,1,PD:0037,1,0.9736913442611694,True,handpd:meander,1
P1_image,efficientnet_b0,1,PD:0037,1,0.9892845749855042,True,handpd:meander,1
P1_image,efficientnet_b0,1,PD:0038,1,0.9041886925697327,True,handpd:meander,1
P1_image,efficientnet_b0,1,PD:0044,1,0.9799486994743347,True,handpd:meander,1
P1_image,efficientnet_b0,1,PD:0045,1,0.9861527681350708,True,handpd:meander,1
P1_image,efficientnet_b0,1,PD:0045,1,0.968142569065094,True,handpd:meander,1
P1_image,efficientnet_b0,1,PD:0046,1,0.9598081707954407,True,handpd:meander,1
P1_image,efficientnet_b0,1,PD:0046,1,0.9776908755302429,True,handpd:meander,1
P1_image,efficientnet_b0,1,PD:0051,1,0.6866321563720703,True,handpd:meander,1
P1_image,efficientnet_b0,1,PD:0051,1,0.8287827968597412,True,handpd:meander,1
P1_image,efficientnet_b0,1,PD:0052,1,0.8071313500404358,True,handpd:meander,1
P1_image,efficientnet_b0,1,PD:0053,1,0.9048096537590027,True,handpd:meander,1
P1_image,efficientnet_b0,1,PD:0054,1,0.9712072014808655,True,handpd:meander,1
P1_image,efficientnet_b0,1,PD:0134,1,0.9367298483848572,True,handpd:meander,1
P1_image,efficientnet_b0,1,PD:0136,1,0.6746181845664978,True,handpd:meander,1
P1_image,efficientnet_b0,1,PD:0138,1,0.8643323183059692,True,handpd:meander,1
P1_image,efficientnet_b0,1,PD:0139,1,0.8539373278617859,True,handpd:meander,1
P1_image,efficientnet_b0,1,PD:0139,1,0.7816072106361389,True,handpd:meander,1
P1_image,efficientnet_b0,1,PD:0149,1,0.9796687960624695,True,handpd:meander,1
P1_image,efficientnet_b0,1,PD:0149,1,0.9038353562355042,True,handpd:meander,1
P1_image,efficientnet_b0,1,PD:0149,1,0.9739436507225037,True,handpd:meander,1
P1_image,efficientnet_b0,1,PD:0153,1,0.8334656953811646,True,handpd:meander,1
P1_image,efficientnet_b0,1,PD:0153,1,0.6296544671058655,True,handpd:meander,1
P1_image,efficientnet_b0,1,PD:0153,1,0.7310490608215332,True,handpd:meander,1
P1_image,efficientnet_b0,1,PD:0157,1,0.9243107438087463,True,handpd:meander,1
P1_image,efficientnet_b0,1,PD:0157,1,0.901677131652832,True,handpd:meander,1
P1_image,efficientnet_b0,1,PD:0161,1,0.956243097782135,True,handpd:meander,1
P1_image,efficientnet_b0,1,PD:0165,1,0.5664346814155579,True,handpd:meander,1
P1_image,efficientnet_b0,1,PD:0166,1,0.7940717339515686,True,handpd:meander,1
P1_image,efficientnet_b0,1,PD:0174,1,0.9969373941421509,True,handpd:meander,1
P1_image,efficientnet_b0,1,PD:0174,1,0.9826620817184448,True,handpd:meander,1
P1_image,efficientnet_b0,1,PD:0176,1,0.9225195646286011,True,handpd:meander,1
P1_image,efficientnet_b0,1,PD:0176,1,0.9259244799613953,True,handpd:meander,1
P1_image,efficientnet_b0,1,PD:0176,1,0.9643330574035645,True,handpd:meander,1
P1_image,efficientnet_b0,1,PD:0177,1,0.9623066782951355,True,handpd:meander,1
P1_image,efficientnet_b0,1,PD:0177,1,0.8356539607048035,True,handpd:meander,1
P1_image,efficientnet_b0,1,PD:0177,1,0.8433691263198853,True,handpd:meander,1
P1_image,efficientnet_b0,1,PD:0182,1,0.9819788336753845,True,handpd:meander,1
P1_image,efficientnet_b0,1,PD:0187,1,0.7898736000061035,True,handpd:meander,1
P1_image,efficientnet_b0,1,PD:0187,1,0.9302717447280884,True,handpd:meander,1
P1_image,efficientnet_b0,1,PD:0197,1,0.942394495010376,True,handpd:meander,1
P1_image,efficientnet_b0,1,PD:0198,1,0.8049349784851074,True,handpd:meander,1
P1_image,efficientnet_b0,1,PD:0202,1,0.7857381701469421,True,handpd:meander,1
P1_image,efficientnet_b0,1,PD:0202,1,0.8640599250793457,True,handpd:meander,1
P1_image,efficientnet_b0,1,PD:0203,1,0.9856364727020264,True,handpd:meander,1
P1_image,efficientnet_b0,1,PD:0203,1,0.9090680480003357,True,handpd:meander,1
P1_image,efficientnet_b0,1,PD:0207,1,0.8955618739128113,True,handpd:meander,1
P1_image,efficientnet_b0,1,PD:0208,1,0.7314416170120239,True,handpd:meander,1
P1_image,efficientnet_b0,1,PD:0208,1,0.5769903063774109,True,handpd:meander,1
P1_image,efficientnet_b0,1,PD:0213,1,0.9585373401641846,True,handpd:meander,1
P1_image,efficientnet_b0,1,PD:0214,1,0.880038857460022,True,handpd:meander,1
P1_image,efficientnet_b0,1,PD:0214,1,0.8700559735298157,True,handpd:meander,1
P1_image,efficientnet_b0,1,PD:0214,1,0.9441881775856018,True,handpd:meander,1
P1_image,efficientnet_b0,1,PD:0218,1,0.7174758315086365,True,handpd:meander,1
P1_image,efficientnet_b0,1,PD:0218,1,0.638534426689148,True,handpd:meander,1
P1_image,efficientnet_b0,1,PD:0228,1,0.9755420684814453,True,handpd:meander,1
P1_image,efficientnet_b0,1,PD:0228,1,0.956201434135437,True,handpd:meander,1
P1_image,efficientnet_b0,1,PD:0228,1,0.9504597783088684,True,handpd:meander,1
P1_image,efficientnet_b0,1,PD:0229,1,0.9911751747131348,True,handpd:meander,1
P1_image,efficientnet_b0,1,PD:0230,1,0.9129262566566467,True,handpd:meander,1
P1_image,efficientnet_b0,1,PD:0230,1,0.9467952847480774,True,handpd:meander,1
P1_image,efficientnet_b0,1,PD:0230,1,0.9876797199249268,True,handpd:meander,1
P1_image,efficientnet_b0,1,PD:0234,1,0.9264981746673584,True,handpd:meander,1
P1_image,efficientnet_b0,1,PD:0234,1,0.9616096019744873,True,handpd:meander,1
P1_image,efficientnet_b0,1,PD:0236,1,0.9816784262657166,True,handpd:meander,1
P1_image,efficientnet_b0,1,PD:0240,1,0.8451001048088074,True,handpd:meander,1
P1_image,efficientnet_b0,1,PD:0240,1,0.9131873846054077,True,handpd:meander,1
P1_image,efficientnet_b0,1,PD:0241,1,0.9667002558708191,True,handpd:meander,1
P1_image,efficientnet_b0,1,PD:0242,1,0.8930366635322571,True,handpd:meander,1
P1_image,efficientnet_b0,1,PD:0246,1,0.9952561259269714,True,handpd:meander,1
P1_image,efficientnet_b0,1,PD:0246,1,0.9943413734436035,True,handpd:meander,1
P1_image,efficientnet_b0,1,PD:0246,1,0.9756056666374207,True,handpd:meander,1
P1_image,efficientnet_b0,1,PD:0247,1,0.9572026133537292,True,handpd:meander,1
P1_image,efficientnet_b0,1,PD:0268,1,0.9860849380493164,True,handpd:meander,1
P1_image,efficientnet_b0,1,PD:0273,1,0.9025696516036987,True,handpd:meander,1
P1_image,efficientnet_b0,1,PD:0273,1,0.9010933637619019,True,handpd:meander,1
P1_image,efficientnet_b0,1,PD:0273,1,0.9837831854820251,True,handpd:meander,1
P1_image,efficientnet_b0,1,PD:0280,1,0.8090864419937134,True,handpd:meander,1
P1_image,efficientnet_b0,1,PD:0281,1,0.9114830493927002,True,handpd:meander,1
P1_image,efficientnet_b0,1,PD:0281,1,0.7031760215759277,True,handpd:meander,1
P1_image,efficientnet_b0,2,HC:0068,0,0.44457894563674927,True,handpd:meander,1
P1_image,efficientnet_b0,2,HC:0068,0,0.6014502048492432,True,handpd:meander,1
P1_image,efficientnet_b0,2,HC:0092,0,0.44901978969573975,True,handpd:meander,1
P1_image,efficientnet_b0,2,HC:0092,0,0.6529695987701416,True,handpd:meander,1
P1_image,efficientnet_b0,2,HC:0098,0,0.6132518649101257,True,handpd:meander,1
P1_image,efficientnet_b0,2,HC:0100,0,0.5559427738189697,True,handpd:meander,1
P1_image,efficientnet_b0,2,HC:0102,0,0.5020266771316528,True,handpd:meander,1
P1_image,efficientnet_b0,2,HC:0102,0,0.4574003219604492,True,handpd:meander,1
P1_image,efficientnet_b0,2,HC:0104,0,0.5108923316001892,True,handpd:meander,1
P1_image,efficientnet_b0,2,HC:0104,0,0.49283328652381897,True,handpd:meander,1
P1_image,efficientnet_b0,2,HC:0104,0,0.5863750576972961,True,handpd:meander,1
P1_image,efficientnet_b0,2,HC:0106,0,0.510201632976532,True,handpd:meander,1
P1_image,efficientnet_b0,2,HC:0106,0,0.44002121686935425,True,handpd:meander,1
P1_image,efficientnet_b0,2,HC:0106,0,0.6545450091362,True,handpd:meander,1
P1_image,efficientnet_b0,2,HC:0112,0,0.6109402775764465,True,handpd:meander,1
P1_image,efficientnet_b0,2,HC:0127,0,0.47455692291259766,True,handpd:meander,1
P1_image,efficientnet_b0,2,HC:0129,0,0.5354559421539307,True,handpd:meander,1
P1_image,efficientnet_b0,2,HC:0129,0,0.6891407370567322,True,handpd:meander,1
P1_image,efficientnet_b0,2,HC:0287,0,0.5605405569076538,True,handpd:meander,1
P1_image,efficientnet_b0,2,HC:0289,0,0.42588579654693604,True,handpd:meander,1
P1_image,efficientnet_b0,2,HC:0293,0,0.7535197734832764,True,handpd:meander,1
P1_image,efficientnet_b0,2,HC:0295,0,0.7283756732940674,True,handpd:meander,1
P1_image,efficientnet_b0,2,HC:0295,0,0.7932304739952087,True,handpd:meander,1
P1_image,efficientnet_b0,2,HC:0297,0,0.5375937223434448,True,handpd:meander,1
P1_image,efficientnet_b0,2,PD:0002,1,0.8983784914016724,True,handpd:meander,1
P1_image,efficientnet_b0,2,PD:0002,1,0.8706451058387756,True,handpd:meander,1
P1_image,efficientnet_b0,2,PD:0003,1,0.9205522537231445,True,handpd:meander,1
P1_image,efficientnet_b0,2,PD:0003,1,0.9176328778266907,True,handpd:meander,1
P1_image,efficientnet_b0,2,PD:0004,1,0.7939532399177551,True,handpd:meander,1
P1_image,efficientnet_b0,2,PD:0004,1,0.9241349697113037,True,handpd:meander,1
P1_image,efficientnet_b0,2,PD:0005,1,0.7807015180587769,True,handpd:meander,1
P1_image,efficientnet_b0,2,PD:0009,1,0.7190093994140625,True,handpd:meander,1
P1_image,efficientnet_b0,2,PD:0016,1,0.7676878571510315,True,handpd:meander,1
P1_image,efficientnet_b0,2,PD:0016,1,0.8758171200752258,True,handpd:meander,1
P1_image,efficientnet_b0,2,PD:0023,1,0.7045407295227051,True,handpd:meander,1
P1_image,efficientnet_b0,2,PD:0024,1,0.6755151748657227,True,handpd:meander,1
P1_image,efficientnet_b0,2,PD:0024,1,0.6476166248321533,True,handpd:meander,1
P1_image,efficientnet_b0,2,PD:0030,1,0.6949602365493774,True,handpd:meander,1
P1_image,efficientnet_b0,2,PD:0030,1,0.6894208192825317,True,handpd:meander,1
P1_image,efficientnet_b0,2,PD:0031,1,0.5805850625038147,True,handpd:meander,1
P1_image,efficientnet_b0,2,PD:0038,1,0.7793663144111633,True,handpd:meander,1
P1_image,efficientnet_b0,2,PD:0038,1,0.8424118757247925,True,handpd:meander,1
P1_image,efficientnet_b0,2,PD:0044,1,0.7936708331108093,True,handpd:meander,1
P1_image,efficientnet_b0,2,PD:0045,1,0.8123051524162292,True,handpd:meander,1
P1_image,efficientnet_b0,2,PD:0051,1,0.7801533341407776,True,handpd:meander,1
P1_image,efficientnet_b0,2,PD:0053,1,0.808966875076294,True,handpd:meander,1
P1_image,efficientnet_b0,2,PD:0054,1,0.6391791701316833,True,handpd:meander,1
P1_image,efficientnet_b0,2,PD:0134,1,0.8621227741241455,True,handpd:meander,1
P1_image,efficientnet_b0,2,PD:0134,1,0.8527013659477234,True,handpd:meander,1
P1_image,efficientnet_b0,2,PD:0134,1,0.906623363494873,True,handpd:meander,1
P1_image,efficientnet_b0,2,PD:0136,1,0.8488027453422546,True,handpd:meander,1
P1_image,efficientnet_b0,2,PD:0138,1,0.6928578019142151,True,handpd:meander,1
P1_image,efficientnet_b0,2,PD:0143,1,0.8626062870025635,True,handpd:meander,1
P1_image,efficientnet_b0,2,PD:0143,1,0.8624148368835449,True,handpd:meander,1
P1_image,efficientnet_b0,2,PD:0148,1,0.8895196318626404,True,handpd:meander,1
P1_image,efficientnet_b0,2,PD:0148,1,0.8786523938179016,True,handpd:meander,1
P1_image,efficientnet_b0,2,PD:0157,1,0.8834882378578186,True,handpd:meander,1
P1_image,efficientnet_b0,2,PD:0161,1,0.7213184237480164,True,handpd:meander,1
P1_image,efficientnet_b0,2,PD:0166,1,0.6117746829986572,True,handpd:meander,1
P1_image,efficientnet_b0,2,PD:0166,1,0.6826650500297546,True,handpd:meander,1
P1_image,efficientnet_b0,2,PD:0170,1,0.8829901814460754,True,handpd:meander,1
P1_image,efficientnet_b0,2,PD:0170,1,0.7517075538635254,True,handpd:meander,1
P1_image,efficientnet_b0,2,PD:0174,1,0.869329035282135,True,handpd:meander,1
P1_image,efficientnet_b0,2,PD:0174,1,0.9667991995811462,True,handpd:meander,1
P1_image,efficientnet_b0,2,PD:0181,1,0.7453265190124512,True,handpd:meander,1
P1_image,efficientnet_b0,2,PD:0181,1,0.8377885818481445,True,handpd:meander,1
P1_image,efficientnet_b0,2,PD:0182,1,0.7121286392211914,True,handpd:meander,1
P1_image,efficientnet_b0,2,PD:0182,1,0.6312860250473022,True,handpd:meander,1
P1_image,efficientnet_b0,2,PD:0182,1,0.7550340294837952,True,handpd:meander,1
P1_image,efficientnet_b0,2,PD:0186,1,0.8391926288604736,True,handpd:meander,1
P1_image,efficientnet_b0,2,PD:0187,1,0.6631649136543274,True,handpd:meander,1
P1_image,efficientnet_b0,2,PD:0188,1,0.7122309803962708,True,handpd:meander,1
P1_image,efficientnet_b0,2,PD:0188,1,0.7087032198905945,True,handpd:meander,1
P1_image,efficientnet_b0,2,PD:0192,1,0.6700422763824463,True,handpd:meander,1
P1_image,efficientnet_b0,2,PD:0192,1,0.926781415939331,True,handpd:meander,1
P1_image,efficientnet_b0,2,PD:0196,1,0.679111659526825,True,handpd:meander,1
P1_image,efficientnet_b0,2,PD:0196,1,0.7569915652275085,True,handpd:meander,1
P1_image,efficientnet_b0,2,PD:0197,1,0.8099882006645203,True,handpd:meander,1
P1_image,efficientnet_b0,2,PD:0198,1,0.9317489862442017,True,handpd:meander,1
P1_image,efficientnet_b0,2,PD:0202,1,0.7706235647201538,True,handpd:meander,1
P1_image,efficientnet_b0,2,PD:0202,1,0.8039559125900269,True,handpd:meander,1
P1_image,efficientnet_b0,2,PD:0207,1,0.9109529852867126,True,handpd:meander,1
P1_image,efficientnet_b0,2,PD:0213,1,0.8655909299850464,True,handpd:meander,1
P1_image,efficientnet_b0,2,PD:0213,1,0.8829318284988403,True,handpd:meander,1
P1_image,efficientnet_b0,2,PD:0214,1,0.5425914525985718,True,handpd:meander,1
P1_image,efficientnet_b0,2,PD:0218,1,0.611454963684082,True,handpd:meander,1
P1_image,efficientnet_b0,2,PD:0219,1,0.6024430990219116,True,handpd:meander,1
P1_image,efficientnet_b0,2,PD:0219,1,0.64073246717453,True,handpd:meander,1
P1_image,efficientnet_b0,2,PD:0223,1,0.8199111223220825,True,handpd:meander,1
P1_image,efficientnet_b0,2,PD:0223,1,0.7440035343170166,True,handpd:meander,1
P1_image,efficientnet_b0,2,PD:0223,1,0.6493352055549622,True,handpd:meander,1
P1_image,efficientnet_b0,2,PD:0228,1,0.9382706880569458,True,handpd:meander,1
P1_image,efficientnet_b0,2,PD:0229,1,0.9607501029968262,True,handpd:meander,1
P1_image,efficientnet_b0,2,PD:0229,1,0.9726852774620056,True,handpd:meander,1
P1_image,efficientnet_b0,2,PD:0235,1,0.9578135013580322,False,handpd:meander,1
P1_image,efficientnet_b0,2,PD:0235,1,0.894772469997406,False,handpd:meander,1
P1_image,efficientnet_b0,2,PD:0235,1,0.9488013386726379,False,handpd:meander,1
P1_image,efficientnet_b0,2,PD:0235,1,0.9193147420883179,False,handpd:meander,1
P1_image,efficientnet_b0,2,PD:0236,1,0.918272078037262,True,handpd:meander,1
P1_image,efficientnet_b0,2,PD:0236,1,0.9705905914306641,True,handpd:meander,1
P1_image,efficientnet_b0,2,PD:0240,1,0.7391190528869629,True,handpd:meander,1
P1_image,efficientnet_b0,2,PD:0240,1,0.7538939118385315,True,handpd:meander,1
P1_image,efficientnet_b0,2,PD:0241,1,0.9357113242149353,True,handpd:meander,1
P1_image,efficientnet_b0,2,PD:0242,1,0.8853559494018555,True,handpd:meander,1
P1_image,efficientnet_b0,2,PD:0246,1,0.851746678352356,True,handpd:meander,1
P1_image,efficientnet_b0,2,PD:0247,1,0.678568422794342,True,handpd:meander,1
P1_image,efficientnet_b0,2,PD:0253,1,0.7558004260063171,True,handpd:meander,1
P1_image,efficientnet_b0,2,PD:0253,1,0.8058778047561646,True,handpd:meander,1
P1_image,efficientnet_b0,2,PD:0253,1,0.7258117198944092,True,handpd:meander,1
P1_image,efficientnet_b0,2,PD:0261,1,0.7646245956420898,True,handpd:meander,1
P1_image,efficientnet_b0,2,PD:0261,1,0.6853023767471313,True,handpd:meander,1
P1_image,efficientnet_b0,2,PD:0268,1,0.8816756010055542,True,handpd:meander,1
P1_image,efficientnet_b0,2,PD:0269,1,0.6948195695877075,True,handpd:meander,1
P1_image,efficientnet_b0,2,PD:0269,1,0.7967494130134583,True,handpd:meander,1
P1_image,efficientnet_b0,2,PD:0269,1,0.805879533290863,True,handpd:meander,1
P1_image,efficientnet_b0,2,PD:0273,1,0.8132052421569824,True,handpd:meander,1
P1_image,efficientnet_b0,2,PD:0274,1,0.7373573780059814,True,handpd:meander,1
P1_image,efficientnet_b0,2,PD:0274,1,0.8277039527893066,True,handpd:meander,1
P1_image,efficientnet_b0,2,PD:0280,1,0.793310821056366,True,handpd:meander,1
P1_image,efficientnet_b0,2,PD:0280,1,0.8307803273200989,True,handpd:meander,1
P1_image,efficientnet_b0,2,PD:0280,1,0.8500831723213196,True,handpd:meander,1
P1_image,efficientnet_b0,2,PD:0281,1,0.8780631422996521,True,handpd:meander,1
P2_subject,efficientnet_b0,0,HC:0068,0,0.44956010580062866,False,handpd:meander,1
P2_subject,efficientnet_b0,0,HC:0068,0,0.4127920866012573,False,handpd:meander,1
P2_subject,efficientnet_b0,0,HC:0068,0,0.4559650123119354,False,handpd:meander,1
P2_subject,efficientnet_b0,0,HC:0068,0,0.5729702115058899,False,handpd:meander,1
P2_subject,efficientnet_b0,0,HC:0092,0,0.4268569350242615,False,handpd:meander,1
P2_subject,efficientnet_b0,0,HC:0092,0,0.4134615361690521,False,handpd:meander,1
P2_subject,efficientnet_b0,0,HC:0092,0,0.49925661087036133,False,handpd:meander,1
P2_subject,efficientnet_b0,0,HC:0092,0,0.5362975001335144,False,handpd:meander,1
P2_subject,efficientnet_b0,0,HC:0102,0,0.5093464255332947,False,handpd:meander,1
P2_subject,efficientnet_b0,0,HC:0102,0,0.670183539390564,False,handpd:meander,1
P2_subject,efficientnet_b0,0,HC:0102,0,0.5569692850112915,False,handpd:meander,1
P2_subject,efficientnet_b0,0,HC:0102,0,0.39443352818489075,False,handpd:meander,1
P2_subject,efficientnet_b0,0,HC:0127,0,0.5980117917060852,False,handpd:meander,1
P2_subject,efficientnet_b0,0,HC:0127,0,0.447524756193161,False,handpd:meander,1
P2_subject,efficientnet_b0,0,HC:0127,0,0.35594457387924194,False,handpd:meander,1
P2_subject,efficientnet_b0,0,HC:0127,0,0.3971114158630371,False,handpd:meander,1
P2_subject,efficientnet_b0,0,HC:0131,0,0.5723087191581726,False,handpd:meander,1
P2_subject,efficientnet_b0,0,HC:0131,0,0.5913044810295105,False,handpd:meander,1
P2_subject,efficientnet_b0,0,HC:0131,0,0.5318480134010315,False,handpd:meander,1
P2_subject,efficientnet_b0,0,HC:0131,0,0.5614301562309265,False,handpd:meander,1
P2_subject,efficientnet_b0,0,HC:0295,0,0.6661540865898132,False,handpd:meander,1
P2_subject,efficientnet_b0,0,HC:0295,0,0.7984655499458313,False,handpd:meander,1
P2_subject,efficientnet_b0,0,HC:0295,0,0.7970930337905884,False,handpd:meander,1
P2_subject,efficientnet_b0,0,HC:0295,0,0.80884850025177,False,handpd:meander,1
P2_subject,efficientnet_b0,0,PD:0002,1,0.9835824966430664,False,handpd:meander,1
P2_subject,efficientnet_b0,0,PD:0002,1,0.9205116629600525,False,handpd:meander,1
P2_subject,efficientnet_b0,0,PD:0002,1,0.9656815528869629,False,handpd:meander,1
P2_subject,efficientnet_b0,0,PD:0002,1,0.9830873012542725,False,handpd:meander,1
P2_subject,efficientnet_b0,0,PD:0009,1,0.7924638390541077,False,handpd:meander,1
P2_subject,efficientnet_b0,0,PD:0009,1,0.8519614338874817,False,handpd:meander,1
P2_subject,efficientnet_b0,0,PD:0009,1,0.6690277457237244,False,handpd:meander,1
P2_subject,efficientnet_b0,0,PD:0009,1,0.5083519220352173,False,handpd:meander,1
P2_subject,efficientnet_b0,0,PD:0016,1,0.8523983955383301,False,handpd:meander,1
P2_subject,efficientnet_b0,0,PD:0016,1,0.9606121182441711,False,handpd:meander,1
P2_subject,efficientnet_b0,0,PD:0016,1,0.9485171437263489,False,handpd:meander,1
P2_subject,efficientnet_b0,0,PD:0016,1,0.973466694355011,False,handpd:meander,1
P2_subject,efficientnet_b0,0,PD:0023,1,0.8881500959396362,False,handpd:meander,1
P2_subject,efficientnet_b0,0,PD:0023,1,0.727666974067688,False,handpd:meander,1
P2_subject,efficientnet_b0,0,PD:0023,1,0.670842170715332,False,handpd:meander,1
P2_subject,efficientnet_b0,0,PD:0023,1,0.7832088470458984,False,handpd:meander,1
P2_subject,efficientnet_b0,0,PD:0038,1,0.8863974809646606,False,handpd:meander,1
P2_subject,efficientnet_b0,0,PD:0038,1,0.911155641078949,False,handpd:meander,1
P2_subject,efficientnet_b0,0,PD:0038,1,0.9270990490913391,False,handpd:meander,1
P2_subject,efficientnet_b0,0,PD:0038,1,0.8237168192863464,False,handpd:meander,1
P2_subject,efficientnet_b0,0,PD:0053,1,0.8295140266418457,False,handpd:meander,1
P2_subject,efficientnet_b0,0,PD:0053,1,0.787634015083313,False,handpd:meander,1
P2_subject,efficientnet_b0,0,PD:0053,1,0.6625290513038635,False,handpd:meander,1
P2_subject,efficientnet_b0,0,PD:0053,1,0.7876645922660828,False,handpd:meander,1
P2_subject,efficientnet_b0,0,PD:0054,1,0.9035109877586365,False,handpd:meander,1
P2_subject,efficientnet_b0,0,PD:0054,1,0.5902052521705627,False,handpd:meander,1
P2_subject,efficientnet_b0,0,PD:0054,1,0.6933972835540771,False,handpd:meander,1
P2_subject,efficientnet_b0,0,PD:0054,1,0.8220551013946533,False,handpd:meander,1
P2_subject,efficientnet_b0,0,PD:0136,1,0.7817327380180359,False,handpd:meander,1
P2_subject,efficientnet_b0,0,PD:0136,1,0.5365400314331055,False,handpd:meander,1
P2_subject,efficientnet_b0,0,PD:0136,1,0.6692841053009033,False,handpd:meander,1
P2_subject,efficientnet_b0,0,PD:0136,1,0.8111848831176758,False,handpd:meander,1
P2_subject,efficientnet_b0,0,PD:0157,1,0.9158616065979004,False,handpd:meander,1
P2_subject,efficientnet_b0,0,PD:0157,1,0.7967657446861267,False,handpd:meander,1
P2_subject,efficientnet_b0,0,PD:0157,1,0.7973654270172119,False,handpd:meander,1
P2_subject,efficientnet_b0,0,PD:0157,1,0.8233360648155212,False,handpd:meander,1
P2_subject,efficientnet_b0,0,PD:0161,1,0.8942434191703796,False,handpd:meander,1
P2_subject,efficientnet_b0,0,PD:0161,1,0.7081456780433655,False,handpd:meander,1
P2_subject,efficientnet_b0,0,PD:0161,1,0.6983091831207275,False,handpd:meander,1
P2_subject,efficientnet_b0,0,PD:0161,1,0.9284669756889343,False,handpd:meander,1
P2_subject,efficientnet_b0,0,PD:0165,1,0.7064610123634338,False,handpd:meander,1
P2_subject,efficientnet_b0,0,PD:0165,1,0.6880683302879333,False,handpd:meander,1
P2_subject,efficientnet_b0,0,PD:0165,1,0.5937945246696472,False,handpd:meander,1
P2_subject,efficientnet_b0,0,PD:0165,1,0.6349121928215027,False,handpd:meander,1
P2_subject,efficientnet_b0,0,PD:0176,1,0.944229245185852,False,handpd:meander,1
P2_subject,efficientnet_b0,0,PD:0176,1,0.886169970035553,False,handpd:meander,1
P2_subject,efficientnet_b0,0,PD:0176,1,0.9001709818840027,False,handpd:meander,1
P2_subject,efficientnet_b0,0,PD:0176,1,0.8524379134178162,False,handpd:meander,1
P2_subject,efficientnet_b0,0,PD:0182,1,0.7362927198410034,False,handpd:meander,1
P2_subject,efficientnet_b0,0,PD:0182,1,0.6841732263565063,False,handpd:meander,1
P2_subject,efficientnet_b0,0,PD:0182,1,0.8047541379928589,False,handpd:meander,1
P2_subject,efficientnet_b0,0,PD:0182,1,0.799129068851471,False,handpd:meander,1
P2_subject,efficientnet_b0,0,PD:0186,1,0.8331043720245361,False,handpd:meander,1
P2_subject,efficientnet_b0,0,PD:0186,1,0.7059626579284668,False,handpd:meander,1
P2_subject,efficientnet_b0,0,PD:0186,1,0.7700875401496887,False,handpd:meander,1
P2_subject,efficientnet_b0,0,PD:0186,1,0.845661461353302,False,handpd:meander,1
P2_subject,efficientnet_b0,0,PD:0203,1,0.6541690230369568,False,handpd:meander,1
P2_subject,efficientnet_b0,0,PD:0203,1,0.8860167264938354,False,handpd:meander,1
P2_subject,efficientnet_b0,0,PD:0203,1,0.7834235429763794,False,handpd:meander,1
P2_subject,efficientnet_b0,0,PD:0203,1,0.7287011742591858,False,handpd:meander,1
P2_subject,efficientnet_b0,0,PD:0219,1,0.5422341823577881,False,handpd:meander,1
P2_subject,efficientnet_b0,0,PD:0219,1,0.5415066480636597,False,handpd:meander,1
P2_subject,efficientnet_b0,0,PD:0219,1,0.6369767785072327,False,handpd:meander,1
P2_subject,efficientnet_b0,0,PD:0219,1,0.7639468312263489,False,handpd:meander,1
P2_subject,efficientnet_b0,0,PD:0229,1,0.983198344707489,False,handpd:meander,1
P2_subject,efficientnet_b0,0,PD:0229,1,0.9761369824409485,False,handpd:meander,1
P2_subject,efficientnet_b0,0,PD:0229,1,0.9933261871337891,False,handpd:meander,1
P2_subject,efficientnet_b0,0,PD:0229,1,0.9775855541229248,False,handpd:meander,1
P2_subject,efficientnet_b0,0,PD:0236,1,0.8274344205856323,False,handpd:meander,1
P2_subject,efficientnet_b0,0,PD:0236,1,0.9628749489784241,False,handpd:meander,1
P2_subject,efficientnet_b0,0,PD:0236,1,0.9804738759994507,False,handpd:meander,1
P2_subject,efficientnet_b0,0,PD:0236,1,0.9473379850387573,False,handpd:meander,1
P2_subject,efficientnet_b0,0,PD:0240,1,0.8194400668144226,False,handpd:meander,1
P2_subject,efficientnet_b0,0,PD:0240,1,0.942154049873352,False,handpd:meander,1
P2_subject,efficientnet_b0,0,PD:0240,1,0.8960209488868713,False,handpd:meander,1
P2_subject,efficientnet_b0,0,PD:0240,1,0.8647676706314087,False,handpd:meander,1
P2_subject,efficientnet_b0,0,PD:0242,1,0.9042291641235352,False,handpd:meander,1
P2_subject,efficientnet_b0,0,PD:0242,1,0.9041888117790222,False,handpd:meander,1
P2_subject,efficientnet_b0,0,PD:0242,1,0.953076958656311,False,handpd:meander,1
P2_subject,efficientnet_b0,0,PD:0242,1,0.8355141282081604,False,handpd:meander,1
P2_subject,efficientnet_b0,0,PD:0254,1,0.8105215430259705,False,handpd:meander,1
P2_subject,efficientnet_b0,0,PD:0254,1,0.758873701095581,False,handpd:meander,1
P2_subject,efficientnet_b0,0,PD:0254,1,0.6805145144462585,False,handpd:meander,1
P2_subject,efficientnet_b0,0,PD:0254,1,0.6673033833503723,False,handpd:meander,1
P2_subject,efficientnet_b0,0,PD:0261,1,0.6617333292961121,False,handpd:meander,1
P2_subject,efficientnet_b0,0,PD:0261,1,0.7390148043632507,False,handpd:meander,1
P2_subject,efficientnet_b0,0,PD:0261,1,0.6141756176948547,False,handpd:meander,1
P2_subject,efficientnet_b0,0,PD:0261,1,0.7529255151748657,False,handpd:meander,1
P2_subject,efficientnet_b0,0,PD:0269,1,0.7942761182785034,False,handpd:meander,1
P2_subject,efficientnet_b0,0,PD:0269,1,0.8361101746559143,False,handpd:meander,1
P2_subject,efficientnet_b0,0,PD:0269,1,0.8488736152648926,False,handpd:meander,1
P2_subject,efficientnet_b0,0,PD:0269,1,0.7952725291252136,False,handpd:meander,1
P2_subject,efficientnet_b0,0,PD:0273,1,0.7910144925117493,False,handpd:meander,1
P2_subject,efficientnet_b0,0,PD:0273,1,0.7571989297866821,False,handpd:meander,1
P2_subject,efficientnet_b0,0,PD:0273,1,0.853044867515564,False,handpd:meander,1
P2_subject,efficientnet_b0,0,PD:0273,1,0.8096591234207153,False,handpd:meander,1
P2_subject,efficientnet_b0,0,PD:0280,1,0.8626753091812134,False,handpd:meander,1
P2_subject,efficientnet_b0,0,PD:0280,1,0.8260699510574341,False,handpd:meander,1
P2_subject,efficientnet_b0,0,PD:0280,1,0.8409562706947327,False,handpd:meander,1
P2_subject,efficientnet_b0,0,PD:0280,1,0.8672785758972168,False,handpd:meander,1
P2_subject,efficientnet_b0,1,HC:0100,0,0.5741319060325623,False,handpd:meander,1
P2_subject,efficientnet_b0,1,HC:0100,0,0.4391287565231323,False,handpd:meander,1
P2_subject,efficientnet_b0,1,HC:0100,0,0.5345840454101562,False,handpd:meander,1
P2_subject,efficientnet_b0,1,HC:0100,0,0.6453136801719666,False,handpd:meander,1
P2_subject,efficientnet_b0,1,HC:0106,0,0.7820356488227844,False,handpd:meander,1
P2_subject,efficientnet_b0,1,HC:0106,0,0.6653560400009155,False,handpd:meander,1
P2_subject,efficientnet_b0,1,HC:0106,0,0.46171286702156067,False,handpd:meander,1
P2_subject,efficientnet_b0,1,HC:0106,0,0.5601349472999573,False,handpd:meander,1
P2_subject,efficientnet_b0,1,HC:0129,0,0.6573750376701355,False,handpd:meander,1
P2_subject,efficientnet_b0,1,HC:0129,0,0.5734227895736694,False,handpd:meander,1
P2_subject,efficientnet_b0,1,HC:0129,0,0.43359023332595825,False,handpd:meander,1
P2_subject,efficientnet_b0,1,HC:0129,0,0.6526996493339539,False,handpd:meander,1
P2_subject,efficientnet_b0,1,HC:0287,0,0.6316061615943909,False,handpd:meander,1
P2_subject,efficientnet_b0,1,HC:0287,0,0.6613569855690002,False,handpd:meander,1
P2_subject,efficientnet_b0,1,HC:0287,0,0.7757041454315186,False,handpd:meander,1
P2_subject,efficientnet_b0,1,HC:0287,0,0.7997790575027466,False,handpd:meander,1
P2_subject,efficientnet_b0,1,HC:0289,0,0.48177358508110046,False,handpd:meander,1
P2_subject,efficientnet_b0,1,HC:0289,0,0.664243221282959,False,handpd:meander,1
P2_subject,efficientnet_b0,1,HC:0289,0,0.3719860017299652,False,handpd:meander,1
P2_subject,efficientnet_b0,1,HC:0289,0,0.5779227614402771,False,handpd:meander,1
P2_subject,efficientnet_b0,1,HC:0305,0,0.8900385499000549,False,handpd:meander,1
P2_subject,efficientnet_b0,1,HC:0305,0,0.899852991104126,False,handpd:meander,1
P2_subject,efficientnet_b0,1,HC:0305,0,0.9145174622535706,False,handpd:meander,1
P2_subject,efficientnet_b0,1,HC:0305,0,0.9036157131195068,False,handpd:meander,1
P2_subject,efficientnet_b0,1,PD:0003,1,0.9627231359481812,False,handpd:meander,1
P2_subject,efficientnet_b0,1,PD:0003,1,0.9308950304985046,False,handpd:meander,1
P2_subject,efficientnet_b0,1,PD:0003,1,0.9555888175964355,False,handpd:meander,1
P2_subject,efficientnet_b0,1,PD:0003,1,0.9585111737251282,False,handpd:meander,1
P2_subject,efficientnet_b0,1,PD:0004,1,0.8611047863960266,False,handpd:meander,1
P2_subject,efficientnet_b0,1,PD:0004,1,0.9444651007652283,False,handpd:meander,1
P2_subject,efficientnet_b0,1,PD:0004,1,0.7855871319770813,False,handpd:meander,1
P2_subject,efficientnet_b0,1,PD:0004,1,0.8756265044212341,False,handpd:meander,1
P2_subject,efficientnet_b0,1,PD:0010,1,0.8546173572540283,False,handpd:meander,1
P2_subject,efficientnet_b0,1,PD:0010,1,0.9117359519004822,False,handpd:meander,1
P2_subject,efficientnet_b0,1,PD:0010,1,0.9137573838233948,False,handpd:meander,1
P2_subject,efficientnet_b0,1,PD:0010,1,0.864330530166626,False,handpd:meander,1
P2_subject,efficientnet_b0,1,PD:0030,1,0.7622124552726746,False,handpd:meander,1
P2_subject,efficientnet_b0,1,PD:0030,1,0.751717746257782,False,handpd:meander,1
P2_subject,efficientnet_b0,1,PD:0030,1,0.8216395378112793,False,handpd:meander,1
P2_subject,efficientnet_b0,1,PD:0030,1,0.883127748966217,False,handpd:meander,1
P2_subject,efficientnet_b0,1,PD:0037,1,0.9468923211097717,False,handpd:meander,1
P2_subject,efficientnet_b0,1,PD:0037,1,0.8658201694488525,False,handpd:meander,1
P2_subject,efficientnet_b0,1,PD:0037,1,0.902829110622406,False,handpd:meander,1
P2_subject,efficientnet_b0,1,PD:0037,1,0.9007856845855713,False,handpd:meander,1
P2_subject,efficientnet_b0,1,PD:0046,1,0.9501640796661377,False,handpd:meander,1
P2_subject,efficientnet_b0,1,PD:0046,1,0.92684406042099,False,handpd:meander,1
P2_subject,efficientnet_b0,1,PD:0046,1,0.9629479050636292,False,handpd:meander,1
P2_subject,efficientnet_b0,1,PD:0046,1,0.9360763430595398,False,handpd:meander,1
P2_subject,efficientnet_b0,1,PD:0052,1,0.7841432690620422,False,handpd:meander,1
P2_subject,efficientnet_b0,1,PD:0052,1,0.8624398112297058,False,handpd:meander,1
P2_subject,efficientnet_b0,1,PD:0052,1,0.8579952120780945,False,handpd:meander,1
P2_subject,efficientnet_b0,1,PD:0052,1,0.8560387492179871,False,handpd:meander,1
P2_subject,efficientnet_b0,1,PD:0138,1,0.6032397150993347,False,handpd:meander,1
P2_subject,efficientnet_b0,1,PD:0138,1,0.6198270320892334,False,handpd:meander,1
P2_subject,efficientnet_b0,1,PD:0138,1,0.6185730695724487,False,handpd:meander,1
P2_subject,efficientnet_b0,1,PD:0138,1,0.6798481941223145,False,handpd:meander,1
P2_subject,efficientnet_b0,1,PD:0148,1,0.8894519209861755,False,handpd:meander,1
P2_subject,efficientnet_b0,1,PD:0148,1,0.8961460590362549,False,handpd:meander,1
P2_subject,efficientnet_b0,1,PD:0148,1,0.9182173609733582,False,handpd:meander,1
P2_subject,efficientnet_b0,1,PD:0148,1,0.9170177578926086,False,handpd:meander,1
P2_subject,efficientnet_b0,1,PD:0149,1,0.9184669852256775,False,handpd:meander,1
P2_subject,efficientnet_b0,1,PD:0149,1,0.9110615253448486,False,handpd:meander,1
P2_subject,efficientnet_b0,1,PD:0149,1,0.9655779600143433,False,handpd:meander,1
P2_subject,efficientnet_b0,1,PD:0149,1,0.9643940329551697,False,handpd:meander,1
P2_subject,efficientnet_b0,1,PD:0153,1,0.751157820224762,False,handpd:meander,1
P2_subject,efficientnet_b0,1,PD:0153,1,0.7453259229660034,False,handpd:meander,1
P2_subject,efficientnet_b0,1,PD:0153,1,0.6413082480430603,False,handpd:meander,1
P2_subject,efficientnet_b0,1,PD:0153,1,0.5645400881767273,False,handpd:meander,1
P2_subject,efficientnet_b0,1,PD:0166,1,0.8870888948440552,False,handpd:meander,1
P2_subject,efficientnet_b0,1,PD:0166,1,0.6815483570098877,False,handpd:meander,1
P2_subject,efficientnet_b0,1,PD:0166,1,0.8330177068710327,False,handpd:meander,1
P2_subject,efficientnet_b0,1,PD:0166,1,0.6670227646827698,False,handpd:meander,1
P2_subject,efficientnet_b0,1,PD:0174,1,0.9780900478363037,False,handpd:meander,1
P2_subject,efficientnet_b0,1,PD:0174,1,0.9942822456359863,False,handpd:meander,1
P2_subject,efficientnet_b0,1,PD:0174,1,0.9725144505500793,False,handpd:meander,1
P2_subject,efficientnet_b0,1,PD:0174,1,0.9845249056816101,False,handpd:meander,1
P2_subject,efficientnet_b0,1,PD:0177,1,0.9131156206130981,False,handpd:meander,1
P2_subject,efficientnet_b0,1,PD:0177,1,0.8678451776504517,False,handpd:meander,1
P2_subject,efficientnet_b0,1,PD:0177,1,0.7332683801651001,False,handpd:meander,1
P2_subject,efficientnet_b0,1,PD:0177,1,0.9234044551849365,False,handpd:meander,1
P2_subject,efficientnet_b0,1,PD:0188,1,0.870055079460144,False,handpd:meander,1
P2_subject,efficientnet_b0,1,PD:0188,1,0.8518354296684265,False,handpd:meander,1
P2_subject,efficientnet_b0,1,PD:0188,1,0.8829270601272583,False,handpd:meander,1
P2_subject,efficientnet_b0,1,PD:0188,1,0.8411072492599487,False,handpd:meander,1
P2_subject,efficientnet_b0,1,PD:0197,1,0.8407912850379944,False,handpd:meander,1
P2_subject,efficientnet_b0,1,PD:0197,1,0.8751897811889648,False,handpd:meander,1
P2_subject,efficientnet_b0,1,PD:0197,1,0.7162526249885559,False,handpd:meander,1
P2_subject,efficientnet_b0,1,PD:0197,1,0.9171285629272461,False,handpd:meander,1
P2_subject,efficientnet_b0,1,PD:0213,1,0.9459508657455444,False,handpd:meander,1
P2_subject,efficientnet_b0,1,PD:0213,1,0.970113217830658,False,handpd:meander,1
P2_subject,efficientnet_b0,1,PD:0213,1,0.8101128339767456,False,handpd:meander,1
P2_subject,efficientnet_b0,1,PD:0213,1,0.9189413189888,False,handpd:meander,1
P2_subject,efficientnet_b0,1,PD:0214,1,0.8561205267906189,False,handpd:meander,1
P2_subject,efficientnet_b0,1,PD:0214,1,0.7339854836463928,False,handpd:meander,1
P2_subject,efficientnet_b0,1,PD:0214,1,0.8814441561698914,False,handpd:meander,1
P2_subject,efficientnet_b0,1,PD:0214,1,0.6139575839042664,False,handpd:meander,1
P2_subject,efficientnet_b0,1,PD:0228,1,0.9455013275146484,False,handpd:meander,1
P2_subject,efficientnet_b0,1,PD:0228,1,0.9526746273040771,False,handpd:meander,1
P2_subject,efficientnet_b0,1,PD:0228,1,0.8696247935295105,False,handpd:meander,1
P2_subject,efficientnet_b0,1,PD:0228,1,0.9641194939613342,False,handpd:meander,1
P2_subject,efficientnet_b0,1,PD:0230,1,0.9358999729156494,False,handpd:meander,1
P2_subject,efficientnet_b0,1,PD:0230,1,0.978826105594635,False,handpd:meander,1
P2_subject,efficientnet_b0,1,PD:0230,1,0.9893900752067566,False,handpd:meander,1
P2_subject,efficientnet_b0,1,PD:0230,1,0.9217472672462463,False,handpd:meander,1
P2_subject,efficientnet_b0,1,PD:0235,1,0.9886539578437805,False,handpd:meander,1
P2_subject,efficientnet_b0,1,PD:0235,1,0.9396249651908875,False,handpd:meander,1
P2_subject,efficientnet_b0,1,PD:0235,1,0.963948130607605,False,handpd:meander,1
P2_subject,efficientnet_b0,1,PD:0235,1,0.9146195650100708,False,handpd:meander,1
P2_subject,efficientnet_b0,1,PD:0241,1,0.9352018237113953,False,handpd:meander,1
P2_subject,efficientnet_b0,1,PD:0241,1,0.9524911642074585,False,handpd:meander,1
P2_subject,efficientnet_b0,1,PD:0241,1,0.9493914246559143,False,handpd:meander,1
P2_subject,efficientnet_b0,1,PD:0241,1,0.9290055632591248,False,handpd:meander,1
P2_subject,efficientnet_b0,1,PD:0247,1,0.9102762341499329,False,handpd:meander,1
P2_subject,efficientnet_b0,1,PD:0247,1,0.9618505239486694,False,handpd:meander,1
P2_subject,efficientnet_b0,1,PD:0247,1,0.8622700572013855,False,handpd:meander,1
P2_subject,efficientnet_b0,1,PD:0247,1,0.9236083030700684,False,handpd:meander,1
P2_subject,efficientnet_b0,1,PD:0253,1,0.8466530442237854,False,handpd:meander,1
P2_subject,efficientnet_b0,1,PD:0253,1,0.9216348528862,False,handpd:meander,1
P2_subject,efficientnet_b0,1,PD:0253,1,0.7144256830215454,False,handpd:meander,1
P2_subject,efficientnet_b0,1,PD:0253,1,0.879264771938324,False,handpd:meander,1
P2_subject,efficientnet_b0,1,PD:0281,1,0.9739927649497986,False,handpd:meander,1
P2_subject,efficientnet_b0,1,PD:0281,1,0.7970450520515442,False,handpd:meander,1
P2_subject,efficientnet_b0,1,PD:0281,1,0.8982608914375305,False,handpd:meander,1
P2_subject,efficientnet_b0,1,PD:0281,1,0.9519631862640381,False,handpd:meander,1
P2_subject,efficientnet_b0,2,HC:0098,0,0.6388903856277466,False,handpd:meander,1
P2_subject,efficientnet_b0,2,HC:0098,0,0.7040625810623169,False,handpd:meander,1
P2_subject,efficientnet_b0,2,HC:0098,0,0.5530920624732971,False,handpd:meander,1
P2_subject,efficientnet_b0,2,HC:0098,0,0.598707377910614,False,handpd:meander,1
P2_subject,efficientnet_b0,2,HC:0104,0,0.5964906811714172,False,handpd:meander,1
P2_subject,efficientnet_b0,2,HC:0104,0,0.4453045427799225,False,handpd:meander,1
P2_subject,efficientnet_b0,2,HC:0104,0,0.6851391792297363,False,handpd:meander,1
P2_subject,efficientnet_b0,2,HC:0104,0,0.5224416851997375,False,handpd:meander,1
P2_subject,efficientnet_b0,2,HC:0112,0,0.4926185607910156,False,handpd:meander,1
P2_subject,efficientnet_b0,2,HC:0112,0,0.6432510018348694,False,handpd:meander,1
P2_subject,efficientnet_b0,2,HC:0112,0,0.43517357110977173,False,handpd:meander,1
P2_subject,efficientnet_b0,2,HC:0112,0,0.6452261209487915,False,handpd:meander,1
P2_subject,efficientnet_b0,2,HC:0116,0,0.4896291494369507,False,handpd:meander,1
P2_subject,efficientnet_b0,2,HC:0116,0,0.46218621730804443,False,handpd:meander,1
P2_subject,efficientnet_b0,2,HC:0116,0,0.5290219187736511,False,handpd:meander,1
P2_subject,efficientnet_b0,2,HC:0116,0,0.6139388680458069,False,handpd:meander,1
P2_subject,efficientnet_b0,2,HC:0293,0,0.7663006782531738,False,handpd:meander,1
P2_subject,efficientnet_b0,2,HC:0293,0,0.6948767900466919,False,handpd:meander,1
P2_subject,efficientnet_b0,2,HC:0293,0,0.7462691068649292,False,handpd:meander,1
P2_subject,efficientnet_b0,2,HC:0293,0,0.7732917666435242,False,handpd:meander,1
P2_subject,efficientnet_b0,2,HC:0297,0,0.7748580574989319,False,handpd:meander,1
P2_subject,efficientnet_b0,2,HC:0297,0,0.6330761909484863,False,handpd:meander,1
P2_subject,efficientnet_b0,2,HC:0297,0,0.7690337896347046,False,handpd:meander,1
P2_subject,efficientnet_b0,2,HC:0297,0,0.6960898637771606,False,handpd:meander,1
P2_subject,efficientnet_b0,2,PD:0005,1,0.8342797160148621,False,handpd:meander,1
P2_subject,efficientnet_b0,2,PD:0005,1,0.8499016165733337,False,handpd:meander,1
P2_subject,efficientnet_b0,2,PD:0005,1,0.7847864031791687,False,handpd:meander,1
P2_subject,efficientnet_b0,2,PD:0005,1,0.8146561980247498,False,handpd:meander,1
P2_subject,efficientnet_b0,2,PD:0024,1,0.8279999494552612,False,handpd:meander,1
P2_subject,efficientnet_b0,2,PD:0024,1,0.7544202208518982,False,handpd:meander,1
P2_subject,efficientnet_b0,2,PD:0024,1,0.6062390208244324,False,handpd:meander,1
P2_subject,efficientnet_b0,2,PD:0024,1,0.7927940487861633,False,handpd:meander,1
P2_subject,efficientnet_b0,2,PD:0031,1,0.7530383467674255,False,handpd:meander,1
P2_subject,efficientnet_b0,2,PD:0031,1,0.5560171008110046,False,handpd:meander,1
P2_subject,efficientnet_b0,2,PD:0031,1,0.7982524037361145,False,handpd:meander,1
P2_subject,efficientnet_b0,2,PD:0031,1,0.7501176595687866,False,handpd:meander,1
P2_subject,efficientnet_b0,2,PD:0044,1,0.9603191614151001,False,handpd:meander,1
P2_subject,efficientnet_b0,2,PD:0044,1,0.8735387325286865,False,handpd:meander,1
P2_subject,efficientnet_b0,2,PD:0044,1,0.9278424978256226,False,handpd:meander,1
P2_subject,efficientnet_b0,2,PD:0044,1,0.8691660761833191,False,handpd:meander,1
P2_subject,efficientnet_b0,2,PD:0045,1,0.9740542769432068,False,handpd:meander,1
P2_subject,efficientnet_b0,2,PD:0045,1,0.8138101100921631,False,handpd:meander,1
P2_subject,efficientnet_b0,2,PD:0045,1,0.9220974445343018,False,handpd:meander,1
P2_subject,efficientnet_b0,2,PD:0045,1,0.918372392654419,False,handpd:meander,1
P2_subject,efficientnet_b0,2,PD:0051,1,0.6525927782058716,False,handpd:meander,1
P2_subject,efficientnet_b0,2,PD:0051,1,0.7570977807044983,False,handpd:meander,1
P2_subject,efficientnet_b0,2,PD:0051,1,0.8339409828186035,False,handpd:meander,1
P2_subject,efficientnet_b0,2,PD:0051,1,0.8138021230697632,False,handpd:meander,1
P2_subject,efficientnet_b0,2,PD:0134,1,0.8775001168251038,False,handpd:meander,1
P2_subject,efficientnet_b0,2,PD:0134,1,0.9672430753707886,False,handpd:meander,1
P2_subject,efficientnet_b0,2,PD:0134,1,0.9643551111221313,False,handpd:meander,1
P2_subject,efficientnet_b0,2,PD:0134,1,0.9357024431228638,False,handpd:meander,1
P2_subject,efficientnet_b0,2,PD:0139,1,0.9117160439491272,False,handpd:meander,1
P2_subject,efficientnet_b0,2,PD:0139,1,0.7234230637550354,False,handpd:meander,1
P2_subject,efficientnet_b0,2,PD:0139,1,0.6634059548377991,False,handpd:meander,1
P2_subject,efficientnet_b0,2,PD:0139,1,0.7890946269035339,False,handpd:meander,1
P2_subject,efficientnet_b0,2,PD:0143,1,0.9057714939117432,False,handpd:meander,1
P2_subject,efficientnet_b0,2,PD:0143,1,0.8413615226745605,False,handpd:meander,1
P2_subject,efficientnet_b0,2,PD:0143,1,0.8492634892463684,False,handpd:meander,1
P2_subject,efficientnet_b0,2,PD:0143,1,0.8532575368881226,False,handpd:meander,1
P2_subject,efficientnet_b0,2,PD:0170,1,0.9331512451171875,False,handpd:meander,1
P2_subject,efficientnet_b0,2,PD:0170,1,0.9464365839958191,False,handpd:meander,1
P2_subject,efficientnet_b0,2,PD:0170,1,0.9376282095909119,False,handpd:meander,1
P2_subject,efficientnet_b0,2,PD:0170,1,0.8856549859046936,False,handpd:meander,1
P2_subject,efficientnet_b0,2,PD:0181,1,0.8602141737937927,False,handpd:meander,1
P2_subject,efficientnet_b0,2,PD:0181,1,0.7768287062644958,False,handpd:meander,1
P2_subject,efficientnet_b0,2,PD:0181,1,0.8411158919334412,False,handpd:meander,1
P2_subject,efficientnet_b0,2,PD:0181,1,0.9217930436134338,False,handpd:meander,1
P2_subject,efficientnet_b0,2,PD:0187,1,0.7256263494491577,False,handpd:meander,1
P2_subject,efficientnet_b0,2,PD:0187,1,0.7509618401527405,False,handpd:meander,1
P2_subject,efficientnet_b0,2,PD:0187,1,0.867109477519989,False,handpd:meander,1
P2_subject,efficientnet_b0,2,PD:0187,1,0.6992509961128235,False,handpd:meander,1
P2_subject,efficientnet_b0,2,PD:0192,1,0.8781293630599976,False,handpd:meander,1
P2_subject,efficientnet_b0,2,PD:0192,1,0.6704728007316589,False,handpd:meander,1
P2_subject,efficientnet_b0,2,PD:0192,1,0.8344687223434448,False,handpd:meander,1
P2_subject,efficientnet_b0,2,PD:0192,1,0.9432924389839172,False,handpd:meander,1
P2_subject,efficientnet_b0,2,PD:0196,1,0.871434211730957,False,handpd:meander,1
P2_subject,efficientnet_b0,2,PD:0196,1,0.7990774512290955,False,handpd:meander,1
P2_subject,efficientnet_b0,2,PD:0196,1,0.7252340912818909,False,handpd:meander,1
P2_subject,efficientnet_b0,2,PD:0196,1,0.891728937625885,False,handpd:meander,1
P2_subject,efficientnet_b0,2,PD:0198,1,0.8476480841636658,False,handpd:meander,1
P2_subject,efficientnet_b0,2,PD:0198,1,0.7799677848815918,False,handpd:meander,1
P2_subject,efficientnet_b0,2,PD:0198,1,0.7860755920410156,False,handpd:meander,1
P2_subject,efficientnet_b0,2,PD:0198,1,0.9581223130226135,False,handpd:meander,1
P2_subject,efficientnet_b0,2,PD:0202,1,0.7973883748054504,False,handpd:meander,1
P2_subject,efficientnet_b0,2,PD:0202,1,0.8011114597320557,False,handpd:meander,1
P2_subject,efficientnet_b0,2,PD:0202,1,0.715630829334259,False,handpd:meander,1
P2_subject,efficientnet_b0,2,PD:0202,1,0.6457870006561279,False,handpd:meander,1
P2_subject,efficientnet_b0,2,PD:0207,1,0.8619998097419739,False,handpd:meander,1
P2_subject,efficientnet_b0,2,PD:0207,1,0.934687614440918,False,handpd:meander,1
P2_subject,efficientnet_b0,2,PD:0207,1,0.774116575717926,False,handpd:meander,1
P2_subject,efficientnet_b0,2,PD:0207,1,0.7680671215057373,False,handpd:meander,1
P2_subject,efficientnet_b0,2,PD:0208,1,0.6395924687385559,False,handpd:meander,1
P2_subject,efficientnet_b0,2,PD:0208,1,0.6831920742988586,False,handpd:meander,1
P2_subject,efficientnet_b0,2,PD:0208,1,0.731660783290863,False,handpd:meander,1
P2_subject,efficientnet_b0,2,PD:0208,1,0.8761361241340637,False,handpd:meander,1
P2_subject,efficientnet_b0,2,PD:0218,1,0.8729063272476196,False,handpd:meander,1
P2_subject,efficientnet_b0,2,PD:0218,1,0.6520332098007202,False,handpd:meander,1
P2_subject,efficientnet_b0,2,PD:0218,1,0.6693305373191833,False,handpd:meander,1
P2_subject,efficientnet_b0,2,PD:0218,1,0.7785914540290833,False,handpd:meander,1
P2_subject,efficientnet_b0,2,PD:0223,1,0.8910474181175232,False,handpd:meander,1
P2_subject,efficientnet_b0,2,PD:0223,1,0.7649017572402954,False,handpd:meander,1
P2_subject,efficientnet_b0,2,PD:0223,1,0.8528973460197449,False,handpd:meander,1
P2_subject,efficientnet_b0,2,PD:0223,1,0.8826785683631897,False,handpd:meander,1
P2_subject,efficientnet_b0,2,PD:0234,1,0.9575195908546448,False,handpd:meander,1
P2_subject,efficientnet_b0,2,PD:0234,1,0.9047651886940002,False,handpd:meander,1
P2_subject,efficientnet_b0,2,PD:0234,1,0.9819035530090332,False,handpd:meander,1
P2_subject,efficientnet_b0,2,PD:0234,1,0.9016249775886536,False,handpd:meander,1
P2_subject,efficientnet_b0,2,PD:0246,1,0.9743908643722534,False,handpd:meander,1
P2_subject,efficientnet_b0,2,PD:0246,1,0.9868081212043762,False,handpd:meander,1
P2_subject,efficientnet_b0,2,PD:0246,1,0.9315328598022461,False,handpd:meander,1
P2_subject,efficientnet_b0,2,PD:0246,1,0.9080399870872498,False,handpd:meander,1
P2_subject,efficientnet_b0,2,PD:0268,1,0.9403204321861267,False,handpd:meander,1
P2_subject,efficientnet_b0,2,PD:0268,1,0.9029654860496521,False,handpd:meander,1
P2_subject,efficientnet_b0,2,PD:0268,1,0.8574684858322144,False,handpd:meander,1
P2_subject,efficientnet_b0,2,PD:0268,1,0.8586636185646057,False,handpd:meander,1
P2_subject,efficientnet_b0,2,PD:0274,1,0.9064225554466248,False,handpd:meander,1
P2_subject,efficientnet_b0,2,PD:0274,1,0.8649837374687195,False,handpd:meander,1
P2_subject,efficientnet_b0,2,PD:0274,1,0.9126150608062744,False,handpd:meander,1
P2_subject,efficientnet_b0,2,PD:0274,1,0.7150905728340149,False,handpd:meander,1
P1_image,vgg16,0,HC:0068,0,0.5623323321342468,True,handpd:meander,2
P1_image,vgg16,0,HC:0100,0,0.6036074757575989,True,handpd:meander,2
P1_image,vgg16,0,HC:0102,0,0.5995705127716064,True,handpd:meander,2
P1_image,vgg16,0,HC:0102,0,0.5642179250717163,True,handpd:meander,2
P1_image,vgg16,0,HC:0102,0,0.6203652024269104,True,handpd:meander,2
P1_image,vgg16,0,HC:0104,0,0.6046671867370605,True,handpd:meander,2
P1_image,vgg16,0,HC:0104,0,0.5849815011024475,True,handpd:meander,2
P1_image,vgg16,0,HC:0106,0,0.594934344291687,True,handpd:meander,2
P1_image,vgg16,0,HC:0106,0,0.5734624266624451,True,handpd:meander,2
P1_image,vgg16,0,HC:0112,0,0.5531666278839111,True,handpd:meander,2
P1_image,vgg16,0,HC:0112,0,0.5861480236053467,True,handpd:meander,2
P1_image,vgg16,0,HC:0116,0,0.6325988173484802,True,handpd:meander,2
P1_image,vgg16,0,HC:0127,0,0.5981237888336182,True,handpd:meander,2
P1_image,vgg16,0,HC:0127,0,0.6199426054954529,True,handpd:meander,2
P1_image,vgg16,0,HC:0127,0,0.5990172624588013,True,handpd:meander,2
P1_image,vgg16,0,HC:0129,0,0.5692628622055054,True,handpd:meander,2
P1_image,vgg16,0,HC:0129,0,0.5784090161323547,True,handpd:meander,2
P1_image,vgg16,0,HC:0131,0,0.5970650911331177,True,handpd:meander,2
P1_image,vgg16,0,HC:0289,0,0.5787665843963623,True,handpd:meander,2
P1_image,vgg16,0,HC:0293,0,0.6136568188667297,True,handpd:meander,2
P1_image,vgg16,0,HC:0295,0,0.7397332191467285,True,handpd:meander,2
P1_image,vgg16,0,HC:0297,0,0.629671573638916,True,handpd:meander,2
P1_image,vgg16,0,HC:0305,0,0.6871115565299988,True,handpd:meander,2
P1_image,vgg16,0,HC:0305,0,0.6907219290733337,True,handpd:meander,2
P1_image,vgg16,0,PD:0002,1,0.8467272520065308,True,handpd:meander,2
P1_image,vgg16,0,PD:0002,1,0.8497361540794373,True,handpd:meander,2
P1_image,vgg16,0,PD:0003,1,0.7675135135650635,True,handpd:meander,2
P1_image,vgg16,0,PD:0003,1,0.8787226676940918,True,handpd:meander,2
P1_image,vgg16,0,PD:0004,1,0.7699861526489258,True,handpd:meander,2
P1_image,vgg16,0,PD:0005,1,0.7052074074745178,True,handpd:meander,2
P1_image,vgg16,0,PD:0009,1,0.6018474102020264,True,handpd:meander,2
P1_image,vgg16,0,PD:0009,1,0.6039654016494751,True,handpd:meander,2
P1_image,vgg16,0,PD:0010,1,0.7274742126464844,True,handpd:meander,2
P1_image,vgg16,0,PD:0016,1,0.7311888933181763,True,handpd:meander,2
P1_image,vgg16,0,PD:0023,1,0.6936460137367249,True,handpd:meander,2
P1_image,vgg16,0,PD:0030,1,0.6881850361824036,True,handpd:meander,2
P1_image,vgg16,0,PD:0031,1,0.6777095794677734,False,handpd:meander,2
P1_image,vgg16,0,PD:0031,1,0.5920901894569397,False,handpd:meander,2
P1_image,vgg16,0,PD:0031,1,0.6276401281356812,False,handpd:meander,2
P1_image,vgg16,0,PD:0031,1,0.6038868427276611,False,handpd:meander,2
P1_image,vgg16,0,PD:0037,1,0.7282081842422485,True,handpd:meander,2
P1_image,vgg16,0,PD:0038,1,0.849302351474762,True,handpd:meander,2
P1_image,vgg16,0,PD:0044,1,0.7270075082778931,True,handpd:meander,2
P1_image,vgg16,0,PD:0045,1,0.876091718673706,True,handpd:meander,2
P1_image,vgg16,0,PD:0051,1,0.7156877517700195,True,handpd:meander,2
P1_image,vgg16,0,PD:0051,1,0.6627570986747742,True,handpd:meander,2
P1_image,vgg16,0,PD:0051,1,0.6581581830978394,True,handpd:meander,2
P1_image,vgg16,0,PD:0052,1,0.7118825912475586,True,handpd:meander,2
P1_image,vgg16,0,PD:0053,1,0.7408196926116943,True,handpd:meander,2
P1_image,vgg16,0,PD:0054,1,0.680808961391449,True,handpd:meander,2
P1_image,vgg16,0,PD:0136,1,0.7075293064117432,True,handpd:meander,2
P1_image,vgg16,0,PD:0138,1,0.6841292977333069,True,handpd:meander,2
P1_image,vgg16,0,PD:0139,1,0.7207707166671753,True,handpd:meander,2
P1_image,vgg16,0,PD:0143,1,0.6758019924163818,True,handpd:meander,2
P1_image,vgg16,0,PD:0143,1,0.7001426815986633,True,handpd:meander,2
P1_image,vgg16,0,PD:0148,1,0.857384443283081,True,handpd:meander,2
P1_image,vgg16,0,PD:0148,1,0.7733982801437378,True,handpd:meander,2
P1_image,vgg16,0,PD:0153,1,0.6342148184776306,True,handpd:meander,2
P1_image,vgg16,0,PD:0157,1,0.6976216435432434,True,handpd:meander,2
P1_image,vgg16,0,PD:0157,1,0.6846307516098022,True,handpd:meander,2
P1_image,vgg16,0,PD:0161,1,0.7169612050056458,True,handpd:meander,2
P1_image,vgg16,0,PD:0166,1,0.7088778614997864,True,handpd:meander,2
P1_image,vgg16,0,PD:0166,1,0.6741946339607239,True,handpd:meander,2
P1_image,vgg16,0,PD:0170,1,0.9184350967407227,True,handpd:meander,2
P1_image,vgg16,0,PD:0174,1,0.946904718875885,True,handpd:meander,2
P1_image,vgg16,0,PD:0174,1,0.9619839787483215,True,handpd:meander,2
P1_image,vgg16,0,PD:0176,1,0.7451095581054688,True,handpd:meander,2
P1_image,vgg16,0,PD:0177,1,0.8135949373245239,True,handpd:meander,2
P1_image,vgg16,0,PD:0177,1,0.7298198938369751,True,handpd:meander,2
P1_image,vgg16,0,PD:0181,1,0.6762894988059998,True,handpd:meander,2
P1_image,vgg16,0,PD:0181,1,0.6601590514183044,True,handpd:meander,2
P1_image,vgg16,0,PD:0181,1,0.7196385860443115,True,handpd:meander,2
P1_image,vgg16,0,PD:0182,1,0.6900426149368286,True,handpd:meander,2
P1_image,vgg16,0,PD:0182,1,0.7072529792785645,True,handpd:meander,2
P1_image,vgg16,0,PD:0182,1,0.6522629857063293,True,handpd:meander,2
P1_image,vgg16,0,PD:0186,1,0.6462956070899963,True,handpd:meander,2
P1_image,vgg16,0,PD:0192,1,0.7223525643348694,True,handpd:meander,2
P1_image,vgg16,0,PD:0192,1,0.7988135814666748,True,handpd:meander,2
P1_image,vgg16,0,PD:0196,1,0.8004114627838135,True,handpd:meander,2
P1_image,vgg16,0,PD:0197,1,0.6543083786964417,True,handpd:meander,2
P1_image,vgg16,0,PD:0198,1,0.7614986300468445,True,handpd:meander,2
P1_image,vgg16,0,PD:0207,1,0.6605014801025391,True,handpd:meander,2
P1_image,vgg16,0,PD:0207,1,0.6426265239715576,True,handpd:meander,2
P1_image,vgg16,0,PD:0208,1,0.8157394528388977,True,handpd:meander,2
P1_image,vgg16,0,PD:0213,1,0.7977198362350464,True,handpd:meander,2
P1_image,vgg16,0,PD:0213,1,0.8473737835884094,True,handpd:meander,2
P1_image,vgg16,0,PD:0213,1,0.8134093284606934,True,handpd:meander,2
P1_image,vgg16,0,PD:0214,1,0.7600547671318054,True,handpd:meander,2
P1_image,vgg16,0,PD:0214,1,0.8219434022903442,True,handpd:meander,2
P1_image,vgg16,0,PD:0214,1,0.658612072467804,True,handpd:meander,2
P1_image,vgg16,0,PD:0218,1,0.6115570068359375,True,handpd:meander,2
P1_image,vgg16,0,PD:0218,1,0.6165682077407837,True,handpd:meander,2
P1_image,vgg16,0,PD:0218,1,0.6219554543495178,True,handpd:meander,2
P1_image,vgg16,0,PD:0219,1,0.666617214679718,True,handpd:meander,2
P1_image,vgg16,0,PD:0223,1,0.6814088225364685,True,handpd:meander,2
P1_image,vgg16,0,PD:0229,1,0.9250493049621582,True,handpd:meander,2
P1_image,vgg16,0,PD:0230,1,0.9917935729026794,True,handpd:meander,2
P1_image,vgg16,0,PD:0230,1,0.9622327089309692,True,handpd:meander,2
P1_image,vgg16,0,PD:0230,1,0.9613626003265381,True,handpd:meander,2
P1_image,vgg16,0,PD:0234,1,0.724047064781189,True,handpd:meander,2
P1_image,vgg16,0,PD:0235,1,0.9483484029769897,True,handpd:meander,2
P1_image,vgg16,0,PD:0236,1,0.9554422497749329,True,handpd:meander,2
P1_image,vgg16,0,PD:0240,1,0.7273213267326355,True,handpd:meander,2
P1_image,vgg16,0,PD:0240,1,0.70561283826828,True,handpd:meander,2
P1_image,vgg16,0,PD:0241,1,0.9490798115730286,True,handpd:meander,2
P1_image,vgg16,0,PD:0242,1,0.7913872003555298,True,handpd:meander,2
P1_image,vgg16,0,PD:0242,1,0.7697474956512451,True,handpd:meander,2
P1_image,vgg16,0,PD:0246,1,0.8983772993087769,True,handpd:meander,2
P1_image,vgg16,0,PD:0246,1,0.8316324353218079,True,handpd:meander,2
P1_image,vgg16,0,PD:0253,1,0.6582311391830444,True,handpd:meander,2
P1_image,vgg16,0,PD:0254,1,0.6715353727340698,True,handpd:meander,2
P1_image,vgg16,0,PD:0254,1,0.7385556101799011,True,handpd:meander,2
P1_image,vgg16,0,PD:0254,1,0.643612802028656,True,handpd:meander,2
P1_image,vgg16,0,PD:0261,1,0.6980326771736145,True,handpd:meander,2
P1_image,vgg16,0,PD:0261,1,0.6680209040641785,True,handpd:meander,2
P1_image,vgg16,0,PD:0261,1,0.6352922320365906,True,handpd:meander,2
P1_image,vgg16,0,PD:0269,1,0.7058821320533752,True,handpd:meander,2
P1_image,vgg16,0,PD:0273,1,0.6759846210479736,True,handpd:meander,2
P1_image,vgg16,0,PD:0274,1,0.8368817567825317,True,handpd:meander,2
P1_image,vgg16,0,PD:0274,1,0.7825964689254761,True,handpd:meander,2
P1_image,vgg16,0,PD:0280,1,0.6815849542617798,True,handpd:meander,2
P1_image,vgg16,0,PD:0281,1,0.7019088268280029,True,handpd:meander,2
P1_image,vgg16,0,PD:0281,1,0.6955646872520447,True,handpd:meander,2
P1_image,vgg16,1,HC:0068,0,0.7527995705604553,True,handpd:meander,2
P1_image,vgg16,1,HC:0092,0,0.8082078695297241,True,handpd:meander,2
P1_image,vgg16,1,HC:0092,0,0.8043035864830017,True,handpd:meander,2
P1_image,vgg16,1,HC:0092,0,0.7970316410064697,True,handpd:meander,2
P1_image,vgg16,1,HC:0098,0,0.8257885575294495,True,handpd:meander,2
P1_image,vgg16,1,HC:0098,0,0.7982823252677917,True,handpd:meander,2
P1_image,vgg16,1,HC:0100,0,0.8052648901939392,True,handpd:meander,2
P1_image,vgg16,1,HC:0100,0,0.7987006306648254,True,handpd:meander,2
P1_image,vgg16,1,HC:0104,0,0.8082824945449829,True,handpd:meander,2
P1_image,vgg16,1,HC:0106,0,0.7963740229606628,True,handpd:meander,2
P1_image,vgg16,1,HC:0106,0,0.8156660199165344,True,handpd:meander,2
P1_image,vgg16,1,HC:0127,0,0.8054748177528381,True,handpd:meander,2
P1_image,vgg16,1,HC:0131,0,0.7968387007713318,True,handpd:meander,2
P1_image,vgg16,1,HC:0131,0,0.7834100723266602,True,handpd:meander,2
P1_image,vgg16,1,HC:0289,0,0.8245795965194702,True,handpd:meander,2
P1_image,vgg16,1,HC:0289,0,0.8067048788070679,True,handpd:meander,2
P1_image,vgg16,1,HC:0293,0,0.8138657808303833,True,handpd:meander,2
P1_image,vgg16,1,HC:0293,0,0.8267524242401123,True,handpd:meander,2
P1_image,vgg16,1,HC:0295,0,0.8264094591140747,True,handpd:meander,2
P1_image,vgg16,1,HC:0295,0,0.8528800010681152,True,handpd:meander,2
P1_image,vgg16,1,HC:0297,0,0.8259378671646118,True,handpd:meander,2
P1_image,vgg16,1,HC:0297,0,0.8231669664382935,True,handpd:meander,2
P1_image,vgg16,1,HC:0305,0,0.8269039392471313,True,handpd:meander,2
P1_image,vgg16,1,HC:0305,0,0.840021550655365,True,handpd:meander,2
P1_image,vgg16,1,PD:0002,1,0.8505814075469971,True,handpd:meander,2
P1_image,vgg16,1,PD:0004,1,0.840701162815094,True,handpd:meander,2
P1_image,vgg16,1,PD:0004,1,0.8395398855209351,True,handpd:meander,2
P1_image,vgg16,1,PD:0005,1,0.835683286190033,True,handpd:meander,2
P1_image,vgg16,1,PD:0005,1,0.8459135890007019,True,handpd:meander,2
P1_image,vgg16,1,PD:0009,1,0.8182436227798462,True,handpd:meander,2
P1_image,vgg16,1,PD:0010,1,0.8384503126144409,True,handpd:meander,2
P1_image,vgg16,1,PD:0023,1,0.8317005038261414,True,handpd:meander,2
P1_image,vgg16,1,PD:0023,1,0.8240528702735901,True,handpd:meander,2
P1_image,vgg16,1,PD:0024,1,0.8340025544166565,False,handpd:meander,2
P1_image,vgg16,1,PD:0024,1,0.840987503528595,False,handpd:meander,2
P1_image,vgg16,1,PD:0024,1,0.8301282525062561,False,handpd:meander,2
P1_image,vgg16,1,PD:0024,1,0.8277646899223328,False,handpd:meander,2
P1_image,vgg16,1,PD:0030,1,0.8329283595085144,True,handpd:meander,2
P1_image,vgg16,1,PD:0030,1,0.8400821685791016,True,handpd:meander,2
P1_image,vgg16,1,PD:0030,1,0.824038565158844,True,handpd:meander,2
P1_image,vgg16,1,PD:0037,1,0.8411662578582764,True,handpd:meander,2
P1_image,vgg16,1,PD:0038,1,0.8564525246620178,True,handpd:meander,2
P1_image,vgg16,1,PD:0045,1,0.8605921268463135,True,handpd:meander,2
P1_image,vgg16,1,PD:0046,1,0.8609491586685181,True,handpd:meander,2
P1_image,vgg16,1,PD:0046,1,0.8584332466125488,True,handpd:meander,2
P1_image,vgg16,1,PD:0046,1,0.8545942306518555,True,handpd:meander,2
P1_image,vgg16,1,PD:0051,1,0.8326440453529358,True,handpd:meander,2
P1_image,vgg16,1,PD:0052,1,0.8351329565048218,True,handpd:meander,2
P1_image,vgg16,1,PD:0052,1,0.8210417032241821,True,handpd:meander,2
P1_image,vgg16,1,PD:0053,1,0.8420741558074951,True,handpd:meander,2
P1_image,vgg16,1,PD:0053,1,0.817535400390625,True,handpd:meander,2
P1_image,vgg16,1,PD:0053,1,0.8361135125160217,True,handpd:meander,2
P1_image,vgg16,1,PD:0054,1,0.8397992849349976,True,handpd:meander,2
P1_image,vgg16,1,PD:0054,1,0.8453815579414368,True,handpd:meander,2
P1_image,vgg16,1,PD:0134,1,0.8463348746299744,True,handpd:meander,2
P1_image,vgg16,1,PD:0136,1,0.8306078910827637,True,handpd:meander,2
P1_image,vgg16,1,PD:0139,1,0.8330860137939453,True,handpd:meander,2
P1_image,vgg16,1,PD:0139,1,0.8128970861434937,True,handpd:meander,2
P1_image,vgg16,1,PD:0148,1,0.8413814306259155,True,handpd:meander,2
P1_image,vgg16,1,PD:0148,1,0.8488715291023254,True,handpd:meander,2
P1_image,vgg16,1,PD:0149,1,0.8491576910018921,True,handpd:meander,2
P1_image,vgg16,1,PD:0149,1,0.8642367720603943,True,handpd:meander,2
P1_image,vgg16,1,PD:0153,1,0.7928180694580078,True,handpd:meander,2
P1_image,vgg16,1,PD:0153,1,0.811896800994873,True,handpd:meander,2
P1_image,vgg16,1,PD:0157,1,0.8422743678092957,True,handpd:meander,2
P1_image,vgg16,1,PD:0161,1,0.8488521575927734,True,handpd:meander,2
P1_image,vgg16,1,PD:0161,1,0.8451178669929504,True,handpd:meander,2
P1_image,vgg16,1,PD:0165,1,0.8288257122039795,True,handpd:meander,2
P1_image,vgg16,1,PD:0165,1,0.8144586682319641,True,handpd:meander,2
P1_image,vgg16,1,PD:0165,1,0.8155272603034973,True,handpd:meander,2
P1_image,vgg16,1,PD:0166,1,0.8359296321868896,True,handpd:meander,2
P1_image,vgg16,1,PD:0170,1,0.8526961207389832,True,handpd:meander,2
P1_image,vgg16,1,PD:0174,1,0.8416348099708557,True,handpd:meander,2
P1_image,vgg16,1,PD:0176,1,0.8304851651191711,True,handpd:meander,2
P1_image,vgg16,1,PD:0177,1,0.8310840129852295,True,handpd:meander,2
P1_image,vgg16,1,PD:0186,1,0.8339706659317017,True,handpd:meander,2
P1_image,vgg16,1,PD:0186,1,0.8200008869171143,True,handpd:meander,2
P1_image,vgg16,1,PD:0187,1,0.8304562568664551,True,handpd:meander,2
P1_image,vgg16,1,PD:0187,1,0.8359407782554626,True,handpd:meander,2
P1_image,vgg16,1,PD:0187,1,0.8243364095687866,True,handpd:meander,2
P1_image,vgg16,1,PD:0188,1,0.8186733722686768,True,handpd:meander,2
P1_image,vgg16,1,PD:0188,1,0.823779284954071,True,handpd:meander,2
P1_image,vgg16,1,PD:0192,1,0.8393368721008301,True,handpd:meander,2
P1_image,vgg16,1,PD:0192,1,0.8463186621665955,True,handpd:meander,2
P1_image,vgg16,1,PD:0196,1,0.8343291282653809,True,handpd:meander,2
P1_image,vgg16,1,PD:0196,1,0.8402945399284363,True,handpd:meander,2
P1_image,vgg16,1,PD:0196,1,0.8325173258781433,True,handpd:meander,2
P1_image,vgg16,1,PD:0197,1,0.8456025123596191,True,handpd:meander,2
P1_image,vgg16,1,PD:0197,1,0.8303619623184204,True,handpd:meander,2
P1_image,vgg16,1,PD:0198,1,0.8417025804519653,True,handpd:meander,2
P1_image,vgg16,1,PD:0198,1,0.8282593488693237,True,handpd:meander,2
P1_image,vgg16,1,PD:0198,1,0.8655745983123779,True,handpd:meander,2
P1_image,vgg16,1,PD:0202,1,0.7975518703460693,True,handpd:meander,2
P1_image,vgg16,1,PD:0202,1,0.8086689114570618,True,handpd:meander,2
P1_image,vgg16,1,PD:0203,1,0.8301025629043579,True,handpd:meander,2
P1_image,vgg16,1,PD:0203,1,0.8323999643325806,True,handpd:meander,2
P1_image,vgg16,1,PD:0203,1,0.8273636102676392,True,handpd:meander,2
P1_image,vgg16,1,PD:0208,1,0.8312017917633057,True,handpd:meander,2
P1_image,vgg16,1,PD:0208,1,0.8358678221702576,True,handpd:meander,2
P1_image,vgg16,1,PD:0218,1,0.8334552049636841,True,handpd:meander,2
P1_image,vgg16,1,PD:0219,1,0.8515143990516663,True,handpd:meander,2
P1_image,vgg16,1,PD:0219,1,0.8302100896835327,True,handpd:meander,2
P1_image,vgg16,1,PD:0219,1,0.8527743220329285,True,handpd:meander,2
P1_image,vgg16,1,PD:0223,1,0.8397074937820435,True,handpd:meander,2
P1_image,vgg16,1,PD:0228,1,0.8633621335029602,True,handpd:meander,2
P1_image,vgg16,1,PD:0229,1,0.8468989133834839,True,handpd:meander,2
P1_image,vgg16,1,PD:0229,1,0.8466083407402039,True,handpd:meander,2
P1_image,vgg16,1,PD:0230,1,0.8666337132453918,True,handpd:meander,2
P1_image,vgg16,1,PD:0235,1,0.8603144884109497,True,handpd:meander,2
P1_image,vgg16,1,PD:0236,1,0.862417995929718,True,handpd:meander,2
P1_image,vgg16,1,PD:0240,1,0.8462311625480652,True,handpd:meander,2
P1_image,vgg16,1,PD:0242,1,0.8500345945358276,True,handpd:meander,2
P1_image,vgg16,1,PD:0253,1,0.8463149666786194,True,handpd:meander,2
P1_image,vgg16,1,PD:0253,1,0.8495434522628784,True,handpd:meander,2
P1_image,vgg16,1,PD:0268,1,0.8526162505149841,True,handpd:meander,2
P1_image,vgg16,1,PD:0268,1,0.8279402852058411,True,handpd:meander,2
P1_image,vgg16,1,PD:0268,1,0.8325694799423218,True,handpd:meander,2
P1_image,vgg16,1,PD:0269,1,0.8416359424591064,True,handpd:meander,2
P1_image,vgg16,1,PD:0269,1,0.8404960036277771,True,handpd:meander,2
P1_image,vgg16,1,PD:0274,1,0.8557897806167603,True,handpd:meander,2
P1_image,vgg16,1,PD:0274,1,0.8427811861038208,True,handpd:meander,2
P1_image,vgg16,1,PD:0281,1,0.8446884155273438,True,handpd:meander,2
P1_image,vgg16,1,PD:0281,1,0.8459343910217285,True,handpd:meander,2
P1_image,vgg16,2,HC:0068,0,0.49175307154655457,True,handpd:meander,2
P1_image,vgg16,2,HC:0068,0,0.5144729018211365,True,handpd:meander,2
P1_image,vgg16,2,HC:0092,0,0.5032376646995544,True,handpd:meander,2
P1_image,vgg16,2,HC:0098,0,0.6070244312286377,True,handpd:meander,2
P1_image,vgg16,2,HC:0098,0,0.5509316921234131,True,handpd:meander,2
P1_image,vgg16,2,HC:0100,0,0.5293148756027222,True,handpd:meander,2
P1_image,vgg16,2,HC:0102,0,0.5134180188179016,True,handpd:meander,2
P1_image,vgg16,2,HC:0104,0,0.5076192617416382,True,handpd:meander,2
P1_image,vgg16,2,HC:0112,0,0.5371017456054688,True,handpd:meander,2
P1_image,vgg16,2,HC:0112,0,0.5405580401420593,True,handpd:meander,2
P1_image,vgg16,2,HC:0116,0,0.5215473771095276,True,handpd:meander,2
P1_image,vgg16,2,HC:0116,0,0.5544434785842896,True,handpd:meander,2
P1_image,vgg16,2,HC:0116,0,0.5271081328392029,True,handpd:meander,2
P1_image,vgg16,2,HC:0129,0,0.5097302198410034,True,handpd:meander,2
P1_image,vgg16,2,HC:0129,0,0.530788779258728,True,handpd:meander,2
P1_image,vgg16,2,HC:0131,0,0.49818769097328186,True,handpd:meander,2
P1_image,vgg16,2,HC:0287,0,0.6394914388656616,False,handpd:meander,2
P1_image,vgg16,2,HC:0287,0,0.747312605381012,False,handpd:meander,2
P1_image,vgg16,2,HC:0287,0,0.8346734046936035,False,handpd:meander,2
P1_image,vgg16,2,HC:0287,0,0.8321020603179932,False,handpd:meander,2
P1_image,vgg16,2,HC:0289,0,0.5185959339141846,True,handpd:meander,2
P1_image,vgg16,2,HC:0293,0,0.5871707797050476,True,handpd:meander,2
P1_image,vgg16,2,HC:0295,0,0.8662733435630798,True,handpd:meander,2
P1_image,vgg16,2,HC:0297,0,0.5507918000221252,True,handpd:meander,2
P1_image,vgg16,2,PD:0002,1,0.9958290457725525,True,handpd:meander,2
P1_image,vgg16,2,PD:0003,1,0.9994186162948608,True,handpd:meander,2
P1_image,vgg16,2,PD:0003,1,0.9847646951675415,True,handpd:meander,2
P1_image,vgg16,2,PD:0004,1,0.9165919423103333,True,handpd:meander,2
P1_image,vgg16,2,PD:0005,1,0.9642960429191589,True,handpd:meander,2
P1_image,vgg16,2,PD:0009,1,0.7997733950614929,True,handpd:meander,2
P1_image,vgg16,2,PD:0010,1,0.9439370632171631,True,handpd:meander,2
P1_image,vgg16,2,PD:0010,1,0.9067416787147522,True,handpd:meander,2
P1_image,vgg16,2,PD:0016,1,0.9248672723770142,True,handpd:meander,2
P1_image,vgg16,2,PD:0016,1,0.9204913377761841,True,handpd:meander,2
P1_image,vgg16,2,PD:0016,1,0.7868273854255676,True,handpd:meander,2
P1_image,vgg16,2,PD:0023,1,0.7365351915359497,True,handpd:meander,2
P1_image,vgg16,2,PD:0037,1,0.8200386762619019,True,handpd:meander,2
P1_image,vgg16,2,PD:0037,1,0.8265256285667419,True,handpd:meander,2
P1_image,vgg16,2,PD:0038,1,0.9754191040992737,True,handpd:meander,2
P1_image,vgg16,2,PD:0038,1,0.9693016409873962,True,handpd:meander,2
P1_image,vgg16,2,PD:0044,1,0.9461549520492554,True,handpd:meander,2
P1_image,vgg16,2,PD:0044,1,0.9911545515060425,True,handpd:meander,2
P1_image,vgg16,2,PD:0044,1,0.8828431367874146,True,handpd:meander,2
P1_image,vgg16,2,PD:0045,1,0.9784704446792603,True,handpd:meander,2
P1_image,vgg16,2,PD:0045,1,0.9470522403717041,True,handpd:meander,2
P1_image,vgg16,2,PD:0046,1,0.9182519316673279,True,handpd:meander,2
P1_image,vgg16,2,PD:0052,1,0.7664044499397278,True,handpd:meander,2
P1_image,vgg16,2,PD:0054,1,0.671353280544281,True,handpd:meander,2
P1_image,vgg16,2,PD:0134,1,0.9627541899681091,True,handpd:meander,2
P1_image,vgg16,2,PD:0134,1,0.9809011816978455,True,handpd:meander,2
P1_image,vgg16,2,PD:0134,1,0.9955457448959351,True,handpd:meander,2
P1_image,vgg16,2,PD:0136,1,0.8737644553184509,True,handpd:meander,2
P1_image,vgg16,2,PD:0136,1,0.8536584377288818,True,handpd:meander,2
P1_image,vgg16,2,PD:0138,1,0.713502049446106,True,handpd:meander,2
P1_image,vgg16,2,PD:0138,1,0.6603045463562012,True,handpd:meander,2
P1_image,vgg16,2,PD:0138,1,0.831278383731842,True,handpd:meander,2
P1_image,vgg16,2,PD:0139,1,0.6193611025810242,True,handpd:meander,2
P1_image,vgg16,2,PD:0143,1,0.9441490769386292,True,handpd:meander,2
P1_image,vgg16,2,PD:0143,1,0.819148063659668,True,handpd:meander,2
P1_image,vgg16,2,PD:0149,1,0.9313487410545349,True,handpd:meander,2
P1_image,vgg16,2,PD:0149,1,0.9164865612983704,True,handpd:meander,2
P1_image,vgg16,2,PD:0153,1,0.479953795671463,True,handpd:meander,2
P1_image,vgg16,2,PD:0157,1,0.7446507215499878,True,handpd:meander,2
P1_image,vgg16,2,PD:0161,1,0.9531890749931335,True,handpd:meander,2
P1_image,vgg16,2,PD:0165,1,0.5795231461524963,True,handpd:meander,2
P1_image,vgg16,2,PD:0166,1,0.7828589081764221,True,handpd:meander,2
P1_image,vgg16,2,PD:0170,1,0.9682594537734985,True,handpd:meander,2
P1_image,vgg16,2,PD:0170,1,0.9843106269836426,True,handpd:meander,2
P1_image,vgg16,2,PD:0174,1,0.999313235282898,True,handpd:meander,2
P1_image,vgg16,2,PD:0176,1,0.9733456373214722,True,handpd:meander,2
P1_image,vgg16,2,PD:0176,1,0.8763492703437805,True,handpd:meander,2
P1_image,vgg16,2,PD:0177,1,0.8780045509338379,True,handpd:meander,2
P1_image,vgg16,2,PD:0181,1,0.8892384767532349,True,handpd:meander,2
P1_image,vgg16,2,PD:0182,1,0.8940953016281128,True,handpd:meander,2
P1_image,vgg16,2,PD:0186,1,0.8313289880752563,True,handpd:meander,2
P1_image,vgg16,2,PD:0187,1,0.6375783681869507,True,handpd:meander,2
P1_image,vgg16,2,PD:0188,1,0.7508184909820557,True,handpd:meander,2
P1_image,vgg16,2,PD:0188,1,0.6296308040618896,True,handpd:meander,2
P1_image,vgg16,2,PD:0197,1,0.7850390076637268,True,handpd:meander,2
P1_image,vgg16,2,PD:0202,1,0.5479611754417419,True,handpd:meander,2
P1_image,vgg16,2,PD:0202,1,0.5016366243362427,True,handpd:meander,2
P1_image,vgg16,2,PD:0203,1,0.7373833060264587,True,handpd:meander,2
P1_image,vgg16,2,PD:0207,1,0.9187777638435364,True,handpd:meander,2
P1_image,vgg16,2,PD:0207,1,0.9849596619606018,True,handpd:meander,2
P1_image,vgg16,2,PD:0208,1,0.8109645843505859,True,handpd:meander,2
P1_image,vgg16,2,PD:0213,1,0.8074836134910583,True,handpd:meander,2
P1_image,vgg16,2,PD:0214,1,0.9965507984161377,True,handpd:meander,2
P1_image,vgg16,2,PD:0223,1,0.7437800765037537,True,handpd:meander,2
P1_image,vgg16,2,PD:0223,1,0.892039954662323,True,handpd:meander,2
P1_image,vgg16,2,PD:0228,1,0.9989776611328125,True,handpd:meander,2
P1_image,vgg16,2,PD:0228,1,0.9963473677635193,True,handpd:meander,2
P1_image,vgg16,2,PD:0228,1,0.9922675490379333,True,handpd:meander,2
P1_image,vgg16,2,PD:0229,1,0.9979673027992249,True,handpd:meander,2
P1_image,vgg16,2,PD:0234,1,0.9609197974205017,True,handpd:meander,2
P1_image,vgg16,2,PD:0234,1,0.978362500667572,True,handpd:meander,2
P1_image,vgg16,2,PD:0234,1,0.8827745914459229,True,handpd:meander,2
P1_image,vgg16,2,PD:0235,1,0.9760264754295349,True,handpd:meander,2
P1_image,vgg16,2,PD:0235,1,0.9803732633590698,True,handpd:meander,2
P1_image,vgg16,2,PD:0236,1,0.9932267069816589,True,handpd:meander,2
P1_image,vgg16,2,PD:0236,1,0.9957310557365417,True,handpd:meander,2
P1_image,vgg16,2,PD:0240,1,0.8996976613998413,True,handpd:meander,2
P1_image,vgg16,2,PD:0241,1,0.9680077433586121,True,handpd:meander,2
P1_image,vgg16,2,PD:0241,1,0.9938533306121826,True,handpd:meander,2
P1_image,vgg16,2,PD:0241,1,0.9788302779197693,True,handpd:meander,2
P1_image,vgg16,2,PD:0242,1,0.9368230700492859,True,handpd:meander,2
P1_image,vgg16,2,PD:0246,1,0.980782687664032,True,handpd:meander,2
P1_image,vgg16,2,PD:0246,1,0.9859652519226074,True,handpd:meander,2
P1_image,vgg16,2,PD:0247,1,0.9927667379379272,False,handpd:meander,2
P1_image,vgg16,2,PD:0247,1,0.9800267815589905,False,handpd:meander,2
P1_image,vgg16,2,PD:0247,1,0.995236873626709,False,handpd:meander,2
P1_image,vgg16,2,PD:0247,1,0.9857634902000427,False,handpd:meander,2
P1_image,vgg16,2,PD:0253,1,0.8629571795463562,True,handpd:meander,2
P1_image,vgg16,2,PD:0254,1,0.8176804184913635,True,handpd:meander,2
P1_image,vgg16,2,PD:0261,1,0.723532497882843,True,handpd:meander,2
P1_image,vgg16,2,PD:0268,1,0.951261043548584,True,handpd:meander,2
P1_image,vgg16,2,PD:0269,1,0.7309126257896423,True,handpd:meander,2
P1_image,vgg16,2,PD:0273,1,0.7582508325576782,True,handpd:meander,2
P1_image,vgg16,2,PD:0273,1,0.8672356009483337,True,handpd:meander,2
P1_image,vgg16,2,PD:0273,1,0.7775745391845703,True,handpd:meander,2
P1_image,vgg16,2,PD:0280,1,0.9641976356506348,True,handpd:meander,2
P1_image,vgg16,2,PD:0280,1,0.8970105648040771,True,handpd:meander,2
P1_image,vgg16,2,PD:0280,1,0.8931172490119934,True,handpd:meander,2
P2_subject,vgg16,0,HC:0098,0,0.7160293459892273,False,handpd:meander,2
P2_subject,vgg16,0,HC:0098,0,0.7826365232467651,False,handpd:meander,2
P2_subject,vgg16,0,HC:0098,0,0.7011042237281799,False,handpd:meander,2
P2_subject,vgg16,0,HC:0098,0,0.72652268409729,False,handpd:meander,2
P2_subject,vgg16,0,HC:0104,0,0.7001246809959412,False,handpd:meander,2
P2_subject,vgg16,0,HC:0104,0,0.7207727432250977,False,handpd:meander,2
P2_subject,vgg16,0,HC:0104,0,0.748282790184021,False,handpd:meander,2
P2_subject,vgg16,0,HC:0104,0,0.6880730986595154,False,handpd:meander,2
P2_subject,vgg16,0,HC:0106,0,0.7705385088920593,False,handpd:meander,2
P2_subject,vgg16,0,HC:0106,0,0.6952701210975647,False,handpd:meander,2
P2_subject,vgg16,0,HC:0106,0,0.7100061774253845,False,handpd:meander,2
P2_subject,vgg16,0,HC:0106,0,0.6896553635597229,False,handpd:meander,2
P2_subject,vgg16,0,HC:0112,0,0.7290158867835999,False,handpd:meander,2
P2_subject,vgg16,0,HC:0112,0,0.7050732374191284,False,handpd:meander,2
P2_subject,vgg16,0,HC:0112,0,0.6822763681411743,False,handpd:meander,2
P2_subject,vgg16,0,HC:0112,0,0.7271323800086975,False,handpd:meander,2
P2_subject,vgg16,0,HC:0116,0,0.7325642704963684,False,handpd:meander,2
P2_subject,vgg16,0,HC:0116,0,0.6845666766166687,False,handpd:meander,2
P2_subject,vgg16,0,HC:0116,0,0.7193410992622375,False,handpd:meander,2
P2_subject,vgg16,0,HC:0116,0,0.6839977502822876,False,handpd:meander,2
P2_subject,vgg16,0,HC:0293,0,0.7780221104621887,False,handpd:meander,2
P2_subject,vgg16,0,HC:0293,0,0.7281926870346069,False,handpd:meander,2
P2_subject,vgg16,0,HC:0293,0,0.752515435218811,False,handpd:meander,2
P2_subject,vgg16,0,HC:0293,0,0.7612048983573914,False,handpd:meander,2
P2_subject,vgg16,0,PD:0002,1,0.9701122045516968,False,handpd:meander,2
P2_subject,vgg16,0,PD:0002,1,0.9601085782051086,False,handpd:meander,2
P2_subject,vgg16,0,PD:0002,1,0.9750518202781677,False,handpd:meander,2
P2_subject,vgg16,0,PD:0002,1,0.9638136625289917,False,handpd:meander,2
P2_subject,vgg16,0,PD:0003,1,0.9793757796287537,False,handpd:meander,2
P2_subject,vgg16,0,PD:0003,1,0.9471890926361084,False,handpd:meander,2
P2_subject,vgg16,0,PD:0003,1,0.9603161215782166,False,handpd:meander,2
P2_subject,vgg16,0,PD:0003,1,0.9229673147201538,False,handpd:meander,2
P2_subject,vgg16,0,PD:0005,1,0.8447890877723694,False,handpd:meander,2
P2_subject,vgg16,0,PD:0005,1,0.8362889885902405,False,handpd:meander,2
P2_subject,vgg16,0,PD:0005,1,0.8667524456977844,False,handpd:meander,2
P2_subject,vgg16,0,PD:0005,1,0.8876537084579468,False,handpd:meander,2
P2_subject,vgg16,0,PD:0037,1,0.8890305757522583,False,handpd:meander,2
P2_subject,vgg16,0,PD:0037,1,0.9001783132553101,False,handpd:meander,2
P2_subject,vgg16,0,PD:0037,1,0.9079872369766235,False,handpd:meander,2
P2_subject,vgg16,0,PD:0037,1,0.86784428358078,False,handpd:meander,2
P2_subject,vgg16,0,PD:0038,1,0.9312092661857605,False,handpd:meander,2
P2_subject,vgg16,0,PD:0038,1,0.8937576413154602,False,handpd:meander,2
P2_subject,vgg16,0,PD:0038,1,0.939153790473938,False,handpd:meander,2
P2_subject,vgg16,0,PD:0038,1,0.9101636409759521,False,handpd:meander,2
P2_subject,vgg16,0,PD:0046,1,0.9794191122055054,False,handpd:meander,2
P2_subject,vgg16,0,PD:0046,1,0.9755261540412903,False,handpd:meander,2
P2_subject,vgg16,0,PD:0046,1,0.9769449234008789,False,handpd:meander,2
P2_subject,vgg16,0,PD:0046,1,0.9678798913955688,False,handpd:meander,2
P2_subject,vgg16,0,PD:0054,1,0.8739429712295532,False,handpd:meander,2
P2_subject,vgg16,0,PD:0054,1,0.8910337686538696,False,handpd:meander,2
P2_subject,vgg16,0,PD:0054,1,0.8301334381103516,False,handpd:meander,2
P2_subject,vgg16,0,PD:0054,1,0.8806334733963013,False,handpd:meander,2
P2_subject,vgg16,0,PD:0138,1,0.8388479948043823,False,handpd:meander,2
P2_subject,vgg16,0,PD:0138,1,0.8330132365226746,False,handpd:meander,2
P2_subject,vgg16,0,PD:0138,1,0.7976776361465454,False,handpd:meander,2
P2_subject,vgg16,0,PD:0138,1,0.8557352423667908,False,handpd:meander,2
P2_subject,vgg16,0,PD:0143,1,0.8723407983779907,False,handpd:meander,2
P2_subject,vgg16,0,PD:0143,1,0.8287107348442078,False,handpd:meander,2
P2_subject,vgg16,0,PD:0143,1,0.8295561075210571,False,handpd:meander,2
P2_subject,vgg16,0,PD:0143,1,0.8222233057022095,False,handpd:meander,2
P2_subject,vgg16,0,PD:0148,1,0.9018083810806274,False,handpd:meander,2
P2_subject,vgg16,0,PD:0148,1,0.9498048424720764,False,handpd:meander,2
P2_subject,vgg16,0,PD:0148,1,0.9240138530731201,False,handpd:meander,2
P2_subject,vgg16,0,PD:0148,1,0.909100353717804,False,handpd:meander,2
P2_subject,vgg16,0,PD:0153,1,0.7398074865341187,False,handpd:meander,2
P2_subject,vgg16,0,PD:0153,1,0.7707260847091675,False,handpd:meander,2
P2_subject,vgg16,0,PD:0153,1,0.7325878739356995,False,handpd:meander,2
P2_subject,vgg16,0,PD:0153,1,0.747399628162384,False,handpd:meander,2
P2_subject,vgg16,0,PD:0157,1,0.8831587433815002,False,handpd:meander,2
P2_subject,vgg16,0,PD:0157,1,0.8703302145004272,False,handpd:meander,2
P2_subject,vgg16,0,PD:0157,1,0.8463299870491028,False,handpd:meander,2
P2_subject,vgg16,0,PD:0157,1,0.9012617468833923,False,handpd:meander,2
P2_subject,vgg16,0,PD:0166,1,0.8270103335380554,False,handpd:meander,2
P2_subject,vgg16,0,PD:0166,1,0.8518847823143005,False,handpd:meander,2
P2_subject,vgg16,0,PD:0166,1,0.7946285009384155,False,handpd:meander,2
P2_subject,vgg16,0,PD:0166,1,0.8025698661804199,False,handpd:meander,2
P2_subject,vgg16,0,PD:0198,1,0.8228242993354797,False,handpd:meander,2
P2_subject,vgg16,0,PD:0198,1,0.8643999099731445,False,handpd:meander,2
P2_subject,vgg16,0,PD:0198,1,0.8704143762588501,False,handpd:meander,2
P2_subject,vgg16,0,PD:0198,1,0.8923655152320862,False,handpd:meander,2
P2_subject,vgg16,0,PD:0202,1,0.7379777431488037,False,handpd:meander,2
P2_subject,vgg16,0,PD:0202,1,0.7777764201164246,False,handpd:meander,2
P2_subject,vgg16,0,PD:0202,1,0.7530409693717957,False,handpd:meander,2
P2_subject,vgg16,0,PD:0202,1,0.7216649651527405,False,handpd:meander,2
P2_subject,vgg16,0,PD:0203,1,0.8063856363296509,False,handpd:meander,2
P2_subject,vgg16,0,PD:0203,1,0.8634793758392334,False,handpd:meander,2
P2_subject,vgg16,0,PD:0203,1,0.8316767811775208,False,handpd:meander,2
P2_subject,vgg16,0,PD:0203,1,0.8075884580612183,False,handpd:meander,2
P2_subject,vgg16,0,PD:0208,1,0.8153117299079895,False,handpd:meander,2
P2_subject,vgg16,0,PD:0208,1,0.8619194626808167,False,handpd:meander,2
P2_subject,vgg16,0,PD:0208,1,0.8549805879592896,False,handpd:meander,2
P2_subject,vgg16,0,PD:0208,1,0.911838710308075,False,handpd:meander,2
P2_subject,vgg16,0,PD:0229,1,0.9924712181091309,False,handpd:meander,2
P2_subject,vgg16,0,PD:0229,1,0.9860477447509766,False,handpd:meander,2
P2_subject,vgg16,0,PD:0229,1,0.974413275718689,False,handpd:meander,2
P2_subject,vgg16,0,PD:0229,1,0.9891421794891357,False,handpd:meander,2
P2_subject,vgg16,0,PD:0242,1,0.9227179884910583,False,handpd:meander,2
P2_subject,vgg16,0,PD:0242,1,0.9288045763969421,False,handpd:meander,2
P2_subject,vgg16,0,PD:0242,1,0.9409715533256531,False,handpd:meander,2
P2_subject,vgg16,0,PD:0242,1,0.9377634525299072,False,handpd:meander,2
P2_subject,vgg16,0,PD:0254,1,0.8435503244400024,False,handpd:meander,2
P2_subject,vgg16,0,PD:0254,1,0.8999369144439697,False,handpd:meander,2
P2_subject,vgg16,0,PD:0254,1,0.826770544052124,False,handpd:meander,2
P2_subject,vgg16,0,PD:0254,1,0.8826420307159424,False,handpd:meander,2
P2_subject,vgg16,0,PD:0268,1,0.9005194306373596,False,handpd:meander,2
P2_subject,vgg16,0,PD:0268,1,0.8911741375923157,False,handpd:meander,2
P2_subject,vgg16,0,PD:0268,1,0.8754123449325562,False,handpd:meander,2
P2_subject,vgg16,0,PD:0268,1,0.8622698783874512,False,handpd:meander,2
P2_subject,vgg16,0,PD:0269,1,0.8520419001579285,False,handpd:meander,2
P2_subject,vgg16,0,PD:0269,1,0.876697838306427,False,handpd:meander,2
P2_subject,vgg16,0,PD:0269,1,0.8962850570678711,False,handpd:meander,2
P2_subject,vgg16,0,PD:0269,1,0.9106080532073975,False,handpd:meander,2
P2_subject,vgg16,0,PD:0273,1,0.84555983543396,False,handpd:meander,2
P2_subject,vgg16,0,PD:0273,1,0.8931442499160767,False,handpd:meander,2
P2_subject,vgg16,0,PD:0273,1,0.8628292679786682,False,handpd:meander,2
P2_subject,vgg16,0,PD:0273,1,0.8957238793373108,False,handpd:meander,2
P2_subject,vgg16,0,PD:0274,1,0.9510940909385681,False,handpd:meander,2
P2_subject,vgg16,0,PD:0274,1,0.9385676383972168,False,handpd:meander,2
P2_subject,vgg16,0,PD:0274,1,0.9539200663566589,False,handpd:meander,2
P2_subject,vgg16,0,PD:0274,1,0.9285363554954529,False,handpd:meander,2
P2_subject,vgg16,0,PD:0281,1,0.8920599818229675,False,handpd:meander,2
P2_subject,vgg16,0,PD:0281,1,0.8583069443702698,False,handpd:meander,2
P2_subject,vgg16,0,PD:0281,1,0.8480313420295715,False,handpd:meander,2
P2_subject,vgg16,0,PD:0281,1,0.8976991176605225,False,handpd:meander,2
P2_subject,vgg16,1,HC:0068,0,0.59596848487854,False,handpd:meander,2
P2_subject,vgg16,1,HC:0068,0,0.5882814526557922,False,handpd:meander,2
P2_subject,vgg16,1,HC:0068,0,0.589939296245575,False,handpd:meander,2
P2_subject,vgg16,1,HC:0068,0,0.6119410991668701,False,handpd:meander,2
P2_subject,vgg16,1,HC:0102,0,0.5984435081481934,False,handpd:meander,2
P2_subject,vgg16,1,HC:0102,0,0.5865792632102966,False,handpd:meander,2
P2_subject,vgg16,1,HC:0102,0,0.601392924785614,False,handpd:meander,2
P2_subject,vgg16,1,HC:0102,0,0.6100835800170898,False,handpd:meander,2
P2_subject,vgg16,1,HC:0129,0,0.6049275398254395,False,handpd:meander,2
P2_subject,vgg16,1,HC:0129,0,0.6092329621315002,False,handpd:meander,2
P2_subject,vgg16,1,HC:0129,0,0.6094493865966797,False,handpd:meander,2
P2_subject,vgg16,1,HC:0129,0,0.6259610652923584,False,handpd:meander,2
P2_subject,vgg16,1,HC:0131,0,0.6117614507675171,False,handpd:meander,2
P2_subject,vgg16,1,HC:0131,0,0.5905388593673706,False,handpd:meander,2
P2_subject,vgg16,1,HC:0131,0,0.588005542755127,False,handpd:meander,2
P2_subject,vgg16,1,HC:0131,0,0.5976464748382568,False,handpd:meander,2
P2_subject,vgg16,1,HC:0297,0,0.6220056414604187,False,handpd:meander,2
P2_subject,vgg16,1,HC:0297,0,0.6231353282928467,False,handpd:meander,2
P2_subject,vgg16,1,HC:0297,0,0.6207919120788574,False,handpd:meander,2
P2_subject,vgg16,1,HC:0297,0,0.6231560707092285,False,handpd:meander,2
P2_subject,vgg16,1,HC:0305,0,0.6642029285430908,False,handpd:meander,2
P2_subject,vgg16,1,HC:0305,0,0.6604865193367004,False,handpd:meander,2
P2_subject,vgg16,1,HC:0305,0,0.6356514096260071,False,handpd:meander,2
P2_subject,vgg16,1,HC:0305,0,0.6693020462989807,False,handpd:meander,2
P2_subject,vgg16,1,PD:0009,1,0.659470796585083,False,handpd:meander,2
P2_subject,vgg16,1,PD:0009,1,0.645012378692627,False,handpd:meander,2
P2_subject,vgg16,1,PD:0009,1,0.6349543929100037,False,handpd:meander,2
P2_subject,vgg16,1,PD:0009,1,0.6326035857200623,False,handpd:meander,2
P2_subject,vgg16,1,PD:0010,1,0.6883984208106995,False,handpd:meander,2
P2_subject,vgg16,1,PD:0010,1,0.7219597101211548,False,handpd:meander,2
P2_subject,vgg16,1,PD:0010,1,0.6968399882316589,False,handpd:meander,2
P2_subject,vgg16,1,PD:0010,1,0.7003595232963562,False,handpd:meander,2
P2_subject,vgg16,1,PD:0016,1,0.6548348069190979,False,handpd:meander,2
P2_subject,vgg16,1,PD:0016,1,0.6748661994934082,False,handpd:meander,2
P2_subject,vgg16,1,PD:0016,1,0.6793021559715271,False,handpd:meander,2
P2_subject,vgg16,1,PD:0016,1,0.6446635127067566,False,handpd:meander,2
P2_subject,vgg16,1,PD:0023,1,0.6708506941795349,False,handpd:meander,2
P2_subject,vgg16,1,PD:0023,1,0.634026288986206,False,handpd:meander,2
P2_subject,vgg16,1,PD:0023,1,0.6438474059104919,False,handpd:meander,2
P2_subject,vgg16,1,PD:0023,1,0.6627299785614014,False,handpd:meander,2
P2_subject,vgg16,1,PD:0030,1,0.6897815465927124,False,handpd:meander,2
P2_subject,vgg16,1,PD:0030,1,0.659908652305603,False,handpd:meander,2
P2_subject,vgg16,1,PD:0030,1,0.6888043284416199,False,handpd:meander,2
P2_subject,vgg16,1,PD:0030,1,0.674826979637146,False,handpd:meander,2
P2_subject,vgg16,1,PD:0044,1,0.6814008951187134,False,handpd:meander,2
P2_subject,vgg16,1,PD:0044,1,0.6671927571296692,False,handpd:meander,2
P2_subject,vgg16,1,PD:0044,1,0.7163928747177124,False,handpd:meander,2
P2_subject,vgg16,1,PD:0044,1,0.6591676473617554,False,handpd:meander,2
P2_subject,vgg16,1,PD:0052,1,0.6575035452842712,False,handpd:meander,2
P2_subject,vgg16,1,PD:0052,1,0.6612393260002136,False,handpd:meander,2
P2_subject,vgg16,1,PD:0052,1,0.6421012878417969,False,handpd:meander,2
P2_subject,vgg16,1,PD:0052,1,0.6580063104629517,False,handpd:meander,2
P2_subject,vgg16,1,PD:0134,1,0.6839869022369385,False,handpd:meander,2
P2_subject,vgg16,1,PD:0134,1,0.701015293598175,False,handpd:meander,2
P2_subject,vgg16,1,PD:0134,1,0.7358579039573669,False,handpd:meander,2
P2_subject,vgg16,1,PD:0134,1,0.7226488590240479,False,handpd:meander,2
P2_subject,vgg16,1,PD:0136,1,0.6757371425628662,False,handpd:meander,2
P2_subject,vgg16,1,PD:0136,1,0.6742836833000183,False,handpd:meander,2
P2_subject,vgg16,1,PD:0136,1,0.6701548099517822,False,handpd:meander,2
P2_subject,vgg16,1,PD:0136,1,0.6580797433853149,False,handpd:meander,2
P2_subject,vgg16,1,PD:0149,1,0.7262288331985474,False,handpd:meander,2
P2_subject,vgg16,1,PD:0149,1,0.7162936329841614,False,handpd:meander,2
P2_subject,vgg16,1,PD:0149,1,0.6991335153579712,False,handpd:meander,2
P2_subject,vgg16,1,PD:0149,1,0.7030286192893982,False,handpd:meander,2
P2_subject,vgg16,1,PD:0170,1,0.7217808961868286,False,handpd:meander,2
P2_subject,vgg16,1,PD:0170,1,0.7036342620849609,False,handpd:meander,2
P2_subject,vgg16,1,PD:0170,1,0.7242797017097473,False,handpd:meander,2
P2_subject,vgg16,1,PD:0170,1,0.770389199256897,False,handpd:meander,2
P2_subject,vgg16,1,PD:0176,1,0.6803386807441711,False,handpd:meander,2
P2_subject,vgg16,1,PD:0176,1,0.6569303870201111,False,handpd:meander,2
P2_subject,vgg16,1,PD:0176,1,0.656367838382721,False,handpd:meander,2
P2_subject,vgg16,1,PD:0176,1,0.6745471954345703,False,handpd:meander,2
P2_subject,vgg16,1,PD:0181,1,0.673653781414032,False,handpd:meander,2
P2_subject,vgg16,1,PD:0181,1,0.6601333618164062,False,handpd:meander,2
P2_subject,vgg16,1,PD:0181,1,0.6857315301895142,False,handpd:meander,2
P2_subject,vgg16,1,PD:0181,1,0.697597086429596,False,handpd:meander,2
P2_subject,vgg16,1,PD:0187,1,0.6576747298240662,False,handpd:meander,2
P2_subject,vgg16,1,PD:0187,1,0.6530700922012329,False,handpd:meander,2
P2_subject,vgg16,1,PD:0187,1,0.6685037612915039,False,handpd:meander,2
P2_subject,vgg16,1,PD:0187,1,0.6415368914604187,False,handpd:meander,2
P2_subject,vgg16,1,PD:0192,1,0.6658203601837158,False,handpd:meander,2
P2_subject,vgg16,1,PD:0192,1,0.6513016819953918,False,handpd:meander,2
P2_subject,vgg16,1,PD:0192,1,0.6736156940460205,False,handpd:meander,2
P2_subject,vgg16,1,PD:0192,1,0.6717796921730042,False,handpd:meander,2
P2_subject,vgg16,1,PD:0214,1,0.7509874701499939,False,handpd:meander,2
P2_subject,vgg16,1,PD:0214,1,0.7329078316688538,False,handpd:meander,2
P2_subject,vgg16,1,PD:0214,1,0.7239782214164734,False,handpd:meander,2
P2_subject,vgg16,1,PD:0214,1,0.7086694240570068,False,handpd:meander,2
P2_subject,vgg16,1,PD:0218,1,0.64141845703125,False,handpd:meander,2
P2_subject,vgg16,1,PD:0218,1,0.6254879832267761,False,handpd:meander,2
P2_subject,vgg16,1,PD:0218,1,0.6247236728668213,False,handpd:meander,2
P2_subject,vgg16,1,PD:0218,1,0.6239861845970154,False,handpd:meander,2
P2_subject,vgg16,1,PD:0219,1,0.6647568345069885,False,handpd:meander,2
P2_subject,vgg16,1,PD:0219,1,0.6434316039085388,False,handpd:meander,2
P2_subject,vgg16,1,PD:0219,1,0.6507965922355652,False,handpd:meander,2
P2_subject,vgg16,1,PD:0219,1,0.6511437296867371,False,handpd:meander,2
P2_subject,vgg16,1,PD:0230,1,0.8486979007720947,False,handpd:meander,2
P2_subject,vgg16,1,PD:0230,1,0.851790726184845,False,handpd:meander,2
P2_subject,vgg16,1,PD:0230,1,0.8110957741737366,False,handpd:meander,2
P2_subject,vgg16,1,PD:0230,1,0.809598445892334,False,handpd:meander,2
P2_subject,vgg16,1,PD:0234,1,0.7160218954086304,False,handpd:meander,2
P2_subject,vgg16,1,PD:0234,1,0.6573446393013,False,handpd:meander,2
P2_subject,vgg16,1,PD:0234,1,0.7514834403991699,False,handpd:meander,2
P2_subject,vgg16,1,PD:0234,1,0.6755291819572449,False,handpd:meander,2
P2_subject,vgg16,1,PD:0236,1,0.7339285016059875,False,handpd:meander,2
P2_subject,vgg16,1,PD:0236,1,0.7689858675003052,False,handpd:meander,2
P2_subject,vgg16,1,PD:0236,1,0.7160564661026001,False,handpd:meander,2
P2_subject,vgg16,1,PD:0236,1,0.7663813829421997,False,handpd:meander,2
P2_subject,vgg16,1,PD:0241,1,0.7291991710662842,False,handpd:meander,2
P2_subject,vgg16,1,PD:0241,1,0.7627705335617065,False,handpd:meander,2
P2_subject,vgg16,1,PD:0241,1,0.7440240979194641,False,handpd:meander,2
P2_subject,vgg16,1,PD:0241,1,0.751999020576477,False,handpd:meander,2
P2_subject,vgg16,1,PD:0261,1,0.6636665463447571,False,handpd:meander,2
P2_subject,vgg16,1,PD:0261,1,0.661345362663269,False,handpd:meander,2
P2_subject,vgg16,1,PD:0261,1,0.6304979920387268,False,handpd:meander,2
P2_subject,vgg16,1,PD:0261,1,0.6641705632209778,False,handpd:meander,2
P2_subject,vgg16,1,PD:0280,1,0.7019222378730774,False,handpd:meander,2
P2_subject,vgg16,1,PD:0280,1,0.6904856562614441,False,handpd:meander,2
P2_subject,vgg16,1,PD:0280,1,0.6861810088157654,False,handpd:meander,2
P2_subject,vgg16,1,PD:0280,1,0.6726593375205994,False,handpd:meander,2
P2_subject,vgg16,2,HC:0092,0,0.5334342122077942,False,handpd:meander,2
P2_subject,vgg16,2,HC:0092,0,0.5473089218139648,False,handpd:meander,2
P2_subject,vgg16,2,HC:0092,0,0.5304141640663147,False,handpd:meander,2
P2_subject,vgg16,2,HC:0092,0,0.5017313957214355,False,handpd:meander,2
P2_subject,vgg16,2,HC:0100,0,0.5764862298965454,False,handpd:meander,2
P2_subject,vgg16,2,HC:0100,0,0.5243740677833557,False,handpd:meander,2
P2_subject,vgg16,2,HC:0100,0,0.6566417813301086,False,handpd:meander,2
P2_subject,vgg16,2,HC:0100,0,0.5317333936691284,False,handpd:meander,2
P2_subject,vgg16,2,HC:0127,0,0.7427474856376648,False,handpd:meander,2
P2_subject,vgg16,2,HC:0127,0,0.5363319516181946,False,handpd:meander,2
P2_subject,vgg16,2,HC:0127,0,0.4805634319782257,False,handpd:meander,2
P2_subject,vgg16,2,HC:0127,0,0.5550709962844849,False,handpd:meander,2
P2_subject,vgg16,2,HC:0287,0,0.9394898414611816,False,handpd:meander,2
P2_subject,vgg16,2,HC:0287,0,0.9793128967285156,False,handpd:meander,2
P2_subject,vgg16,2,HC:0287,0,0.9729996919631958,False,handpd:meander,2
P2_subject,vgg16,2,HC:0287,0,0.984645664691925,False,handpd:meander,2
P2_subject,vgg16,2,HC:0289,0,0.8831773400306702,False,handpd:meander,2
P2_subject,vgg16,2,HC:0289,0,0.7608203887939453,False,handpd:meander,2
P2_subject,vgg16,2,HC:0289,0,0.7224205136299133,False,handpd:meander,2
P2_subject,vgg16,2,HC:0289,0,0.8535827994346619,False,handpd:meander,2
P2_subject,vgg16,2,HC:0295,0,0.9933694005012512,False,handpd:meander,2
P2_subject,vgg16,2,HC:0295,0,0.9967262744903564,False,handpd:meander,2
P2_subject,vgg16,2,HC:0295,0,0.995676577091217,False,handpd:meander,2
P2_subject,vgg16,2,HC:0295,0,0.9925898313522339,False,handpd:meander,2
P2_subject,vgg16,2,PD:0004,1,0.9939171671867371,False,handpd:meander,2
P2_subject,vgg16,2,PD:0004,1,0.9884003400802612,False,handpd:meander,2
P2_subject,vgg16,2,PD:0004,1,0.9925682544708252,False,handpd:meander,2
P2_subject,vgg16,2,PD:0004,1,0.9935744404792786,False,handpd:meander,2
P2_subject,vgg16,2,PD:0024,1,0.9353707432746887,False,handpd:meander,2
P2_subject,vgg16,2,PD:0024,1,0.9114314317703247,False,handpd:meander,2
P2_subject,vgg16,2,PD:0024,1,0.8123319149017334,False,handpd:meander,2
P2_subject,vgg16,2,PD:0024,1,0.9705151319503784,False,handpd:meander,2
P2_subject,vgg16,2,PD:0031,1,0.9791319370269775,False,handpd:meander,2
P2_subject,vgg16,2,PD:0031,1,0.8926541805267334,False,handpd:meander,2
P2_subject,vgg16,2,PD:0031,1,0.9465627074241638,False,handpd:meander,2
P2_subject,vgg16,2,PD:0031,1,0.9686985611915588,False,handpd:meander,2
P2_subject,vgg16,2,PD:0045,1,0.9951076507568359,False,handpd:meander,2
P2_subject,vgg16,2,PD:0045,1,0.9959278702735901,False,handpd:meander,2
P2_subject,vgg16,2,PD:0045,1,0.9982932209968567,False,handpd:meander,2
P2_subject,vgg16,2,PD:0045,1,0.9974339604377747,False,handpd:meander,2
P2_subject,vgg16,2,PD:0051,1,0.9037278294563293,False,handpd:meander,2
P2_subject,vgg16,2,PD:0051,1,0.8614965081214905,False,handpd:meander,2
P2_subject,vgg16,2,PD:0051,1,0.826945424079895,False,handpd:meander,2
P2_subject,vgg16,2,PD:0051,1,0.8386432528495789,False,handpd:meander,2
P2_subject,vgg16,2,PD:0053,1,0.9819667339324951,False,handpd:meander,2
P2_subject,vgg16,2,PD:0053,1,0.9594565033912659,False,handpd:meander,2
P2_subject,vgg16,2,PD:0053,1,0.9115141034126282,False,handpd:meander,2
P2_subject,vgg16,2,PD:0053,1,0.9837290644645691,False,handpd:meander,2
P2_subject,vgg16,2,PD:0139,1,0.9536046981811523,False,handpd:meander,2
P2_subject,vgg16,2,PD:0139,1,0.8638374209403992,False,handpd:meander,2
P2_subject,vgg16,2,PD:0139,1,0.7135076522827148,False,handpd:meander,2
P2_subject,vgg16,2,PD:0139,1,0.8264296650886536,False,handpd:meander,2
P2_subject,vgg16,2,PD:0161,1,0.9686209559440613,False,handpd:meander,2
P2_subject,vgg16,2,PD:0161,1,0.9739407300949097,False,handpd:meander,2
P2_subject,vgg16,2,PD:0161,1,0.9579852223396301,False,handpd:meander,2
P2_subject,vgg16,2,PD:0161,1,0.9815683960914612,False,handpd:meander,2
P2_subject,vgg16,2,PD:0165,1,0.6101951599121094,False,handpd:meander,2
P2_subject,vgg16,2,PD:0165,1,0.6298104524612427,False,handpd:meander,2
P2_subject,vgg16,2,PD:0165,1,0.541982114315033,False,handpd:meander,2
P2_subject,vgg16,2,PD:0165,1,0.6192587614059448,False,handpd:meander,2
P2_subject,vgg16,2,PD:0174,1,0.9989756345748901,False,handpd:meander,2
P2_subject,vgg16,2,PD:0174,1,0.9994938373565674,False,handpd:meander,2
P2_subject,vgg16,2,PD:0174,1,0.9996927976608276,False,handpd:meander,2
P2_subject,vgg16,2,PD:0174,1,0.999110758304596,False,handpd:meander,2
P2_subject,vgg16,2,PD:0177,1,0.9953889846801758,False,handpd:meander,2
P2_subject,vgg16,2,PD:0177,1,0.9338885545730591,False,handpd:meander,2
P2_subject,vgg16,2,PD:0177,1,0.9566906690597534,False,handpd:meander,2
P2_subject,vgg16,2,PD:0177,1,0.9891031980514526,False,handpd:meander,2
P2_subject,vgg16,2,PD:0182,1,0.9817472100257874,False,handpd:meander,2
P2_subject,vgg16,2,PD:0182,1,0.9746205806732178,False,handpd:meander,2
P2_subject,vgg16,2,PD:0182,1,0.9894497990608215,False,handpd:meander,2
P2_subject,vgg16,2,PD:0182,1,0.978276789188385,False,handpd:meander,2
P2_subject,vgg16,2,PD:0186,1,0.8845758438110352,False,handpd:meander,2
P2_subject,vgg16,2,PD:0186,1,0.9145761728286743,False,handpd:meander,2
P2_subject,vgg16,2,PD:0186,1,0.9533445239067078,False,handpd:meander,2
P2_subject,vgg16,2,PD:0186,1,0.8709023594856262,False,handpd:meander,2
P2_subject,vgg16,2,PD:0188,1,0.9429752826690674,False,handpd:meander,2
P2_subject,vgg16,2,PD:0188,1,0.9436489343643188,False,handpd:meander,2
P2_subject,vgg16,2,PD:0188,1,0.9267175197601318,False,handpd:meander,2
P2_subject,vgg16,2,PD:0188,1,0.9809461236000061,False,handpd:meander,2
P2_subject,vgg16,2,PD:0196,1,0.9552810788154602,False,handpd:meander,2
P2_subject,vgg16,2,PD:0196,1,0.910202145576477,False,handpd:meander,2
P2_subject,vgg16,2,PD:0196,1,0.9310225248336792,False,handpd:meander,2
P2_subject,vgg16,2,PD:0196,1,0.990959644317627,False,handpd:meander,2
P2_subject,vgg16,2,PD:0197,1,0.9754458665847778,False,handpd:meander,2
P2_subject,vgg16,2,PD:0197,1,0.9429222941398621,False,handpd:meander,2
P2_subject,vgg16,2,PD:0197,1,0.8940278887748718,False,handpd:meander,2
P2_subject,vgg16,2,PD:0197,1,0.9789475202560425,False,handpd:meander,2
P2_subject,vgg16,2,PD:0207,1,0.9869772791862488,False,handpd:meander,2
P2_subject,vgg16,2,PD:0207,1,0.9953384399414062,False,handpd:meander,2
P2_subject,vgg16,2,PD:0207,1,0.8809305429458618,False,handpd:meander,2
P2_subject,vgg16,2,PD:0207,1,0.9220892190933228,False,handpd:meander,2
P2_subject,vgg16,2,PD:0213,1,0.9978042244911194,False,handpd:meander,2
P2_subject,vgg16,2,PD:0213,1,0.9994356036186218,False,handpd:meander,2
P2_subject,vgg16,2,PD:0213,1,0.9950331449508667,False,handpd:meander,2
P2_subject,vgg16,2,PD:0213,1,0.9866350293159485,False,handpd:meander,2
P2_subject,vgg16,2,PD:0223,1,0.9883063435554504,False,handpd:meander,2
P2_subject,vgg16,2,PD:0223,1,0.9877391457557678,False,handpd:meander,2
P2_subject,vgg16,2,PD:0223,1,0.9068922996520996,False,handpd:meander,2
P2_subject,vgg16,2,PD:0223,1,0.9923837780952454,False,handpd:meander,2
P2_subject,vgg16,2,PD:0228,1,0.999602735042572,False,handpd:meander,2
P2_subject,vgg16,2,PD:0228,1,0.9976282715797424,False,handpd:meander,2
P2_subject,vgg16,2,PD:0228,1,0.999268114566803,False,handpd:meander,2
P2_subject,vgg16,2,PD:0228,1,0.9992790818214417,False,handpd:meander,2
P2_subject,vgg16,2,PD:0235,1,0.9997361302375793,False,handpd:meander,2
P2_subject,vgg16,2,PD:0235,1,0.9981751441955566,False,handpd:meander,2
P2_subject,vgg16,2,PD:0235,1,0.9968446493148804,False,handpd:meander,2
P2_subject,vgg16,2,PD:0235,1,0.9997244477272034,False,handpd:meander,2
P2_subject,vgg16,2,PD:0240,1,0.9905363917350769,False,handpd:meander,2
P2_subject,vgg16,2,PD:0240,1,0.9820484519004822,False,handpd:meander,2
P2_subject,vgg16,2,PD:0240,1,0.9733336567878723,False,handpd:meander,2
P2_subject,vgg16,2,PD:0240,1,0.9834889769554138,False,handpd:meander,2
P2_subject,vgg16,2,PD:0246,1,0.9992947578430176,False,handpd:meander,2
P2_subject,vgg16,2,PD:0246,1,0.9988172650337219,False,handpd:meander,2
P2_subject,vgg16,2,PD:0246,1,0.9967417120933533,False,handpd:meander,2
P2_subject,vgg16,2,PD:0246,1,0.9993208646774292,False,handpd:meander,2
P2_subject,vgg16,2,PD:0247,1,0.9997699856758118,False,handpd:meander,2
P2_subject,vgg16,2,PD:0247,1,0.9997453093528748,False,handpd:meander,2
P2_subject,vgg16,2,PD:0247,1,0.9996722936630249,False,handpd:meander,2
P2_subject,vgg16,2,PD:0247,1,0.9993048906326294,False,handpd:meander,2
P2_subject,vgg16,2,PD:0253,1,0.9100792407989502,False,handpd:meander,2
P2_subject,vgg16,2,PD:0253,1,0.7704362273216248,False,handpd:meander,2
P2_subject,vgg16,2,PD:0253,1,0.8352258205413818,False,handpd:meander,2
P2_subject,vgg16,2,PD:0253,1,0.7922177314758301,False,handpd:meander,2
P1_image,resnet50,0,HC:0068,0,0.5227957367897034,True,handpd:meander,2
P1_image,resnet50,0,HC:0100,0,0.918724536895752,True,handpd:meander,2
P1_image,resnet50,0,HC:0102,0,0.5202131271362305,True,handpd:meander,2
P1_image,resnet50,0,HC:0102,0,0.6679857969284058,True,handpd:meander,2
P1_image,resnet50,0,HC:0102,0,0.5520762205123901,True,handpd:meander,2
P1_image,resnet50,0,HC:0104,0,0.5678879022598267,True,handpd:meander,2
P1_image,resnet50,0,HC:0104,0,0.509983479976654,True,handpd:meander,2
P1_image,resnet50,0,HC:0106,0,0.5320953130722046,True,handpd:meander,2
P1_image,resnet50,0,HC:0106,0,0.6044555902481079,True,handpd:meander,2
P1_image,resnet50,0,HC:0112,0,0.584888219833374,True,handpd:meander,2
P1_image,resnet50,0,HC:0112,0,0.6007994413375854,True,handpd:meander,2
P1_image,resnet50,0,HC:0116,0,0.6591402888298035,True,handpd:meander,2
P1_image,resnet50,0,HC:0127,0,0.5821980237960815,True,handpd:meander,2
P1_image,resnet50,0,HC:0127,0,0.5714190006256104,True,handpd:meander,2
P1_image,resnet50,0,HC:0127,0,0.519938051700592,True,handpd:meander,2
P1_image,resnet50,0,HC:0129,0,0.5434291958808899,True,handpd:meander,2
P1_image,resnet50,0,HC:0129,0,0.506966233253479,True,handpd:meander,2
P1_image,resnet50,0,HC:0131,0,0.7224332690238953,True,handpd:meander,2
P1_image,resnet50,0,HC:0289,0,0.7526824474334717,True,handpd:meander,2
P1_image,resnet50,0,HC:0293,0,0.6593881845474243,True,handpd:meander,2
P1_image,resnet50,0,HC:0295,0,0.7861568331718445,True,handpd:meander,2
P1_image,resnet50,0,HC:0297,0,0.6411430239677429,True,handpd:meander,2
P1_image,resnet50,0,HC:0305,0,0.8311101794242859,True,handpd:meander,2
P1_image,resnet50,0,HC:0305,0,0.7000163197517395,True,handpd:meander,2
P1_image,resnet50,0,PD:0002,1,0.9999430179595947,True,handpd:meander,2
P1_image,resnet50,0,PD:0002,1,0.998745322227478,True,handpd:meander,2
P1_image,resnet50,0,PD:0003,1,0.9940640330314636,True,handpd:meander,2
P1_image,resnet50,0,PD:0003,1,0.9972042441368103,True,handpd:meander,2
P1_image,resnet50,0,PD:0004,1,0.6987589597702026,True,handpd:meander,2
P1_image,resnet50,0,PD:0005,1,0.9913985729217529,True,handpd:meander,2
P1_image,resnet50,0,PD:0009,1,0.8906480669975281,True,handpd:meander,2
P1_image,resnet50,0,PD:0009,1,0.6374484300613403,True,handpd:meander,2
P1_image,resnet50,0,PD:0010,1,0.982627809047699,True,handpd:meander,2
P1_image,resnet50,0,PD:0016,1,0.9921060800552368,True,handpd:meander,2
P1_image,resnet50,0,PD:0023,1,0.9501199126243591,True,handpd:meander,2
P1_image,resnet50,0,PD:0030,1,0.8748067617416382,True,handpd:meander,2
P1_image,resnet50,0,PD:0031,1,0.7747771143913269,False,handpd:meander,2
P1_image,resnet50,0,PD:0031,1,0.7822908163070679,False,handpd:meander,2
P1_image,resnet50,0,PD:0031,1,0.7908163070678711,False,handpd:meander,2
P1_image,resnet50,0,PD:0031,1,0.7218663692474365,False,handpd:meander,2
P1_image,resnet50,0,PD:0037,1,0.9810459613800049,True,handpd:meander,2
P1_image,resnet50,0,PD:0038,1,0.9689503312110901,True,handpd:meander,2
P1_image,resnet50,0,PD:0044,1,0.9933671355247498,True,handpd:meander,2
P1_image,resnet50,0,PD:0045,1,0.9997561573982239,True,handpd:meander,2
P1_image,resnet50,0,PD:0051,1,0.8061391115188599,True,handpd:meander,2
P1_image,resnet50,0,PD:0051,1,0.9413056373596191,True,handpd:meander,2
P1_image,resnet50,0,PD:0051,1,0.8165459036827087,True,handpd:meander,2
P1_image,resnet50,0,PD:0052,1,0.8372439742088318,True,handpd:meander,2
P1_image,resnet50,0,PD:0053,1,0.8713928461074829,True,handpd:meander,2
P1_image,resnet50,0,PD:0054,1,0.7168793082237244,True,handpd:meander,2
P1_image,resnet50,0,PD:0136,1,0.9893265962600708,True,handpd:meander,2
P1_image,resnet50,0,PD:0138,1,0.7476058006286621,True,handpd:meander,2
P1_image,resnet50,0,PD:0139,1,0.6405806541442871,True,handpd:meander,2
P1_image,resnet50,0,PD:0143,1,0.9934518337249756,True,handpd:meander,2
P1_image,resnet50,0,PD:0143,1,0.9873171448707581,True,handpd:meander,2
P1_image,resnet50,0,PD:0148,1,0.992280900478363,True,handpd:meander,2
P1_image,resnet50,0,PD:0148,1,0.8803659081459045,True,handpd:meander,2
P1_image,resnet50,0,PD:0153,1,0.6134613752365112,True,handpd:meander,2
P1_image,resnet50,0,PD:0157,1,0.9988340735435486,True,handpd:meander,2
P1_image,resnet50,0,PD:0157,1,0.9945482611656189,True,handpd:meander,2
P1_image,resnet50,0,PD:0161,1,0.9748304486274719,True,handpd:meander,2
P1_image,resnet50,0,PD:0166,1,0.8878677487373352,True,handpd:meander,2
P1_image,resnet50,0,PD:0166,1,0.8718367218971252,True,handpd:meander,2
P1_image,resnet50,0,PD:0170,1,0.9949100613594055,True,handpd:meander,2
P1_image,resnet50,0,PD:0174,1,0.9995653033256531,True,handpd:meander,2
P1_image,resnet50,0,PD:0174,1,0.9993847608566284,True,handpd:meander,2
P1_image,resnet50,0,PD:0176,1,0.9850976467132568,True,handpd:meander,2
P1_image,resnet50,0,PD:0177,1,0.9788413643836975,True,handpd:meander,2
P1_image,resnet50,0,PD:0177,1,0.9972487092018127,True,handpd:meander,2
P1_image,resnet50,0,PD:0181,1,0.6914567947387695,True,handpd:meander,2
P1_image,resnet50,0,PD:0181,1,0.8316296935081482,True,handpd:meander,2
P1_image,resnet50,0,PD:0181,1,0.9126811027526855,True,handpd:meander,2
P1_image,resnet50,0,PD:0182,1,0.7878726720809937,True,handpd:meander,2
P1_image,resnet50,0,PD:0182,1,0.9874182939529419,True,handpd:meander,2
P1_image,resnet50,0,PD:0182,1,0.8741527795791626,True,handpd:meander,2
P1_image,resnet50,0,PD:0186,1,0.7055016756057739,True,handpd:meander,2
P1_image,resnet50,0,PD:0192,1,0.9923766255378723,True,handpd:meander,2
P1_image,resnet50,0,PD:0192,1,0.9648239612579346,True,handpd:meander,2
P1_image,resnet50,0,PD:0196,1,0.8255439400672913,True,handpd:meander,2
P1_image,resnet50,0,PD:0197,1,0.8162131905555725,True,handpd:meander,2
P1_image,resnet50,0,PD:0198,1,0.8244613409042358,True,handpd:meander,2
P1_image,resnet50,0,PD:0207,1,0.8185155987739563,True,handpd:meander,2
P1_image,resnet50,0,PD:0207,1,0.7453799247741699,True,handpd:meander,2
P1_image,resnet50,0,PD:0208,1,0.9351798295974731,True,handpd:meander,2
P1_image,resnet50,0,PD:0213,1,0.9769198894500732,True,handpd:meander,2
P1_image,resnet50,0,PD:0213,1,0.9969661831855774,True,handpd:meander,2
P1_image,resnet50,0,PD:0213,1,0.9170714020729065,True,handpd:meander,2
P1_image,resnet50,0,PD:0214,1,0.9961690306663513,True,handpd:meander,2
P1_image,resnet50,0,PD:0214,1,0.9910680651664734,True,handpd:meander,2
P1_image,resnet50,0,PD:0214,1,0.9705842137336731,True,handpd:meander,2
P1_image,resnet50,0,PD:0218,1,0.8416746258735657,True,handpd:meander,2
P1_image,resnet50,0,PD:0218,1,0.6451359987258911,True,handpd:meander,2
P1_image,resnet50,0,PD:0218,1,0.7442100644111633,True,handpd:meander,2
P1_image,resnet50,0,PD:0219,1,0.6797382831573486,True,handpd:meander,2
P1_image,resnet50,0,PD:0223,1,0.8379085063934326,True,handpd:meander,2
P1_image,resnet50,0,PD:0229,1,0.9997316002845764,True,handpd:meander,2
P1_image,resnet50,0,PD:0230,1,0.9959845542907715,True,handpd:meander,2
P1_image,resnet50,0,PD:0230,1,0.9760472774505615,True,handpd:meander,2
P1_image,resnet50,0,PD:0230,1,0.9827821850776672,True,handpd:meander,2
P1_image,resnet50,0,PD:0234,1,0.9961109757423401,True,handpd:meander,2
P1_image,resnet50,0,PD:0235,1,0.9864649772644043,True,handpd:meander,2
P1_image,resnet50,0,PD:0236,1,0.9957713484764099,True,handpd:meander,2
P1_image,resnet50,0,PD:0240,1,0.9865824580192566,True,handpd:meander,2
P1_image,resnet50,0,PD:0240,1,0.9836824536323547,True,handpd:meander,2
P1_image,resnet50,0,PD:0241,1,0.9992000460624695,True,handpd:meander,2
P1_image,resnet50,0,PD:0242,1,0.9789785742759705,True,handpd:meander,2
P1_image,resnet50,0,PD:0242,1,0.9995490908622742,True,handpd:meander,2
P1_image,resnet50,0,PD:0246,1,0.9978396892547607,True,handpd:meander,2
P1_image,resnet50,0,PD:0246,1,0.9992687106132507,True,handpd:meander,2
P1_image,resnet50,0,PD:0253,1,0.9726879596710205,True,handpd:meander,2
P1_image,resnet50,0,PD:0254,1,0.8643583059310913,True,handpd:meander,2
P1_image,resnet50,0,PD:0254,1,0.940738320350647,True,handpd:meander,2
P1_image,resnet50,0,PD:0254,1,0.8088343739509583,True,handpd:meander,2
P1_image,resnet50,0,PD:0261,1,0.7363061904907227,True,handpd:meander,2
P1_image,resnet50,0,PD:0261,1,0.8668742775917053,True,handpd:meander,2
P1_image,resnet50,0,PD:0261,1,0.6714967489242554,True,handpd:meander,2
P1_image,resnet50,0,PD:0269,1,0.958497166633606,True,handpd:meander,2
P1_image,resnet50,0,PD:0273,1,0.9152212738990784,True,handpd:meander,2
P1_image,resnet50,0,PD:0274,1,0.9929238557815552,True,handpd:meander,2
P1_image,resnet50,0,PD:0274,1,0.9876107573509216,True,handpd:meander,2
P1_image,resnet50,0,PD:0280,1,0.8810821771621704,True,handpd:meander,2
P1_image,resnet50,0,PD:0281,1,0.9801716804504395,True,handpd:meander,2
P1_image,resnet50,0,PD:0281,1,0.95744788646698,True,handpd:meander,2
P1_image,resnet50,1,HC:0068,0,0.5190887451171875,True,handpd:meander,2
P1_image,resnet50,1,HC:0092,0,0.6351680755615234,True,handpd:meander,2
P1_image,resnet50,1,HC:0092,0,0.562585711479187,True,handpd:meander,2
P1_image,resnet50,1,HC:0092,0,0.5647146701812744,True,handpd:meander,2
P1_image,resnet50,1,HC:0098,0,0.5349332094192505,True,handpd:meander,2
P1_image,resnet50,1,HC:0098,0,0.5678373575210571,True,handpd:meander,2
P1_image,resnet50,1,HC:0100,0,0.6411771774291992,True,handpd:meander,2
P1_image,resnet50,1,HC:0100,0,0.6970496773719788,True,handpd:meander,2
P1_image,resnet50,1,HC:0104,0,0.5411620140075684,True,handpd:meander,2
P1_image,resnet50,1,HC:0106,0,0.613186776638031,True,handpd:meander,2
P1_image,resnet50,1,HC:0106,0,0.5960800051689148,True,handpd:meander,2
P1_image,resnet50,1,HC:0127,0,0.6400806903839111,True,handpd:meander,2
P1_image,resnet50,1,HC:0131,0,0.5608668327331543,True,handpd:meander,2
P1_image,resnet50,1,HC:0131,0,0.5098892450332642,True,handpd:meander,2
P1_image,resnet50,1,HC:0289,0,0.8506497740745544,True,handpd:meander,2
P1_image,resnet50,1,HC:0289,0,0.8086927533149719,True,handpd:meander,2
P1_image,resnet50,1,HC:0293,0,0.5585169792175293,True,handpd:meander,2
P1_image,resnet50,1,HC:0293,0,0.6104499697685242,True,handpd:meander,2
P1_image,resnet50,1,HC:0295,0,0.9208021759986877,True,handpd:meander,2
P1_image,resnet50,1,HC:0295,0,0.7082616686820984,True,handpd:meander,2
P1_image,resnet50,1,HC:0297,0,0.6265602707862854,True,handpd:meander,2
P1_image,resnet50,1,HC:0297,0,0.6109790802001953,True,handpd:meander,2
P1_image,resnet50,1,HC:0305,0,0.9115016460418701,True,handpd:meander,2
P1_image,resnet50,1,HC:0305,0,0.9631479978561401,True,handpd:meander,2
P1_image,resnet50,1,PD:0002,1,0.968732476234436,True,handpd:meander,2
P1_image,resnet50,1,PD:0004,1,0.9417194724082947,True,handpd:meander,2
P1_image,resnet50,1,PD:0004,1,0.9662199020385742,True,handpd:meander,2
P1_image,resnet50,1,PD:0005,1,0.7663270235061646,True,handpd:meander,2
P1_image,resnet50,1,PD:0005,1,0.8315386772155762,True,handpd:meander,2
P1_image,resnet50,1,PD:0009,1,0.6441035866737366,True,handpd:meander,2
P1_image,resnet50,1,PD:0010,1,0.9939472675323486,True,handpd:meander,2
P1_image,resnet50,1,PD:0023,1,0.6759938597679138,True,handpd:meander,2
P1_image,resnet50,1,PD:0023,1,0.6185109615325928,True,handpd:meander,2
P1_image,resnet50,1,PD:0024,1,0.7530871033668518,False,handpd:meander,2
P1_image,resnet50,1,PD:0024,1,0.6490147709846497,False,handpd:meander,2
P1_image,resnet50,1,PD:0024,1,0.6210587024688721,False,handpd:meander,2
P1_image,resnet50,1,PD:0024,1,0.8658455610275269,False,handpd:meander,2
P1_image,resnet50,1,PD:0030,1,0.8513257503509521,True,handpd:meander,2
P1_image,resnet50,1,PD:0030,1,0.9626897573471069,True,handpd:meander,2
P1_image,resnet50,1,PD:0030,1,0.9861331582069397,True,handpd:meander,2
P1_image,resnet50,1,PD:0037,1,0.9240527153015137,True,handpd:meander,2
P1_image,resnet50,1,PD:0038,1,0.9847186207771301,True,handpd:meander,2
P1_image,resnet50,1,PD:0045,1,0.9741008877754211,True,handpd:meander,2
P1_image,resnet50,1,PD:0046,1,0.958905816078186,True,handpd:meander,2
P1_image,resnet50,1,PD:0046,1,0.9942863583564758,True,handpd:meander,2
P1_image,resnet50,1,PD:0046,1,0.9367128014564514,True,handpd:meander,2
P1_image,resnet50,1,PD:0051,1,0.6017343997955322,True,handpd:meander,2
P1_image,resnet50,1,PD:0052,1,0.6271921396255493,True,handpd:meander,2
P1_image,resnet50,1,PD:0052,1,0.7103577256202698,True,handpd:meander,2
P1_image,resnet50,1,PD:0053,1,0.7843716144561768,True,handpd:meander,2
P1_image,resnet50,1,PD:0053,1,0.7674126029014587,True,handpd:meander,2
P1_image,resnet50,1,PD:0053,1,0.6878461241722107,True,handpd:meander,2
P1_image,resnet50,1,PD:0054,1,0.7900394201278687,True,handpd:meander,2
P1_image,resnet50,1,PD:0054,1,0.951160192489624,True,handpd:meander,2
P1_image,resnet50,1,PD:0134,1,0.9979537725448608,True,handpd:meander,2
P1_image,resnet50,1,PD:0136,1,0.8961976170539856,True,handpd:meander,2
P1_image,resnet50,1,PD:0139,1,0.598567545413971,True,handpd:meander,2
P1_image,resnet50,1,PD:0139,1,0.6566460132598877,True,handpd:meander,2
P1_image,resnet50,1,PD:0148,1,0.9690984487533569,True,handpd:meander,2
P1_image,resnet50,1,PD:0148,1,0.9402356743812561,True,handpd:meander,2
P1_image,resnet50,1,PD:0149,1,0.8734339475631714,True,handpd:meander,2
P1_image,resnet50,1,PD:0149,1,0.9897054433822632,True,handpd:meander,2
P1_image,resnet50,1,PD:0153,1,0.5446436405181885,True,handpd:meander,2
P1_image,resnet50,1,PD:0153,1,0.6839331388473511,True,handpd:meander,2
P1_image,resnet50,1,PD:0157,1,0.977978527545929,True,handpd:meander,2
P1_image,resnet50,1,PD:0161,1,0.6689852476119995,True,handpd:meander,2
P1_image,resnet50,1,PD:0161,1,0.8165683150291443,True,handpd:meander,2
P1_image,resnet50,1,PD:0165,1,0.5574115514755249,True,handpd:meander,2
P1_image,resnet50,1,PD:0165,1,0.5631753206253052,True,handpd:meander,2
P1_image,resnet50,1,PD:0165,1,0.5640473365783691,True,handpd:meander,2
P1_image,resnet50,1,PD:0166,1,0.6992524266242981,True,handpd:meander,2
P1_image,resnet50,1,PD:0170,1,0.9818702936172485,True,handpd:meander,2
P1_image,resnet50,1,PD:0174,1,0.9992996454238892,True,handpd:meander,2
P1_image,resnet50,1,PD:0176,1,0.8676096796989441,True,handpd:meander,2
P1_image,resnet50,1,PD:0177,1,0.7087114453315735,True,handpd:meander,2
P1_image,resnet50,1,PD:0186,1,0.6496483683586121,True,handpd:meander,2
P1_image,resnet50,1,PD:0186,1,0.7416028380393982,True,handpd:meander,2
P1_image,resnet50,1,PD:0187,1,0.6324169039726257,True,handpd:meander,2
P1_image,resnet50,1,PD:0187,1,0.7248985171318054,True,handpd:meander,2
P1_image,resnet50,1,PD:0187,1,0.7388874292373657,True,handpd:meander,2
P1_image,resnet50,1,PD:0188,1,0.6520546078681946,True,handpd:meander,2
P1_image,resnet50,1,PD:0188,1,0.7455065250396729,True,handpd:meander,2
P1_image,resnet50,1,PD:0192,1,0.8953256607055664,True,handpd:meander,2
P1_image,resnet50,1,PD:0192,1,0.970966100692749,True,handpd:meander,2
P1_image,resnet50,1,PD:0196,1,0.7744103670120239,True,handpd:meander,2
P1_image,resnet50,1,PD:0196,1,0.8733789920806885,True,handpd:meander,2
P1_image,resnet50,1,PD:0196,1,0.7750842571258545,True,handpd:meander,2
P1_image,resnet50,1,PD:0197,1,0.69293612241745,True,handpd:meander,2
P1_image,resnet50,1,PD:0197,1,0.6227967143058777,True,handpd:meander,2
P1_image,resnet50,1,PD:0198,1,0.9174658060073853,True,handpd:meander,2
P1_image,resnet50,1,PD:0198,1,0.8874464631080627,True,handpd:meander,2
P1_image,resnet50,1,PD:0198,1,0.8010501861572266,True,handpd:meander,2
P1_image,resnet50,1,PD:0202,1,0.5509477853775024,True,handpd:meander,2
P1_image,resnet50,1,PD:0202,1,0.5518453121185303,True,handpd:meander,2
P1_image,resnet50,1,PD:0203,1,0.6853974461555481,True,handpd:meander,2
P1_image,resnet50,1,PD:0203,1,0.6416144371032715,True,handpd:meander,2
P1_image,resnet50,1,PD:0203,1,0.6819000840187073,True,handpd:meander,2
P1_image,resnet50,1,PD:0208,1,0.7315106987953186,True,handpd:meander,2
P1_image,resnet50,1,PD:0208,1,0.7290053963661194,True,handpd:meander,2
P1_image,resnet50,1,PD:0218,1,0.6289662718772888,True,handpd:meander,2
P1_image,resnet50,1,PD:0219,1,0.5630639791488647,True,handpd:meander,2
P1_image,resnet50,1,PD:0219,1,0.5800014734268188,True,handpd:meander,2
P1_image,resnet50,1,PD:0219,1,0.714215874671936,True,handpd:meander,2
P1_image,resnet50,1,PD:0223,1,0.8694804906845093,True,handpd:meander,2
P1_image,resnet50,1,PD:0228,1,0.9981284737586975,True,handpd:meander,2
P1_image,resnet50,1,PD:0229,1,0.9889687299728394,True,handpd:meander,2
P1_image,resnet50,1,PD:0229,1,0.9997076392173767,True,handpd:meander,2
P1_image,resnet50,1,PD:0230,1,0.9969080090522766,True,handpd:meander,2
P1_image,resnet50,1,PD:0235,1,0.9905531406402588,True,handpd:meander,2
P1_image,resnet50,1,PD:0236,1,0.9731646180152893,True,handpd:meander,2
P1_image,resnet50,1,PD:0240,1,0.8101458549499512,True,handpd:meander,2
P1_image,resnet50,1,PD:0242,1,0.9512308239936829,True,handpd:meander,2
P1_image,resnet50,1,PD:0253,1,0.8995558023452759,True,handpd:meander,2
P1_image,resnet50,1,PD:0253,1,0.7869746685028076,True,handpd:meander,2
P1_image,resnet50,1,PD:0268,1,0.831631600856781,True,handpd:meander,2
P1_image,resnet50,1,PD:0268,1,0.9355773329734802,True,handpd:meander,2
P1_image,resnet50,1,PD:0268,1,0.866496205329895,True,handpd:meander,2
P1_image,resnet50,1,PD:0269,1,0.8118054270744324,True,handpd:meander,2
P1_image,resnet50,1,PD:0269,1,0.8230266571044922,True,handpd:meander,2
P1_image,resnet50,1,PD:0274,1,0.9658063650131226,True,handpd:meander,2
P1_image,resnet50,1,PD:0274,1,0.9483478665351868,True,handpd:meander,2
P1_image,resnet50,1,PD:0281,1,0.8497430086135864,True,handpd:meander,2
P1_image,resnet50,1,PD:0281,1,0.9838016629219055,True,handpd:meander,2
P1_image,resnet50,2,HC:0068,0,0.6781200170516968,True,handpd:meander,2
P1_image,resnet50,2,HC:0068,0,0.5768652558326721,True,handpd:meander,2
P1_image,resnet50,2,HC:0092,0,0.6410167813301086,True,handpd:meander,2
P1_image,resnet50,2,HC:0098,0,0.8172898888587952,True,handpd:meander,2
P1_image,resnet50,2,HC:0098,0,0.6317007541656494,True,handpd:meander,2
P1_image,resnet50,2,HC:0100,0,0.9203832149505615,True,handpd:meander,2
P1_image,resnet50,2,HC:0102,0,0.7988632917404175,True,handpd:meander,2
P1_image,resnet50,2,HC:0104,0,0.6798016428947449,True,handpd:meander,2
P1_image,resnet50,2,HC:0112,0,0.800072431564331,True,handpd:meander,2
P1_image,resnet50,2,HC:0112,0,0.8361473083496094,True,handpd:meander,2
P1_image,resnet50,2,HC:0116,0,0.8123579621315002,True,handpd:meander,2
P1_image,resnet50,2,HC:0116,0,0.7745614051818848,True,handpd:meander,2
P1_image,resnet50,2,HC:0116,0,0.8030602335929871,True,handpd:meander,2
P1_image,resnet50,2,HC:0129,0,0.7064942121505737,True,handpd:meander,2
P1_image,resnet50,2,HC:0129,0,0.6529911756515503,True,handpd:meander,2
P1_image,resnet50,2,HC:0131,0,0.6720068454742432,True,handpd:meander,2
P1_image,resnet50,2,HC:0287,0,0.9823654294013977,False,handpd:meander,2
P1_image,resnet50,2,HC:0287,0,0.9687067270278931,False,handpd:meander,2
P1_image,resnet50,2,HC:0287,0,0.9642825126647949,False,handpd:meander,2
P1_image,resnet50,2,HC:0287,0,0.9886090755462646,False,handpd:meander,2
P1_image,resnet50,2,HC:0289,0,0.7292483448982239,True,handpd:meander,2
P1_image,resnet50,2,HC:0293,0,0.8920167684555054,True,handpd:meander,2
P1_image,resnet50,2,HC:0295,0,0.9889870285987854,True,handpd:meander,2
P1_image,resnet50,2,HC:0297,0,0.8285424709320068,True,handpd:meander,2
P1_image,resnet50,2,PD:0002,1,0.9999332427978516,True,handpd:meander,2
P1_image,resnet50,2,PD:0003,1,0.9994125366210938,True,handpd:meander,2
P1_image,resnet50,2,PD:0003,1,0.999916672706604,True,handpd:meander,2
P1_image,resnet50,2,PD:0004,1,0.9999879598617554,True,handpd:meander,2
P1_image,resnet50,2,PD:0005,1,0.9961466789245605,True,handpd:meander,2
P1_image,resnet50,2,PD:0009,1,0.9979556798934937,True,handpd:meander,2
P1_image,resnet50,2,PD:0010,1,0.9997488856315613,True,handpd:meander,2
P1_image,resnet50,2,PD:0010,1,0.9999821186065674,True,handpd:meander,2
P1_image,resnet50,2,PD:0016,1,0.9969724416732788,True,handpd:meander,2
P1_image,resnet50,2,PD:0016,1,0.989689826965332,True,handpd:meander,2
P1_image,resnet50,2,PD:0016,1,0.9941861629486084,True,handpd:meander,2
P1_image,resnet50,2,PD:0023,1,0.986711859703064,True,handpd:meander,2
P1_image,resnet50,2,PD:0037,1,0.9969645142555237,True,handpd:meander,2
P1_image,resnet50,2,PD:0037,1,0.9996570348739624,True,handpd:meander,2
P1_image,resnet50,2,PD:0038,1,0.9947630763053894,True,handpd:meander,2
P1_image,resnet50,2,PD:0038,1,0.9997732043266296,True,handpd:meander,2
P1_image,resnet50,2,PD:0044,1,0.9980179071426392,True,handpd:meander,2
P1_image,resnet50,2,PD:0044,1,0.9849421977996826,True,handpd:meander,2
P1_image,resnet50,2,PD:0044,1,0.9954588413238525,True,handpd:meander,2
P1_image,resnet50,2,PD:0045,1,0.9999376535415649,True,handpd:meander,2
P1_image,resnet50,2,PD:0045,1,0.9996930360794067,True,handpd:meander,2
P1_image,resnet50,2,PD:0046,1,0.9935990571975708,True,handpd:meander,2
P1_image,resnet50,2,PD:0052,1,0.8468936085700989,True,handpd:meander,2
P1_image,resnet50,2,PD:0054,1,0.9713062644004822,True,handpd:meander,2
P1_image,resnet50,2,PD:0134,1,0.9990750551223755,True,handpd:meander,2
P1_image,resnet50,2,PD:0134,1,0.9999017715454102,True,handpd:meander,2
P1_image,resnet50,2,PD:0134,1,0.998258650302887,True,handpd:meander,2
P1_image,resnet50,2,PD:0136,1,0.9590746760368347,True,handpd:meander,2
P1_image,resnet50,2,PD:0136,1,0.9972564578056335,True,handpd:meander,2
P1_image,resnet50,2,PD:0138,1,0.8640414476394653,True,handpd:meander,2
P1_image,resnet50,2,PD:0138,1,0.7035638689994812,True,handpd:meander,2
P1_image,resnet50,2,PD:0138,1,0.9823916554450989,True,handpd:meander,2
P1_image,resnet50,2,PD:0139,1,0.8629194498062134,True,handpd:meander,2
P1_image,resnet50,2,PD:0143,1,0.9984714388847351,True,handpd:meander,2
P1_image,resnet50,2,PD:0143,1,0.9992002844810486,True,handpd:meander,2
P1_image,resnet50,2,PD:0149,1,0.9998053908348083,True,handpd:meander,2
P1_image,resnet50,2,PD:0149,1,0.9996280670166016,True,handpd:meander,2
P1_image,resnet50,2,PD:0153,1,0.770220935344696,True,handpd:meander,2
P1_image,resnet50,2,PD:0157,1,0.962748646736145,True,handpd:meander,2
P1_image,resnet50,2,PD:0161,1,0.9987061023712158,True,handpd:meander,2
P1_image,resnet50,2,PD:0165,1,0.7624921202659607,True,handpd:meander,2
P1_image,resnet50,2,PD:0166,1,0.9919264316558838,True,handpd:meander,2
P1_image,resnet50,2,PD:0170,1,0.999320387840271,True,handpd:meander,2
P1_image,resnet50,2,PD:0170,1,0.9973184466362,True,handpd:meander,2
P1_image,resnet50,2,PD:0174,1,0.9999110698699951,True,handpd:meander,2
P1_image,resnet50,2,PD:0176,1,0.9962224960327148,True,handpd:meander,2
P1_image,resnet50,2,PD:0176,1,0.9955689311027527,True,handpd:meander,2
P1_image,resnet50,2,PD:0177,1,0.9989783763885498,True,handpd:meander,2
P1_image,resnet50,2,PD:0181,1,0.9618980288505554,True,handpd:meander,2
P1_image,resnet50,2,PD:0182,1,0.9809960126876831,True,handpd:meander,2
P1_image,resnet50,2,PD:0186,1,0.9676844477653503,True,handpd:meander,2
P1_image,resnet50,2,PD:0187,1,0.9292542934417725,True,handpd:meander,2
P1_image,resnet50,2,PD:0188,1,0.8802549839019775,True,handpd:meander,2
P1_image,resnet50,2,PD:0188,1,0.8961277604103088,True,handpd:meander,2
P1_image,resnet50,2,PD:0197,1,0.9495330452919006,True,handpd:meander,2
P1_image,resnet50,2,PD:0202,1,0.9203841090202332,True,handpd:meander,2
P1_image,resnet50,2,PD:0202,1,0.7225342392921448,True,handpd:meander,2
P1_image,resnet50,2,PD:0203,1,0.9768457412719727,True,handpd:meander,2
P1_image,resnet50,2,PD:0207,1,0.9998272061347961,True,handpd:meander,2
P1_image,resnet50,2,PD:0207,1,0.9990440011024475,True,handpd:meander,2
P1_image,resnet50,2,PD:0208,1,0.9415534734725952,True,handpd:meander,2
P1_image,resnet50,2,PD:0213,1,0.9983938336372375,True,handpd:meander,2
P1_image,resnet50,2,PD:0214,1,0.9999725818634033,True,handpd:meander,2
P1_image,resnet50,2,PD:0223,1,0.9875828623771667,True,handpd:meander,2
P1_image,resnet50,2,PD:0223,1,0.9969968795776367,True,handpd:meander,2
P1_image,resnet50,2,PD:0228,1,0.9999700784683228,True,handpd:meander,2
P1_image,resnet50,2,PD:0228,1,0.9999011754989624,True,handpd:meander,2
P1_image,resnet50,2,PD:0228,1,0.9996731281280518,True,handpd:meander,2
P1_image,resnet50,2,PD:0229,1,0.9984679818153381,True,handpd:meander,2
P1_image,resnet50,2,PD:0234,1,0.9999812841415405,True,handpd:meander,2
P1_image,resnet50,2,PD:0234,1,0.9995922446250916,True,handpd:meander,2
P1_image,resnet50,2,PD:0234,1,0.999195396900177,True,handpd:meander,2
P1_image,resnet50,2,PD:0235,1,0.996968686580658,True,handpd:meander,2
P1_image,resnet50,2,PD:0235,1,0.99365234375,True,handpd:meander,2
P1_image,resnet50,2,PD:0236,1,0.9651231169700623,True,handpd:meander,2
P1_image,resnet50,2,PD:0236,1,0.9940627217292786,True,handpd:meander,2
P1_image,resnet50,2,PD:0240,1,0.9980012774467468,True,handpd:meander,2
P1_image,resnet50,2,PD:0241,1,0.9997777342796326,True,handpd:meander,2
P1_image,resnet50,2,PD:0241,1,0.999992847442627,True,handpd:meander,2
P1_image,resnet50,2,PD:0241,1,0.9974119067192078,True,handpd:meander,2
P1_image,resnet50,2,PD:0242,1,0.9920464754104614,True,handpd:meander,2
P1_image,resnet50,2,PD:0246,1,0.9914724826812744,True,handpd:meander,2
P1_image,resnet50,2,PD:0246,1,0.9988508224487305,True,handpd:meander,2
P1_image,resnet50,2,PD:0247,1,0.9959090948104858,False,handpd:meander,2
P1_image,resnet50,2,PD:0247,1,0.996600329875946,False,handpd:meander,2
P1_image,resnet50,2,PD:0247,1,0.9983452558517456,False,handpd:meander,2
P1_image,resnet50,2,PD:0247,1,0.999000608921051,False,handpd:meander,2
P1_image,resnet50,2,PD:0253,1,0.9960173964500427,True,handpd:meander,2
P1_image,resnet50,2,PD:0254,1,0.9867968559265137,True,handpd:meander,2
P1_image,resnet50,2,PD:0261,1,0.9927763938903809,True,handpd:meander,2
P1_image,resnet50,2,PD:0268,1,0.9996658563613892,True,handpd:meander,2
P1_image,resnet50,2,PD:0269,1,0.9977134466171265,True,handpd:meander,2
P1_image,resnet50,2,PD:0273,1,0.9978583455085754,True,handpd:meander,2
P1_image,resnet50,2,PD:0273,1,0.9961667656898499,True,handpd:meander,2
P1_image,resnet50,2,PD:0273,1,0.9135031700134277,True,handpd:meander,2
P1_image,resnet50,2,PD:0280,1,0.9631338715553284,True,handpd:meander,2
P1_image,resnet50,2,PD:0280,1,0.999300479888916,True,handpd:meander,2
P1_image,resnet50,2,PD:0280,1,0.998381495475769,True,handpd:meander,2
P2_subject,resnet50,0,HC:0098,0,0.6532806754112244,False,handpd:meander,2
P2_subject,resnet50,0,HC:0098,0,0.6027339100837708,False,handpd:meander,2
P2_subject,resnet50,0,HC:0098,0,0.6615471243858337,False,handpd:meander,2
P2_subject,resnet50,0,HC:0098,0,0.65294349193573,False,handpd:meander,2
P2_subject,resnet50,0,HC:0104,0,0.7190893292427063,False,handpd:meander,2
P2_subject,resnet50,0,HC:0104,0,0.6984941363334656,False,handpd:meander,2
P2_subject,resnet50,0,HC:0104,0,0.6388615965843201,False,handpd:meander,2
P2_subject,resnet50,0,HC:0104,0,0.6481893658638,False,handpd:meander,2
P2_subject,resnet50,0,HC:0106,0,0.5963728427886963,False,handpd:meander,2
P2_subject,resnet50,0,HC:0106,0,0.6649640798568726,False,handpd:meander,2
P2_subject,resnet50,0,HC:0106,0,0.7274301052093506,False,handpd:meander,2
P2_subject,resnet50,0,HC:0106,0,0.6315868496894836,False,handpd:meander,2
P2_subject,resnet50,0,HC:0112,0,0.6857502460479736,False,handpd:meander,2
P2_subject,resnet50,0,HC:0112,0,0.7984335422515869,False,handpd:meander,2
P2_subject,resnet50,0,HC:0112,0,0.7005857229232788,False,handpd:meander,2
P2_subject,resnet50,0,HC:0112,0,0.7341560125350952,False,handpd:meander,2
P2_subject,resnet50,0,HC:0116,0,0.7480936050415039,False,handpd:meander,2
P2_subject,resnet50,0,HC:0116,0,0.7661534547805786,False,handpd:meander,2
P2_subject,resnet50,0,HC:0116,0,0.7107091546058655,False,handpd:meander,2
P2_subject,resnet50,0,HC:0116,0,0.7508735656738281,False,handpd:meander,2
P2_subject,resnet50,0,HC:0293,0,0.6892729997634888,False,handpd:meander,2
P2_subject,resnet50,0,HC:0293,0,0.7120852470397949,False,handpd:meander,2
P2_subject,resnet50,0,HC:0293,0,0.7332397699356079,False,handpd:meander,2
P2_subject,resnet50,0,HC:0293,0,0.7896403074264526,False,handpd:meander,2
P2_subject,resnet50,0,PD:0002,1,0.9865891933441162,False,handpd:meander,2
P2_subject,resnet50,0,PD:0002,1,0.9695842266082764,False,handpd:meander,2
P2_subject,resnet50,0,PD:0002,1,0.9735071659088135,False,handpd:meander,2
P2_subject,resnet50,0,PD:0002,1,0.9851454496383667,False,handpd:meander,2
P2_subject,resnet50,0,PD:0003,1,0.9673561453819275,False,handpd:meander,2
P2_subject,resnet50,0,PD:0003,1,0.9473002552986145,False,handpd:meander,2
P2_subject,resnet50,0,PD:0003,1,0.9726258516311646,False,handpd:meander,2
P2_subject,resnet50,0,PD:0003,1,0.9424698948860168,False,handpd:meander,2
P2_subject,resnet50,0,PD:0005,1,0.9581530690193176,False,handpd:meander,2
P2_subject,resnet50,0,PD:0005,1,0.9396185278892517,False,handpd:meander,2
P2_subject,resnet50,0,PD:0005,1,0.9265856742858887,False,handpd:meander,2
P2_subject,resnet50,0,PD:0005,1,0.9002962708473206,False,handpd:meander,2
P2_subject,resnet50,0,PD:0037,1,0.9386990666389465,False,handpd:meander,2
P2_subject,resnet50,0,PD:0037,1,0.8707634210586548,False,handpd:meander,2
P2_subject,resnet50,0,PD:0037,1,0.9900980591773987,False,handpd:meander,2
P2_subject,resnet50,0,PD:0037,1,0.9835763573646545,False,handpd:meander,2
P2_subject,resnet50,0,PD:0038,1,0.9533296823501587,False,handpd:meander,2
P2_subject,resnet50,0,PD:0038,1,0.9358564019203186,False,handpd:meander,2
P2_subject,resnet50,0,PD:0038,1,0.9030271768569946,False,handpd:meander,2
P2_subject,resnet50,0,PD:0038,1,0.9460548758506775,False,handpd:meander,2
P2_subject,resnet50,0,PD:0046,1,0.884432315826416,False,handpd:meander,2
P2_subject,resnet50,0,PD:0046,1,0.9970644116401672,False,handpd:meander,2
P2_subject,resnet50,0,PD:0046,1,0.9587593078613281,False,handpd:meander,2
P2_subject,resnet50,0,PD:0046,1,0.9761046171188354,False,handpd:meander,2
P2_subject,resnet50,0,PD:0054,1,0.8375718593597412,False,handpd:meander,2
P2_subject,resnet50,0,PD:0054,1,0.8575822710990906,False,handpd:meander,2
P2_subject,resnet50,0,PD:0054,1,0.7745916843414307,False,handpd:meander,2
P2_subject,resnet50,0,PD:0054,1,0.8626613020896912,False,handpd:meander,2
P2_subject,resnet50,0,PD:0138,1,0.6855399012565613,False,handpd:meander,2
P2_subject,resnet50,0,PD:0138,1,0.7290897965431213,False,handpd:meander,2
P2_subject,resnet50,0,PD:0138,1,0.5979926586151123,False,handpd:meander,2
P2_subject,resnet50,0,PD:0138,1,0.792521595954895,False,handpd:meander,2
P2_subject,resnet50,0,PD:0143,1,0.8034712672233582,False,handpd:meander,2
P2_subject,resnet50,0,PD:0143,1,0.9451366662979126,False,handpd:meander,2
P2_subject,resnet50,0,PD:0143,1,0.9811635613441467,False,handpd:meander,2
P2_subject,resnet50,0,PD:0143,1,0.9169963002204895,False,handpd:meander,2
P2_subject,resnet50,0,PD:0148,1,0.9704874157905579,False,handpd:meander,2
P2_subject,resnet50,0,PD:0148,1,0.9568758606910706,False,handpd:meander,2
P2_subject,resnet50,0,PD:0148,1,0.9644389748573303,False,handpd:meander,2
P2_subject,resnet50,0,PD:0148,1,0.8610557317733765,False,handpd:meander,2
P2_subject,resnet50,0,PD:0153,1,0.6165258288383484,False,handpd:meander,2
P2_subject,resnet50,0,PD:0153,1,0.6907816529273987,False,handpd:meander,2
P2_subject,resnet50,0,PD:0153,1,0.5684754848480225,False,handpd:meander,2
P2_subject,resnet50,0,PD:0153,1,0.8303132057189941,False,handpd:meander,2
P2_subject,resnet50,0,PD:0157,1,0.9724865555763245,False,handpd:meander,2
P2_subject,resnet50,0,PD:0157,1,0.7530863881111145,False,handpd:meander,2
P2_subject,resnet50,0,PD:0157,1,0.9010238647460938,False,handpd:meander,2
P2_subject,resnet50,0,PD:0157,1,0.9330166578292847,False,handpd:meander,2
P2_subject,resnet50,0,PD:0166,1,0.803955078125,False,handpd:meander,2
P2_subject,resnet50,0,PD:0166,1,0.8418654799461365,False,handpd:meander,2
P2_subject,resnet50,0,PD:0166,1,0.9174270629882812,False,handpd:meander,2
P2_subject,resnet50,0,PD:0166,1,0.8644788265228271,False,handpd:meander,2
P2_subject,resnet50,0,PD:0198,1,0.8263943195343018,False,handpd:meander,2
P2_subject,resnet50,0,PD:0198,1,0.8483012318611145,False,handpd:meander,2
P2_subject,resnet50,0,PD:0198,1,0.8566765189170837,False,handpd:meander,2
P2_subject,resnet50,0,PD:0198,1,0.879308819770813,False,handpd:meander,2
P2_subject,resnet50,0,PD:0202,1,0.6394369006156921,False,handpd:meander,2
P2_subject,resnet50,0,PD:0202,1,0.6887617111206055,False,handpd:meander,2
P2_subject,resnet50,0,PD:0202,1,0.7458778023719788,False,handpd:meander,2
P2_subject,resnet50,0,PD:0202,1,0.7542688846588135,False,handpd:meander,2
P2_subject,resnet50,0,PD:0203,1,0.8303517699241638,False,handpd:meander,2
P2_subject,resnet50,0,PD:0203,1,0.9179787039756775,False,handpd:meander,2
P2_subject,resnet50,0,PD:0203,1,0.690460205078125,False,handpd:meander,2
P2_subject,resnet50,0,PD:0203,1,0.7732526063919067,False,handpd:meander,2
P2_subject,resnet50,0,PD:0208,1,0.7467244863510132,False,handpd:meander,2
P2_subject,resnet50,0,PD:0208,1,0.8971222639083862,False,handpd:meander,2
P2_subject,resnet50,0,PD:0208,1,0.7014532089233398,False,handpd:meander,2
P2_subject,resnet50,0,PD:0208,1,0.9588009715080261,False,handpd:meander,2
P2_subject,resnet50,0,PD:0229,1,0.9947570562362671,False,handpd:meander,2
P2_subject,resnet50,0,PD:0229,1,0.9857422113418579,False,handpd:meander,2
P2_subject,resnet50,0,PD:0229,1,0.9374140501022339,False,handpd:meander,2
P2_subject,resnet50,0,PD:0229,1,0.9685901999473572,False,handpd:meander,2
P2_subject,resnet50,0,PD:0242,1,0.9927161335945129,False,handpd:meander,2
P2_subject,resnet50,0,PD:0242,1,0.8624914884567261,False,handpd:meander,2
P2_subject,resnet50,0,PD:0242,1,0.9880921840667725,False,handpd:meander,2
P2_subject,resnet50,0,PD:0242,1,0.8593051433563232,False,handpd:meander,2
P2_subject,resnet50,0,PD:0254,1,0.7621862888336182,False,handpd:meander,2
P2_subject,resnet50,0,PD:0254,1,0.7437113523483276,False,handpd:meander,2
P2_subject,resnet50,0,PD:0254,1,0.7105515003204346,False,handpd:meander,2
P2_subject,resnet50,0,PD:0254,1,0.9815164804458618,False,handpd:meander,2
P2_subject,resnet50,0,PD:0268,1,0.9133718609809875,False,handpd:meander,2
P2_subject,resnet50,0,PD:0268,1,0.9766823053359985,False,handpd:meander,2
P2_subject,resnet50,0,PD:0268,1,0.8930864930152893,False,handpd:meander,2
P2_subject,resnet50,0,PD:0268,1,0.9001637697219849,False,handpd:meander,2
P2_subject,resnet50,0,PD:0269,1,0.8060687184333801,False,handpd:meander,2
P2_subject,resnet50,0,PD:0269,1,0.832526445388794,False,handpd:meander,2
P2_subject,resnet50,0,PD:0269,1,0.766152560710907,False,handpd:meander,2
P2_subject,resnet50,0,PD:0269,1,0.953461766242981,False,handpd:meander,2
P2_subject,resnet50,0,PD:0273,1,0.9100655317306519,False,handpd:meander,2
P2_subject,resnet50,0,PD:0273,1,0.8914745450019836,False,handpd:meander,2
P2_subject,resnet50,0,PD:0273,1,0.9776965379714966,False,handpd:meander,2
P2_subject,resnet50,0,PD:0273,1,0.8327679634094238,False,handpd:meander,2
P2_subject,resnet50,0,PD:0274,1,0.8624753952026367,False,handpd:meander,2
P2_subject,resnet50,0,PD:0274,1,0.8150239586830139,False,handpd:meander,2
P2_subject,resnet50,0,PD:0274,1,0.8792100548744202,False,handpd:meander,2
P2_subject,resnet50,0,PD:0274,1,0.8690270781517029,False,handpd:meander,2
P2_subject,resnet50,0,PD:0281,1,0.9634090662002563,False,handpd:meander,2
P2_subject,resnet50,0,PD:0281,1,0.8944509029388428,False,handpd:meander,2
P2_subject,resnet50,0,PD:0281,1,0.9551912546157837,False,handpd:meander,2
P2_subject,resnet50,0,PD:0281,1,0.970015287399292,False,handpd:meander,2
P2_subject,resnet50,1,HC:0068,0,0.7770085334777832,False,handpd:meander,2
P2_subject,resnet50,1,HC:0068,0,0.7164731621742249,False,handpd:meander,2
P2_subject,resnet50,1,HC:0068,0,0.715843141078949,False,handpd:meander,2
P2_subject,resnet50,1,HC:0068,0,0.611957848072052,False,handpd:meander,2
P2_subject,resnet50,1,HC:0102,0,0.6498430371284485,False,handpd:meander,2
P2_subject,resnet50,1,HC:0102,0,0.7637041211128235,False,handpd:meander,2
P2_subject,resnet50,1,HC:0102,0,0.6115282773971558,False,handpd:meander,2
P2_subject,resnet50,1,HC:0102,0,0.6798492670059204,False,handpd:meander,2
P2_subject,resnet50,1,HC:0129,0,0.6978660225868225,False,handpd:meander,2
P2_subject,resnet50,1,HC:0129,0,0.5545050501823425,False,handpd:meander,2
P2_subject,resnet50,1,HC:0129,0,0.6395735144615173,False,handpd:meander,2
P2_subject,resnet50,1,HC:0129,0,0.5747708082199097,False,handpd:meander,2
P2_subject,resnet50,1,HC:0131,0,0.7198163270950317,False,handpd:meander,2
P2_subject,resnet50,1,HC:0131,0,0.6944866180419922,False,handpd:meander,2
P2_subject,resnet50,1,HC:0131,0,0.600049614906311,False,handpd:meander,2
P2_subject,resnet50,1,HC:0131,0,0.6944889426231384,False,handpd:meander,2
P2_subject,resnet50,1,HC:0297,0,0.7755293846130371,False,handpd:meander,2
P2_subject,resnet50,1,HC:0297,0,0.6157737374305725,False,handpd:meander,2
P2_subject,resnet50,1,HC:0297,0,0.7317929267883301,False,handpd:meander,2
P2_subject,resnet50,1,HC:0297,0,0.8316701054573059,False,handpd:meander,2
P2_subject,resnet50,1,HC:0305,0,0.9527730941772461,False,handpd:meander,2
P2_subject,resnet50,1,HC:0305,0,0.9827336072921753,False,handpd:meander,2
P2_subject,resnet50,1,HC:0305,0,0.8862308859825134,False,handpd:meander,2
P2_subject,resnet50,1,HC:0305,0,0.9942600727081299,False,handpd:meander,2
P2_subject,resnet50,1,PD:0009,1,0.8573886156082153,False,handpd:meander,2
P2_subject,resnet50,1,PD:0009,1,0.664475679397583,False,handpd:meander,2
P2_subject,resnet50,1,PD:0009,1,0.7052747011184692,False,handpd:meander,2
P2_subject,resnet50,1,PD:0009,1,0.6574504375457764,False,handpd:meander,2
P2_subject,resnet50,1,PD:0010,1,0.9720337986946106,False,handpd:meander,2
P2_subject,resnet50,1,PD:0010,1,0.9677460789680481,False,handpd:meander,2
P2_subject,resnet50,1,PD:0010,1,0.9837170839309692,False,handpd:meander,2
P2_subject,resnet50,1,PD:0010,1,0.9943209886550903,False,handpd:meander,2
P2_subject,resnet50,1,PD:0016,1,0.9952707886695862,False,handpd:meander,2
P2_subject,resnet50,1,PD:0016,1,0.979154109954834,False,handpd:meander,2
P2_subject,resnet50,1,PD:0016,1,0.967997670173645,False,handpd:meander,2
P2_subject,resnet50,1,PD:0016,1,0.9905315637588501,False,handpd:meander,2
P2_subject,resnet50,1,PD:0023,1,0.8919384479522705,False,handpd:meander,2
P2_subject,resnet50,1,PD:0023,1,0.7342060208320618,False,handpd:meander,2
P2_subject,resnet50,1,PD:0023,1,0.7540192604064941,False,handpd:meander,2
P2_subject,resnet50,1,PD:0023,1,0.7687755823135376,False,handpd:meander,2
P2_subject,resnet50,1,PD:0030,1,0.7436078190803528,False,handpd:meander,2
P2_subject,resnet50,1,PD:0030,1,0.8145968317985535,False,handpd:meander,2
P2_subject,resnet50,1,PD:0030,1,0.7868290543556213,False,handpd:meander,2
P2_subject,resnet50,1,PD:0030,1,0.9584011435508728,False,handpd:meander,2
P2_subject,resnet50,1,PD:0044,1,0.9783728718757629,False,handpd:meander,2
P2_subject,resnet50,1,PD:0044,1,0.9951503872871399,False,handpd:meander,2
P2_subject,resnet50,1,PD:0044,1,0.9421051740646362,False,handpd:meander,2
P2_subject,resnet50,1,PD:0044,1,0.9505484104156494,False,handpd:meander,2
P2_subject,resnet50,1,PD:0052,1,0.8319859504699707,False,handpd:meander,2
P2_subject,resnet50,1,PD:0052,1,0.7260355949401855,False,handpd:meander,2
P2_subject,resnet50,1,PD:0052,1,0.8913695812225342,False,handpd:meander,2
P2_subject,resnet50,1,PD:0052,1,0.91545170545578,False,handpd:meander,2
P2_subject,resnet50,1,PD:0134,1,0.963503360748291,False,handpd:meander,2
P2_subject,resnet50,1,PD:0134,1,0.9933143258094788,False,handpd:meander,2
P2_subject,resnet50,1,PD:0134,1,0.9905800223350525,False,handpd:meander,2
P2_subject,resnet50,1,PD:0134,1,0.9904721975326538,False,handpd:meander,2
P2_subject,resnet50,1,PD:0136,1,0.9968301653862,False,handpd:meander,2
P2_subject,resnet50,1,PD:0136,1,0.9436358213424683,False,handpd:meander,2
P2_subject,resnet50,1,PD:0136,1,0.8546949625015259,False,handpd:meander,2
P2_subject,resnet50,1,PD:0136,1,0.9791426658630371,False,handpd:meander,2
P2_subject,resnet50,1,PD:0149,1,0.9693333506584167,False,handpd:meander,2
P2_subject,resnet50,1,PD:0149,1,0.9858238697052002,False,handpd:meander,2
P2_subject,resnet50,1,PD:0149,1,0.9965323209762573,False,handpd:meander,2
P2_subject,resnet50,1,PD:0149,1,0.9837474226951599,False,handpd:meander,2
P2_subject,resnet50,1,PD:0170,1,0.97388756275177,False,handpd:meander,2
P2_subject,resnet50,1,PD:0170,1,0.9768239855766296,False,handpd:meander,2
P2_subject,resnet50,1,PD:0170,1,0.9982265830039978,False,handpd:meander,2
P2_subject,resnet50,1,PD:0170,1,0.9869798421859741,False,handpd:meander,2
P2_subject,resnet50,1,PD:0176,1,0.9879343509674072,False,handpd:meander,2
P2_subject,resnet50,1,PD:0176,1,0.9939321875572205,False,handpd:meander,2
P2_subject,resnet50,1,PD:0176,1,0.9821832180023193,False,handpd:meander,2
P2_subject,resnet50,1,PD:0176,1,0.9495885968208313,False,handpd:meander,2
P2_subject,resnet50,1,PD:0181,1,0.7656629085540771,False,handpd:meander,2
P2_subject,resnet50,1,PD:0181,1,0.8055292963981628,False,handpd:meander,2
P2_subject,resnet50,1,PD:0181,1,0.9030477404594421,False,handpd:meander,2
P2_subject,resnet50,1,PD:0181,1,0.7868672013282776,False,handpd:meander,2
P2_subject,resnet50,1,PD:0187,1,0.7475525140762329,False,handpd:meander,2
P2_subject,resnet50,1,PD:0187,1,0.7369346618652344,False,handpd:meander,2
P2_subject,resnet50,1,PD:0187,1,0.6985734701156616,False,handpd:meander,2
P2_subject,resnet50,1,PD:0187,1,0.9780963063240051,False,handpd:meander,2
P2_subject,resnet50,1,PD:0192,1,0.9780664443969727,False,handpd:meander,2
P2_subject,resnet50,1,PD:0192,1,0.8360700011253357,False,handpd:meander,2
P2_subject,resnet50,1,PD:0192,1,0.9917711615562439,False,handpd:meander,2
P2_subject,resnet50,1,PD:0192,1,0.9909374117851257,False,handpd:meander,2
P2_subject,resnet50,1,PD:0214,1,0.9941381216049194,False,handpd:meander,2
P2_subject,resnet50,1,PD:0214,1,0.9985045194625854,False,handpd:meander,2
P2_subject,resnet50,1,PD:0214,1,0.998210072517395,False,handpd:meander,2
P2_subject,resnet50,1,PD:0214,1,0.9993751645088196,False,handpd:meander,2
P2_subject,resnet50,1,PD:0218,1,0.7933178544044495,False,handpd:meander,2
P2_subject,resnet50,1,PD:0218,1,0.7277965545654297,False,handpd:meander,2
P2_subject,resnet50,1,PD:0218,1,0.8287505507469177,False,handpd:meander,2
P2_subject,resnet50,1,PD:0218,1,0.6770750880241394,False,handpd:meander,2
P2_subject,resnet50,1,PD:0219,1,0.7588809728622437,False,handpd:meander,2
P2_subject,resnet50,1,PD:0219,1,0.7082980871200562,False,handpd:meander,2
P2_subject,resnet50,1,PD:0219,1,0.661803126335144,False,handpd:meander,2
P2_subject,resnet50,1,PD:0219,1,0.8178238272666931,False,handpd:meander,2
P2_subject,resnet50,1,PD:0230,1,0.9962489008903503,False,handpd:meander,2
P2_subject,resnet50,1,PD:0230,1,0.9874817132949829,False,handpd:meander,2
P2_subject,resnet50,1,PD:0230,1,0.9954368472099304,False,handpd:meander,2
P2_subject,resnet50,1,PD:0230,1,0.9946814179420471,False,handpd:meander,2
P2_subject,resnet50,1,PD:0234,1,0.9977309107780457,False,handpd:meander,2
P2_subject,resnet50,1,PD:0234,1,0.9953019618988037,False,handpd:meander,2
P2_subject,resnet50,1,PD:0234,1,0.9959408044815063,False,handpd:meander,2
P2_subject,resnet50,1,PD:0234,1,0.9970338344573975,False,handpd:meander,2
P2_subject,resnet50,1,PD:0236,1,0.960496187210083,False,handpd:meander,2
P2_subject,resnet50,1,PD:0236,1,0.9997701048851013,False,handpd:meander,2
P2_subject,resnet50,1,PD:0236,1,0.9897046685218811,False,handpd:meander,2
P2_subject,resnet50,1,PD:0236,1,0.9984962940216064,False,handpd:meander,2
P2_subject,resnet50,1,PD:0241,1,0.9935100674629211,False,handpd:meander,2
P2_subject,resnet50,1,PD:0241,1,0.9971588850021362,False,handpd:meander,2
P2_subject,resnet50,1,PD:0241,1,0.9991438388824463,False,handpd:meander,2
P2_subject,resnet50,1,PD:0241,1,0.9837115406990051,False,handpd:meander,2
P2_subject,resnet50,1,PD:0261,1,0.7108446359634399,False,handpd:meander,2
P2_subject,resnet50,1,PD:0261,1,0.8210000395774841,False,handpd:meander,2
P2_subject,resnet50,1,PD:0261,1,0.7082592248916626,False,handpd:meander,2
P2_subject,resnet50,1,PD:0261,1,0.9660568833351135,False,handpd:meander,2
P2_subject,resnet50,1,PD:0280,1,0.8435050249099731,False,handpd:meander,2
P2_subject,resnet50,1,PD:0280,1,0.983096718788147,False,handpd:meander,2
P2_subject,resnet50,1,PD:0280,1,0.9954470992088318,False,handpd:meander,2
P2_subject,resnet50,1,PD:0280,1,0.9736306667327881,False,handpd:meander,2
P2_subject,resnet50,2,HC:0092,0,0.684351921081543,False,handpd:meander,2
P2_subject,resnet50,2,HC:0092,0,0.6763923764228821,False,handpd:meander,2
P2_subject,resnet50,2,HC:0092,0,0.5966869592666626,False,handpd:meander,2
P2_subject,resnet50,2,HC:0092,0,0.5614121556282043,False,handpd:meander,2
P2_subject,resnet50,2,HC:0100,0,0.679122269153595,False,handpd:meander,2
P2_subject,resnet50,2,HC:0100,0,0.728779673576355,False,handpd:meander,2
P2_subject,resnet50,2,HC:0100,0,0.7409393787384033,False,handpd:meander,2
P2_subject,resnet50,2,HC:0100,0,0.7995768189430237,False,handpd:meander,2
P2_subject,resnet50,2,HC:0127,0,0.5951316356658936,False,handpd:meander,2
P2_subject,resnet50,2,HC:0127,0,0.5701769590377808,False,handpd:meander,2
P2_subject,resnet50,2,HC:0127,0,0.5334430932998657,False,handpd:meander,2
P2_subject,resnet50,2,HC:0127,0,0.7148987650871277,False,handpd:meander,2
P2_subject,resnet50,2,HC:0287,0,0.9026285409927368,False,handpd:meander,2
P2_subject,resnet50,2,HC:0287,0,0.9740971326828003,False,handpd:meander,2
P2_subject,resnet50,2,HC:0287,0,0.9376716017723083,False,handpd:meander,2
P2_subject,resnet50,2,HC:0287,0,0.9604920148849487,False,handpd:meander,2
P2_subject,resnet50,2,HC:0289,0,0.6790454983711243,False,handpd:meander,2
P2_subject,resnet50,2,HC:0289,0,0.8745342493057251,False,handpd:meander,2
P2_subject,resnet50,2,HC:0289,0,0.6622251868247986,False,handpd:meander,2
P2_subject,resnet50,2,HC:0289,0,0.6625604033470154,False,handpd:meander,2
P2_subject,resnet50,2,HC:0295,0,0.9716188311576843,False,handpd:meander,2
P2_subject,resnet50,2,HC:0295,0,0.9999169111251831,False,handpd:meander,2
P2_subject,resnet50,2,HC:0295,0,0.89992356300354,False,handpd:meander,2
P2_subject,resnet50,2,HC:0295,0,0.9982790946960449,False,handpd:meander,2
P2_subject,resnet50,2,PD:0004,1,0.9706206321716309,False,handpd:meander,2
P2_subject,resnet50,2,PD:0004,1,0.974601686000824,False,handpd:meander,2
P2_subject,resnet50,2,PD:0004,1,0.9932037591934204,False,handpd:meander,2
P2_subject,resnet50,2,PD:0004,1,0.9902846217155457,False,handpd:meander,2
P2_subject,resnet50,2,PD:0024,1,0.8038479089736938,False,handpd:meander,2
P2_subject,resnet50,2,PD:0024,1,0.7669551968574524,False,handpd:meander,2
P2_subject,resnet50,2,PD:0024,1,0.7589625120162964,False,handpd:meander,2
P2_subject,resnet50,2,PD:0024,1,0.7381945252418518,False,handpd:meander,2
P2_subject,resnet50,2,PD:0031,1,0.8619560599327087,False,handpd:meander,2
P2_subject,resnet50,2,PD:0031,1,0.7820805311203003,False,handpd:meander,2
P2_subject,resnet50,2,PD:0031,1,0.8333894610404968,False,handpd:meander,2
P2_subject,resnet50,2,PD:0031,1,0.7204592823982239,False,handpd:meander,2
P2_subject,resnet50,2,PD:0045,1,0.9964314699172974,False,handpd:meander,2
P2_subject,resnet50,2,PD:0045,1,0.9862793684005737,False,handpd:meander,2
P2_subject,resnet50,2,PD:0045,1,0.997420072555542,False,handpd:meander,2
P2_subject,resnet50,2,PD:0045,1,0.9974373579025269,False,handpd:meander,2
P2_subject,resnet50,2,PD:0051,1,0.8237013816833496,False,handpd:meander,2
P2_subject,resnet50,2,PD:0051,1,0.9097086191177368,False,handpd:meander,2
P2_subject,resnet50,2,PD:0051,1,0.9204177260398865,False,handpd:meander,2
P2_subject,resnet50,2,PD:0051,1,0.7232252955436707,False,handpd:meander,2
P2_subject,resnet50,2,PD:0053,1,0.8914809226989746,False,handpd:meander,2
P2_subject,resnet50,2,PD:0053,1,0.917915940284729,False,handpd:meander,2
P2_subject,resnet50,2,PD:0053,1,0.9604097008705139,False,handpd:meander,2
P2_subject,resnet50,2,PD:0053,1,0.9208539128303528,False,handpd:meander,2
P2_subject,resnet50,2,PD:0139,1,0.7090113759040833,False,handpd:meander,2
P2_subject,resnet50,2,PD:0139,1,0.7788714170455933,False,handpd:meander,2
P2_subject,resnet50,2,PD:0139,1,0.6607818603515625,False,handpd:meander,2
P2_subject,resnet50,2,PD:0139,1,0.7427890300750732,False,handpd:meander,2
P2_subject,resnet50,2,PD:0161,1,0.9385539889335632,False,handpd:meander,2
P2_subject,resnet50,2,PD:0161,1,0.9287070035934448,False,handpd:meander,2
P2_subject,resnet50,2,PD:0161,1,0.9903566241264343,False,handpd:meander,2
P2_subject,resnet50,2,PD:0161,1,0.9828193783760071,False,handpd:meander,2
P2_subject,resnet50,2,PD:0165,1,0.6898976564407349,False,handpd:meander,2
P2_subject,resnet50,2,PD:0165,1,0.6167901158332825,False,handpd:meander,2
P2_subject,resnet50,2,PD:0165,1,0.569137692451477,False,handpd:meander,2
P2_subject,resnet50,2,PD:0165,1,0.6118967533111572,False,handpd:meander,2
P2_subject,resnet50,2,PD:0174,1,0.9995046854019165,False,handpd:meander,2
P2_subject,resnet50,2,PD:0174,1,0.9968001842498779,False,handpd:meander,2
P2_subject,resnet50,2,PD:0174,1,0.9981765747070312,False,handpd:meander,2
P2_subject,resnet50,2,PD:0174,1,0.9985920786857605,False,handpd:meander,2
P2_subject,resnet50,2,PD:0177,1,0.9365219473838806,False,handpd:meander,2
P2_subject,resnet50,2,PD:0177,1,0.9312213659286499,False,handpd:meander,2
P2_subject,resnet50,2,PD:0177,1,0.9930790066719055,False,handpd:meander,2
P2_subject,resnet50,2,PD:0177,1,0.9716997146606445,False,handpd:meander,2
P2_subject,resnet50,2,PD:0182,1,0.8350414037704468,False,handpd:meander,2
P2_subject,resnet50,2,PD:0182,1,0.9898803234100342,False,handpd:meander,2
P2_subject,resnet50,2,PD:0182,1,0.95082026720047,False,handpd:meander,2
P2_subject,resnet50,2,PD:0182,1,0.9809287190437317,False,handpd:meander,2
P2_subject,resnet50,2,PD:0186,1,0.859154999256134,False,handpd:meander,2
P2_subject,resnet50,2,PD:0186,1,0.9029824137687683,False,handpd:meander,2
P2_subject,resnet50,2,PD:0186,1,0.9113951921463013,False,handpd:meander,2
P2_subject,resnet50,2,PD:0186,1,0.9892695546150208,False,handpd:meander,2
P2_subject,resnet50,2,PD:0188,1,0.7506595253944397,False,handpd:meander,2
P2_subject,resnet50,2,PD:0188,1,0.6988275051116943,False,handpd:meander,2
P2_subject,resnet50,2,PD:0188,1,0.5731081366539001,False,handpd:meander,2
P2_subject,resnet50,2,PD:0188,1,0.7283837795257568,False,handpd:meander,2
P2_subject,resnet50,2,PD:0196,1,0.8608542680740356,False,handpd:meander,2
P2_subject,resnet50,2,PD:0196,1,0.9972681999206543,False,handpd:meander,2
P2_subject,resnet50,2,PD:0196,1,0.9161146283149719,False,handpd:meander,2
P2_subject,resnet50,2,PD:0196,1,0.9919686913490295,False,handpd:meander,2
P2_subject,resnet50,2,PD:0197,1,0.7261796593666077,False,handpd:meander,2
P2_subject,resnet50,2,PD:0197,1,0.7639870047569275,False,handpd:meander,2
P2_subject,resnet50,2,PD:0197,1,0.9629925489425659,False,handpd:meander,2
P2_subject,resnet50,2,PD:0197,1,0.8552201390266418,False,handpd:meander,2
P2_subject,resnet50,2,PD:0207,1,0.9599634408950806,False,handpd:meander,2
P2_subject,resnet50,2,PD:0207,1,0.9993378520011902,False,handpd:meander,2
P2_subject,resnet50,2,PD:0207,1,0.76479172706604,False,handpd:meander,2
P2_subject,resnet50,2,PD:0207,1,0.9823367595672607,False,handpd:meander,2
P2_subject,resnet50,2,PD:0213,1,0.9829659461975098,False,handpd:meander,2
P2_subject,resnet50,2,PD:0213,1,0.997585654258728,False,handpd:meander,2
P2_subject,resnet50,2,PD:0213,1,0.9681255221366882,False,handpd:meander,2
P2_subject,resnet50,2,PD:0213,1,0.9830279350280762,False,handpd:meander,2
P2_subject,resnet50,2,PD:0223,1,0.9837851524353027,False,handpd:meander,2
P2_subject,resnet50,2,PD:0223,1,0.9972018003463745,False,handpd:meander,2
P2_subject,resnet50,2,PD:0223,1,0.8473547697067261,False,handpd:meander,2
P2_subject,resnet50,2,PD:0223,1,0.9851028919219971,False,handpd:meander,2
P2_subject,resnet50,2,PD:0228,1,0.9999549388885498,False,handpd:meander,2
P2_subject,resnet50,2,PD:0228,1,0.999055802822113,False,handpd:meander,2
P2_subject,resnet50,2,PD:0228,1,0.9996100068092346,False,handpd:meander,2
P2_subject,resnet50,2,PD:0228,1,0.9995077848434448,False,handpd:meander,2
P2_subject,resnet50,2,PD:0235,1,0.9985779523849487,False,handpd:meander,2
P2_subject,resnet50,2,PD:0235,1,0.9956488013267517,False,handpd:meander,2
P2_subject,resnet50,2,PD:0235,1,0.9901561737060547,False,handpd:meander,2
P2_subject,resnet50,2,PD:0235,1,0.9989418387413025,False,handpd:meander,2
P2_subject,resnet50,2,PD:0240,1,0.9525027871131897,False,handpd:meander,2
P2_subject,resnet50,2,PD:0240,1,0.9641334414482117,False,handpd:meander,2
P2_subject,resnet50,2,PD:0240,1,0.9895087480545044,False,handpd:meander,2
P2_subject,resnet50,2,PD:0240,1,0.9497811794281006,False,handpd:meander,2
P2_subject,resnet50,2,PD:0246,1,0.9997356534004211,False,handpd:meander,2
P2_subject,resnet50,2,PD:0246,1,0.9972983002662659,False,handpd:meander,2
P2_subject,resnet50,2,PD:0246,1,0.9956040382385254,False,handpd:meander,2
P2_subject,resnet50,2,PD:0246,1,0.9976465106010437,False,handpd:meander,2
P2_subject,resnet50,2,PD:0247,1,0.9998432397842407,False,handpd:meander,2
P2_subject,resnet50,2,PD:0247,1,0.9580426216125488,False,handpd:meander,2
P2_subject,resnet50,2,PD:0247,1,0.999316930770874,False,handpd:meander,2
P2_subject,resnet50,2,PD:0247,1,0.9994518160820007,False,handpd:meander,2
P2_subject,resnet50,2,PD:0253,1,0.9861606359481812,False,handpd:meander,2
P2_subject,resnet50,2,PD:0253,1,0.9906326532363892,False,handpd:meander,2
P2_subject,resnet50,2,PD:0253,1,0.9020990133285522,False,handpd:meander,2
P2_subject,resnet50,2,PD:0253,1,0.8994626402854919,False,handpd:meander,2
P1_image,efficientnet_b0,0,HC:0068,0,0.6217631101608276,True,handpd:meander,2
P1_image,efficientnet_b0,0,HC:0100,0,0.6758347153663635,True,handpd:meander,2
P1_image,efficientnet_b0,0,HC:0102,0,0.6080727577209473,True,handpd:meander,2
P1_image,efficientnet_b0,0,HC:0102,0,0.7215237021446228,True,handpd:meander,2
P1_image,efficientnet_b0,0,HC:0102,0,0.618262529373169,True,handpd:meander,2
P1_image,efficientnet_b0,0,HC:0104,0,0.5352329611778259,True,handpd:meander,2
P1_image,efficientnet_b0,0,HC:0104,0,0.5981828570365906,True,handpd:meander,2
P1_image,efficientnet_b0,0,HC:0106,0,0.7097430229187012,True,handpd:meander,2
P1_image,efficientnet_b0,0,HC:0106,0,0.8332821130752563,True,handpd:meander,2
P1_image,efficientnet_b0,0,HC:0112,0,0.6539866328239441,True,handpd:meander,2
P1_image,efficientnet_b0,0,HC:0112,0,0.8178784847259521,True,handpd:meander,2
P1_image,efficientnet_b0,0,HC:0116,0,0.6683520078659058,True,handpd:meander,2
P1_image,efficientnet_b0,0,HC:0127,0,0.7572274208068848,True,handpd:meander,2
P1_image,efficientnet_b0,0,HC:0127,0,0.5963733792304993,True,handpd:meander,2
P1_image,efficientnet_b0,0,HC:0127,0,0.6003434062004089,True,handpd:meander,2
P1_image,efficientnet_b0,0,HC:0129,0,0.7314452528953552,True,handpd:meander,2
P1_image,efficientnet_b0,0,HC:0129,0,0.5349845886230469,True,handpd:meander,2
P1_image,efficientnet_b0,0,HC:0131,0,0.5912581086158752,True,handpd:meander,2
P1_image,efficientnet_b0,0,HC:0289,0,0.5084589123725891,True,handpd:meander,2
P1_image,efficientnet_b0,0,HC:0293,0,0.7224831581115723,True,handpd:meander,2
P1_image,efficientnet_b0,0,HC:0295,0,0.7979419231414795,True,handpd:meander,2
P1_image,efficientnet_b0,0,HC:0297,0,0.7800885438919067,True,handpd:meander,2
P1_image,efficientnet_b0,0,HC:0305,0,0.9371070265769958,True,handpd:meander,2
P1_image,efficientnet_b0,0,HC:0305,0,0.9018973112106323,True,handpd:meander,2
P1_image,efficientnet_b0,0,PD:0002,1,0.9639624953269958,True,handpd:meander,2
P1_image,efficientnet_b0,0,PD:0002,1,0.988175630569458,True,handpd:meander,2
P1_image,efficientnet_b0,0,PD:0003,1,0.93255215883255,True,handpd:meander,2
P1_image,efficientnet_b0,0,PD:0003,1,0.9263256788253784,True,handpd:meander,2
P1_image,efficientnet_b0,0,PD:0004,1,0.9092398881912231,True,handpd:meander,2
P1_image,efficientnet_b0,0,PD:0005,1,0.8605010509490967,True,handpd:meander,2
P1_image,efficientnet_b0,0,PD:0009,1,0.7648143768310547,True,handpd:meander,2
P1_image,efficientnet_b0,0,PD:0009,1,0.823104739189148,True,handpd:meander,2
P1_image,efficientnet_b0,0,PD:0010,1,0.9037067294120789,True,handpd:meander,2
P1_image,efficientnet_b0,0,PD:0016,1,0.9256870150566101,True,handpd:meander,2
P1_image,efficientnet_b0,0,PD:0023,1,0.9239609241485596,True,handpd:meander,2
P1_image,efficientnet_b0,0,PD:0030,1,0.8285022974014282,True,handpd:meander,2
P1_image,efficientnet_b0,0,PD:0031,1,0.8069705367088318,False,handpd:meander,2
P1_image,efficientnet_b0,0,PD:0031,1,0.717420756816864,False,handpd:meander,2
P1_image,efficientnet_b0,0,PD:0031,1,0.7796698808670044,False,handpd:meander,2
P1_image,efficientnet_b0,0,PD:0031,1,0.8329784870147705,False,handpd:meander,2
P1_image,efficientnet_b0,0,PD:0037,1,0.9599777460098267,True,handpd:meander,2
P1_image,efficientnet_b0,0,PD:0038,1,0.8127889633178711,True,handpd:meander,2
P1_image,efficientnet_b0,0,PD:0044,1,0.9522952437400818,True,handpd:meander,2
P1_image,efficientnet_b0,0,PD:0045,1,0.9028030633926392,True,handpd:meander,2
P1_image,efficientnet_b0,0,PD:0051,1,0.7771170139312744,True,handpd:meander,2
P1_image,efficientnet_b0,0,PD:0051,1,0.8285733461380005,True,handpd:meander,2
P1_image,efficientnet_b0,0,PD:0051,1,0.8704782128334045,True,handpd:meander,2
P1_image,efficientnet_b0,0,PD:0052,1,0.7859266996383667,True,handpd:meander,2
P1_image,efficientnet_b0,0,PD:0053,1,0.737309455871582,True,handpd:meander,2
P1_image,efficientnet_b0,0,PD:0054,1,0.7552136182785034,True,handpd:meander,2
P1_image,efficientnet_b0,0,PD:0136,1,0.92242830991745,True,handpd:meander,2
P1_image,efficientnet_b0,0,PD:0138,1,0.7978079915046692,True,handpd:meander,2
P1_image,efficientnet_b0,0,PD:0139,1,0.8589495420455933,True,handpd:meander,2
P1_image,efficientnet_b0,0,PD:0143,1,0.8987320065498352,True,handpd:meander,2
P1_image,efficientnet_b0,0,PD:0143,1,0.8752827048301697,True,handpd:meander,2
P1_image,efficientnet_b0,0,PD:0148,1,0.9724674224853516,True,handpd:meander,2
P1_image,efficientnet_b0,0,PD:0148,1,0.9165188074111938,True,handpd:meander,2
P1_image,efficientnet_b0,0,PD:0153,1,0.7807205319404602,True,handpd:meander,2
P1_image,efficientnet_b0,0,PD:0157,1,0.8516270518302917,True,handpd:meander,2
P1_image,efficientnet_b0,0,PD:0157,1,0.8383058309555054,True,handpd:meander,2
P1_image,efficientnet_b0,0,PD:0161,1,0.8250927329063416,True,handpd:meander,2
P1_image,efficientnet_b0,0,PD:0166,1,0.8294574618339539,True,handpd:meander,2
P1_image,efficientnet_b0,0,PD:0166,1,0.832107663154602,True,handpd:meander,2
P1_image,efficientnet_b0,0,PD:0170,1,0.9011937379837036,True,handpd:meander,2
P1_image,efficientnet_b0,0,PD:0174,1,0.9664103388786316,True,handpd:meander,2
P1_image,efficientnet_b0,0,PD:0174,1,0.8586239814758301,True,handpd:meander,2
P1_image,efficientnet_b0,0,PD:0176,1,0.948948085308075,True,handpd:meander,2
P1_image,efficientnet_b0,0,PD:0177,1,0.9243816137313843,True,handpd:meander,2
P1_image,efficientnet_b0,0,PD:0177,1,0.9438470005989075,True,handpd:meander,2
P1_image,efficientnet_b0,0,PD:0181,1,0.8784095048904419,True,handpd:meander,2
P1_image,efficientnet_b0,0,PD:0181,1,0.7667883634567261,True,handpd:meander,2
P1_image,efficientnet_b0,0,PD:0181,1,0.9090042114257812,True,handpd:meander,2
P1_image,efficientnet_b0,0,PD:0182,1,0.8499799966812134,True,handpd:meander,2
P1_image,efficientnet_b0,0,PD:0182,1,0.7500817179679871,True,handpd:meander,2
P1_image,efficientnet_b0,0,PD:0182,1,0.9071899056434631,True,handpd:meander,2
P1_image,efficientnet_b0,0,PD:0186,1,0.8810384273529053,True,handpd:meander,2
P1_image,efficientnet_b0,0,PD:0192,1,0.9087718725204468,True,handpd:meander,2
P1_image,efficientnet_b0,0,PD:0192,1,0.958570659160614,True,handpd:meander,2
P1_image,efficientnet_b0,0,PD:0196,1,0.9742881059646606,True,handpd:meander,2
P1_image,efficientnet_b0,0,PD:0197,1,0.786098062992096,True,handpd:meander,2
P1_image,efficientnet_b0,0,PD:0198,1,0.8118793964385986,True,handpd:meander,2
P1_image,efficientnet_b0,0,PD:0207,1,0.8595966100692749,True,handpd:meander,2
P1_image,efficientnet_b0,0,PD:0207,1,0.7613263130187988,True,handpd:meander,2
P1_image,efficientnet_b0,0,PD:0208,1,0.8572872281074524,True,handpd:meander,2
P1_image,efficientnet_b0,0,PD:0213,1,0.9308024048805237,True,handpd:meander,2
P1_image,efficientnet_b0,0,PD:0213,1,0.9775814414024353,True,handpd:meander,2
P1_image,efficientnet_b0,0,PD:0213,1,0.8727859258651733,True,handpd:meander,2
P1_image,efficientnet_b0,0,PD:0214,1,0.8215069770812988,True,handpd:meander,2
P1_image,efficientnet_b0,0,PD:0214,1,0.8692377805709839,True,handpd:meander,2
P1_image,efficientnet_b0,0,PD:0214,1,0.7054569125175476,True,handpd:meander,2
P1_image,efficientnet_b0,0,PD:0218,1,0.7011915445327759,True,handpd:meander,2
P1_image,efficientnet_b0,0,PD:0218,1,0.7460007667541504,True,handpd:meander,2
P1_image,efficientnet_b0,0,PD:0218,1,0.6442160606384277,True,handpd:meander,2
P1_image,efficientnet_b0,0,PD:0219,1,0.7888122200965881,True,handpd:meander,2
P1_image,efficientnet_b0,0,PD:0223,1,0.9083596467971802,True,handpd:meander,2
P1_image,efficientnet_b0,0,PD:0229,1,0.9703634977340698,True,handpd:meander,2
P1_image,efficientnet_b0,0,PD:0230,1,0.8492156863212585,True,handpd:meander,2
P1_image,efficientnet_b0,0,PD:0230,1,0.9408391118049622,True,handpd:meander,2
P1_image,efficientnet_b0,0,PD:0230,1,0.827556848526001,True,handpd:meander,2
P1_image,efficientnet_b0,0,PD:0234,1,0.858301043510437,True,handpd:meander,2
P1_image,efficientnet_b0,0,PD:0235,1,0.8614140748977661,True,handpd:meander,2
P1_image,efficientnet_b0,0,PD:0236,1,0.9321705102920532,True,handpd:meander,2
P1_image,efficientnet_b0,0,PD:0240,1,0.870652437210083,True,handpd:meander,2
P1_image,efficientnet_b0,0,PD:0240,1,0.8444576263427734,True,handpd:meander,2
P1_image,efficientnet_b0,0,PD:0241,1,0.9527210593223572,True,handpd:meander,2
P1_image,efficientnet_b0,0,PD:0242,1,0.9351007342338562,True,handpd:meander,2
P1_image,efficientnet_b0,0,PD:0242,1,0.9800142049789429,True,handpd:meander,2
P1_image,efficientnet_b0,0,PD:0246,1,0.9768467545509338,True,handpd:meander,2
P1_image,efficientnet_b0,0,PD:0246,1,0.9699589014053345,True,handpd:meander,2
P1_image,efficientnet_b0,0,PD:0253,1,0.8980523943901062,True,handpd:meander,2
P1_image,efficientnet_b0,0,PD:0254,1,0.8800103664398193,True,handpd:meander,2
P1_image,efficientnet_b0,0,PD:0254,1,0.828095555305481,True,handpd:meander,2
P1_image,efficientnet_b0,0,PD:0254,1,0.7755536437034607,True,handpd:meander,2
P1_image,efficientnet_b0,0,PD:0261,1,0.7884184718132019,True,handpd:meander,2
P1_image,efficientnet_b0,0,PD:0261,1,0.7815759181976318,True,handpd:meander,2
P1_image,efficientnet_b0,0,PD:0261,1,0.7469455003738403,True,handpd:meander,2
P1_image,efficientnet_b0,0,PD:0269,1,0.8973527550697327,True,handpd:meander,2
P1_image,efficientnet_b0,0,PD:0273,1,0.8487024307250977,True,handpd:meander,2
P1_image,efficientnet_b0,0,PD:0274,1,0.911132276058197,True,handpd:meander,2
P1_image,efficientnet_b0,0,PD:0274,1,0.7304127812385559,True,handpd:meander,2
P1_image,efficientnet_b0,0,PD:0280,1,0.8884537816047668,True,handpd:meander,2
P1_image,efficientnet_b0,0,PD:0281,1,0.8446996808052063,True,handpd:meander,2
P1_image,efficientnet_b0,0,PD:0281,1,0.8775680661201477,True,handpd:meander,2
P1_image,efficientnet_b0,1,HC:0068,0,0.6379522085189819,True,handpd:meander,2
P1_image,efficientnet_b0,1,HC:0092,0,0.6085275411605835,True,handpd:meander,2
P1_image,efficientnet_b0,1,HC:0092,0,0.7225243449211121,True,handpd:meander,2
P1_image,efficientnet_b0,1,HC:0092,0,0.8719870448112488,True,handpd:meander,2
P1_image,efficientnet_b0,1,HC:0098,0,0.7867722511291504,True,handpd:meander,2
P1_image,efficientnet_b0,1,HC:0098,0,0.7011988162994385,True,handpd:meander,2
P1_image,efficientnet_b0,1,HC:0100,0,0.7653576731681824,True,handpd:meander,2
P1_image,efficientnet_b0,1,HC:0100,0,0.8915231823921204,True,handpd:meander,2
P1_image,efficientnet_b0,1,HC:0104,0,0.7817127704620361,True,handpd:meander,2
P1_image,efficientnet_b0,1,HC:0106,0,0.669677734375,True,handpd:meander,2
P1_image,efficientnet_b0,1,HC:0106,0,0.7193920016288757,True,handpd:meander,2
P1_image,efficientnet_b0,1,HC:0127,0,0.7532342076301575,True,handpd:meander,2
P1_image,efficientnet_b0,1,HC:0131,0,0.8682360053062439,True,handpd:meander,2
P1_image,efficientnet_b0,1,HC:0131,0,0.6963497400283813,True,handpd:meander,2
P1_image,efficientnet_b0,1,HC:0289,0,0.9010368585586548,True,handpd:meander,2
P1_image,efficientnet_b0,1,HC:0289,0,0.6968029737472534,True,handpd:meander,2
P1_image,efficientnet_b0,1,HC:0293,0,0.8467237949371338,True,handpd:meander,2
P1_image,efficientnet_b0,1,HC:0293,0,0.9373432397842407,True,handpd:meander,2
P1_image,efficientnet_b0,1,HC:0295,0,0.9510287642478943,True,handpd:meander,2
P1_image,efficientnet_b0,1,HC:0295,0,0.9634842276573181,True,handpd:meander,2
P1_image,efficientnet_b0,1,HC:0297,0,0.8964477181434631,True,handpd:meander,2
P1_image,efficientnet_b0,1,HC:0297,0,0.9302282929420471,True,handpd:meander,2
P1_image,efficientnet_b0,1,HC:0305,0,0.9696347713470459,True,handpd:meander,2
P1_image,efficientnet_b0,1,HC:0305,0,0.9684814810752869,True,handpd:meander,2
P1_image,efficientnet_b0,1,PD:0002,1,0.9935092329978943,True,handpd:meander,2
P1_image,efficientnet_b0,1,PD:0004,1,0.9453070163726807,True,handpd:meander,2
P1_image,efficientnet_b0,1,PD:0004,1,0.9652025103569031,True,handpd:meander,2
P1_image,efficientnet_b0,1,PD:0005,1,0.9578602910041809,True,handpd:meander,2
P1_image,efficientnet_b0,1,PD:0005,1,0.9435486793518066,True,handpd:meander,2
P1_image,efficientnet_b0,1,PD:0009,1,0.850017249584198,True,handpd:meander,2
P1_image,efficientnet_b0,1,PD:0010,1,0.9836452007293701,True,handpd:meander,2
P1_image,efficientnet_b0,1,PD:0023,1,0.8542940616607666,True,handpd:meander,2
P1_image,efficientnet_b0,1,PD:0023,1,0.9681300520896912,True,handpd:meander,2
P1_image,efficientnet_b0,1,PD:0024,1,0.886856198310852,False,handpd:meander,2
P1_image,efficientnet_b0,1,PD:0024,1,0.872330367565155,False,handpd:meander,2
P1_image,efficientnet_b0,1,PD:0024,1,0.7973292469978333,False,handpd:meander,2
P1_image,efficientnet_b0,1,PD:0024,1,0.9594114422798157,False,handpd:meander,2
P1_image,efficientnet_b0,1,PD:0030,1,0.8663305640220642,True,handpd:meander,2
P1_image,efficientnet_b0,1,PD:0030,1,0.9775344133377075,True,handpd:meander,2
P1_image,efficientnet_b0,1,PD:0030,1,0.9359585642814636,True,handpd:meander,2
P1_image,efficientnet_b0,1,PD:0037,1,0.9773089289665222,True,handpd:meander,2
P1_image,efficientnet_b0,1,PD:0038,1,0.9672645926475525,True,handpd:meander,2
P1_image,efficientnet_b0,1,PD:0045,1,0.9645721316337585,True,handpd:meander,2
P1_image,efficientnet_b0,1,PD:0046,1,0.9865546226501465,True,handpd:meander,2
P1_image,efficientnet_b0,1,PD:0046,1,0.9652665257453918,True,handpd:meander,2
P1_image,efficientnet_b0,1,PD:0046,1,0.9795095324516296,True,handpd:meander,2
P1_image,efficientnet_b0,1,PD:0051,1,0.9390271902084351,True,handpd:meander,2
P1_image,efficientnet_b0,1,PD:0052,1,0.9428622722625732,True,handpd:meander,2
P1_image,efficientnet_b0,1,PD:0052,1,0.9538490176200867,True,handpd:meander,2
P1_image,efficientnet_b0,1,PD:0053,1,0.9422431588172913,True,handpd:meander,2
P1_image,efficientnet_b0,1,PD:0053,1,0.9608780741691589,True,handpd:meander,2
P1_image,efficientnet_b0,1,PD:0053,1,0.929954469203949,True,handpd:meander,2
P1_image,efficientnet_b0,1,PD:0054,1,0.7577033638954163,True,handpd:meander,2
P1_image,efficientnet_b0,1,PD:0054,1,0.9520342350006104,True,handpd:meander,2
P1_image,efficientnet_b0,1,PD:0134,1,0.9793763160705566,True,handpd:meander,2
P1_image,efficientnet_b0,1,PD:0136,1,0.9166848659515381,True,handpd:meander,2
P1_image,efficientnet_b0,1,PD:0139,1,0.9432645440101624,True,handpd:meander,2
P1_image,efficientnet_b0,1,PD:0139,1,0.9359308481216431,True,handpd:meander,2
P1_image,efficientnet_b0,1,PD:0148,1,0.9849753975868225,True,handpd:meander,2
P1_image,efficientnet_b0,1,PD:0148,1,0.9868964552879333,True,handpd:meander,2
P1_image,efficientnet_b0,1,PD:0149,1,0.9746301770210266,True,handpd:meander,2
P1_image,efficientnet_b0,1,PD:0149,1,0.9557581543922424,True,handpd:meander,2
P1_image,efficientnet_b0,1,PD:0153,1,0.8738226890563965,True,handpd:meander,2
P1_image,efficientnet_b0,1,PD:0153,1,0.8813505172729492,True,handpd:meander,2
P1_image,efficientnet_b0,1,PD:0157,1,0.9431095719337463,True,handpd:meander,2
P1_image,efficientnet_b0,1,PD:0161,1,0.978909432888031,True,handpd:meander,2
P1_image,efficientnet_b0,1,PD:0161,1,0.8986839652061462,True,handpd:meander,2
P1_image,efficientnet_b0,1,PD:0165,1,0.942592203617096,True,handpd:meander,2
P1_image,efficientnet_b0,1,PD:0165,1,0.8109122514724731,True,handpd:meander,2
P1_image,efficientnet_b0,1,PD:0165,1,0.8751913905143738,True,handpd:meander,2
P1_image,efficientnet_b0,1,PD:0166,1,0.9551042318344116,True,handpd:meander,2
P1_image,efficientnet_b0,1,PD:0170,1,0.9564095735549927,True,handpd:meander,2
P1_image,efficientnet_b0,1,PD:0174,1,0.9916604161262512,True,handpd:meander,2
P1_image,efficientnet_b0,1,PD:0176,1,0.9654375910758972,True,handpd:meander,2
P1_image,efficientnet_b0,1,PD:0177,1,0.8988884091377258,True,handpd:meander,2
P1_image,efficientnet_b0,1,PD:0186,1,0.9849011301994324,True,handpd:meander,2
P1_image,efficientnet_b0,1,PD:0186,1,0.945650041103363,True,handpd:meander,2
P1_image,efficientnet_b0,1,PD:0187,1,0.9092872738838196,True,handpd:meander,2
P1_image,efficientnet_b0,1,PD:0187,1,0.9675164818763733,True,handpd:meander,2
P1_image,efficientnet_b0,1,PD:0187,1,0.9521413445472717,True,handpd:meander,2
P1_image,efficientnet_b0,1,PD:0188,1,0.9114925265312195,True,handpd:meander,2
P1_image,efficientnet_b0,1,PD:0188,1,0.9256213307380676,True,handpd:meander,2
P1_image,efficientnet_b0,1,PD:0192,1,0.938711941242218,True,handpd:meander,2
P1_image,efficientnet_b0,1,PD:0192,1,0.9640306234359741,True,handpd:meander,2
P1_image,efficientnet_b0,1,PD:0196,1,0.9615614414215088,True,handpd:meander,2
P1_image,efficientnet_b0,1,PD:0196,1,0.951360285282135,True,handpd:meander,2
P1_image,efficientnet_b0,1,PD:0196,1,0.9603421688079834,True,handpd:meander,2
P1_image,efficientnet_b0,1,PD:0197,1,0.9223784804344177,True,handpd:meander,2
P1_image,efficientnet_b0,1,PD:0197,1,0.9527335166931152,True,handpd:meander,2
P1_image,efficientnet_b0,1,PD:0198,1,0.9560335278511047,True,handpd:meander,2
P1_image,efficientnet_b0,1,PD:0198,1,0.9387445449829102,True,handpd:meander,2
P1_image,efficientnet_b0,1,PD:0198,1,0.995911717414856,True,handpd:meander,2
P1_image,efficientnet_b0,1,PD:0202,1,0.9210111498832703,True,handpd:meander,2
P1_image,efficientnet_b0,1,PD:0202,1,0.8767805099487305,True,handpd:meander,2
P1_image,efficientnet_b0,1,PD:0203,1,0.9255959987640381,True,handpd:meander,2
P1_image,efficientnet_b0,1,PD:0203,1,0.9935626983642578,True,handpd:meander,2
P1_image,efficientnet_b0,1,PD:0203,1,0.9395888447761536,True,handpd:meander,2
P1_image,efficientnet_b0,1,PD:0208,1,0.9175633192062378,True,handpd:meander,2
P1_image,efficientnet_b0,1,PD:0208,1,0.8741534352302551,True,handpd:meander,2
P1_image,efficientnet_b0,1,PD:0218,1,0.9175109267234802,True,handpd:meander,2
P1_image,efficientnet_b0,1,PD:0219,1,0.8803180456161499,True,handpd:meander,2
P1_image,efficientnet_b0,1,PD:0219,1,0.9130603671073914,True,handpd:meander,2
P1_image,efficientnet_b0,1,PD:0219,1,0.9102981090545654,True,handpd:meander,2
P1_image,efficientnet_b0,1,PD:0223,1,0.9494732022285461,True,handpd:meander,2
P1_image,efficientnet_b0,1,PD:0228,1,0.9950165152549744,True,handpd:meander,2
P1_image,efficientnet_b0,1,PD:0229,1,0.9955437779426575,True,handpd:meander,2
P1_image,efficientnet_b0,1,PD:0229,1,0.9974777102470398,True,handpd:meander,2
P1_image,efficientnet_b0,1,PD:0230,1,0.991054117679596,True,handpd:meander,2
P1_image,efficientnet_b0,1,PD:0235,1,0.9732968211174011,True,handpd:meander,2
P1_image,efficientnet_b0,1,PD:0236,1,0.9917175769805908,True,handpd:meander,2
P1_image,efficientnet_b0,1,PD:0240,1,0.9696964025497437,True,handpd:meander,2
P1_image,efficientnet_b0,1,PD:0242,1,0.96727454662323,True,handpd:meander,2
P1_image,efficientnet_b0,1,PD:0253,1,0.9547596573829651,True,handpd:meander,2
P1_image,efficientnet_b0,1,PD:0253,1,0.9574873447418213,True,handpd:meander,2
P1_image,efficientnet_b0,1,PD:0268,1,0.9768880605697632,True,handpd:meander,2
P1_image,efficientnet_b0,1,PD:0268,1,0.9482327103614807,True,handpd:meander,2
P1_image,efficientnet_b0,1,PD:0268,1,0.9627786874771118,True,handpd:meander,2
P1_image,efficientnet_b0,1,PD:0269,1,0.9856897592544556,True,handpd:meander,2
P1_image,efficientnet_b0,1,PD:0269,1,0.9768524169921875,True,handpd:meander,2
P1_image,efficientnet_b0,1,PD:0274,1,0.9869920015335083,True,handpd:meander,2
P1_image,efficientnet_b0,1,PD:0274,1,0.9637399911880493,True,handpd:meander,2
P1_image,efficientnet_b0,1,PD:0281,1,0.9924131035804749,True,handpd:meander,2
P1_image,efficientnet_b0,1,PD:0281,1,0.9832268357276917,True,handpd:meander,2
P1_image,efficientnet_b0,2,HC:0068,0,0.4401155114173889,True,handpd:meander,2
P1_image,efficientnet_b0,2,HC:0068,0,0.5712372660636902,True,handpd:meander,2
P1_image,efficientnet_b0,2,HC:0092,0,0.5027298927307129,True,handpd:meander,2
P1_image,efficientnet_b0,2,HC:0098,0,0.7168532013893127,True,handpd:meander,2
P1_image,efficientnet_b0,2,HC:0098,0,0.5843145251274109,True,handpd:meander,2
P1_image,efficientnet_b0,2,HC:0100,0,0.48683369159698486,True,handpd:meander,2
P1_image,efficientnet_b0,2,HC:0102,0,0.5054723024368286,True,handpd:meander,2
P1_image,efficientnet_b0,2,HC:0104,0,0.6183645725250244,True,handpd:meander,2
P1_image,efficientnet_b0,2,HC:0112,0,0.6982847452163696,True,handpd:meander,2
P1_image,efficientnet_b0,2,HC:0112,0,0.6985706686973572,True,handpd:meander,2
P1_image,efficientnet_b0,2,HC:0116,0,0.536114513874054,True,handpd:meander,2
P1_image,efficientnet_b0,2,HC:0116,0,0.6006829142570496,True,handpd:meander,2
P1_image,efficientnet_b0,2,HC:0116,0,0.7552440166473389,True,handpd:meander,2
P1_image,efficientnet_b0,2,HC:0129,0,0.5754469037055969,True,handpd:meander,2
P1_image,efficientnet_b0,2,HC:0129,0,0.8103684782981873,True,handpd:meander,2
P1_image,efficientnet_b0,2,HC:0131,0,0.5337637066841125,True,handpd:meander,2
P1_image,efficientnet_b0,2,HC:0287,0,0.5920161008834839,False,handpd:meander,2
P1_image,efficientnet_b0,2,HC:0287,0,0.6930034160614014,False,handpd:meander,2
P1_image,efficientnet_b0,2,HC:0287,0,0.6430900692939758,False,handpd:meander,2
P1_image,efficientnet_b0,2,HC:0287,0,0.8228939175605774,False,handpd:meander,2
P1_image,efficientnet_b0,2,HC:0289,0,0.4250010848045349,True,handpd:meander,2
P1_image,efficientnet_b0,2,HC:0293,0,0.7088035345077515,True,handpd:meander,2
P1_image,efficientnet_b0,2,HC:0295,0,0.8449901342391968,True,handpd:meander,2
P1_image,efficientnet_b0,2,HC:0297,0,0.6049453020095825,True,handpd:meander,2
P1_image,efficientnet_b0,2,PD:0002,1,0.9255699515342712,True,handpd:meander,2
P1_image,efficientnet_b0,2,PD:0003,1,0.8483337163925171,True,handpd:meander,2
P1_image,efficientnet_b0,2,PD:0003,1,0.9481043219566345,True,handpd:meander,2
P1_image,efficientnet_b0,2,PD:0004,1,0.9327217936515808,True,handpd:meander,2
P1_image,efficientnet_b0,2,PD:0005,1,0.9041485786437988,True,handpd:meander,2
P1_image,efficientnet_b0,2,PD:0009,1,0.7501007914543152,True,handpd:meander,2
P1_image,efficientnet_b0,2,PD:0010,1,0.9012272357940674,True,handpd:meander,2
P1_image,efficientnet_b0,2,PD:0010,1,0.8992964625358582,True,handpd:meander,2
P1_image,efficientnet_b0,2,PD:0016,1,0.8546426296234131,True,handpd:meander,2
P1_image,efficientnet_b0,2,PD:0016,1,0.9188774824142456,True,handpd:meander,2
P1_image,efficientnet_b0,2,PD:0016,1,0.862660825252533,True,handpd:meander,2
P1_image,efficientnet_b0,2,PD:0023,1,0.8550418615341187,True,handpd:meander,2
P1_image,efficientnet_b0,2,PD:0037,1,0.8300313949584961,True,handpd:meander,2
P1_image,efficientnet_b0,2,PD:0037,1,0.8912931680679321,True,handpd:meander,2
P1_image,efficientnet_b0,2,PD:0038,1,0.9334596395492554,True,handpd:meander,2
P1_image,efficientnet_b0,2,PD:0038,1,0.9658295512199402,True,handpd:meander,2
P1_image,efficientnet_b0,2,PD:0044,1,0.9531193375587463,True,handpd:meander,2
P1_image,efficientnet_b0,2,PD:0044,1,0.9413080811500549,True,handpd:meander,2
P1_image,efficientnet_b0,2,PD:0044,1,0.8607168197631836,True,handpd:meander,2
P1_image,efficientnet_b0,2,PD:0045,1,0.9847096800804138,True,handpd:meander,2
P1_image,efficientnet_b0,2,PD:0045,1,0.9603438377380371,True,handpd:meander,2
P1_image,efficientnet_b0,2,PD:0046,1,0.9549564719200134,True,handpd:meander,2
P1_image,efficientnet_b0,2,PD:0052,1,0.6631457805633545,True,handpd:meander,2
P1_image,efficientnet_b0,2,PD:0054,1,0.847665011882782,True,handpd:meander,2
P1_image,efficientnet_b0,2,PD:0134,1,0.8833826780319214,True,handpd:meander,2
P1_image,efficientnet_b0,2,PD:0134,1,0.9689531326293945,True,handpd:meander,2
P1_image,efficientnet_b0,2,PD:0134,1,0.9715521931648254,True,handpd:meander,2
P1_image,efficientnet_b0,2,PD:0136,1,0.8154647350311279,True,handpd:meander,2
P1_image,efficientnet_b0,2,PD:0136,1,0.9430269002914429,True,handpd:meander,2
P1_image,efficientnet_b0,2,PD:0138,1,0.6800612807273865,True,handpd:meander,2
P1_image,efficientnet_b0,2,PD:0138,1,0.7947400212287903,True,handpd:meander,2
P1_image,efficientnet_b0,2,PD:0138,1,0.757174015045166,True,handpd:meander,2
P1_image,efficientnet_b0,2,PD:0139,1,0.7369213104248047,True,handpd:meander,2
P1_image,efficientnet_b0,2,PD:0143,1,0.9181328415870667,True,handpd:meander,2
P1_image,efficientnet_b0,2,PD:0143,1,0.937373697757721,True,handpd:meander,2
P1_image,efficientnet_b0,2,PD:0149,1,0.9737260341644287,True,handpd:meander,2
P1_image,efficientnet_b0,2,PD:0149,1,0.9737156629562378,True,handpd:meander,2
P1_image,efficientnet_b0,2,PD:0153,1,0.5850531458854675,True,handpd:meander,2
P1_image,efficientnet_b0,2,PD:0157,1,0.8072937726974487,True,handpd:meander,2
P1_image,efficientnet_b0,2,PD:0161,1,0.8507305979728699,True,handpd:meander,2
P1_image,efficientnet_b0,2,PD:0165,1,0.5857982039451599,True,handpd:meander,2
P1_image,efficientnet_b0,2,PD:0166,1,0.8261561989784241,True,handpd:meander,2
P1_image,efficientnet_b0,2,PD:0170,1,0.914190948009491,True,handpd:meander,2
P1_image,efficientnet_b0,2,PD:0170,1,0.7858066558837891,True,handpd:meander,2
P1_image,efficientnet_b0,2,PD:0174,1,0.9905071258544922,True,handpd:meander,2
P1_image,efficientnet_b0,2,PD:0176,1,0.9065909385681152,True,handpd:meander,2
P1_image,efficientnet_b0,2,PD:0176,1,0.9649680256843567,True,handpd:meander,2
P1_image,efficientnet_b0,2,PD:0177,1,0.8619733452796936,True,handpd:meander,2
P1_image,efficientnet_b0,2,PD:0181,1,0.8189443945884705,True,handpd:meander,2
P1_image,efficientnet_b0,2,PD:0182,1,0.9370695352554321,True,handpd:meander,2
P1_image,efficientnet_b0,2,PD:0186,1,0.7766753435134888,True,handpd:meander,2
P1_image,efficientnet_b0,2,PD:0187,1,0.7015597820281982,True,handpd:meander,2
P1_image,efficientnet_b0,2,PD:0188,1,0.8290801644325256,True,handpd:meander,2
P1_image,efficientnet_b0,2,PD:0188,1,0.7964847683906555,True,handpd:meander,2
P1_image,efficientnet_b0,2,PD:0197,1,0.922521710395813,True,handpd:meander,2
P1_image,efficientnet_b0,2,PD:0202,1,0.8081006407737732,True,handpd:meander,2
P1_image,efficientnet_b0,2,PD:0202,1,0.583530604839325,True,handpd:meander,2
P1_image,efficientnet_b0,2,PD:0203,1,0.879793643951416,True,handpd:meander,2
P1_image,efficientnet_b0,2,PD:0207,1,0.7961387038230896,True,handpd:meander,2
P1_image,efficientnet_b0,2,PD:0207,1,0.9418853521347046,True,handpd:meander,2
P1_image,efficientnet_b0,2,PD:0208,1,0.8344898819923401,True,handpd:meander,2
P1_image,efficientnet_b0,2,PD:0213,1,0.8357426524162292,True,handpd:meander,2
P1_image,efficientnet_b0,2,PD:0214,1,0.8681310415267944,True,handpd:meander,2
P1_image,efficientnet_b0,2,PD:0223,1,0.9245091676712036,True,handpd:meander,2
P1_image,efficientnet_b0,2,PD:0223,1,0.9136052131652832,True,handpd:meander,2
P1_image,efficientnet_b0,2,PD:0228,1,0.9020951390266418,True,handpd:meander,2
P1_image,efficientnet_b0,2,PD:0228,1,0.991963267326355,True,handpd:meander,2
P1_image,efficientnet_b0,2,PD:0228,1,0.895635187625885,True,handpd:meander,2
P1_image,efficientnet_b0,2,PD:0229,1,0.9388236403465271,True,handpd:meander,2
P1_image,efficientnet_b0,2,PD:0234,1,0.9338175058364868,True,handpd:meander,2
P1_image,efficientnet_b0,2,PD:0234,1,0.9435294270515442,True,handpd:meander,2
P1_image,efficientnet_b0,2,PD:0234,1,0.8515558838844299,True,handpd:meander,2
P1_image,efficientnet_b0,2,PD:0235,1,0.8765886425971985,True,handpd:meander,2
P1_image,efficientnet_b0,2,PD:0235,1,0.902358889579773,True,handpd:meander,2
P1_image,efficientnet_b0,2,PD:0236,1,0.9635534882545471,True,handpd:meander,2
P1_image,efficientnet_b0,2,PD:0236,1,0.9668508768081665,True,handpd:meander,2
P1_image,efficientnet_b0,2,PD:0240,1,0.8081555962562561,True,handpd:meander,2
P1_image,efficientnet_b0,2,PD:0241,1,0.971407413482666,True,handpd:meander,2
P1_image,efficientnet_b0,2,PD:0241,1,0.9683297872543335,True,handpd:meander,2
P1_image,efficientnet_b0,2,PD:0241,1,0.914593517780304,True,handpd:meander,2
P1_image,efficientnet_b0,2,PD:0242,1,0.8941913843154907,True,handpd:meander,2
P1_image,efficientnet_b0,2,PD:0246,1,0.9203861951828003,True,handpd:meander,2
P1_image,efficientnet_b0,2,PD:0246,1,0.960719108581543,True,handpd:meander,2
P1_image,efficientnet_b0,2,PD:0247,1,0.8412253260612488,False,handpd:meander,2
P1_image,efficientnet_b0,2,PD:0247,1,0.9353840947151184,False,handpd:meander,2
P1_image,efficientnet_b0,2,PD:0247,1,0.922247588634491,False,handpd:meander,2
P1_image,efficientnet_b0,2,PD:0247,1,0.9358673691749573,False,handpd:meander,2
P1_image,efficientnet_b0,2,PD:0253,1,0.8777099847793579,True,handpd:meander,2
P1_image,efficientnet_b0,2,PD:0254,1,0.8738145232200623,True,handpd:meander,2
P1_image,efficientnet_b0,2,PD:0261,1,0.8197731375694275,True,handpd:meander,2
P1_image,efficientnet_b0,2,PD:0268,1,0.941439151763916,True,handpd:meander,2
P1_image,efficientnet_b0,2,PD:0269,1,0.8689211010932922,True,handpd:meander,2
P1_image,efficientnet_b0,2,PD:0273,1,0.7845408916473389,True,handpd:meander,2
P1_image,efficientnet_b0,2,PD:0273,1,0.8404727578163147,True,handpd:meander,2
P1_image,efficientnet_b0,2,PD:0273,1,0.8819442987442017,True,handpd:meander,2
P1_image,efficientnet_b0,2,PD:0280,1,0.846771240234375,True,handpd:meander,2
P1_image,efficientnet_b0,2,PD:0280,1,0.8863601088523865,True,handpd:meander,2
P1_image,efficientnet_b0,2,PD:0280,1,0.9816163778305054,True,handpd:meander,2
P2_subject,efficientnet_b0,0,HC:0098,0,0.8922126293182373,False,handpd:meander,2
P2_subject,efficientnet_b0,0,HC:0098,0,0.8576355576515198,False,handpd:meander,2
P2_subject,efficientnet_b0,0,HC:0098,0,0.6241254210472107,False,handpd:meander,2
P2_subject,efficientnet_b0,0,HC:0098,0,0.7862269878387451,False,handpd:meander,2
P2_subject,efficientnet_b0,0,HC:0104,0,0.7696546912193298,False,handpd:meander,2
P2_subject,efficientnet_b0,0,HC:0104,0,0.554814875125885,False,handpd:meander,2
P2_subject,efficientnet_b0,0,HC:0104,0,0.6323570013046265,False,handpd:meander,2
P2_subject,efficientnet_b0,0,HC:0104,0,0.7448779940605164,False,handpd:meander,2
P2_subject,efficientnet_b0,0,HC:0106,0,0.7624512314796448,False,handpd:meander,2
P2_subject,efficientnet_b0,0,HC:0106,0,0.5962967872619629,False,handpd:meander,2
P2_subject,efficientnet_b0,0,HC:0106,0,0.6447102427482605,False,handpd:meander,2
P2_subject,efficientnet_b0,0,HC:0106,0,0.93257075548172,False,handpd:meander,2
P2_subject,efficientnet_b0,0,HC:0112,0,0.7862381935119629,False,handpd:meander,2
P2_subject,efficientnet_b0,0,HC:0112,0,0.877554714679718,False,handpd:meander,2
P2_subject,efficientnet_b0,0,HC:0112,0,0.6131662726402283,False,handpd:meander,2
P2_subject,efficientnet_b0,0,HC:0112,0,0.8887462019920349,False,handpd:meander,2
P2_subject,efficientnet_b0,0,HC:0116,0,0.6136502623558044,False,handpd:meander,2
P2_subject,efficientnet_b0,0,HC:0116,0,0.7114173769950867,False,handpd:meander,2
P2_subject,efficientnet_b0,0,HC:0116,0,0.8359712362289429,False,handpd:meander,2
P2_subject,efficientnet_b0,0,HC:0116,0,0.7897037267684937,False,handpd:meander,2
P2_subject,efficientnet_b0,0,HC:0293,0,0.9029877185821533,False,handpd:meander,2
P2_subject,efficientnet_b0,0,HC:0293,0,0.8508473038673401,False,handpd:meander,2
P2_subject,efficientnet_b0,0,HC:0293,0,0.852080225944519,False,handpd:meander,2
P2_subject,efficientnet_b0,0,HC:0293,0,0.9254100322723389,False,handpd:meander,2
P2_subject,efficientnet_b0,0,PD:0002,1,0.9919982552528381,False,handpd:meander,2
P2_subject,efficientnet_b0,0,PD:0002,1,0.9537695050239563,False,handpd:meander,2
P2_subject,efficientnet_b0,0,PD:0002,1,0.9850858449935913,False,handpd:meander,2
P2_subject,efficientnet_b0,0,PD:0002,1,0.9922868013381958,False,handpd:meander,2
P2_subject,efficientnet_b0,0,PD:0003,1,0.9144765734672546,False,handpd:meander,2
P2_subject,efficientnet_b0,0,PD:0003,1,0.9776241779327393,False,handpd:meander,2
P2_subject,efficientnet_b0,0,PD:0003,1,0.9809881448745728,False,handpd:meander,2
P2_subject,efficientnet_b0,0,PD:0003,1,0.9867428541183472,False,handpd:meander,2
P2_subject,efficientnet_b0,0,PD:0005,1,0.925795316696167,False,handpd:meander,2
P2_subject,efficientnet_b0,0,PD:0005,1,0.91774982213974,False,handpd:meander,2
P2_subject,efficientnet_b0,0,PD:0005,1,0.9036417007446289,False,handpd:meander,2
P2_subject,efficientnet_b0,0,PD:0005,1,0.9153531789779663,False,handpd:meander,2
P2_subject,efficientnet_b0,0,PD:0037,1,0.9767275452613831,False,handpd:meander,2
P2_subject,efficientnet_b0,0,PD:0037,1,0.9081501960754395,False,handpd:meander,2
P2_subject,efficientnet_b0,0,PD:0037,1,0.9232785701751709,False,handpd:meander,2
P2_subject,efficientnet_b0,0,PD:0037,1,0.9868744015693665,False,handpd:meander,2
P2_subject,efficientnet_b0,0,PD:0038,1,0.8811770081520081,False,handpd:meander,2
P2_subject,efficientnet_b0,0,PD:0038,1,0.9478150010108948,False,handpd:meander,2
P2_subject,efficientnet_b0,0,PD:0038,1,0.9613264799118042,False,handpd:meander,2
P2_subject,efficientnet_b0,0,PD:0038,1,0.9438716173171997,False,handpd:meander,2
P2_subject,efficientnet_b0,0,PD:0046,1,0.994155764579773,False,handpd:meander,2
P2_subject,efficientnet_b0,0,PD:0046,1,0.9605635404586792,False,handpd:meander,2
P2_subject,efficientnet_b0,0,PD:0046,1,0.984963595867157,False,handpd:meander,2
P2_subject,efficientnet_b0,0,PD:0046,1,0.975277304649353,False,handpd:meander,2
P2_subject,efficientnet_b0,0,PD:0054,1,0.9682835936546326,False,handpd:meander,2
P2_subject,efficientnet_b0,0,PD:0054,1,0.8620187640190125,False,handpd:meander,2
P2_subject,efficientnet_b0,0,PD:0054,1,0.8328940272331238,False,handpd:meander,2
P2_subject,efficientnet_b0,0,PD:0054,1,0.9331587553024292,False,handpd:meander,2
P2_subject,efficientnet_b0,0,PD:0138,1,0.9089065790176392,False,handpd:meander,2
P2_subject,efficientnet_b0,0,PD:0138,1,0.8859131336212158,False,handpd:meander,2
P2_subject,efficientnet_b0,0,PD:0138,1,0.8841333985328674,False,handpd:meander,2
P2_subject,efficientnet_b0,0,PD:0138,1,0.8549781441688538,False,handpd:meander,2
P2_subject,efficientnet_b0,0,PD:0143,1,0.960870623588562,False,handpd:meander,2
P2_subject,efficientnet_b0,0,PD:0143,1,0.9601017832756042,False,handpd:meander,2
P2_subject,efficientnet_b0,0,PD:0143,1,0.9042161703109741,False,handpd:meander,2
P2_subject,efficientnet_b0,0,PD:0143,1,0.9420751333236694,False,handpd:meander,2
P2_subject,efficientnet_b0,0,PD:0148,1,0.9583187699317932,False,handpd:meander,2
P2_subject,efficientnet_b0,0,PD:0148,1,0.9915728569030762,False,handpd:meander,2
P2_subject,efficientnet_b0,0,PD:0148,1,0.9622202515602112,False,handpd:meander,2
P2_subject,efficientnet_b0,0,PD:0148,1,0.9294010996818542,False,handpd:meander,2
P2_subject,efficientnet_b0,0,PD:0153,1,0.8557052612304688,False,handpd:meander,2
P2_subject,efficientnet_b0,0,PD:0153,1,0.8054168224334717,False,handpd:meander,2
P2_subject,efficientnet_b0,0,PD:0153,1,0.8304725289344788,False,handpd:meander,2
P2_subject,efficientnet_b0,0,PD:0153,1,0.8223392367362976,False,handpd:meander,2
P2_subject,efficientnet_b0,0,PD:0157,1,0.921816349029541,False,handpd:meander,2
P2_subject,efficientnet_b0,0,PD:0157,1,0.903530478477478,False,handpd:meander,2
P2_subject,efficientnet_b0,0,PD:0157,1,0.9502525329589844,False,handpd:meander,2
P2_subject,efficientnet_b0,0,PD:0157,1,0.9449856281280518,False,handpd:meander,2
P2_subject,efficientnet_b0,0,PD:0166,1,0.9486205577850342,False,handpd:meander,2
P2_subject,efficientnet_b0,0,PD:0166,1,0.9015088081359863,False,handpd:meander,2
P2_subject,efficientnet_b0,0,PD:0166,1,0.8469666242599487,False,handpd:meander,2
P2_subject,efficientnet_b0,0,PD:0166,1,0.8975898623466492,False,handpd:meander,2
P2_subject,efficientnet_b0,0,PD:0198,1,0.9134382009506226,False,handpd:meander,2
P2_subject,efficientnet_b0,0,PD:0198,1,0.8685545921325684,False,handpd:meander,2
P2_subject,efficientnet_b0,0,PD:0198,1,0.8900291919708252,False,handpd:meander,2
P2_subject,efficientnet_b0,0,PD:0198,1,0.9552868604660034,False,handpd:meander,2
P2_subject,efficientnet_b0,0,PD:0202,1,0.9416986107826233,False,handpd:meander,2
P2_subject,efficientnet_b0,0,PD:0202,1,0.9101805686950684,False,handpd:meander,2
P2_subject,efficientnet_b0,0,PD:0202,1,0.7915879487991333,False,handpd:meander,2
P2_subject,efficientnet_b0,0,PD:0202,1,0.9091856479644775,False,handpd:meander,2
P2_subject,efficientnet_b0,0,PD:0203,1,0.9022728204727173,False,handpd:meander,2
P2_subject,efficientnet_b0,0,PD:0203,1,0.9549475908279419,False,handpd:meander,2
P2_subject,efficientnet_b0,0,PD:0203,1,0.9712280035018921,False,handpd:meander,2
P2_subject,efficientnet_b0,0,PD:0203,1,0.8955007791519165,False,handpd:meander,2
P2_subject,efficientnet_b0,0,PD:0208,1,0.8264057040214539,False,handpd:meander,2
P2_subject,efficientnet_b0,0,PD:0208,1,0.6751932501792908,False,handpd:meander,2
P2_subject,efficientnet_b0,0,PD:0208,1,0.8365848064422607,False,handpd:meander,2
P2_subject,efficientnet_b0,0,PD:0208,1,0.9266273379325867,False,handpd:meander,2
P2_subject,efficientnet_b0,0,PD:0229,1,0.986461341381073,False,handpd:meander,2
P2_subject,efficientnet_b0,0,PD:0229,1,0.9811202883720398,False,handpd:meander,2
P2_subject,efficientnet_b0,0,PD:0229,1,0.996148943901062,False,handpd:meander,2
P2_subject,efficientnet_b0,0,PD:0229,1,0.9868065714836121,False,handpd:meander,2
P2_subject,efficientnet_b0,0,PD:0242,1,0.953606128692627,False,handpd:meander,2
P2_subject,efficientnet_b0,0,PD:0242,1,0.9351499080657959,False,handpd:meander,2
P2_subject,efficientnet_b0,0,PD:0242,1,0.9886963367462158,False,handpd:meander,2
P2_subject,efficientnet_b0,0,PD:0242,1,0.9180994629859924,False,handpd:meander,2
P2_subject,efficientnet_b0,0,PD:0254,1,0.9390224814414978,False,handpd:meander,2
P2_subject,efficientnet_b0,0,PD:0254,1,0.9730120301246643,False,handpd:meander,2
P2_subject,efficientnet_b0,0,PD:0254,1,0.9251972436904907,False,handpd:meander,2
P2_subject,efficientnet_b0,0,PD:0254,1,0.9541966319084167,False,handpd:meander,2
P2_subject,efficientnet_b0,0,PD:0268,1,0.9888717532157898,False,handpd:meander,2
P2_subject,efficientnet_b0,0,PD:0268,1,0.9820367693901062,False,handpd:meander,2
P2_subject,efficientnet_b0,0,PD:0268,1,0.9206804633140564,False,handpd:meander,2
P2_subject,efficientnet_b0,0,PD:0268,1,0.9410865902900696,False,handpd:meander,2
P2_subject,efficientnet_b0,0,PD:0269,1,0.9407739043235779,False,handpd:meander,2
P2_subject,efficientnet_b0,0,PD:0269,1,0.9348559975624084,False,handpd:meander,2
P2_subject,efficientnet_b0,0,PD:0269,1,0.9691581130027771,False,handpd:meander,2
P2_subject,efficientnet_b0,0,PD:0269,1,0.931633710861206,False,handpd:meander,2
P2_subject,efficientnet_b0,0,PD:0273,1,0.903816282749176,False,handpd:meander,2
P2_subject,efficientnet_b0,0,PD:0273,1,0.9199439287185669,False,handpd:meander,2
P2_subject,efficientnet_b0,0,PD:0273,1,0.9433294534683228,False,handpd:meander,2
P2_subject,efficientnet_b0,0,PD:0273,1,0.9753788113594055,False,handpd:meander,2
P2_subject,efficientnet_b0,0,PD:0274,1,0.9505071043968201,False,handpd:meander,2
P2_subject,efficientnet_b0,0,PD:0274,1,0.9465315937995911,False,handpd:meander,2
P2_subject,efficientnet_b0,0,PD:0274,1,0.9664648175239563,False,handpd:meander,2
P2_subject,efficientnet_b0,0,PD:0274,1,0.8306172490119934,False,handpd:meander,2
P2_subject,efficientnet_b0,0,PD:0281,1,0.9767947793006897,False,handpd:meander,2
P2_subject,efficientnet_b0,0,PD:0281,1,0.9610349535942078,False,handpd:meander,2
P2_subject,efficientnet_b0,0,PD:0281,1,0.95811927318573,False,handpd:meander,2
P2_subject,efficientnet_b0,0,PD:0281,1,0.9675993323326111,False,handpd:meander,2
P2_subject,efficientnet_b0,1,HC:0068,0,0.5094414949417114,False,handpd:meander,2
P2_subject,efficientnet_b0,1,HC:0068,0,0.4547390341758728,False,handpd:meander,2
P2_subject,efficientnet_b0,1,HC:0068,0,0.5783327221870422,False,handpd:meander,2
P2_subject,efficientnet_b0,1,HC:0068,0,0.59385085105896,False,handpd:meander,2
P2_subject,efficientnet_b0,1,HC:0102,0,0.47198250889778137,False,handpd:meander,2
P2_subject,efficientnet_b0,1,HC:0102,0,0.684807538986206,False,handpd:meander,2
P2_subject,efficientnet_b0,1,HC:0102,0,0.6067802309989929,False,handpd:meander,2
P2_subject,efficientnet_b0,1,HC:0102,0,0.6623353958129883,False,handpd:meander,2
P2_subject,efficientnet_b0,1,HC:0129,0,0.5548303127288818,False,handpd:meander,2
P2_subject,efficientnet_b0,1,HC:0129,0,0.5169071555137634,False,handpd:meander,2
P2_subject,efficientnet_b0,1,HC:0129,0,0.45098182559013367,False,handpd:meander,2
P2_subject,efficientnet_b0,1,HC:0129,0,0.6538401246070862,False,handpd:meander,2
P2_subject,efficientnet_b0,1,HC:0131,0,0.688430666923523,False,handpd:meander,2
P2_subject,efficientnet_b0,1,HC:0131,0,0.5736363530158997,False,handpd:meander,2
P2_subject,efficientnet_b0,1,HC:0131,0,0.5234282612800598,False,handpd:meander,2
P2_subject,efficientnet_b0,1,HC:0131,0,0.4057648479938507,False,handpd:meander,2
P2_subject,efficientnet_b0,1,HC:0297,0,0.8094013929367065,False,handpd:meander,2
P2_subject,efficientnet_b0,1,HC:0297,0,0.712681233882904,False,handpd:meander,2
P2_subject,efficientnet_b0,1,HC:0297,0,0.8812626004219055,False,handpd:meander,2
P2_subject,efficientnet_b0,1,HC:0297,0,0.8281920552253723,False,handpd:meander,2
P2_subject,efficientnet_b0,1,HC:0305,0,0.9618300199508667,False,handpd:meander,2
P2_subject,efficientnet_b0,1,HC:0305,0,0.9563249349594116,False,handpd:meander,2
P2_subject,efficientnet_b0,1,HC:0305,0,0.883826732635498,False,handpd:meander,2
P2_subject,efficientnet_b0,1,HC:0305,0,0.9288083910942078,False,handpd:meander,2
P2_subject,efficientnet_b0,1,PD:0009,1,0.9299500584602356,False,handpd:meander,2
P2_subject,efficientnet_b0,1,PD:0009,1,0.8900178670883179,False,handpd:meander,2
P2_subject,efficientnet_b0,1,PD:0009,1,0.8429814577102661,False,handpd:meander,2
P2_subject,efficientnet_b0,1,PD:0009,1,0.80295330286026,False,handpd:meander,2
P2_subject,efficientnet_b0,1,PD:0010,1,0.9538354873657227,False,handpd:meander,2
P2_subject,efficientnet_b0,1,PD:0010,1,0.9335365295410156,False,handpd:meander,2
P2_subject,efficientnet_b0,1,PD:0010,1,0.946191668510437,False,handpd:meander,2
P2_subject,efficientnet_b0,1,PD:0010,1,0.9513577222824097,False,handpd:meander,2
P2_subject,efficientnet_b0,1,PD:0016,1,0.9308458566665649,False,handpd:meander,2
P2_subject,efficientnet_b0,1,PD:0016,1,0.9526603817939758,False,handpd:meander,2
P2_subject,efficientnet_b0,1,PD:0016,1,0.9456555843353271,False,handpd:meander,2
P2_subject,efficientnet_b0,1,PD:0016,1,0.966677188873291,False,handpd:meander,2
P2_subject,efficientnet_b0,1,PD:0023,1,0.959816575050354,False,handpd:meander,2
P2_subject,efficientnet_b0,1,PD:0023,1,0.8769346475601196,False,handpd:meander,2
P2_subject,efficientnet_b0,1,PD:0023,1,0.8540859222412109,False,handpd:meander,2
P2_subject,efficientnet_b0,1,PD:0023,1,0.9171860814094543,False,handpd:meander,2
P2_subject,efficientnet_b0,1,PD:0030,1,0.8413255214691162,False,handpd:meander,2
P2_subject,efficientnet_b0,1,PD:0030,1,0.7527040243148804,False,handpd:meander,2
P2_subject,efficientnet_b0,1,PD:0030,1,0.8690325021743774,False,handpd:meander,2
P2_subject,efficientnet_b0,1,PD:0030,1,0.8363233804702759,False,handpd:meander,2
P2_subject,efficientnet_b0,1,PD:0044,1,0.987300455570221,False,handpd:meander,2
P2_subject,efficientnet_b0,1,PD:0044,1,0.9932270646095276,False,handpd:meander,2
P2_subject,efficientnet_b0,1,PD:0044,1,0.9921876192092896,False,handpd:meander,2
P2_subject,efficientnet_b0,1,PD:0044,1,0.9746835231781006,False,handpd:meander,2
P2_subject,efficientnet_b0,1,PD:0052,1,0.9366551041603088,False,handpd:meander,2
P2_subject,efficientnet_b0,1,PD:0052,1,0.9129030108451843,False,handpd:meander,2
P2_subject,efficientnet_b0,1,PD:0052,1,0.8871405720710754,False,handpd:meander,2
P2_subject,efficientnet_b0,1,PD:0052,1,0.9520655870437622,False,handpd:meander,2
P2_subject,efficientnet_b0,1,PD:0134,1,0.9810023307800293,False,handpd:meander,2
P2_subject,efficientnet_b0,1,PD:0134,1,0.9919058084487915,False,handpd:meander,2
P2_subject,efficientnet_b0,1,PD:0134,1,0.9829816222190857,False,handpd:meander,2
P2_subject,efficientnet_b0,1,PD:0134,1,0.9677960872650146,False,handpd:meander,2
P2_subject,efficientnet_b0,1,PD:0136,1,0.958405077457428,False,handpd:meander,2
P2_subject,efficientnet_b0,1,PD:0136,1,0.771000862121582,False,handpd:meander,2
P2_subject,efficientnet_b0,1,PD:0136,1,0.9229248762130737,False,handpd:meander,2
P2_subject,efficientnet_b0,1,PD:0136,1,0.9511522054672241,False,handpd:meander,2
P2_subject,efficientnet_b0,1,PD:0149,1,0.938870906829834,False,handpd:meander,2
P2_subject,efficientnet_b0,1,PD:0149,1,0.9756090044975281,False,handpd:meander,2
P2_subject,efficientnet_b0,1,PD:0149,1,0.9663551449775696,False,handpd:meander,2
P2_subject,efficientnet_b0,1,PD:0149,1,0.9881739616394043,False,handpd:meander,2
P2_subject,efficientnet_b0,1,PD:0170,1,0.9181234240531921,False,handpd:meander,2
P2_subject,efficientnet_b0,1,PD:0170,1,0.9208104610443115,False,handpd:meander,2
P2_subject,efficientnet_b0,1,PD:0170,1,0.9733798503875732,False,handpd:meander,2
P2_subject,efficientnet_b0,1,PD:0170,1,0.8210839033126831,False,handpd:meander,2
P2_subject,efficientnet_b0,1,PD:0176,1,0.987384557723999,False,handpd:meander,2
P2_subject,efficientnet_b0,1,PD:0176,1,0.9795335531234741,False,handpd:meander,2
P2_subject,efficientnet_b0,1,PD:0176,1,0.9944542050361633,False,handpd:meander,2
P2_subject,efficientnet_b0,1,PD:0176,1,0.976054310798645,False,handpd:meander,2
P2_subject,efficientnet_b0,1,PD:0181,1,0.929705798625946,False,handpd:meander,2
P2_subject,efficientnet_b0,1,PD:0181,1,0.7482147812843323,False,handpd:meander,2
P2_subject,efficientnet_b0,1,PD:0181,1,0.8477250337600708,False,handpd:meander,2
P2_subject,efficientnet_b0,1,PD:0181,1,0.9413435459136963,False,handpd:meander,2
P2_subject,efficientnet_b0,1,PD:0187,1,0.7278383374214172,False,handpd:meander,2
P2_subject,efficientnet_b0,1,PD:0187,1,0.8768965601921082,False,handpd:meander,2
P2_subject,efficientnet_b0,1,PD:0187,1,0.8764102458953857,False,handpd:meander,2
P2_subject,efficientnet_b0,1,PD:0187,1,0.9408589601516724,False,handpd:meander,2
P2_subject,efficientnet_b0,1,PD:0192,1,0.935604989528656,False,handpd:meander,2
P2_subject,efficientnet_b0,1,PD:0192,1,0.7080192565917969,False,handpd:meander,2
P2_subject,efficientnet_b0,1,PD:0192,1,0.9346741437911987,False,handpd:meander,2
P2_subject,efficientnet_b0,1,PD:0192,1,0.9661064743995667,False,handpd:meander,2
P2_subject,efficientnet_b0,1,PD:0214,1,0.8492805361747742,False,handpd:meander,2
P2_subject,efficientnet_b0,1,PD:0214,1,0.8092993497848511,False,handpd:meander,2
P2_subject,efficientnet_b0,1,PD:0214,1,0.9466313719749451,False,handpd:meander,2
P2_subject,efficientnet_b0,1,PD:0214,1,0.6238759160041809,False,handpd:meander,2
P2_subject,efficientnet_b0,1,PD:0218,1,0.7396265268325806,False,handpd:meander,2
P2_subject,efficientnet_b0,1,PD:0218,1,0.6376912593841553,False,handpd:meander,2
P2_subject,efficientnet_b0,1,PD:0218,1,0.7915717959403992,False,handpd:meander,2
P2_subject,efficientnet_b0,1,PD:0218,1,0.7135645151138306,False,handpd:meander,2
P2_subject,efficientnet_b0,1,PD:0219,1,0.7193121910095215,False,handpd:meander,2
P2_subject,efficientnet_b0,1,PD:0219,1,0.6813749074935913,False,handpd:meander,2
P2_subject,efficientnet_b0,1,PD:0219,1,0.6654873490333557,False,handpd:meander,2
P2_subject,efficientnet_b0,1,PD:0219,1,0.8312063813209534,False,handpd:meander,2
P2_subject,efficientnet_b0,1,PD:0230,1,0.9298326373100281,False,handpd:meander,2
P2_subject,efficientnet_b0,1,PD:0230,1,0.9084877371788025,False,handpd:meander,2
P2_subject,efficientnet_b0,1,PD:0230,1,0.9761709570884705,False,handpd:meander,2
P2_subject,efficientnet_b0,1,PD:0230,1,0.7865637540817261,False,handpd:meander,2
P2_subject,efficientnet_b0,1,PD:0234,1,0.9855863451957703,False,handpd:meander,2
P2_subject,efficientnet_b0,1,PD:0234,1,0.9193909764289856,False,handpd:meander,2
P2_subject,efficientnet_b0,1,PD:0234,1,0.998221218585968,False,handpd:meander,2
P2_subject,efficientnet_b0,1,PD:0234,1,0.9620969295501709,False,handpd:meander,2
P2_subject,efficientnet_b0,1,PD:0236,1,0.9803876876831055,False,handpd:meander,2
P2_subject,efficientnet_b0,1,PD:0236,1,0.9866371154785156,False,handpd:meander,2
P2_subject,efficientnet_b0,1,PD:0236,1,0.9900380373001099,False,handpd:meander,2
P2_subject,efficientnet_b0,1,PD:0236,1,0.9774177670478821,False,handpd:meander,2
P2_subject,efficientnet_b0,1,PD:0241,1,0.9930568933486938,False,handpd:meander,2
P2_subject,efficientnet_b0,1,PD:0241,1,0.9756044745445251,False,handpd:meander,2
P2_subject,efficientnet_b0,1,PD:0241,1,0.9946176409721375,False,handpd:meander,2
P2_subject,efficientnet_b0,1,PD:0241,1,0.9586820602416992,False,handpd:meander,2
P2_subject,efficientnet_b0,1,PD:0261,1,0.8266000747680664,False,handpd:meander,2
P2_subject,efficientnet_b0,1,PD:0261,1,0.8289552927017212,False,handpd:meander,2
P2_subject,efficientnet_b0,1,PD:0261,1,0.667762041091919,False,handpd:meander,2
P2_subject,efficientnet_b0,1,PD:0261,1,0.8503603339195251,False,handpd:meander,2
P2_subject,efficientnet_b0,1,PD:0280,1,0.8182801604270935,False,handpd:meander,2
P2_subject,efficientnet_b0,1,PD:0280,1,0.9461187720298767,False,handpd:meander,2
P2_subject,efficientnet_b0,1,PD:0280,1,0.9484483003616333,False,handpd:meander,2
P2_subject,efficientnet_b0,1,PD:0280,1,0.8844372630119324,False,handpd:meander,2
P2_subject,efficientnet_b0,2,HC:0092,0,0.37344110012054443,False,handpd:meander,2
P2_subject,efficientnet_b0,2,HC:0092,0,0.37964677810668945,False,handpd:meander,2
P2_subject,efficientnet_b0,2,HC:0092,0,0.41038912534713745,False,handpd:meander,2
P2_subject,efficientnet_b0,2,HC:0092,0,0.6226973533630371,False,handpd:meander,2
P2_subject,efficientnet_b0,2,HC:0100,0,0.5502008199691772,False,handpd:meander,2
P2_subject,efficientnet_b0,2,HC:0100,0,0.4950522780418396,False,handpd:meander,2
P2_subject,efficientnet_b0,2,HC:0100,0,0.4597983658313751,False,handpd:meander,2
P2_subject,efficientnet_b0,2,HC:0100,0,0.5002000331878662,False,handpd:meander,2
P2_subject,efficientnet_b0,2,HC:0127,0,0.5344482660293579,False,handpd:meander,2
P2_subject,efficientnet_b0,2,HC:0127,0,0.45728158950805664,False,handpd:meander,2
P2_subject,efficientnet_b0,2,HC:0127,0,0.45412546396255493,False,handpd:meander,2
P2_subject,efficientnet_b0,2,HC:0127,0,0.5358749628067017,False,handpd:meander,2
P2_subject,efficientnet_b0,2,HC:0287,0,0.6025211811065674,False,handpd:meander,2
P2_subject,efficientnet_b0,2,HC:0287,0,0.7937131524085999,False,handpd:meander,2
P2_subject,efficientnet_b0,2,HC:0287,0,0.8112360239028931,False,handpd:meander,2
P2_subject,efficientnet_b0,2,HC:0287,0,0.7657155394554138,False,handpd:meander,2
P2_subject,efficientnet_b0,2,HC:0289,0,0.600368082523346,False,handpd:meander,2
P2_subject,efficientnet_b0,2,HC:0289,0,0.5954639315605164,False,handpd:meander,2
P2_subject,efficientnet_b0,2,HC:0289,0,0.443189799785614,False,handpd:meander,2
P2_subject,efficientnet_b0,2,HC:0289,0,0.5358431339263916,False,handpd:meander,2
P2_subject,efficientnet_b0,2,HC:0295,0,0.8459165692329407,False,handpd:meander,2
P2_subject,efficientnet_b0,2,HC:0295,0,0.822543203830719,False,handpd:meander,2
P2_subject,efficientnet_b0,2,HC:0295,0,0.8447635173797607,False,handpd:meander,2
P2_subject,efficientnet_b0,2,HC:0295,0,0.8766971230506897,False,handpd:meander,2
P2_subject,efficientnet_b0,2,PD:0004,1,0.6503850817680359,False,handpd:meander,2
P2_subject,efficientnet_b0,2,PD:0004,1,0.8843842148780823,False,handpd:meander,2
P2_subject,efficientnet_b0,2,PD:0004,1,0.8027583360671997,False,handpd:meander,2
P2_subject,efficientnet_b0,2,PD:0004,1,0.8908595442771912,False,handpd:meander,2
P2_subject,efficientnet_b0,2,PD:0024,1,0.8042978644371033,False,handpd:meander,2
P2_subject,efficientnet_b0,2,PD:0024,1,0.6472630500793457,False,handpd:meander,2
P2_subject,efficientnet_b0,2,PD:0024,1,0.6482048034667969,False,handpd:meander,2
P2_subject,efficientnet_b0,2,PD:0024,1,0.8888492584228516,False,handpd:meander,2
P2_subject,efficientnet_b0,2,PD:0031,1,0.7399950623512268,False,handpd:meander,2
P2_subject,efficientnet_b0,2,PD:0031,1,0.6109530925750732,False,handpd:meander,2
P2_subject,efficientnet_b0,2,PD:0031,1,0.771293044090271,False,handpd:meander,2
P2_subject,efficientnet_b0,2,PD:0031,1,0.7257699966430664,False,handpd:meander,2
P2_subject,efficientnet_b0,2,PD:0045,1,0.9730111956596375,False,handpd:meander,2
P2_subject,efficientnet_b0,2,PD:0045,1,0.867567777633667,False,handpd:meander,2
P2_subject,efficientnet_b0,2,PD:0045,1,0.862562894821167,False,handpd:meander,2
P2_subject,efficientnet_b0,2,PD:0045,1,0.8951014280319214,False,handpd:meander,2
P2_subject,efficientnet_b0,2,PD:0051,1,0.6238102912902832,False,handpd:meander,2
P2_subject,efficientnet_b0,2,PD:0051,1,0.6809659600257874,False,handpd:meander,2
P2_subject,efficientnet_b0,2,PD:0051,1,0.795253336429596,False,handpd:meander,2
P2_subject,efficientnet_b0,2,PD:0051,1,0.6928699016571045,False,handpd:meander,2
P2_subject,efficientnet_b0,2,PD:0053,1,0.7399159073829651,False,handpd:meander,2
P2_subject,efficientnet_b0,2,PD:0053,1,0.6922529339790344,False,handpd:meander,2
P2_subject,efficientnet_b0,2,PD:0053,1,0.5826219320297241,False,handpd:meander,2
P2_subject,efficientnet_b0,2,PD:0053,1,0.8457649350166321,False,handpd:meander,2
P2_subject,efficientnet_b0,2,PD:0139,1,0.7402317523956299,False,handpd:meander,2
P2_subject,efficientnet_b0,2,PD:0139,1,0.7188191413879395,False,handpd:meander,2
P2_subject,efficientnet_b0,2,PD:0139,1,0.5071159601211548,False,handpd:meander,2
P2_subject,efficientnet_b0,2,PD:0139,1,0.7365108132362366,False,handpd:meander,2
P2_subject,efficientnet_b0,2,PD:0161,1,0.8148150444030762,False,handpd:meander,2
P2_subject,efficientnet_b0,2,PD:0161,1,0.6359437108039856,False,handpd:meander,2
P2_subject,efficientnet_b0,2,PD:0161,1,0.697296679019928,False,handpd:meander,2
P2_subject,efficientnet_b0,2,PD:0161,1,0.856257975101471,False,handpd:meander,2
P2_subject,efficientnet_b0,2,PD:0165,1,0.6249961256980896,False,handpd:meander,2
P2_subject,efficientnet_b0,2,PD:0165,1,0.5370791554450989,False,handpd:meander,2
P2_subject,efficientnet_b0,2,PD:0165,1,0.5544341206550598,False,handpd:meander,2
P2_subject,efficientnet_b0,2,PD:0165,1,0.45961442589759827,False,handpd:meander,2
P2_subject,efficientnet_b0,2,PD:0174,1,0.9789528846740723,False,handpd:meander,2
P2_subject,efficientnet_b0,2,PD:0174,1,0.9658263921737671,False,handpd:meander,2
P2_subject,efficientnet_b0,2,PD:0174,1,0.9245473146438599,False,handpd:meander,2
P2_subject,efficientnet_b0,2,PD:0174,1,0.9751969575881958,False,handpd:meander,2
P2_subject,efficientnet_b0,2,PD:0177,1,0.8290529251098633,False,handpd:meander,2
P2_subject,efficientnet_b0,2,PD:0177,1,0.7329139113426208,False,handpd:meander,2
P2_subject,efficientnet_b0,2,PD:0177,1,0.7938036918640137,False,handpd:meander,2
P2_subject,efficientnet_b0,2,PD:0177,1,0.8250994086265564,False,handpd:meander,2
P2_subject,efficientnet_b0,2,PD:0182,1,0.6491209268569946,False,handpd:meander,2
P2_subject,efficientnet_b0,2,PD:0182,1,0.7267150282859802,False,handpd:meander,2
P2_subject,efficientnet_b0,2,PD:0182,1,0.8910894393920898,False,handpd:meander,2
P2_subject,efficientnet_b0,2,PD:0182,1,0.8658793568611145,False,handpd:meander,2
P2_subject,efficientnet_b0,2,PD:0186,1,0.8745548725128174,False,handpd:meander,2
P2_subject,efficientnet_b0,2,PD:0186,1,0.8499194383621216,False,handpd:meander,2
P2_subject,efficientnet_b0,2,PD:0186,1,0.7629901766777039,False,handpd:meander,2
P2_subject,efficientnet_b0,2,PD:0186,1,0.8490229249000549,False,handpd:meander,2
P2_subject,efficientnet_b0,2,PD:0188,1,0.70905601978302,False,handpd:meander,2
P2_subject,efficientnet_b0,2,PD:0188,1,0.7015474438667297,False,handpd:meander,2
P2_subject,efficientnet_b0,2,PD:0188,1,0.7597094774246216,False,handpd:meander,2
P2_subject,efficientnet_b0,2,PD:0188,1,0.8185792565345764,False,handpd:meander,2
P2_subject,efficientnet_b0,2,PD:0196,1,0.8591291904449463,False,handpd:meander,2
P2_subject,efficientnet_b0,2,PD:0196,1,0.8874782919883728,False,handpd:meander,2
P2_subject,efficientnet_b0,2,PD:0196,1,0.8126538395881653,False,handpd:meander,2
P2_subject,efficientnet_b0,2,PD:0196,1,0.941555380821228,False,handpd:meander,2
P2_subject,efficientnet_b0,2,PD:0197,1,0.7618738412857056,False,handpd:meander,2
P2_subject,efficientnet_b0,2,PD:0197,1,0.7876161336898804,False,handpd:meander,2
P2_subject,efficientnet_b0,2,PD:0197,1,0.7918733358383179,False,handpd:meander,2
P2_subject,efficientnet_b0,2,PD:0197,1,0.7936331033706665,False,handpd:meander,2
P2_subject,efficientnet_b0,2,PD:0207,1,0.7587103247642517,False,handpd:meander,2
P2_subject,efficientnet_b0,2,PD:0207,1,0.9336339831352234,False,handpd:meander,2
P2_subject,efficientnet_b0,2,PD:0207,1,0.6694791316986084,False,handpd:meander,2
P2_subject,efficientnet_b0,2,PD:0207,1,0.6407164335250854,False,handpd:meander,2
P2_subject,efficientnet_b0,2,PD:0213,1,0.9096028804779053,False,handpd:meander,2
P2_subject,efficientnet_b0,2,PD:0213,1,0.9429156184196472,False,handpd:meander,2
P2_subject,efficientnet_b0,2,PD:0213,1,0.8840931057929993,False,handpd:meander,2
P2_subject,efficientnet_b0,2,PD:0213,1,0.811896800994873,False,handpd:meander,2
P2_subject,efficientnet_b0,2,PD:0223,1,0.8105649352073669,False,handpd:meander,2
P2_subject,efficientnet_b0,2,PD:0223,1,0.8455297350883484,False,handpd:meander,2
P2_subject,efficientnet_b0,2,PD:0223,1,0.6966083645820618,False,handpd:meander,2
P2_subject,efficientnet_b0,2,PD:0223,1,0.8178890347480774,False,handpd:meander,2
P2_subject,efficientnet_b0,2,PD:0228,1,0.8804147839546204,False,handpd:meander,2
P2_subject,efficientnet_b0,2,PD:0228,1,0.9399994611740112,False,handpd:meander,2
P2_subject,efficientnet_b0,2,PD:0228,1,0.8399046063423157,False,handpd:meander,2
P2_subject,efficientnet_b0,2,PD:0228,1,0.9409781098365784,False,handpd:meander,2
P2_subject,efficientnet_b0,2,PD:0235,1,0.9593570232391357,False,handpd:meander,2
P2_subject,efficientnet_b0,2,PD:0235,1,0.8833175301551819,False,handpd:meander,2
P2_subject,efficientnet_b0,2,PD:0235,1,0.9424124360084534,False,handpd:meander,2
P2_subject,efficientnet_b0,2,PD:0235,1,0.858100414276123,False,handpd:meander,2
P2_subject,efficientnet_b0,2,PD:0240,1,0.8349676132202148,False,handpd:meander,2
P2_subject,efficientnet_b0,2,PD:0240,1,0.9305137991905212,False,handpd:meander,2
P2_subject,efficientnet_b0,2,PD:0240,1,0.7997624278068542,False,handpd:meander,2
P2_subject,efficientnet_b0,2,PD:0240,1,0.7733909487724304,False,handpd:meander,2
P2_subject,efficientnet_b0,2,PD:0246,1,0.9803680181503296,False,handpd:meander,2
P2_subject,efficientnet_b0,2,PD:0246,1,0.9366599917411804,False,handpd:meander,2
P2_subject,efficientnet_b0,2,PD:0246,1,0.9359859228134155,False,handpd:meander,2
P2_subject,efficientnet_b0,2,PD:0246,1,0.8847994804382324,False,handpd:meander,2
P2_subject,efficientnet_b0,2,PD:0247,1,0.9371550679206848,False,handpd:meander,2
P2_subject,efficientnet_b0,2,PD:0247,1,0.9489675164222717,False,handpd:meander,2
P2_subject,efficientnet_b0,2,PD:0247,1,0.9076882600784302,False,handpd:meander,2
P2_subject,efficientnet_b0,2,PD:0247,1,0.8950652480125427,False,handpd:meander,2
P2_subject,efficientnet_b0,2,PD:0253,1,0.7447905540466309,False,handpd:meander,2
P2_subject,efficientnet_b0,2,PD:0253,1,0.8577433228492737,False,handpd:meander,2
P2_subject,efficientnet_b0,2,PD:0253,1,0.6042160987854004,False,handpd:meander,2
P2_subject,efficientnet_b0,2,PD:0253,1,0.6604278683662415,False,handpd:meander,2
P1_image,vgg16,0,HC:0068,0,0.776494026184082,True,handpd:meander,3
P1_image,vgg16,0,HC:0092,0,0.7953492999076843,True,handpd:meander,3
P1_image,vgg16,0,HC:0092,0,0.7696943879127502,True,handpd:meander,3
P1_image,vgg16,0,HC:0100,0,0.8207059502601624,True,handpd:meander,3
P1_image,vgg16,0,HC:0100,0,0.7988292574882507,True,handpd:meander,3
P1_image,vgg16,0,HC:0100,0,0.796707808971405,True,handpd:meander,3
P1_image,vgg16,0,HC:0102,0,0.8038979768753052,True,handpd:meander,3
P1_image,vgg16,0,HC:0106,0,0.835574209690094,True,handpd:meander,3
P1_image,vgg16,0,HC:0106,0,0.8136458992958069,True,handpd:meander,3
P1_image,vgg16,0,HC:0112,0,0.8292402625083923,True,handpd:meander,3
P1_image,vgg16,0,HC:0127,0,0.8263371586799622,True,handpd:meander,3
P1_image,vgg16,0,HC:0129,0,0.7779824137687683,True,handpd:meander,3
P1_image,vgg16,0,HC:0131,0,0.7704697251319885,True,handpd:meander,3
P1_image,vgg16,0,HC:0287,0,0.8938149809837341,True,handpd:meander,3
P1_image,vgg16,0,HC:0287,0,0.889874279499054,True,handpd:meander,3
P1_image,vgg16,0,HC:0287,0,0.9038519859313965,True,handpd:meander,3
P1_image,vgg16,0,HC:0289,0,0.8760038614273071,True,handpd:meander,3
P1_image,vgg16,0,HC:0289,0,0.8769480586051941,True,handpd:meander,3
P1_image,vgg16,0,HC:0293,0,0.8241462707519531,True,handpd:meander,3
P1_image,vgg16,0,HC:0297,0,0.8541033267974854,True,handpd:meander,3
P1_image,vgg16,0,HC:0297,0,0.8576450943946838,True,handpd:meander,3
P1_image,vgg16,0,HC:0297,0,0.8569604754447937,True,handpd:meander,3
P1_image,vgg16,0,HC:0305,0,0.9320045709609985,True,handpd:meander,3
P1_image,vgg16,0,HC:0305,0,0.9054690003395081,True,handpd:meander,3
P1_image,vgg16,0,PD:0002,1,0.9132553339004517,True,handpd:meander,3
P1_image,vgg16,0,PD:0003,1,0.9083284139633179,True,handpd:meander,3
P1_image,vgg16,0,PD:0004,1,0.8981683850288391,True,handpd:meander,3
P1_image,vgg16,0,PD:0004,1,0.9279501438140869,True,handpd:meander,3
P1_image,vgg16,0,PD:0009,1,0.858639657497406,True,handpd:meander,3
P1_image,vgg16,0,PD:0009,1,0.8359148502349854,True,handpd:meander,3
P1_image,vgg16,0,PD:0009,1,0.800777018070221,True,handpd:meander,3
P1_image,vgg16,0,PD:0010,1,0.9318662881851196,True,handpd:meander,3
P1_image,vgg16,0,PD:0010,1,0.9237158298492432,True,handpd:meander,3
P1_image,vgg16,0,PD:0016,1,0.9295220375061035,True,handpd:meander,3
P1_image,vgg16,0,PD:0023,1,0.9290635585784912,True,handpd:meander,3
P1_image,vgg16,0,PD:0024,1,0.8998981714248657,True,handpd:meander,3
P1_image,vgg16,0,PD:0031,1,0.8752678036689758,True,handpd:meander,3
P1_image,vgg16,0,PD:0037,1,0.9252007007598877,True,handpd:meander,3
P1_image,vgg16,0,PD:0037,1,0.9185196757316589,True,handpd:meander,3
P1_image,vgg16,0,PD:0037,1,0.925639271736145,True,handpd:meander,3
P1_image,vgg16,0,PD:0038,1,0.9378764629364014,True,handpd:meander,3
P1_image,vgg16,0,PD:0044,1,0.9015542268753052,True,handpd:meander,3
P1_image,vgg16,0,PD:0045,1,0.9427900314331055,True,handpd:meander,3
P1_image,vgg16,0,PD:0051,1,0.8298725485801697,True,handpd:meander,3
P1_image,vgg16,0,PD:0052,1,0.8660368919372559,True,handpd:meander,3
P1_image,vgg16,0,PD:0053,1,0.911857545375824,True,handpd:meander,3
P1_image,vgg16,0,PD:0053,1,0.9126219153404236,True,handpd:meander,3
P1_image,vgg16,0,PD:0054,1,0.8801938891410828,True,handpd:meander,3
P1_image,vgg16,0,PD:0054,1,0.9157994985580444,True,handpd:meander,3
P1_image,vgg16,0,PD:0054,1,0.9032105803489685,True,handpd:meander,3
P1_image,vgg16,0,PD:0134,1,0.9137997627258301,True,handpd:meander,3
P1_image,vgg16,0,PD:0134,1,0.920905351638794,True,handpd:meander,3
P1_image,vgg16,0,PD:0136,1,0.8776512145996094,True,handpd:meander,3
P1_image,vgg16,0,PD:0136,1,0.8827548027038574,True,handpd:meander,3
P1_image,vgg16,0,PD:0138,1,0.8408257961273193,True,handpd:meander,3
P1_image,vgg16,0,PD:0139,1,0.8458402752876282,True,handpd:meander,3
P1_image,vgg16,0,PD:0139,1,0.8755297660827637,True,handpd:meander,3
P1_image,vgg16,0,PD:0148,1,0.9257993698120117,True,handpd:meander,3
P1_image,vgg16,0,PD:0148,1,0.9364209771156311,True,handpd:meander,3
P1_image,vgg16,0,PD:0149,1,0.9120198488235474,True,handpd:meander,3
P1_image,vgg16,0,PD:0157,1,0.9259915351867676,True,handpd:meander,3
P1_image,vgg16,0,PD:0157,1,0.9124225974082947,True,handpd:meander,3
P1_image,vgg16,0,PD:0157,1,0.9180717468261719,True,handpd:meander,3
P1_image,vgg16,0,PD:0161,1,0.8318092823028564,True,handpd:meander,3
P1_image,vgg16,0,PD:0166,1,0.8934757709503174,True,handpd:meander,3
P1_image,vgg16,0,PD:0166,1,0.8934046626091003,True,handpd:meander,3
P1_image,vgg16,0,PD:0170,1,0.945048451423645,True,handpd:meander,3
P1_image,vgg16,0,PD:0176,1,0.961719810962677,True,handpd:meander,3
P1_image,vgg16,0,PD:0176,1,0.9221376776695251,True,handpd:meander,3
P1_image,vgg16,0,PD:0177,1,0.9399872422218323,True,handpd:meander,3
P1_image,vgg16,0,PD:0177,1,0.882580041885376,True,handpd:meander,3
P1_image,vgg16,0,PD:0177,1,0.9257332682609558,True,handpd:meander,3
P1_image,vgg16,0,PD:0181,1,0.8944424390792847,True,handpd:meander,3
P1_image,vgg16,0,PD:0182,1,0.9253803491592407,True,handpd:meander,3
P1_image,vgg16,0,PD:0187,1,0.8455506563186646,True,handpd:meander,3
P1_image,vgg16,0,PD:0187,1,0.8744879364967346,True,handpd:meander,3
P1_image,vgg16,0,PD:0188,1,0.8712461590766907,True,handpd:meander,3
P1_image,vgg16,0,PD:0188,1,0.894348680973053,True,handpd:meander,3
P1_image,vgg16,0,PD:0192,1,0.9092602729797363,True,handpd:meander,3
P1_image,vgg16,0,PD:0192,1,0.9064405560493469,True,handpd:meander,3
P1_image,vgg16,0,PD:0196,1,0.9214081168174744,True,handpd:meander,3
P1_image,vgg16,0,PD:0196,1,0.9229917526245117,True,handpd:meander,3
P1_image,vgg16,0,PD:0197,1,0.8730556964874268,True,handpd:meander,3
P1_image,vgg16,0,PD:0197,1,0.8589646816253662,True,handpd:meander,3
P1_image,vgg16,0,PD:0197,1,0.9178663492202759,True,handpd:meander,3
P1_image,vgg16,0,PD:0202,1,0.8262309432029724,True,handpd:meander,3
P1_image,vgg16,0,PD:0202,1,0.8420771360397339,True,handpd:meander,3
P1_image,vgg16,0,PD:0207,1,0.9057536721229553,True,handpd:meander,3
P1_image,vgg16,0,PD:0207,1,0.8743273615837097,True,handpd:meander,3
P1_image,vgg16,0,PD:0208,1,0.9166555404663086,True,handpd:meander,3
P1_image,vgg16,0,PD:0208,1,0.930151104927063,True,handpd:meander,3
P1_image,vgg16,0,PD:0213,1,0.948094367980957,True,handpd:meander,3
P1_image,vgg16,0,PD:0213,1,0.9068676233291626,True,handpd:meander,3
P1_image,vgg16,0,PD:0214,1,0.9186508655548096,True,handpd:meander,3
P1_image,vgg16,0,PD:0214,1,0.9304675459861755,True,handpd:meander,3
P1_image,vgg16,0,PD:0214,1,0.8637741804122925,True,handpd:meander,3
P1_image,vgg16,0,PD:0218,1,0.8435429930686951,True,handpd:meander,3
P1_image,vgg16,0,PD:0219,1,0.8604422211647034,True,handpd:meander,3
P1_image,vgg16,0,PD:0219,1,0.848325252532959,True,handpd:meander,3
P1_image,vgg16,0,PD:0230,1,0.9868912100791931,True,handpd:meander,3
P1_image,vgg16,0,PD:0234,1,0.9301266670227051,True,handpd:meander,3
P1_image,vgg16,0,PD:0235,1,0.9240906834602356,True,handpd:meander,3
P1_image,vgg16,0,PD:0236,1,0.9752981662750244,True,handpd:meander,3
P1_image,vgg16,0,PD:0240,1,0.8660610914230347,True,handpd:meander,3
P1_image,vgg16,0,PD:0241,1,0.9372493028640747,True,handpd:meander,3
P1_image,vgg16,0,PD:0242,1,0.9166135787963867,True,handpd:meander,3
P1_image,vgg16,0,PD:0242,1,0.9461327791213989,True,handpd:meander,3
P1_image,vgg16,0,PD:0242,1,0.9360217452049255,True,handpd:meander,3
P1_image,vgg16,0,PD:0246,1,0.9352819323539734,True,handpd:meander,3
P1_image,vgg16,0,PD:0246,1,0.9211254119873047,True,handpd:meander,3
P1_image,vgg16,0,PD:0247,1,0.940222442150116,True,handpd:meander,3
P1_image,vgg16,0,PD:0247,1,0.9479519724845886,True,handpd:meander,3
P1_image,vgg16,0,PD:0247,1,0.9514192342758179,True,handpd:meander,3
P1_image,vgg16,0,PD:0254,1,0.8802347183227539,True,handpd:meander,3
P1_image,vgg16,0,PD:0254,1,0.9294622540473938,True,handpd:meander,3
P1_image,vgg16,0,PD:0268,1,0.9233232736587524,True,handpd:meander,3
P1_image,vgg16,0,PD:0268,1,0.9161001443862915,True,handpd:meander,3
P1_image,vgg16,0,PD:0269,1,0.9283121228218079,True,handpd:meander,3
P1_image,vgg16,0,PD:0269,1,0.9374181032180786,True,handpd:meander,3
P1_image,vgg16,0,PD:0274,1,0.8677009344100952,True,handpd:meander,3
P1_image,vgg16,0,PD:0280,1,0.927942156791687,True,handpd:meander,3
P1_image,vgg16,0,PD:0281,1,0.9271671772003174,True,handpd:meander,3
P1_image,vgg16,0,PD:0281,1,0.9363316893577576,True,handpd:meander,3
P1_image,vgg16,1,HC:0068,0,0.6703859567642212,True,handpd:meander,3
P1_image,vgg16,1,HC:0068,0,0.6606125235557556,True,handpd:meander,3
P1_image,vgg16,1,HC:0068,0,0.6730555295944214,True,handpd:meander,3
P1_image,vgg16,1,HC:0092,0,0.6703696250915527,True,handpd:meander,3
P1_image,vgg16,1,HC:0098,0,0.6701120734214783,True,handpd:meander,3
P1_image,vgg16,1,HC:0102,0,0.6770868301391602,True,handpd:meander,3
P1_image,vgg16,1,HC:0104,0,0.6793110370635986,True,handpd:meander,3
P1_image,vgg16,1,HC:0106,0,0.6784712076187134,True,handpd:meander,3
P1_image,vgg16,1,HC:0106,0,0.6661621332168579,True,handpd:meander,3
P1_image,vgg16,1,HC:0112,0,0.6644853353500366,True,handpd:meander,3
P1_image,vgg16,1,HC:0116,0,0.6808058023452759,True,handpd:meander,3
P1_image,vgg16,1,HC:0116,0,0.666532039642334,True,handpd:meander,3
P1_image,vgg16,1,HC:0127,0,0.6705363392829895,True,handpd:meander,3
P1_image,vgg16,1,HC:0129,0,0.6593089699745178,True,handpd:meander,3
P1_image,vgg16,1,HC:0131,0,0.6722515225410461,True,handpd:meander,3
P1_image,vgg16,1,HC:0131,0,0.6714422106742859,True,handpd:meander,3
P1_image,vgg16,1,HC:0289,0,0.6658290028572083,True,handpd:meander,3
P1_image,vgg16,1,HC:0293,0,0.6765933036804199,True,handpd:meander,3
P1_image,vgg16,1,HC:0293,0,0.6720333099365234,True,handpd:meander,3
P1_image,vgg16,1,HC:0293,0,0.6765584349632263,True,handpd:meander,3
P1_image,vgg16,1,HC:0295,0,0.7039000391960144,True,handpd:meander,3
P1_image,vgg16,1,HC:0295,0,0.6992438435554504,True,handpd:meander,3
P1_image,vgg16,1,HC:0297,0,0.6773092150688171,True,handpd:meander,3
P1_image,vgg16,1,HC:0305,0,0.7081365585327148,True,handpd:meander,3
P1_image,vgg16,1,PD:0002,1,0.7402538061141968,True,handpd:meander,3
P1_image,vgg16,1,PD:0003,1,0.7221778631210327,True,handpd:meander,3
P1_image,vgg16,1,PD:0005,1,0.6921443343162537,True,handpd:meander,3
P1_image,vgg16,1,PD:0005,1,0.7023319005966187,True,handpd:meander,3
P1_image,vgg16,1,PD:0005,1,0.7075238227844238,True,handpd:meander,3
P1_image,vgg16,1,PD:0009,1,0.6907303333282471,True,handpd:meander,3
P1_image,vgg16,1,PD:0010,1,0.6958634853363037,True,handpd:meander,3
P1_image,vgg16,1,PD:0010,1,0.7067702412605286,True,handpd:meander,3
P1_image,vgg16,1,PD:0016,1,0.7138650417327881,True,handpd:meander,3
P1_image,vgg16,1,PD:0016,1,0.7173009514808655,True,handpd:meander,3
P1_image,vgg16,1,PD:0023,1,0.6863969564437866,True,handpd:meander,3
P1_image,vgg16,1,PD:0024,1,0.6905032992362976,True,handpd:meander,3
P1_image,vgg16,1,PD:0030,1,0.6871870756149292,True,handpd:meander,3
P1_image,vgg16,1,PD:0031,1,0.6772289276123047,True,handpd:meander,3
P1_image,vgg16,1,PD:0031,1,0.6715694665908813,True,handpd:meander,3
P1_image,vgg16,1,PD:0037,1,0.7231009602546692,True,handpd:meander,3
P1_image,vgg16,1,PD:0038,1,0.7203232049942017,True,handpd:meander,3
P1_image,vgg16,1,PD:0044,1,0.7121484279632568,True,handpd:meander,3
P1_image,vgg16,1,PD:0044,1,0.7080039978027344,True,handpd:meander,3
P1_image,vgg16,1,PD:0045,1,0.7236621975898743,True,handpd:meander,3
P1_image,vgg16,1,PD:0046,1,0.7489191293716431,False,handpd:meander,3
P1_image,vgg16,1,PD:0046,1,0.728655219078064,False,handpd:meander,3
P1_image,vgg16,1,PD:0046,1,0.7310028672218323,False,handpd:meander,3
P1_image,vgg16,1,PD:0046,1,0.7277776598930359,False,handpd:meander,3
P1_image,vgg16,1,PD:0051,1,0.6906223297119141,True,handpd:meander,3
P1_image,vgg16,1,PD:0051,1,0.6817944049835205,True,handpd:meander,3
P1_image,vgg16,1,PD:0051,1,0.6867268681526184,True,handpd:meander,3
P1_image,vgg16,1,PD:0052,1,0.712593674659729,True,handpd:meander,3
P1_image,vgg16,1,PD:0052,1,0.6984606981277466,True,handpd:meander,3
P1_image,vgg16,1,PD:0052,1,0.6967353820800781,True,handpd:meander,3
P1_image,vgg16,1,PD:0053,1,0.6853169798851013,True,handpd:meander,3
P1_image,vgg16,1,PD:0053,1,0.7110540866851807,True,handpd:meander,3
P1_image,vgg16,1,PD:0054,1,0.6995962858200073,True,handpd:meander,3
P1_image,vgg16,1,PD:0134,1,0.719744086265564,True,handpd:meander,3
P1_image,vgg16,1,PD:0134,1,0.7143197655677795,True,handpd:meander,3
P1_image,vgg16,1,PD:0138,1,0.6820110082626343,True,handpd:meander,3
P1_image,vgg16,1,PD:0139,1,0.7052308320999146,True,handpd:meander,3
P1_image,vgg16,1,PD:0139,1,0.6940702795982361,True,handpd:meander,3
P1_image,vgg16,1,PD:0143,1,0.6996500492095947,True,handpd:meander,3
P1_image,vgg16,1,PD:0143,1,0.7010652422904968,True,handpd:meander,3
P1_image,vgg16,1,PD:0148,1,0.7048207521438599,True,handpd:meander,3
P1_image,vgg16,1,PD:0148,1,0.7164501547813416,True,handpd:meander,3
P1_image,vgg16,1,PD:0149,1,0.7193092703819275,True,handpd:meander,3
P1_image,vgg16,1,PD:0153,1,0.6774175763130188,True,handpd:meander,3
P1_image,vgg16,1,PD:0165,1,0.6795355677604675,True,handpd:meander,3
P1_image,vgg16,1,PD:0165,1,0.6727885007858276,True,handpd:meander,3
P1_image,vgg16,1,PD:0165,1,0.6859055757522583,True,handpd:meander,3
P1_image,vgg16,1,PD:0166,1,0.6972986459732056,True,handpd:meander,3
P1_image,vgg16,1,PD:0170,1,0.7427806258201599,True,handpd:meander,3
P1_image,vgg16,1,PD:0174,1,0.7568052411079407,True,handpd:meander,3
P1_image,vgg16,1,PD:0174,1,0.7423999309539795,True,handpd:meander,3
P1_image,vgg16,1,PD:0176,1,0.7072519063949585,True,handpd:meander,3
P1_image,vgg16,1,PD:0177,1,0.6952550411224365,True,handpd:meander,3
P1_image,vgg16,1,PD:0181,1,0.6985472440719604,True,handpd:meander,3
P1_image,vgg16,1,PD:0186,1,0.6859534978866577,True,handpd:meander,3
P1_image,vgg16,1,PD:0186,1,0.6952106952667236,True,handpd:meander,3
P1_image,vgg16,1,PD:0187,1,0.6888331770896912,True,handpd:meander,3
P1_image,vgg16,1,PD:0192,1,0.7025114893913269,True,handpd:meander,3
P1_image,vgg16,1,PD:0192,1,0.6955293416976929,True,handpd:meander,3
P1_image,vgg16,1,PD:0196,1,0.6938320994377136,True,handpd:meander,3
P1_image,vgg16,1,PD:0198,1,0.6929814219474792,True,handpd:meander,3
P1_image,vgg16,1,PD:0198,1,0.6990858316421509,True,handpd:meander,3
P1_image,vgg16,1,PD:0198,1,0.6924423575401306,True,handpd:meander,3
P1_image,vgg16,1,PD:0202,1,0.6857498288154602,True,handpd:meander,3
P1_image,vgg16,1,PD:0203,1,0.6835455894470215,False,handpd:meander,3
P1_image,vgg16,1,PD:0203,1,0.6913366317749023,False,handpd:meander,3
P1_image,vgg16,1,PD:0203,1,0.6920791268348694,False,handpd:meander,3
P1_image,vgg16,1,PD:0203,1,0.6806768178939819,False,handpd:meander,3
P1_image,vgg16,1,PD:0207,1,0.6982206106185913,True,handpd:meander,3
P1_image,vgg16,1,PD:0213,1,0.7310697436332703,True,handpd:meander,3
P1_image,vgg16,1,PD:0214,1,0.7091870903968811,True,handpd:meander,3
P1_image,vgg16,1,PD:0218,1,0.6823875308036804,True,handpd:meander,3
P1_image,vgg16,1,PD:0219,1,0.6926937699317932,True,handpd:meander,3
P1_image,vgg16,1,PD:0223,1,0.6971758604049683,True,handpd:meander,3
P1_image,vgg16,1,PD:0223,1,0.6843112707138062,True,handpd:meander,3
P1_image,vgg16,1,PD:0223,1,0.7041693925857544,True,handpd:meander,3
P1_image,vgg16,1,PD:0229,1,0.7525935769081116,True,handpd:meander,3
P1_image,vgg16,1,PD:0229,1,0.7643377184867859,True,handpd:meander,3
P1_image,vgg16,1,PD:0234,1,0.7405601739883423,True,handpd:meander,3
P1_image,vgg16,1,PD:0235,1,0.757355272769928,True,handpd:meander,3
P1_image,vgg16,1,PD:0236,1,0.7635660767555237,True,handpd:meander,3
P1_image,vgg16,1,PD:0240,1,0.7073347568511963,True,handpd:meander,3
P1_image,vgg16,1,PD:0240,1,0.697629451751709,True,handpd:meander,3
P1_image,vgg16,1,PD:0241,1,0.7454537749290466,True,handpd:meander,3
P1_image,vgg16,1,PD:0242,1,0.7155463099479675,True,handpd:meander,3
P1_image,vgg16,1,PD:0246,1,0.7434146404266357,True,handpd:meander,3
P1_image,vgg16,1,PD:0247,1,0.7450084090232849,True,handpd:meander,3
P1_image,vgg16,1,PD:0253,1,0.6976895928382874,True,handpd:meander,3
P1_image,vgg16,1,PD:0254,1,0.6965189576148987,True,handpd:meander,3
P1_image,vgg16,1,PD:0261,1,0.6945716142654419,True,handpd:meander,3
P1_image,vgg16,1,PD:0261,1,0.6932203769683838,True,handpd:meander,3
P1_image,vgg16,1,PD:0261,1,0.6863083243370056,True,handpd:meander,3
P1_image,vgg16,1,PD:0273,1,0.688216507434845,True,handpd:meander,3
P1_image,vgg16,1,PD:0273,1,0.6961167454719543,True,handpd:meander,3
P1_image,vgg16,1,PD:0273,1,0.7005919814109802,True,handpd:meander,3
P1_image,vgg16,1,PD:0274,1,0.7232006192207336,True,handpd:meander,3
P1_image,vgg16,1,PD:0274,1,0.7048630714416504,True,handpd:meander,3
P1_image,vgg16,1,PD:0280,1,0.6933505535125732,True,handpd:meander,3
P1_image,vgg16,1,PD:0280,1,0.701924204826355,True,handpd:meander,3
P1_image,vgg16,2,HC:0092,0,0.5852349400520325,True,handpd:meander,3
P1_image,vgg16,2,HC:0098,0,0.6365048289299011,True,handpd:meander,3
P1_image,vgg16,2,HC:0098,0,0.5964685082435608,True,handpd:meander,3
P1_image,vgg16,2,HC:0098,0,0.5600530505180359,True,handpd:meander,3
P1_image,vgg16,2,HC:0100,0,0.5656856298446655,True,handpd:meander,3
P1_image,vgg16,2,HC:0102,0,0.5716364979743958,True,handpd:meander,3
P1_image,vgg16,2,HC:0102,0,0.5936876535415649,True,handpd:meander,3
P1_image,vgg16,2,HC:0104,0,0.6015068888664246,True,handpd:meander,3
P1_image,vgg16,2,HC:0104,0,0.5724819898605347,True,handpd:meander,3
P1_image,vgg16,2,HC:0104,0,0.5963711738586426,True,handpd:meander,3
P1_image,vgg16,2,HC:0112,0,0.5767686367034912,True,handpd:meander,3
P1_image,vgg16,2,HC:0112,0,0.5682616233825684,True,handpd:meander,3
P1_image,vgg16,2,HC:0116,0,0.5838600397109985,True,handpd:meander,3
P1_image,vgg16,2,HC:0116,0,0.5892892479896545,True,handpd:meander,3
P1_image,vgg16,2,HC:0127,0,0.598719596862793,True,handpd:meander,3
P1_image,vgg16,2,HC:0127,0,0.5846388339996338,True,handpd:meander,3
P1_image,vgg16,2,HC:0129,0,0.5653110146522522,True,handpd:meander,3
P1_image,vgg16,2,HC:0129,0,0.5974404215812683,True,handpd:meander,3
P1_image,vgg16,2,HC:0131,0,0.5725722908973694,True,handpd:meander,3
P1_image,vgg16,2,HC:0287,0,0.6612584590911865,True,handpd:meander,3
P1_image,vgg16,2,HC:0289,0,0.6028414964675903,True,handpd:meander,3
P1_image,vgg16,2,HC:0295,0,0.7374019026756287,True,handpd:meander,3
P1_image,vgg16,2,HC:0295,0,0.7272772192955017,True,handpd:meander,3
P1_image,vgg16,2,HC:0305,0,0.7476360201835632,True,handpd:meander,3
P1_image,vgg16,2,PD:0002,1,0.8572138547897339,True,handpd:meander,3
P1_image,vgg16,2,PD:0002,1,0.9018471837043762,True,handpd:meander,3
P1_image,vgg16,2,PD:0003,1,0.9122816920280457,True,handpd:meander,3
P1_image,vgg16,2,PD:0003,1,0.8060017228126526,True,handpd:meander,3
P1_image,vgg16,2,PD:0004,1,0.7720953822135925,True,handpd:meander,3
P1_image,vgg16,2,PD:0004,1,0.6868172287940979,True,handpd:meander,3
P1_image,vgg16,2,PD:0005,1,0.7277869582176208,True,handpd:meander,3
P1_image,vgg16,2,PD:0016,1,0.7716187238693237,True,handpd:meander,3
P1_image,vgg16,2,PD:0023,1,0.5812472105026245,True,handpd:meander,3
P1_image,vgg16,2,PD:0023,1,0.6296273469924927,True,handpd:meander,3
P1_image,vgg16,2,PD:0024,1,0.612343430519104,True,handpd:meander,3
P1_image,vgg16,2,PD:0024,1,0.6394478678703308,True,handpd:meander,3
P1_image,vgg16,2,PD:0030,1,0.6953762769699097,True,handpd:meander,3
P1_image,vgg16,2,PD:0030,1,0.6802563071250916,True,handpd:meander,3
P1_image,vgg16,2,PD:0030,1,0.7373438477516174,True,handpd:meander,3
P1_image,vgg16,2,PD:0031,1,0.6537066102027893,True,handpd:meander,3
P1_image,vgg16,2,PD:0038,1,0.7851868271827698,True,handpd:meander,3
P1_image,vgg16,2,PD:0038,1,0.7843879461288452,True,handpd:meander,3
P1_image,vgg16,2,PD:0044,1,0.7627204656600952,True,handpd:meander,3
P1_image,vgg16,2,PD:0045,1,0.7643187642097473,True,handpd:meander,3
P1_image,vgg16,2,PD:0045,1,0.806243896484375,True,handpd:meander,3
P1_image,vgg16,2,PD:0136,1,0.6895009875297546,True,handpd:meander,3
P1_image,vgg16,2,PD:0136,1,0.6854619979858398,True,handpd:meander,3
P1_image,vgg16,2,PD:0138,1,0.6412625312805176,True,handpd:meander,3
P1_image,vgg16,2,PD:0138,1,0.603575587272644,True,handpd:meander,3
P1_image,vgg16,2,PD:0143,1,0.7309386730194092,True,handpd:meander,3
P1_image,vgg16,2,PD:0143,1,0.6561617255210876,True,handpd:meander,3
P1_image,vgg16,2,PD:0149,1,0.758675217628479,True,handpd:meander,3
P1_image,vgg16,2,PD:0149,1,0.7307063341140747,True,handpd:meander,3
P1_image,vgg16,2,PD:0153,1,0.6050389409065247,True,handpd:meander,3
P1_image,vgg16,2,PD:0153,1,0.5732519030570984,True,handpd:meander,3
P1_image,vgg16,2,PD:0153,1,0.5624111294746399,True,handpd:meander,3
P1_image,vgg16,2,PD:0157,1,0.6697384715080261,True,handpd:meander,3
P1_image,vgg16,2,PD:0161,1,0.6419930458068848,True,handpd:meander,3
P1_image,vgg16,2,PD:0161,1,0.6605533957481384,True,handpd:meander,3
P1_image,vgg16,2,PD:0161,1,0.7477367520332336,True,handpd:meander,3
P1_image,vgg16,2,PD:0165,1,0.6101221442222595,True,handpd:meander,3
P1_image,vgg16,2,PD:0166,1,0.6665064096450806,True,handpd:meander,3
P1_image,vgg16,2,PD:0170,1,0.7830349206924438,True,handpd:meander,3
P1_image,vgg16,2,PD:0170,1,0.8736018538475037,True,handpd:meander,3
P1_image,vgg16,2,PD:0174,1,0.8828132748603821,True,handpd:meander,3
P1_image,vgg16,2,PD:0174,1,0.9298751354217529,True,handpd:meander,3
P1_image,vgg16,2,PD:0176,1,0.7266854643821716,True,handpd:meander,3
P1_image,vgg16,2,PD:0181,1,0.6721956133842468,True,handpd:meander,3
P1_image,vgg16,2,PD:0181,1,0.6766262650489807,True,handpd:meander,3
P1_image,vgg16,2,PD:0182,1,0.6475632190704346,True,handpd:meander,3
P1_image,vgg16,2,PD:0182,1,0.6789916157722473,True,handpd:meander,3
P1_image,vgg16,2,PD:0182,1,0.6440194845199585,True,handpd:meander,3
P1_image,vgg16,2,PD:0186,1,0.6114294528961182,True,handpd:meander,3
P1_image,vgg16,2,PD:0186,1,0.6929194927215576,True,handpd:meander,3
P1_image,vgg16,2,PD:0187,1,0.648724377155304,True,handpd:meander,3
P1_image,vgg16,2,PD:0188,1,0.6660940647125244,True,handpd:meander,3
P1_image,vgg16,2,PD:0188,1,0.6172357797622681,True,handpd:meander,3
P1_image,vgg16,2,PD:0196,1,0.6653809547424316,True,handpd:meander,3
P1_image,vgg16,2,PD:0197,1,0.6783783435821533,True,handpd:meander,3
P1_image,vgg16,2,PD:0198,1,0.6644816994667053,True,handpd:meander,3
P1_image,vgg16,2,PD:0202,1,0.595233142375946,True,handpd:meander,3
P1_image,vgg16,2,PD:0207,1,0.7268794178962708,True,handpd:meander,3
P1_image,vgg16,2,PD:0208,1,0.6741407513618469,True,handpd:meander,3
P1_image,vgg16,2,PD:0208,1,0.7450854182243347,True,handpd:meander,3
P1_image,vgg16,2,PD:0213,1,0.742979884147644,True,handpd:meander,3
P1_image,vgg16,2,PD:0218,1,0.6313056945800781,True,handpd:meander,3
P1_image,vgg16,2,PD:0218,1,0.6383121609687805,True,handpd:meander,3
P1_image,vgg16,2,PD:0219,1,0.6598496437072754,True,handpd:meander,3
P1_image,vgg16,2,PD:0223,1,0.6940831542015076,True,handpd:meander,3
P1_image,vgg16,2,PD:0228,1,0.8738739490509033,False,handpd:meander,3
P1_image,vgg16,2,PD:0228,1,0.8482065796852112,False,handpd:meander,3
P1_image,vgg16,2,PD:0228,1,0.8632383942604065,False,handpd:meander,3
P1_image,vgg16,2,PD:0228,1,0.8843196034431458,False,handpd:meander,3
P1_image,vgg16,2,PD:0229,1,0.9489401578903198,True,handpd:meander,3
P1_image,vgg16,2,PD:0229,1,0.9458818435668945,True,handpd:meander,3
P1_image,vgg16,2,PD:0230,1,0.9790245294570923,True,handpd:meander,3
P1_image,vgg16,2,PD:0230,1,0.9864326119422913,True,handpd:meander,3
P1_image,vgg16,2,PD:0230,1,0.9782059192657471,True,handpd:meander,3
P1_image,vgg16,2,PD:0234,1,0.7397985458374023,True,handpd:meander,3
P1_image,vgg16,2,PD:0234,1,0.8966348171234131,True,handpd:meander,3
P1_image,vgg16,2,PD:0235,1,0.8687243461608887,True,handpd:meander,3
P1_image,vgg16,2,PD:0235,1,0.8616228103637695,True,handpd:meander,3
P1_image,vgg16,2,PD:0236,1,0.8985196352005005,True,handpd:meander,3
P1_image,vgg16,2,PD:0236,1,0.8704277276992798,True,handpd:meander,3
P1_image,vgg16,2,PD:0240,1,0.7052132487297058,True,handpd:meander,3
P1_image,vgg16,2,PD:0241,1,0.7726598978042603,True,handpd:meander,3
P1_image,vgg16,2,PD:0241,1,0.9413792490959167,True,handpd:meander,3
P1_image,vgg16,2,PD:0246,1,0.8129432201385498,True,handpd:meander,3
P1_image,vgg16,2,PD:0253,1,0.6901091933250427,True,handpd:meander,3
P1_image,vgg16,2,PD:0253,1,0.6926654577255249,True,handpd:meander,3
P1_image,vgg16,2,PD:0253,1,0.6542161703109741,True,handpd:meander,3
P1_image,vgg16,2,PD:0254,1,0.7251447439193726,True,handpd:meander,3
P1_image,vgg16,2,PD:0261,1,0.6192508935928345,True,handpd:meander,3
P1_image,vgg16,2,PD:0268,1,0.7014093995094299,True,handpd:meander,3
P1_image,vgg16,2,PD:0268,1,0.6654572486877441,True,handpd:meander,3
P1_image,vgg16,2,PD:0269,1,0.6769725680351257,True,handpd:meander,3
P1_image,vgg16,2,PD:0269,1,0.6971709728240967,True,handpd:meander,3
P1_image,vgg16,2,PD:0273,1,0.6462265253067017,True,handpd:meander,3
P1_image,vgg16,2,PD:0274,1,0.7727369070053101,True,handpd:meander,3
P1_image,vgg16,2,PD:0280,1,0.7513231039047241,True,handpd:meander,3
P1_image,vgg16,2,PD:0281,1,0.6981533169746399,True,handpd:meander,3
P1_image,vgg16,2,PD:0281,1,0.7373960614204407,True,handpd:meander,3
P2_subject,vgg16,0,HC:0068,0,0.6919068098068237,False,handpd:meander,3
P2_subject,vgg16,0,HC:0068,0,0.6696925759315491,False,handpd:meander,3
P2_subject,vgg16,0,HC:0068,0,0.6749134659767151,False,handpd:meander,3
P2_subject,vgg16,0,HC:0068,0,0.6843165159225464,False,handpd:meander,3
P2_subject,vgg16,0,HC:0092,0,0.7344686985015869,False,handpd:meander,3
P2_subject,vgg16,0,HC:0092,0,0.7322875261306763,False,handpd:meander,3
P2_subject,vgg16,0,HC:0092,0,0.7375888228416443,False,handpd:meander,3
P2_subject,vgg16,0,HC:0092,0,0.7358188629150391,False,handpd:meander,3
P2_subject,vgg16,0,HC:0104,0,0.6964496970176697,False,handpd:meander,3
P2_subject,vgg16,0,HC:0104,0,0.6918482780456543,False,handpd:meander,3
P2_subject,vgg16,0,HC:0104,0,0.6887434124946594,False,handpd:meander,3
P2_subject,vgg16,0,HC:0104,0,0.7034544348716736,False,handpd:meander,3
P2_subject,vgg16,0,HC:0116,0,0.7389814257621765,False,handpd:meander,3
P2_subject,vgg16,0,HC:0116,0,0.6960813403129578,False,handpd:meander,3
P2_subject,vgg16,0,HC:0116,0,0.7104873061180115,False,handpd:meander,3
P2_subject,vgg16,0,HC:0116,0,0.6882326006889343,False,handpd:meander,3
P2_subject,vgg16,0,HC:0127,0,0.7042276859283447,False,handpd:meander,3
P2_subject,vgg16,0,HC:0127,0,0.6839719414710999,False,handpd:meander,3
P2_subject,vgg16,0,HC:0127,0,0.6869996786117554,False,handpd:meander,3
P2_subject,vgg16,0,HC:0127,0,0.6795357465744019,False,handpd:meander,3
P2_subject,vgg16,0,HC:0297,0,0.7171733975410461,False,handpd:meander,3
P2_subject,vgg16,0,HC:0297,0,0.7301878333091736,False,handpd:meander,3
P2_subject,vgg16,0,HC:0297,0,0.7417121529579163,False,handpd:meander,3
P2_subject,vgg16,0,HC:0297,0,0.7221291661262512,False,handpd:meander,3
P2_subject,vgg16,0,PD:0003,1,0.8723049759864807,False,handpd:meander,3
P2_subject,vgg16,0,PD:0003,1,0.7860743999481201,False,handpd:meander,3
P2_subject,vgg16,0,PD:0003,1,0.817429780960083,False,handpd:meander,3
P2_subject,vgg16,0,PD:0003,1,0.8039136528968811,False,handpd:meander,3
P2_subject,vgg16,0,PD:0010,1,0.7792952060699463,False,handpd:meander,3
P2_subject,vgg16,0,PD:0010,1,0.8175971508026123,False,handpd:meander,3
P2_subject,vgg16,0,PD:0010,1,0.780168354511261,False,handpd:meander,3
P2_subject,vgg16,0,PD:0010,1,0.7920953035354614,False,handpd:meander,3
P2_subject,vgg16,0,PD:0016,1,0.8341781497001648,False,handpd:meander,3
P2_subject,vgg16,0,PD:0016,1,0.8835344314575195,False,handpd:meander,3
P2_subject,vgg16,0,PD:0016,1,0.8828625082969666,False,handpd:meander,3
P2_subject,vgg16,0,PD:0016,1,0.8247560858726501,False,handpd:meander,3
P2_subject,vgg16,0,PD:0024,1,0.745868444442749,False,handpd:meander,3
P2_subject,vgg16,0,PD:0024,1,0.7688590884208679,False,handpd:meander,3
P2_subject,vgg16,0,PD:0024,1,0.7628306746482849,False,handpd:meander,3
P2_subject,vgg16,0,PD:0024,1,0.7472085952758789,False,handpd:meander,3
P2_subject,vgg16,0,PD:0031,1,0.7668735384941101,False,handpd:meander,3
P2_subject,vgg16,0,PD:0031,1,0.7309434413909912,False,handpd:meander,3
P2_subject,vgg16,0,PD:0031,1,0.7362185716629028,False,handpd:meander,3
P2_subject,vgg16,0,PD:0031,1,0.7271904349327087,False,handpd:meander,3
P2_subject,vgg16,0,PD:0044,1,0.847872257232666,False,handpd:meander,3
P2_subject,vgg16,0,PD:0044,1,0.7998643517494202,False,handpd:meander,3
P2_subject,vgg16,0,PD:0044,1,0.8684762120246887,False,handpd:meander,3
P2_subject,vgg16,0,PD:0044,1,0.8011682629585266,False,handpd:meander,3
P2_subject,vgg16,0,PD:0053,1,0.8019709587097168,False,handpd:meander,3
P2_subject,vgg16,0,PD:0053,1,0.7877221703529358,False,handpd:meander,3
P2_subject,vgg16,0,PD:0053,1,0.739459753036499,False,handpd:meander,3
P2_subject,vgg16,0,PD:0053,1,0.7555168867111206,False,handpd:meander,3
P2_subject,vgg16,0,PD:0054,1,0.8308598399162292,False,handpd:meander,3
P2_subject,vgg16,0,PD:0054,1,0.7541030645370483,False,handpd:meander,3
P2_subject,vgg16,0,PD:0054,1,0.7450153827667236,False,handpd:meander,3
P2_subject,vgg16,0,PD:0054,1,0.7662169337272644,False,handpd:meander,3
P2_subject,vgg16,0,PD:0138,1,0.77088463306427,False,handpd:meander,3
P2_subject,vgg16,0,PD:0138,1,0.7439945340156555,False,handpd:meander,3
P2_subject,vgg16,0,PD:0138,1,0.744466245174408,False,handpd:meander,3
P2_subject,vgg16,0,PD:0138,1,0.789503812789917,False,handpd:meander,3
P2_subject,vgg16,0,PD:0149,1,0.8049516677856445,False,handpd:meander,3
P2_subject,vgg16,0,PD:0149,1,0.8107620477676392,False,handpd:meander,3
P2_subject,vgg16,0,PD:0149,1,0.7966523766517639,False,handpd:meander,3
P2_subject,vgg16,0,PD:0149,1,0.7741802930831909,False,handpd:meander,3
P2_subject,vgg16,0,PD:0166,1,0.7854943871498108,False,handpd:meander,3
P2_subject,vgg16,0,PD:0166,1,0.7979937195777893,False,handpd:meander,3
P2_subject,vgg16,0,PD:0166,1,0.7477313280105591,False,handpd:meander,3
P2_subject,vgg16,0,PD:0166,1,0.7600426077842712,False,handpd:meander,3
P2_subject,vgg16,0,PD:0182,1,0.7702931761741638,False,handpd:meander,3
P2_subject,vgg16,0,PD:0182,1,0.7680118083953857,False,handpd:meander,3
P2_subject,vgg16,0,PD:0182,1,0.7573580145835876,False,handpd:meander,3
P2_subject,vgg16,0,PD:0182,1,0.7558407783508301,False,handpd:meander,3
P2_subject,vgg16,0,PD:0188,1,0.7693966031074524,False,handpd:meander,3
P2_subject,vgg16,0,PD:0188,1,0.7496770024299622,False,handpd:meander,3
P2_subject,vgg16,0,PD:0188,1,0.7681496739387512,False,handpd:meander,3
P2_subject,vgg16,0,PD:0188,1,0.7503061890602112,False,handpd:meander,3
P2_subject,vgg16,0,PD:0192,1,0.7634888887405396,False,handpd:meander,3
P2_subject,vgg16,0,PD:0192,1,0.759377658367157,False,handpd:meander,3
P2_subject,vgg16,0,PD:0192,1,0.7655156254768372,False,handpd:meander,3
P2_subject,vgg16,0,PD:0192,1,0.7777325510978699,False,handpd:meander,3
P2_subject,vgg16,0,PD:0203,1,0.7777884006500244,False,handpd:meander,3
P2_subject,vgg16,0,PD:0203,1,0.7691619396209717,False,handpd:meander,3
P2_subject,vgg16,0,PD:0203,1,0.7427555322647095,False,handpd:meander,3
P2_subject,vgg16,0,PD:0203,1,0.7355799078941345,False,handpd:meander,3
P2_subject,vgg16,0,PD:0208,1,0.7533243298530579,False,handpd:meander,3
P2_subject,vgg16,0,PD:0208,1,0.7483956217765808,False,handpd:meander,3
P2_subject,vgg16,0,PD:0208,1,0.7776526808738708,False,handpd:meander,3
P2_subject,vgg16,0,PD:0208,1,0.7761869430541992,False,handpd:meander,3
P2_subject,vgg16,0,PD:0218,1,0.750456690788269,False,handpd:meander,3
P2_subject,vgg16,0,PD:0218,1,0.7427095770835876,False,handpd:meander,3
P2_subject,vgg16,0,PD:0218,1,0.7646629810333252,False,handpd:meander,3
P2_subject,vgg16,0,PD:0218,1,0.749618649482727,False,handpd:meander,3
P2_subject,vgg16,0,PD:0223,1,0.8031819462776184,False,handpd:meander,3
P2_subject,vgg16,0,PD:0223,1,0.77933269739151,False,handpd:meander,3
P2_subject,vgg16,0,PD:0223,1,0.7775769829750061,False,handpd:meander,3
P2_subject,vgg16,0,PD:0223,1,0.7657720446586609,False,handpd:meander,3
P2_subject,vgg16,0,PD:0242,1,0.8218511343002319,False,handpd:meander,3
P2_subject,vgg16,0,PD:0242,1,0.7822108864784241,False,handpd:meander,3
P2_subject,vgg16,0,PD:0242,1,0.8102835416793823,False,handpd:meander,3
P2_subject,vgg16,0,PD:0242,1,0.7943763732910156,False,handpd:meander,3
P2_subject,vgg16,0,PD:0253,1,0.7707964777946472,False,handpd:meander,3
P2_subject,vgg16,0,PD:0253,1,0.7770192623138428,False,handpd:meander,3
P2_subject,vgg16,0,PD:0253,1,0.7472642064094543,False,handpd:meander,3
P2_subject,vgg16,0,PD:0253,1,0.753413200378418,False,handpd:meander,3
P2_subject,vgg16,0,PD:0254,1,0.7824212908744812,False,handpd:meander,3
P2_subject,vgg16,0,PD:0254,1,0.7682119607925415,False,handpd:meander,3
P2_subject,vgg16,0,PD:0254,1,0.7474868297576904,False,handpd:meander,3
P2_subject,vgg16,0,PD:0254,1,0.8023401498794556,False,handpd:meander,3
P2_subject,vgg16,0,PD:0268,1,0.8052836060523987,False,handpd:meander,3
P2_subject,vgg16,0,PD:0268,1,0.8128989338874817,False,handpd:meander,3
P2_subject,vgg16,0,PD:0268,1,0.8029699921607971,False,handpd:meander,3
P2_subject,vgg16,0,PD:0268,1,0.7757583856582642,False,handpd:meander,3
P2_subject,vgg16,0,PD:0273,1,0.7954497933387756,False,handpd:meander,3
P2_subject,vgg16,0,PD:0273,1,0.8052729368209839,False,handpd:meander,3
P2_subject,vgg16,0,PD:0273,1,0.7927808165550232,False,handpd:meander,3
P2_subject,vgg16,0,PD:0273,1,0.7919613122940063,False,handpd:meander,3
P2_subject,vgg16,0,PD:0274,1,0.8237890005111694,False,handpd:meander,3
P2_subject,vgg16,0,PD:0274,1,0.8296710252761841,False,handpd:meander,3
P2_subject,vgg16,0,PD:0274,1,0.7901768684387207,False,handpd:meander,3
P2_subject,vgg16,0,PD:0274,1,0.7667761445045471,False,handpd:meander,3
P2_subject,vgg16,0,PD:0281,1,0.8184836506843567,False,handpd:meander,3
P2_subject,vgg16,0,PD:0281,1,0.7758880257606506,False,handpd:meander,3
P2_subject,vgg16,0,PD:0281,1,0.778568685054779,False,handpd:meander,3
P2_subject,vgg16,0,PD:0281,1,0.7632613778114319,False,handpd:meander,3
P2_subject,vgg16,1,HC:0098,0,0.7150011658668518,False,handpd:meander,3
P2_subject,vgg16,1,HC:0098,0,0.6816772222518921,False,handpd:meander,3
P2_subject,vgg16,1,HC:0098,0,0.6926159262657166,False,handpd:meander,3
P2_subject,vgg16,1,HC:0098,0,0.7199215888977051,False,handpd:meander,3
P2_subject,vgg16,1,HC:0102,0,0.7108393311500549,False,handpd:meander,3
P2_subject,vgg16,1,HC:0102,0,0.6403892636299133,False,handpd:meander,3
P2_subject,vgg16,1,HC:0102,0,0.7630297541618347,False,handpd:meander,3
P2_subject,vgg16,1,HC:0102,0,0.6631683111190796,False,handpd:meander,3
P2_subject,vgg16,1,HC:0106,0,0.7202558517456055,False,handpd:meander,3
P2_subject,vgg16,1,HC:0106,0,0.6930471658706665,False,handpd:meander,3
P2_subject,vgg16,1,HC:0106,0,0.6644461154937744,False,handpd:meander,3
P2_subject,vgg16,1,HC:0106,0,0.670952320098877,False,handpd:meander,3
P2_subject,vgg16,1,HC:0112,0,0.6924465298652649,False,handpd:meander,3
P2_subject,vgg16,1,HC:0112,0,0.6473059058189392,False,handpd:meander,3
P2_subject,vgg16,1,HC:0112,0,0.6187042593955994,False,handpd:meander,3
P2_subject,vgg16,1,HC:0112,0,0.7020976543426514,False,handpd:meander,3
P2_subject,vgg16,1,HC:0129,0,0.6355140805244446,False,handpd:meander,3
P2_subject,vgg16,1,HC:0129,0,0.6548046469688416,False,handpd:meander,3
P2_subject,vgg16,1,HC:0129,0,0.6297653317451477,False,handpd:meander,3
P2_subject,vgg16,1,HC:0129,0,0.6454146504402161,False,handpd:meander,3
P2_subject,vgg16,1,HC:0289,0,0.7369649410247803,False,handpd:meander,3
P2_subject,vgg16,1,HC:0289,0,0.7026617527008057,False,handpd:meander,3
P2_subject,vgg16,1,HC:0289,0,0.6418123245239258,False,handpd:meander,3
P2_subject,vgg16,1,HC:0289,0,0.7214827537536621,False,handpd:meander,3
P2_subject,vgg16,1,PD:0004,1,0.7830274105072021,False,handpd:meander,3
P2_subject,vgg16,1,PD:0004,1,0.8741666674613953,False,handpd:meander,3
P2_subject,vgg16,1,PD:0004,1,0.8263306617736816,False,handpd:meander,3
P2_subject,vgg16,1,PD:0004,1,0.881150484085083,False,handpd:meander,3
P2_subject,vgg16,1,PD:0030,1,0.8557388782501221,False,handpd:meander,3
P2_subject,vgg16,1,PD:0030,1,0.8243210911750793,False,handpd:meander,3
P2_subject,vgg16,1,PD:0030,1,0.8381789326667786,False,handpd:meander,3
P2_subject,vgg16,1,PD:0030,1,0.7629534006118774,False,handpd:meander,3
P2_subject,vgg16,1,PD:0037,1,0.8490937948226929,False,handpd:meander,3
P2_subject,vgg16,1,PD:0037,1,0.8897302150726318,False,handpd:meander,3
P2_subject,vgg16,1,PD:0037,1,0.8971278071403503,False,handpd:meander,3
P2_subject,vgg16,1,PD:0037,1,0.8805251121520996,False,handpd:meander,3
P2_subject,vgg16,1,PD:0038,1,0.957516074180603,False,handpd:meander,3
P2_subject,vgg16,1,PD:0038,1,0.9467434287071228,False,handpd:meander,3
P2_subject,vgg16,1,PD:0038,1,0.9408976435661316,False,handpd:meander,3
P2_subject,vgg16,1,PD:0038,1,0.9353771209716797,False,handpd:meander,3
P2_subject,vgg16,1,PD:0045,1,0.944462776184082,False,handpd:meander,3
P2_subject,vgg16,1,PD:0045,1,0.9124222993850708,False,handpd:meander,3
P2_subject,vgg16,1,PD:0045,1,0.9459952116012573,False,handpd:meander,3
P2_subject,vgg16,1,PD:0045,1,0.9345217943191528,False,handpd:meander,3
P2_subject,vgg16,1,PD:0051,1,0.7915728092193604,False,handpd:meander,3
P2_subject,vgg16,1,PD:0051,1,0.8059887886047363,False,handpd:meander,3
P2_subject,vgg16,1,PD:0051,1,0.8450835943222046,False,handpd:meander,3
P2_subject,vgg16,1,PD:0051,1,0.8149354457855225,False,handpd:meander,3
P2_subject,vgg16,1,PD:0136,1,0.870824933052063,False,handpd:meander,3
P2_subject,vgg16,1,PD:0136,1,0.8045812845230103,False,handpd:meander,3
P2_subject,vgg16,1,PD:0136,1,0.9028761386871338,False,handpd:meander,3
P2_subject,vgg16,1,PD:0136,1,0.8653894662857056,False,handpd:meander,3
P2_subject,vgg16,1,PD:0143,1,0.9191166162490845,False,handpd:meander,3
P2_subject,vgg16,1,PD:0143,1,0.7764091491699219,False,handpd:meander,3
P2_subject,vgg16,1,PD:0143,1,0.7969905734062195,False,handpd:meander,3
P2_subject,vgg16,1,PD:0143,1,0.8510895371437073,False,handpd:meander,3
P2_subject,vgg16,1,PD:0148,1,0.9058331251144409,False,handpd:meander,3
P2_subject,vgg16,1,PD:0148,1,0.9418538212776184,False,handpd:meander,3
P2_subject,vgg16,1,PD:0148,1,0.9105563759803772,False,handpd:meander,3
P2_subject,vgg16,1,PD:0148,1,0.9471036791801453,False,handpd:meander,3
P2_subject,vgg16,1,PD:0161,1,0.8411597609519958,False,handpd:meander,3
P2_subject,vgg16,1,PD:0161,1,0.8917033076286316,False,handpd:meander,3
P2_subject,vgg16,1,PD:0161,1,0.8532702326774597,False,handpd:meander,3
P2_subject,vgg16,1,PD:0161,1,0.8945117592811584,False,handpd:meander,3
P2_subject,vgg16,1,PD:0165,1,0.7035819888114929,False,handpd:meander,3
P2_subject,vgg16,1,PD:0165,1,0.6856334805488586,False,handpd:meander,3
P2_subject,vgg16,1,PD:0165,1,0.6919966340065002,False,handpd:meander,3
P2_subject,vgg16,1,PD:0165,1,0.6972402930259705,False,handpd:meander,3
P2_subject,vgg16,1,PD:0170,1,0.9877704381942749,False,handpd:meander,3
P2_subject,vgg16,1,PD:0170,1,0.9833032488822937,False,handpd:meander,3
P2_subject,vgg16,1,PD:0170,1,0.9869627356529236,False,handpd:meander,3
P2_subject,vgg16,1,PD:0170,1,0.9901021718978882,False,handpd:meander,3
P2_subject,vgg16,1,PD:0176,1,0.965180516242981,False,handpd:meander,3
P2_subject,vgg16,1,PD:0176,1,0.9449645280838013,False,handpd:meander,3
P2_subject,vgg16,1,PD:0176,1,0.8831958174705505,False,handpd:meander,3
P2_subject,vgg16,1,PD:0176,1,0.9185764193534851,False,handpd:meander,3
P2_subject,vgg16,1,PD:0187,1,0.8016287684440613,False,handpd:meander,3
P2_subject,vgg16,1,PD:0187,1,0.8031454086303711,False,handpd:meander,3
P2_subject,vgg16,1,PD:0187,1,0.8076714873313904,False,handpd:meander,3
P2_subject,vgg16,1,PD:0187,1,0.7771151065826416,False,handpd:meander,3
P2_subject,vgg16,1,PD:0196,1,0.7979434728622437,False,handpd:meander,3
P2_subject,vgg16,1,PD:0196,1,0.8088520765304565,False,handpd:meander,3
P2_subject,vgg16,1,PD:0196,1,0.8190656304359436,False,handpd:meander,3
P2_subject,vgg16,1,PD:0196,1,0.8972972631454468,False,handpd:meander,3
P2_subject,vgg16,1,PD:0197,1,0.9327967762947083,False,handpd:meander,3
P2_subject,vgg16,1,PD:0197,1,0.8439491987228394,False,handpd:meander,3
P2_subject,vgg16,1,PD:0197,1,0.7602464556694031,False,handpd:meander,3
P2_subject,vgg16,1,PD:0197,1,0.8994264602661133,False,handpd:meander,3
P2_subject,vgg16,1,PD:0219,1,0.8583542108535767,False,handpd:meander,3
P2_subject,vgg16,1,PD:0219,1,0.8894597887992859,False,handpd:meander,3
P2_subject,vgg16,1,PD:0219,1,0.7762216329574585,False,handpd:meander,3
P2_subject,vgg16,1,PD:0219,1,0.8612599968910217,False,handpd:meander,3
P2_subject,vgg16,1,PD:0228,1,0.9735395908355713,False,handpd:meander,3
P2_subject,vgg16,1,PD:0228,1,0.8997427821159363,False,handpd:meander,3
P2_subject,vgg16,1,PD:0228,1,0.9465542435646057,False,handpd:meander,3
P2_subject,vgg16,1,PD:0228,1,0.9606828689575195,False,handpd:meander,3
P2_subject,vgg16,1,PD:0229,1,0.9821773767471313,False,handpd:meander,3
P2_subject,vgg16,1,PD:0229,1,0.9731926321983337,False,handpd:meander,3
P2_subject,vgg16,1,PD:0229,1,0.9669585227966309,False,handpd:meander,3
P2_subject,vgg16,1,PD:0229,1,0.9822024703025818,False,handpd:meander,3
P2_subject,vgg16,1,PD:0230,1,0.9941296577453613,False,handpd:meander,3
P2_subject,vgg16,1,PD:0230,1,0.9815158843994141,False,handpd:meander,3
P2_subject,vgg16,1,PD:0230,1,0.9826098680496216,False,handpd:meander,3
P2_subject,vgg16,1,PD:0230,1,0.973809003829956,False,handpd:meander,3
P2_subject,vgg16,1,PD:0235,1,0.9849370121955872,False,handpd:meander,3
P2_subject,vgg16,1,PD:0235,1,0.9603052139282227,False,handpd:meander,3
P2_subject,vgg16,1,PD:0235,1,0.968248188495636,False,handpd:meander,3
P2_subject,vgg16,1,PD:0235,1,0.9872764945030212,False,handpd:meander,3
P2_subject,vgg16,1,PD:0240,1,0.8201858997344971,False,handpd:meander,3
P2_subject,vgg16,1,PD:0240,1,0.8566335439682007,False,handpd:meander,3
P2_subject,vgg16,1,PD:0240,1,0.8768290877342224,False,handpd:meander,3
P2_subject,vgg16,1,PD:0240,1,0.875887930393219,False,handpd:meander,3
P2_subject,vgg16,1,PD:0247,1,0.9543251991271973,False,handpd:meander,3
P2_subject,vgg16,1,PD:0247,1,0.964210569858551,False,handpd:meander,3
P2_subject,vgg16,1,PD:0247,1,0.9796916842460632,False,handpd:meander,3
P2_subject,vgg16,1,PD:0247,1,0.9515292644500732,False,handpd:meander,3
P2_subject,vgg16,1,PD:0280,1,0.9050116539001465,False,handpd:meander,3
P2_subject,vgg16,1,PD:0280,1,0.892781674861908,False,handpd:meander,3
P2_subject,vgg16,1,PD:0280,1,0.8185430765151978,False,handpd:meander,3
P2_subject,vgg16,1,PD:0280,1,0.8973928689956665,False,handpd:meander,3
P2_subject,vgg16,2,HC:0100,0,0.7329984903335571,False,handpd:meander,3
P2_subject,vgg16,2,HC:0100,0,0.7466132640838623,False,handpd:meander,3
P2_subject,vgg16,2,HC:0100,0,0.7482771277427673,False,handpd:meander,3
P2_subject,vgg16,2,HC:0100,0,0.7446140050888062,False,handpd:meander,3
P2_subject,vgg16,2,HC:0131,0,0.739963173866272,False,handpd:meander,3
P2_subject,vgg16,2,HC:0131,0,0.7555885910987854,False,handpd:meander,3
P2_subject,vgg16,2,HC:0131,0,0.7397766709327698,False,handpd:meander,3
P2_subject,vgg16,2,HC:0131,0,0.7310150861740112,False,handpd:meander,3
P2_subject,vgg16,2,HC:0287,0,0.7639183402061462,False,handpd:meander,3
P2_subject,vgg16,2,HC:0287,0,0.7719787359237671,False,handpd:meander,3
P2_subject,vgg16,2,HC:0287,0,0.7679363489151001,False,handpd:meander,3
P2_subject,vgg16,2,HC:0287,0,0.7753576040267944,False,handpd:meander,3
P2_subject,vgg16,2,HC:0293,0,0.772977888584137,False,handpd:meander,3
P2_subject,vgg16,2,HC:0293,0,0.7679000496864319,False,handpd:meander,3
P2_subject,vgg16,2,HC:0293,0,0.7795665264129639,False,handpd:meander,3
P2_subject,vgg16,2,HC:0293,0,0.7950787544250488,False,handpd:meander,3
P2_subject,vgg16,2,HC:0295,0,0.7942607402801514,False,handpd:meander,3
P2_subject,vgg16,2,HC:0295,0,0.7867218852043152,False,handpd:meander,3
P2_subject,vgg16,2,HC:0295,0,0.7937971949577332,False,handpd:meander,3
P2_subject,vgg16,2,HC:0295,0,0.7890733480453491,False,handpd:meander,3
P2_subject,vgg16,2,HC:0305,0,0.8046514391899109,False,handpd:meander,3
P2_subject,vgg16,2,HC:0305,0,0.7901914715766907,False,handpd:meander,3
P2_subject,vgg16,2,HC:0305,0,0.8031395673751831,False,handpd:meander,3
P2_subject,vgg16,2,HC:0305,0,0.817222535610199,False,handpd:meander,3
P2_subject,vgg16,2,PD:0002,1,0.8553982973098755,False,handpd:meander,3
P2_subject,vgg16,2,PD:0002,1,0.8371155858039856,False,handpd:meander,3
P2_subject,vgg16,2,PD:0002,1,0.8598007559776306,False,handpd:meander,3
P2_subject,vgg16,2,PD:0002,1,0.8191308975219727,False,handpd:meander,3
P2_subject,vgg16,2,PD:0005,1,0.7906228303909302,False,handpd:meander,3
P2_subject,vgg16,2,PD:0005,1,0.7977562546730042,False,handpd:meander,3
P2_subject,vgg16,2,PD:0005,1,0.816382110118866,False,handpd:meander,3
P2_subject,vgg16,2,PD:0005,1,0.8197362422943115,False,handpd:meander,3
P2_subject,vgg16,2,PD:0009,1,0.7813081741333008,False,handpd:meander,3
P2_subject,vgg16,2,PD:0009,1,0.788195788860321,False,handpd:meander,3
P2_subject,vgg16,2,PD:0009,1,0.7632842659950256,False,handpd:meander,3
P2_subject,vgg16,2,PD:0009,1,0.7622858285903931,False,handpd:meander,3
P2_subject,vgg16,2,PD:0023,1,0.8253793120384216,False,handpd:meander,3
P2_subject,vgg16,2,PD:0023,1,0.7801824808120728,False,handpd:meander,3
P2_subject,vgg16,2,PD:0023,1,0.7783693075180054,False,handpd:meander,3
P2_subject,vgg16,2,PD:0023,1,0.787083625793457,False,handpd:meander,3
P2_subject,vgg16,2,PD:0046,1,0.8010582327842712,False,handpd:meander,3
P2_subject,vgg16,2,PD:0046,1,0.7880980372428894,False,handpd:meander,3
P2_subject,vgg16,2,PD:0046,1,0.8035733103752136,False,handpd:meander,3
P2_subject,vgg16,2,PD:0046,1,0.8268762230873108,False,handpd:meander,3
P2_subject,vgg16,2,PD:0052,1,0.7931684255599976,False,handpd:meander,3
P2_subject,vgg16,2,PD:0052,1,0.7892284393310547,False,handpd:meander,3
P2_subject,vgg16,2,PD:0052,1,0.7721631526947021,False,handpd:meander,3
P2_subject,vgg16,2,PD:0052,1,0.7987270951271057,False,handpd:meander,3
P2_subject,vgg16,2,PD:0134,1,0.8135205507278442,False,handpd:meander,3
P2_subject,vgg16,2,PD:0134,1,0.8089271783828735,False,handpd:meander,3
P2_subject,vgg16,2,PD:0134,1,0.8323689103126526,False,handpd:meander,3
P2_subject,vgg16,2,PD:0134,1,0.840660810470581,False,handpd:meander,3
P2_subject,vgg16,2,PD:0139,1,0.772059440612793,False,handpd:meander,3
P2_subject,vgg16,2,PD:0139,1,0.7830851674079895,False,handpd:meander,3
P2_subject,vgg16,2,PD:0139,1,0.7628546953201294,False,handpd:meander,3
P2_subject,vgg16,2,PD:0139,1,0.7892215847969055,False,handpd:meander,3
P2_subject,vgg16,2,PD:0153,1,0.7647626399993896,False,handpd:meander,3
P2_subject,vgg16,2,PD:0153,1,0.7648331522941589,False,handpd:meander,3
P2_subject,vgg16,2,PD:0153,1,0.7587366700172424,False,handpd:meander,3
P2_subject,vgg16,2,PD:0153,1,0.7665634155273438,False,handpd:meander,3
P2_subject,vgg16,2,PD:0157,1,0.8093710541725159,False,handpd:meander,3
P2_subject,vgg16,2,PD:0157,1,0.8079159259796143,False,handpd:meander,3
P2_subject,vgg16,2,PD:0157,1,0.8172404766082764,False,handpd:meander,3
P2_subject,vgg16,2,PD:0157,1,0.8222455382347107,False,handpd:meander,3
P2_subject,vgg16,2,PD:0174,1,0.834572434425354,False,handpd:meander,3
P2_subject,vgg16,2,PD:0174,1,0.8308115601539612,False,handpd:meander,3
P2_subject,vgg16,2,PD:0174,1,0.8352885246276855,False,handpd:meander,3
P2_subject,vgg16,2,PD:0174,1,0.8344380855560303,False,handpd:meander,3
P2_subject,vgg16,2,PD:0177,1,0.815065860748291,False,handpd:meander,3
P2_subject,vgg16,2,PD:0177,1,0.7749332785606384,False,handpd:meander,3
P2_subject,vgg16,2,PD:0177,1,0.7844089865684509,False,handpd:meander,3
P2_subject,vgg16,2,PD:0177,1,0.780818521976471,False,handpd:meander,3
P2_subject,vgg16,2,PD:0181,1,0.7976974844932556,False,handpd:meander,3
P2_subject,vgg16,2,PD:0181,1,0.8053749203681946,False,handpd:meander,3
P2_subject,vgg16,2,PD:0181,1,0.7939092516899109,False,handpd:meander,3
P2_subject,vgg16,2,PD:0181,1,0.8213091492652893,False,handpd:meander,3
P2_subject,vgg16,2,PD:0186,1,0.7989757061004639,False,handpd:meander,3
P2_subject,vgg16,2,PD:0186,1,0.8016477227210999,False,handpd:meander,3
P2_subject,vgg16,2,PD:0186,1,0.7964531779289246,False,handpd:meander,3
P2_subject,vgg16,2,PD:0186,1,0.7942225337028503,False,handpd:meander,3
P2_subject,vgg16,2,PD:0198,1,0.7908530831336975,False,handpd:meander,3
P2_subject,vgg16,2,PD:0198,1,0.7700478434562683,False,handpd:meander,3
P2_subject,vgg16,2,PD:0198,1,0.8022093176841736,False,handpd:meander,3
P2_subject,vgg16,2,PD:0198,1,0.7900093793869019,False,handpd:meander,3
P2_subject,vgg16,2,PD:0202,1,0.7611448764801025,False,handpd:meander,3
P2_subject,vgg16,2,PD:0202,1,0.7530304193496704,False,handpd:meander,3
P2_subject,vgg16,2,PD:0202,1,0.7572197914123535,False,handpd:meander,3
P2_subject,vgg16,2,PD:0202,1,0.783846378326416,False,handpd:meander,3
P2_subject,vgg16,2,PD:0207,1,0.789745032787323,False,handpd:meander,3
P2_subject,vgg16,2,PD:0207,1,0.7957169413566589,False,handpd:meander,3
P2_subject,vgg16,2,PD:0207,1,0.7775076031684875,False,handpd:meander,3
P2_subject,vgg16,2,PD:0207,1,0.7877998948097229,False,handpd:meander,3
P2_subject,vgg16,2,PD:0213,1,0.8236345052719116,False,handpd:meander,3
P2_subject,vgg16,2,PD:0213,1,0.860606849193573,False,handpd:meander,3
P2_subject,vgg16,2,PD:0213,1,0.8125504851341248,False,handpd:meander,3
P2_subject,vgg16,2,PD:0213,1,0.825493574142456,False,handpd:meander,3
P2_subject,vgg16,2,PD:0214,1,0.8209457397460938,False,handpd:meander,3
P2_subject,vgg16,2,PD:0214,1,0.7988981604576111,False,handpd:meander,3
P2_subject,vgg16,2,PD:0214,1,0.8138004541397095,False,handpd:meander,3
P2_subject,vgg16,2,PD:0214,1,0.7800644040107727,False,handpd:meander,3
P2_subject,vgg16,2,PD:0234,1,0.8189242482185364,False,handpd:meander,3
P2_subject,vgg16,2,PD:0234,1,0.7929538488388062,False,handpd:meander,3
P2_subject,vgg16,2,PD:0234,1,0.8146171569824219,False,handpd:meander,3
P2_subject,vgg16,2,PD:0234,1,0.826566219329834,False,handpd:meander,3
P2_subject,vgg16,2,PD:0236,1,0.8194630742073059,False,handpd:meander,3
P2_subject,vgg16,2,PD:0236,1,0.8142043352127075,False,handpd:meander,3
P2_subject,vgg16,2,PD:0236,1,0.8184015154838562,False,handpd:meander,3
P2_subject,vgg16,2,PD:0236,1,0.8193114399909973,False,handpd:meander,3
P2_subject,vgg16,2,PD:0241,1,0.8293447494506836,False,handpd:meander,3
P2_subject,vgg16,2,PD:0241,1,0.8598635792732239,False,handpd:meander,3
P2_subject,vgg16,2,PD:0241,1,0.8409838676452637,False,handpd:meander,3
P2_subject,vgg16,2,PD:0241,1,0.8489325642585754,False,handpd:meander,3
P2_subject,vgg16,2,PD:0246,1,0.8419263958930969,False,handpd:meander,3
P2_subject,vgg16,2,PD:0246,1,0.8234275579452515,False,handpd:meander,3
P2_subject,vgg16,2,PD:0246,1,0.8081287741661072,False,handpd:meander,3
P2_subject,vgg16,2,PD:0246,1,0.8446617722511292,False,handpd:meander,3
P2_subject,vgg16,2,PD:0261,1,0.7863047122955322,False,handpd:meander,3
P2_subject,vgg16,2,PD:0261,1,0.7989361882209778,False,handpd:meander,3
P2_subject,vgg16,2,PD:0261,1,0.7754254937171936,False,handpd:meander,3
P2_subject,vgg16,2,PD:0261,1,0.8086210489273071,False,handpd:meander,3
P2_subject,vgg16,2,PD:0269,1,0.8146895170211792,False,handpd:meander,3
P2_subject,vgg16,2,PD:0269,1,0.8142733573913574,False,handpd:meander,3
P2_subject,vgg16,2,PD:0269,1,0.7975955009460449,False,handpd:meander,3
P2_subject,vgg16,2,PD:0269,1,0.8134844899177551,False,handpd:meander,3
P1_image,resnet50,0,HC:0068,0,0.6949683427810669,True,handpd:meander,3
P1_image,resnet50,0,HC:0092,0,0.6448784470558167,True,handpd:meander,3
P1_image,resnet50,0,HC:0092,0,0.5546784996986389,True,handpd:meander,3
P1_image,resnet50,0,HC:0100,0,0.8443637490272522,True,handpd:meander,3
P1_image,resnet50,0,HC:0100,0,0.7867300510406494,True,handpd:meander,3
P1_image,resnet50,0,HC:0100,0,0.5996475219726562,True,handpd:meander,3
P1_image,resnet50,0,HC:0102,0,0.6206251978874207,True,handpd:meander,3
P1_image,resnet50,0,HC:0106,0,0.6761671304702759,True,handpd:meander,3
P1_image,resnet50,0,HC:0106,0,0.8462658524513245,True,handpd:meander,3
P1_image,resnet50,0,HC:0112,0,0.5976481437683105,True,handpd:meander,3
P1_image,resnet50,0,HC:0127,0,0.570229709148407,True,handpd:meander,3
P1_image,resnet50,0,HC:0129,0,0.7356855869293213,True,handpd:meander,3
P1_image,resnet50,0,HC:0131,0,0.599973201751709,True,handpd:meander,3
P1_image,resnet50,0,HC:0287,0,0.69997239112854,True,handpd:meander,3
P1_image,resnet50,0,HC:0287,0,0.7410995364189148,True,handpd:meander,3
P1_image,resnet50,0,HC:0287,0,0.9155527353286743,True,handpd:meander,3
P1_image,resnet50,0,HC:0289,0,0.7818207144737244,True,handpd:meander,3
P1_image,resnet50,0,HC:0289,0,0.6428900361061096,True,handpd:meander,3
P1_image,resnet50,0,HC:0293,0,0.7442920207977295,True,handpd:meander,3
P1_image,resnet50,0,HC:0297,0,0.7554424405097961,True,handpd:meander,3
P1_image,resnet50,0,HC:0297,0,0.8928778767585754,True,handpd:meander,3
P1_image,resnet50,0,HC:0297,0,0.667892336845398,True,handpd:meander,3
P1_image,resnet50,0,HC:0305,0,0.9973128437995911,True,handpd:meander,3
P1_image,resnet50,0,HC:0305,0,0.9878028035163879,True,handpd:meander,3
P1_image,resnet50,0,PD:0002,1,0.9864410758018494,True,handpd:meander,3
P1_image,resnet50,0,PD:0003,1,0.9879224896430969,True,handpd:meander,3
P1_image,resnet50,0,PD:0004,1,0.9991652965545654,True,handpd:meander,3
P1_image,resnet50,0,PD:0004,1,0.9790776371955872,True,handpd:meander,3
P1_image,resnet50,0,PD:0009,1,0.693709135055542,True,handpd:meander,3
P1_image,resnet50,0,PD:0009,1,0.8100940585136414,True,handpd:meander,3
P1_image,resnet50,0,PD:0009,1,0.8455681800842285,True,handpd:meander,3
P1_image,resnet50,0,PD:0010,1,0.9984986782073975,True,handpd:meander,3
P1_image,resnet50,0,PD:0010,1,0.9954473376274109,True,handpd:meander,3
P1_image,resnet50,0,PD:0016,1,0.9999337196350098,True,handpd:meander,3
P1_image,resnet50,0,PD:0023,1,0.8470179438591003,True,handpd:meander,3
P1_image,resnet50,0,PD:0024,1,0.7772225737571716,True,handpd:meander,3
P1_image,resnet50,0,PD:0031,1,0.7439185380935669,True,handpd:meander,3
P1_image,resnet50,0,PD:0037,1,0.9826326370239258,True,handpd:meander,3
P1_image,resnet50,0,PD:0037,1,0.9985591769218445,True,handpd:meander,3
P1_image,resnet50,0,PD:0037,1,0.9948008060455322,True,handpd:meander,3
P1_image,resnet50,0,PD:0038,1,0.9930631518363953,True,handpd:meander,3
P1_image,resnet50,0,PD:0044,1,0.988784909248352,True,handpd:meander,3
P1_image,resnet50,0,PD:0045,1,0.9981008172035217,True,handpd:meander,3
P1_image,resnet50,0,PD:0051,1,0.9185912013053894,True,handpd:meander,3
P1_image,resnet50,0,PD:0052,1,0.9931615591049194,True,handpd:meander,3
P1_image,resnet50,0,PD:0053,1,0.9673423171043396,True,handpd:meander,3
P1_image,resnet50,0,PD:0053,1,0.9520768523216248,True,handpd:meander,3
P1_image,resnet50,0,PD:0054,1,0.935358464717865,True,handpd:meander,3
P1_image,resnet50,0,PD:0054,1,0.803956925868988,True,handpd:meander,3
P1_image,resnet50,0,PD:0054,1,0.9783675074577332,True,handpd:meander,3
P1_image,resnet50,0,PD:0134,1,0.9925179481506348,True,handpd:meander,3
P1_image,resnet50,0,PD:0134,1,0.991462767124176,True,handpd:meander,3
P1_image,resnet50,0,PD:0136,1,0.9994775652885437,True,handpd:meander,3
P1_image,resnet50,0,PD:0136,1,0.8114229440689087,True,handpd:meander,3
P1_image,resnet50,0,PD:0138,1,0.9153692722320557,True,handpd:meander,3
P1_image,resnet50,0,PD:0139,1,0.8258730173110962,True,handpd:meander,3
P1_image,resnet50,0,PD:0139,1,0.6581748127937317,True,handpd:meander,3
P1_image,resnet50,0,PD:0148,1,0.9792689681053162,True,handpd:meander,3
P1_image,resnet50,0,PD:0148,1,0.9823789000511169,True,handpd:meander,3
P1_image,resnet50,0,PD:0149,1,0.9789794683456421,True,handpd:meander,3
P1_image,resnet50,0,PD:0157,1,0.9978280663490295,True,handpd:meander,3
P1_image,resnet50,0,PD:0157,1,0.9738527536392212,True,handpd:meander,3
P1_image,resnet50,0,PD:0157,1,0.9682410359382629,True,handpd:meander,3
P1_image,resnet50,0,PD:0161,1,0.8971800208091736,True,handpd:meander,3
P1_image,resnet50,0,PD:0166,1,0.9631714820861816,True,handpd:meander,3
P1_image,resnet50,0,PD:0166,1,0.7231064438819885,True,handpd:meander,3
P1_image,resnet50,0,PD:0170,1,0.9980949759483337,True,handpd:meander,3
P1_image,resnet50,0,PD:0176,1,0.9972088932991028,True,handpd:meander,3
P1_image,resnet50,0,PD:0176,1,0.9335383772850037,True,handpd:meander,3
P1_image,resnet50,0,PD:0177,1,0.9454472064971924,True,handpd:meander,3
P1_image,resnet50,0,PD:0177,1,0.993520200252533,True,handpd:meander,3
P1_image,resnet50,0,PD:0177,1,0.9063241481781006,True,handpd:meander,3
P1_image,resnet50,0,PD:0181,1,0.6967729330062866,True,handpd:meander,3
P1_image,resnet50,0,PD:0182,1,0.8891570568084717,True,handpd:meander,3
P1_image,resnet50,0,PD:0187,1,0.6865858435630798,True,handpd:meander,3
P1_image,resnet50,0,PD:0187,1,0.9205169081687927,True,handpd:meander,3
P1_image,resnet50,0,PD:0188,1,0.680561900138855,True,handpd:meander,3
P1_image,resnet50,0,PD:0188,1,0.9287823438644409,True,handpd:meander,3
P1_image,resnet50,0,PD:0192,1,0.983020007610321,True,handpd:meander,3
P1_image,resnet50,0,PD:0192,1,0.9923285841941833,True,handpd:meander,3
P1_image,resnet50,0,PD:0196,1,0.9132246971130371,True,handpd:meander,3
P1_image,resnet50,0,PD:0196,1,0.9985365867614746,True,handpd:meander,3
P1_image,resnet50,0,PD:0197,1,0.7026674151420593,True,handpd:meander,3
P1_image,resnet50,0,PD:0197,1,0.9348413348197937,True,handpd:meander,3
P1_image,resnet50,0,PD:0197,1,0.9396328330039978,True,handpd:meander,3
P1_image,resnet50,0,PD:0202,1,0.6074455380439758,True,handpd:meander,3
P1_image,resnet50,0,PD:0202,1,0.7345935106277466,True,handpd:meander,3
P1_image,resnet50,0,PD:0207,1,0.9903913736343384,True,handpd:meander,3
P1_image,resnet50,0,PD:0207,1,0.970871090888977,True,handpd:meander,3
P1_image,resnet50,0,PD:0208,1,0.8710030913352966,True,handpd:meander,3
P1_image,resnet50,0,PD:0208,1,0.9612937569618225,True,handpd:meander,3
P1_image,resnet50,0,PD:0213,1,0.9997979998588562,True,handpd:meander,3
P1_image,resnet50,0,PD:0213,1,0.9870449900627136,True,handpd:meander,3
P1_image,resnet50,0,PD:0214,1,0.9956217408180237,True,handpd:meander,3
P1_image,resnet50,0,PD:0214,1,0.9883052110671997,True,handpd:meander,3
P1_image,resnet50,0,PD:0214,1,0.9934033751487732,True,handpd:meander,3
P1_image,resnet50,0,PD:0218,1,0.8937463760375977,True,handpd:meander,3
P1_image,resnet50,0,PD:0219,1,0.8444109559059143,True,handpd:meander,3
P1_image,resnet50,0,PD:0219,1,0.7437723278999329,True,handpd:meander,3
P1_image,resnet50,0,PD:0230,1,0.9987289309501648,True,handpd:meander,3
P1_image,resnet50,0,PD:0234,1,0.9788849949836731,True,handpd:meander,3
P1_image,resnet50,0,PD:0235,1,0.9998788833618164,True,handpd:meander,3
P1_image,resnet50,0,PD:0236,1,0.9997768998146057,True,handpd:meander,3
P1_image,resnet50,0,PD:0240,1,0.9953187108039856,True,handpd:meander,3
P1_image,resnet50,0,PD:0241,1,0.9962177872657776,True,handpd:meander,3
P1_image,resnet50,0,PD:0242,1,0.990234375,True,handpd:meander,3
P1_image,resnet50,0,PD:0242,1,0.9997928738594055,True,handpd:meander,3
P1_image,resnet50,0,PD:0242,1,0.9974332451820374,True,handpd:meander,3
P1_image,resnet50,0,PD:0246,1,0.9999816417694092,True,handpd:meander,3
P1_image,resnet50,0,PD:0246,1,0.9984573125839233,True,handpd:meander,3
P1_image,resnet50,0,PD:0247,1,0.9989880919456482,True,handpd:meander,3
P1_image,resnet50,0,PD:0247,1,0.999945878982544,True,handpd:meander,3
P1_image,resnet50,0,PD:0247,1,0.9963251948356628,True,handpd:meander,3
P1_image,resnet50,0,PD:0254,1,0.888299822807312,True,handpd:meander,3
P1_image,resnet50,0,PD:0254,1,0.979083240032196,True,handpd:meander,3
P1_image,resnet50,0,PD:0268,1,0.9955833554267883,True,handpd:meander,3
P1_image,resnet50,0,PD:0268,1,0.9835482239723206,True,handpd:meander,3
P1_image,resnet50,0,PD:0269,1,0.9507665038108826,True,handpd:meander,3
P1_image,resnet50,0,PD:0269,1,0.990885317325592,True,handpd:meander,3
P1_image,resnet50,0,PD:0274,1,0.9986019730567932,True,handpd:meander,3
P1_image,resnet50,0,PD:0280,1,0.9931527376174927,True,handpd:meander,3
P1_image,resnet50,0,PD:0281,1,0.9956716299057007,True,handpd:meander,3
P1_image,resnet50,0,PD:0281,1,0.9971628785133362,True,handpd:meander,3
P1_image,resnet50,1,HC:0068,0,0.6149717569351196,True,handpd:meander,3
P1_image,resnet50,1,HC:0068,0,0.7006731629371643,True,handpd:meander,3
P1_image,resnet50,1,HC:0068,0,0.6116304397583008,True,handpd:meander,3
P1_image,resnet50,1,HC:0092,0,0.5790312886238098,True,handpd:meander,3
P1_image,resnet50,1,HC:0098,0,0.6569787263870239,True,handpd:meander,3
P1_image,resnet50,1,HC:0102,0,0.5466360449790955,True,handpd:meander,3
P1_image,resnet50,1,HC:0104,0,0.5963728427886963,True,handpd:meander,3
P1_image,resnet50,1,HC:0106,0,0.618809163570404,True,handpd:meander,3
P1_image,resnet50,1,HC:0106,0,0.5771821141242981,True,handpd:meander,3
P1_image,resnet50,1,HC:0112,0,0.6748484373092651,True,handpd:meander,3
P1_image,resnet50,1,HC:0116,0,0.7853876948356628,True,handpd:meander,3
P1_image,resnet50,1,HC:0116,0,0.667600691318512,True,handpd:meander,3
P1_image,resnet50,1,HC:0127,0,0.5701552033424377,True,handpd:meander,3
P1_image,resnet50,1,HC:0129,0,0.5673055648803711,True,handpd:meander,3
P1_image,resnet50,1,HC:0131,0,0.609272837638855,True,handpd:meander,3
P1_image,resnet50,1,HC:0131,0,0.6640502214431763,True,handpd:meander,3
P1_image,resnet50,1,HC:0289,0,0.7016821503639221,True,handpd:meander,3
P1_image,resnet50,1,HC:0293,0,0.8224847912788391,True,handpd:meander,3
P1_image,resnet50,1,HC:0293,0,0.652940034866333,True,handpd:meander,3
P1_image,resnet50,1,HC:0293,0,0.7094412446022034,True,handpd:meander,3
P1_image,resnet50,1,HC:0295,0,0.8138928413391113,True,handpd:meander,3
P1_image,resnet50,1,HC:0295,0,0.8261703848838806,True,handpd:meander,3
P1_image,resnet50,1,HC:0297,0,0.7078465819358826,True,handpd:meander,3
P1_image,resnet50,1,HC:0305,0,0.8647440671920776,True,handpd:meander,3
P1_image,resnet50,1,PD:0002,1,0.9956385493278503,True,handpd:meander,3
P1_image,resnet50,1,PD:0003,1,0.9960874319076538,True,handpd:meander,3
P1_image,resnet50,1,PD:0005,1,0.8269587755203247,True,handpd:meander,3
P1_image,resnet50,1,PD:0005,1,0.9710897207260132,True,handpd:meander,3
P1_image,resnet50,1,PD:0005,1,0.9609838724136353,True,handpd:meander,3
P1_image,resnet50,1,PD:0009,1,0.7819221019744873,True,handpd:meander,3
P1_image,resnet50,1,PD:0010,1,0.9752061367034912,True,handpd:meander,3
P1_image,resnet50,1,PD:0010,1,0.9950277209281921,True,handpd:meander,3
P1_image,resnet50,1,PD:0016,1,0.9316760301589966,True,handpd:meander,3
P1_image,resnet50,1,PD:0016,1,0.9138989448547363,True,handpd:meander,3
P1_image,resnet50,1,PD:0023,1,0.7655254602432251,True,handpd:meander,3
P1_image,resnet50,1,PD:0024,1,0.7622969150543213,True,handpd:meander,3
P1_image,resnet50,1,PD:0030,1,0.8771750926971436,True,handpd:meander,3
P1_image,resnet50,1,PD:0031,1,0.7584624886512756,True,handpd:meander,3
P1_image,resnet50,1,PD:0031,1,0.9608983397483826,True,handpd:meander,3
P1_image,resnet50,1,PD:0037,1,0.9784836769104004,True,handpd:meander,3
P1_image,resnet50,1,PD:0038,1,0.9933178424835205,True,handpd:meander,3
P1_image,resnet50,1,PD:0044,1,0.9342867732048035,True,handpd:meander,3
P1_image,resnet50,1,PD:0044,1,0.9162987470626831,True,handpd:meander,3
P1_image,resnet50,1,PD:0045,1,0.9840905070304871,True,handpd:meander,3
P1_image,resnet50,1,PD:0046,1,0.9320187568664551,False,handpd:meander,3
P1_image,resnet50,1,PD:0046,1,0.9913005232810974,False,handpd:meander,3
P1_image,resnet50,1,PD:0046,1,0.9051160216331482,False,handpd:meander,3
P1_image,resnet50,1,PD:0046,1,0.9061283469200134,False,handpd:meander,3
P1_image,resnet50,1,PD:0051,1,0.8296036124229431,True,handpd:meander,3
P1_image,resnet50,1,PD:0051,1,0.7938497066497803,True,handpd:meander,3
P1_image,resnet50,1,PD:0051,1,0.6383263468742371,True,handpd:meander,3
P1_image,resnet50,1,PD:0052,1,0.766352653503418,True,handpd:meander,3
P1_image,resnet50,1,PD:0052,1,0.7530239820480347,True,handpd:meander,3
P1_image,resnet50,1,PD:0052,1,0.8498154282569885,True,handpd:meander,3
P1_image,resnet50,1,PD:0053,1,0.7825229167938232,True,handpd:meander,3
P1_image,resnet50,1,PD:0053,1,0.7099156975746155,True,handpd:meander,3
P1_image,resnet50,1,PD:0054,1,0.8901207447052002,True,handpd:meander,3
P1_image,resnet50,1,PD:0134,1,0.9815280437469482,True,handpd:meander,3
P1_image,resnet50,1,PD:0134,1,0.999489426612854,True,handpd:meander,3
P1_image,resnet50,1,PD:0138,1,0.6573033928871155,True,handpd:meander,3
P1_image,resnet50,1,PD:0139,1,0.7334444522857666,True,handpd:meander,3
P1_image,resnet50,1,PD:0139,1,0.6491026282310486,True,handpd:meander,3
P1_image,resnet50,1,PD:0143,1,0.9733325242996216,True,handpd:meander,3
P1_image,resnet50,1,PD:0143,1,0.919973611831665,True,handpd:meander,3
P1_image,resnet50,1,PD:0148,1,0.9914719462394714,True,handpd:meander,3
P1_image,resnet50,1,PD:0148,1,0.9713995456695557,True,handpd:meander,3
P1_image,resnet50,1,PD:0149,1,0.9981935620307922,True,handpd:meander,3
P1_image,resnet50,1,PD:0153,1,0.6139565706253052,True,handpd:meander,3
P1_image,resnet50,1,PD:0165,1,0.7568897604942322,True,handpd:meander,3
P1_image,resnet50,1,PD:0165,1,0.7298170924186707,True,handpd:meander,3
P1_image,resnet50,1,PD:0165,1,0.7884275913238525,True,handpd:meander,3
P1_image,resnet50,1,PD:0166,1,0.8943511843681335,True,handpd:meander,3
P1_image,resnet50,1,PD:0170,1,0.9503133893013,True,handpd:meander,3
P1_image,resnet50,1,PD:0174,1,0.9978969097137451,True,handpd:meander,3
P1_image,resnet50,1,PD:0174,1,0.9972668886184692,True,handpd:meander,3
P1_image,resnet50,1,PD:0176,1,0.956610918045044,True,handpd:meander,3
P1_image,resnet50,1,PD:0177,1,0.8055460453033447,True,handpd:meander,3
P1_image,resnet50,1,PD:0181,1,0.7878480553627014,True,handpd:meander,3
P1_image,resnet50,1,PD:0186,1,0.8248026371002197,True,handpd:meander,3
P1_image,resnet50,1,PD:0186,1,0.8761020302772522,True,handpd:meander,3
P1_image,resnet50,1,PD:0187,1,0.8021954894065857,True,handpd:meander,3
P1_image,resnet50,1,PD:0192,1,0.9395111799240112,True,handpd:meander,3
P1_image,resnet50,1,PD:0192,1,0.9616002440452576,True,handpd:meander,3
P1_image,resnet50,1,PD:0196,1,0.7978502511978149,True,handpd:meander,3
P1_image,resnet50,1,PD:0198,1,0.8701872825622559,True,handpd:meander,3
P1_image,resnet50,1,PD:0198,1,0.873302161693573,True,handpd:meander,3
P1_image,resnet50,1,PD:0198,1,0.931510329246521,True,handpd:meander,3
P1_image,resnet50,1,PD:0202,1,0.701143205165863,True,handpd:meander,3
P1_image,resnet50,1,PD:0203,1,0.9213014245033264,False,handpd:meander,3
P1_image,resnet50,1,PD:0203,1,0.877619206905365,False,handpd:meander,3
P1_image,resnet50,1,PD:0203,1,0.8165861368179321,False,handpd:meander,3
P1_image,resnet50,1,PD:0203,1,0.8921781778335571,False,handpd:meander,3
P1_image,resnet50,1,PD:0207,1,0.8298729658126831,True,handpd:meander,3
P1_image,resnet50,1,PD:0213,1,0.9631413817405701,True,handpd:meander,3
P1_image,resnet50,1,PD:0214,1,0.9892194867134094,True,handpd:meander,3
P1_image,resnet50,1,PD:0218,1,0.7906679511070251,True,handpd:meander,3
P1_image,resnet50,1,PD:0219,1,0.9084227085113525,True,handpd:meander,3
P1_image,resnet50,1,PD:0223,1,0.9917973279953003,True,handpd:meander,3
P1_image,resnet50,1,PD:0223,1,0.9156045913696289,True,handpd:meander,3
P1_image,resnet50,1,PD:0223,1,0.9942193031311035,True,handpd:meander,3
P1_image,resnet50,1,PD:0229,1,0.9288912415504456,True,handpd:meander,3
P1_image,resnet50,1,PD:0229,1,0.9896218776702881,True,handpd:meander,3
P1_image,resnet50,1,PD:0234,1,0.994125247001648,True,handpd:meander,3
P1_image,resnet50,1,PD:0235,1,0.9599165320396423,True,handpd:meander,3
P1_image,resnet50,1,PD:0236,1,0.8978649973869324,True,handpd:meander,3
P1_image,resnet50,1,PD:0240,1,0.8931960463523865,True,handpd:meander,3
P1_image,resnet50,1,PD:0240,1,0.9358891844749451,True,handpd:meander,3
P1_image,resnet50,1,PD:0241,1,0.9967177510261536,True,handpd:meander,3
P1_image,resnet50,1,PD:0242,1,0.9686262011528015,True,handpd:meander,3
P1_image,resnet50,1,PD:0246,1,0.9864780902862549,True,handpd:meander,3
P1_image,resnet50,1,PD:0247,1,0.921004056930542,True,handpd:meander,3
P1_image,resnet50,1,PD:0253,1,0.8331156373023987,True,handpd:meander,3
P1_image,resnet50,1,PD:0254,1,0.8366751670837402,True,handpd:meander,3
P1_image,resnet50,1,PD:0261,1,0.8535951972007751,True,handpd:meander,3
P1_image,resnet50,1,PD:0261,1,0.8405335545539856,True,handpd:meander,3
P1_image,resnet50,1,PD:0261,1,0.9027374982833862,True,handpd:meander,3
P1_image,resnet50,1,PD:0273,1,0.945853590965271,True,handpd:meander,3
P1_image,resnet50,1,PD:0273,1,0.9750795960426331,True,handpd:meander,3
P1_image,resnet50,1,PD:0273,1,0.8691346049308777,True,handpd:meander,3
P1_image,resnet50,1,PD:0274,1,0.8115575909614563,True,handpd:meander,3
P1_image,resnet50,1,PD:0274,1,0.8880664110183716,True,handpd:meander,3
P1_image,resnet50,1,PD:0280,1,0.8756848573684692,True,handpd:meander,3
P1_image,resnet50,1,PD:0280,1,0.9777693748474121,True,handpd:meander,3
P1_image,resnet50,2,HC:0092,0,0.6480672955513,True,handpd:meander,3
P1_image,resnet50,2,HC:0098,0,0.7690073847770691,True,handpd:meander,3
P1_image,resnet50,2,HC:0098,0,0.7542065382003784,True,handpd:meander,3
P1_image,resnet50,2,HC:0098,0,0.6225199103355408,True,handpd:meander,3
P1_image,resnet50,2,HC:0100,0,0.8086342215538025,True,handpd:meander,3
P1_image,resnet50,2,HC:0102,0,0.74474036693573,True,handpd:meander,3
P1_image,resnet50,2,HC:0102,0,0.7214848399162292,True,handpd:meander,3
P1_image,resnet50,2,HC:0104,0,0.766456127166748,True,handpd:meander,3
P1_image,resnet50,2,HC:0104,0,0.7594054937362671,True,handpd:meander,3
P1_image,resnet50,2,HC:0104,0,0.7677094340324402,True,handpd:meander,3
P1_image,resnet50,2,HC:0112,0,0.7581573724746704,True,handpd:meander,3
P1_image,resnet50,2,HC:0112,0,0.6537331342697144,True,handpd:meander,3
P1_image,resnet50,2,HC:0116,0,0.8544164896011353,True,handpd:meander,3
P1_image,resnet50,2,HC:0116,0,0.7648370862007141,True,handpd:meander,3
P1_image,resnet50,2,HC:0127,0,0.8010887503623962,True,handpd:meander,3
P1_image,resnet50,2,HC:0127,0,0.6652737855911255,True,handpd:meander,3
P1_image,resnet50,2,HC:0129,0,0.6092926859855652,True,handpd:meander,3
P1_image,resnet50,2,HC:0129,0,0.8009640574455261,True,handpd:meander,3
P1_image,resnet50,2,HC:0131,0,0.6311420202255249,True,handpd:meander,3
P1_image,resnet50,2,HC:0287,0,0.9895746111869812,True,handpd:meander,3
P1_image,resnet50,2,HC:0289,0,0.6693484783172607,True,handpd:meander,3
P1_image,resnet50,2,HC:0295,0,0.9341793060302734,True,handpd:meander,3
P1_image,resnet50,2,HC:0295,0,0.9412311911582947,True,handpd:meander,3
P1_image,resnet50,2,HC:0305,0,0.9756336212158203,True,handpd:meander,3
P1_image,resnet50,2,PD:0002,1,0.9984777569770813,True,handpd:meander,3
P1_image,resnet50,2,PD:0002,1,0.9962955117225647,True,handpd:meander,3
P1_image,resnet50,2,PD:0003,1,0.9959589838981628,True,handpd:meander,3
P1_image,resnet50,2,PD:0003,1,0.9988621473312378,True,handpd:meander,3
P1_image,resnet50,2,PD:0004,1,0.9991014003753662,True,handpd:meander,3
P1_image,resnet50,2,PD:0004,1,0.9975326061248779,True,handpd:meander,3
P1_image,resnet50,2,PD:0005,1,0.9886789917945862,True,handpd:meander,3
P1_image,resnet50,2,PD:0016,1,0.9996219873428345,True,handpd:meander,3
P1_image,resnet50,2,PD:0023,1,0.828253984451294,True,handpd:meander,3
P1_image,resnet50,2,PD:0023,1,0.8974401354789734,True,handpd:meander,3
P1_image,resnet50,2,PD:0024,1,0.7988453507423401,True,handpd:meander,3
P1_image,resnet50,2,PD:0024,1,0.9943066239356995,True,handpd:meander,3
P1_image,resnet50,2,PD:0030,1,0.9852267503738403,True,handpd:meander,3
P1_image,resnet50,2,PD:0030,1,0.9711390733718872,True,handpd:meander,3
P1_image,resnet50,2,PD:0030,1,0.9924401044845581,True,handpd:meander,3
P1_image,resnet50,2,PD:0031,1,0.9232884049415588,True,handpd:meander,3
P1_image,resnet50,2,PD:0038,1,0.9975538849830627,True,handpd:meander,3
P1_image,resnet50,2,PD:0038,1,0.9990862607955933,True,handpd:meander,3
P1_image,resnet50,2,PD:0044,1,0.9971792697906494,True,handpd:meander,3
P1_image,resnet50,2,PD:0045,1,0.9995848536491394,True,handpd:meander,3
P1_image,resnet50,2,PD:0045,1,0.9971975088119507,True,handpd:meander,3
P1_image,resnet50,2,PD:0136,1,0.9672222137451172,True,handpd:meander,3
P1_image,resnet50,2,PD:0136,1,0.9896593689918518,True,handpd:meander,3
P1_image,resnet50,2,PD:0138,1,0.804087221622467,True,handpd:meander,3
P1_image,resnet50,2,PD:0138,1,0.6717259287834167,True,handpd:meander,3
P1_image,resnet50,2,PD:0143,1,0.9976772665977478,True,handpd:meander,3
P1_image,resnet50,2,PD:0143,1,0.9975296854972839,True,handpd:meander,3
P1_image,resnet50,2,PD:0149,1,0.9978321194648743,True,handpd:meander,3
P1_image,resnet50,2,PD:0149,1,0.9485892653465271,True,handpd:meander,3
P1_image,resnet50,2,PD:0153,1,0.6675497889518738,True,handpd:meander,3
P1_image,resnet50,2,PD:0153,1,0.6397799849510193,True,handpd:meander,3
P1_image,resnet50,2,PD:0153,1,0.6682003140449524,True,handpd:meander,3
P1_image,resnet50,2,PD:0157,1,0.9395856261253357,True,handpd:meander,3
P1_image,resnet50,2,PD:0161,1,0.8892658948898315,True,handpd:meander,3
P1_image,resnet50,2,PD:0161,1,0.8813430070877075,True,handpd:meander,3
P1_image,resnet50,2,PD:0161,1,0.984641969203949,True,handpd:meander,3
P1_image,resnet50,2,PD:0165,1,0.9231715798377991,True,handpd:meander,3
P1_image,resnet50,2,PD:0166,1,0.9669129252433777,True,handpd:meander,3
P1_image,resnet50,2,PD:0170,1,0.9860076308250427,True,handpd:meander,3
P1_image,resnet50,2,PD:0170,1,0.9818869829177856,True,handpd:meander,3
P1_image,resnet50,2,PD:0174,1,0.9984570741653442,True,handpd:meander,3
P1_image,resnet50,2,PD:0174,1,0.9979234933853149,True,handpd:meander,3
P1_image,resnet50,2,PD:0176,1,0.986548125743866,True,handpd:meander,3
P1_image,resnet50,2,PD:0181,1,0.9030129313468933,True,handpd:meander,3
P1_image,resnet50,2,PD:0181,1,0.923438310623169,True,handpd:meander,3
P1_image,resnet50,2,PD:0182,1,0.8830926418304443,True,handpd:meander,3
P1_image,resnet50,2,PD:0182,1,0.9965022802352905,True,handpd:meander,3
P1_image,resnet50,2,PD:0182,1,0.9500978589057922,True,handpd:meander,3
P1_image,resnet50,2,PD:0186,1,0.9006733894348145,True,handpd:meander,3
P1_image,resnet50,2,PD:0186,1,0.9866205453872681,True,handpd:meander,3
P1_image,resnet50,2,PD:0187,1,0.9496411085128784,True,handpd:meander,3
P1_image,resnet50,2,PD:0188,1,0.7825716733932495,True,handpd:meander,3
P1_image,resnet50,2,PD:0188,1,0.8528298735618591,True,handpd:meander,3
P1_image,resnet50,2,PD:0196,1,0.9874096512794495,True,handpd:meander,3
P1_image,resnet50,2,PD:0197,1,0.9311337471008301,True,handpd:meander,3
P1_image,resnet50,2,PD:0198,1,0.8829054832458496,True,handpd:meander,3
P1_image,resnet50,2,PD:0202,1,0.7628087401390076,True,handpd:meander,3
P1_image,resnet50,2,PD:0207,1,0.9952907562255859,True,handpd:meander,3
P1_image,resnet50,2,PD:0208,1,0.8987004160881042,True,handpd:meander,3
P1_image,resnet50,2,PD:0208,1,0.9855343103408813,True,handpd:meander,3
P1_image,resnet50,2,PD:0213,1,0.9913421273231506,True,handpd:meander,3
P1_image,resnet50,2,PD:0218,1,0.9832953810691833,True,handpd:meander,3
P1_image,resnet50,2,PD:0218,1,0.9486051201820374,True,handpd:meander,3
P1_image,resnet50,2,PD:0219,1,0.9654050469398499,True,handpd:meander,3
P1_image,resnet50,2,PD:0223,1,0.9245171546936035,True,handpd:meander,3
P1_image,resnet50,2,PD:0228,1,0.9999532699584961,False,handpd:meander,3
P1_image,resnet50,2,PD:0228,1,0.9998897314071655,False,handpd:meander,3
P1_image,resnet50,2,PD:0228,1,0.9994620680809021,False,handpd:meander,3
P1_image,resnet50,2,PD:0228,1,0.9983935952186584,False,handpd:meander,3
P1_image,resnet50,2,PD:0229,1,0.9951089024543762,True,handpd:meander,3
P1_image,resnet50,2,PD:0229,1,0.9993164539337158,True,handpd:meander,3
P1_image,resnet50,2,PD:0230,1,0.9806901812553406,True,handpd:meander,3
P1_image,resnet50,2,PD:0230,1,0.9825549125671387,True,handpd:meander,3
P1_image,resnet50,2,PD:0230,1,0.9606993794441223,True,handpd:meander,3
P1_image,resnet50,2,PD:0234,1,0.9994385838508606,True,handpd:meander,3
P1_image,resnet50,2,PD:0234,1,0.9957005381584167,True,handpd:meander,3
P1_image,resnet50,2,PD:0235,1,0.9943999648094177,True,handpd:meander,3
P1_image,resnet50,2,PD:0235,1,0.9956585168838501,True,handpd:meander,3
P1_image,resnet50,2,PD:0236,1,0.989570140838623,True,handpd:meander,3
P1_image,resnet50,2,PD:0236,1,0.9825892448425293,True,handpd:meander,3
P1_image,resnet50,2,PD:0240,1,0.9973633885383606,True,handpd:meander,3
P1_image,resnet50,2,PD:0241,1,0.9910951852798462,True,handpd:meander,3
P1_image,resnet50,2,PD:0241,1,0.9941421151161194,True,handpd:meander,3
P1_image,resnet50,2,PD:0246,1,0.9896562099456787,True,handpd:meander,3
P1_image,resnet50,2,PD:0253,1,0.9924545288085938,True,handpd:meander,3
P1_image,resnet50,2,PD:0253,1,0.9549666047096252,True,handpd:meander,3
P1_image,resnet50,2,PD:0253,1,0.9829903841018677,True,handpd:meander,3
P1_image,resnet50,2,PD:0254,1,0.9705379605293274,True,handpd:meander,3
P1_image,resnet50,2,PD:0261,1,0.8158348202705383,True,handpd:meander,3
P1_image,resnet50,2,PD:0268,1,0.9685212969779968,True,handpd:meander,3
P1_image,resnet50,2,PD:0268,1,0.9659007787704468,True,handpd:meander,3
P1_image,resnet50,2,PD:0269,1,0.9753578305244446,True,handpd:meander,3
P1_image,resnet50,2,PD:0269,1,0.9992899894714355,True,handpd:meander,3
P1_image,resnet50,2,PD:0273,1,0.9518449902534485,True,handpd:meander,3
P1_image,resnet50,2,PD:0274,1,0.9898732900619507,True,handpd:meander,3
P1_image,resnet50,2,PD:0280,1,0.9971717000007629,True,handpd:meander,3
P1_image,resnet50,2,PD:0281,1,0.9883918166160583,True,handpd:meander,3
P1_image,resnet50,2,PD:0281,1,0.9935372471809387,True,handpd:meander,3
P2_subject,resnet50,0,HC:0068,0,0.5621137022972107,False,handpd:meander,3
P2_subject,resnet50,0,HC:0068,0,0.5376482009887695,False,handpd:meander,3
P2_subject,resnet50,0,HC:0068,0,0.5359899401664734,False,handpd:meander,3
P2_subject,resnet50,0,HC:0068,0,0.5356913805007935,False,handpd:meander,3
P2_subject,resnet50,0,HC:0092,0,0.5488250255584717,False,handpd:meander,3
P2_subject,resnet50,0,HC:0092,0,0.5351810455322266,False,handpd:meander,3
P2_subject,resnet50,0,HC:0092,0,0.5706470012664795,False,handpd:meander,3
P2_subject,resnet50,0,HC:0092,0,0.5599597692489624,False,handpd:meander,3
P2_subject,resnet50,0,HC:0104,0,0.5988064408302307,False,handpd:meander,3
P2_subject,resnet50,0,HC:0104,0,0.6287341713905334,False,handpd:meander,3
P2_subject,resnet50,0,HC:0104,0,0.569282591342926,False,handpd:meander,3
P2_subject,resnet50,0,HC:0104,0,0.6507880091667175,False,handpd:meander,3
P2_subject,resnet50,0,HC:0116,0,0.5542430281639099,False,handpd:meander,3
P2_subject,resnet50,0,HC:0116,0,0.6540777087211609,False,handpd:meander,3
P2_subject,resnet50,0,HC:0116,0,0.619009792804718,False,handpd:meander,3
P2_subject,resnet50,0,HC:0116,0,0.6537827849388123,False,handpd:meander,3
P2_subject,resnet50,0,HC:0127,0,0.5819103121757507,False,handpd:meander,3
P2_subject,resnet50,0,HC:0127,0,0.5360099077224731,False,handpd:meander,3
P2_subject,resnet50,0,HC:0127,0,0.5265643000602722,False,handpd:meander,3
P2_subject,resnet50,0,HC:0127,0,0.5256381630897522,False,handpd:meander,3
P2_subject,resnet50,0,HC:0297,0,0.6129565238952637,False,handpd:meander,3
P2_subject,resnet50,0,HC:0297,0,0.5503305792808533,False,handpd:meander,3
P2_subject,resnet50,0,HC:0297,0,0.6792595386505127,False,handpd:meander,3
P2_subject,resnet50,0,HC:0297,0,0.6718789339065552,False,handpd:meander,3
P2_subject,resnet50,0,PD:0003,1,0.9979131817817688,False,handpd:meander,3
P2_subject,resnet50,0,PD:0003,1,0.9950436353683472,False,handpd:meander,3
P2_subject,resnet50,0,PD:0003,1,0.9958983063697815,False,handpd:meander,3
P2_subject,resnet50,0,PD:0003,1,0.9527202248573303,False,handpd:meander,3
P2_subject,resnet50,0,PD:0010,1,0.9986910223960876,False,handpd:meander,3
P2_subject,resnet50,0,PD:0010,1,0.9724092483520508,False,handpd:meander,3
P2_subject,resnet50,0,PD:0010,1,0.9589651226997375,False,handpd:meander,3
P2_subject,resnet50,0,PD:0010,1,0.958349883556366,False,handpd:meander,3
P2_subject,resnet50,0,PD:0016,1,0.8767496943473816,False,handpd:meander,3
P2_subject,resnet50,0,PD:0016,1,0.7676271796226501,False,handpd:meander,3
P2_subject,resnet50,0,PD:0016,1,0.9982561469078064,False,handpd:meander,3
P2_subject,resnet50,0,PD:0016,1,0.6537565588951111,False,handpd:meander,3
P2_subject,resnet50,0,PD:0024,1,0.8038046360015869,False,handpd:meander,3
P2_subject,resnet50,0,PD:0024,1,0.754328191280365,False,handpd:meander,3
P2_subject,resnet50,0,PD:0024,1,0.7099820971488953,False,handpd:meander,3
P2_subject,resnet50,0,PD:0024,1,0.6263972520828247,False,handpd:meander,3
P2_subject,resnet50,0,PD:0031,1,0.6700077056884766,False,handpd:meander,3
P2_subject,resnet50,0,PD:0031,1,0.93109530210495,False,handpd:meander,3
P2_subject,resnet50,0,PD:0031,1,0.7353463172912598,False,handpd:meander,3
P2_subject,resnet50,0,PD:0031,1,0.8770386576652527,False,handpd:meander,3
P2_subject,resnet50,0,PD:0044,1,0.8046424388885498,False,handpd:meander,3
P2_subject,resnet50,0,PD:0044,1,0.9588307738304138,False,handpd:meander,3
P2_subject,resnet50,0,PD:0044,1,0.7835109233856201,False,handpd:meander,3
P2_subject,resnet50,0,PD:0044,1,0.6171503067016602,False,handpd:meander,3
P2_subject,resnet50,0,PD:0053,1,0.7112628221511841,False,handpd:meander,3
P2_subject,resnet50,0,PD:0053,1,0.7407084107398987,False,handpd:meander,3
P2_subject,resnet50,0,PD:0053,1,0.6361408233642578,False,handpd:meander,3
P2_subject,resnet50,0,PD:0053,1,0.7050589919090271,False,handpd:meander,3
P2_subject,resnet50,0,PD:0054,1,0.8271401524543762,False,handpd:meander,3
P2_subject,resnet50,0,PD:0054,1,0.7651605606079102,False,handpd:meander,3
P2_subject,resnet50,0,PD:0054,1,0.6238812804222107,False,handpd:meander,3
P2_subject,resnet50,0,PD:0054,1,0.846114993095398,False,handpd:meander,3
P2_subject,resnet50,0,PD:0138,1,0.5679425597190857,False,handpd:meander,3
P2_subject,resnet50,0,PD:0138,1,0.5742472410202026,False,handpd:meander,3
P2_subject,resnet50,0,PD:0138,1,0.5135640501976013,False,handpd:meander,3
P2_subject,resnet50,0,PD:0138,1,0.5958880186080933,False,handpd:meander,3
P2_subject,resnet50,0,PD:0149,1,0.8857621550559998,False,handpd:meander,3
P2_subject,resnet50,0,PD:0149,1,0.9935908317565918,False,handpd:meander,3
P2_subject,resnet50,0,PD:0149,1,0.9995467066764832,False,handpd:meander,3
P2_subject,resnet50,0,PD:0149,1,0.9089140892028809,False,handpd:meander,3
P2_subject,resnet50,0,PD:0166,1,0.7915806174278259,False,handpd:meander,3
P2_subject,resnet50,0,PD:0166,1,0.720126748085022,False,handpd:meander,3
P2_subject,resnet50,0,PD:0166,1,0.9105126857757568,False,handpd:meander,3
P2_subject,resnet50,0,PD:0166,1,0.7335566878318787,False,handpd:meander,3
P2_subject,resnet50,0,PD:0182,1,0.8005647659301758,False,handpd:meander,3
P2_subject,resnet50,0,PD:0182,1,0.8816791772842407,False,handpd:meander,3
P2_subject,resnet50,0,PD:0182,1,0.912276029586792,False,handpd:meander,3
P2_subject,resnet50,0,PD:0182,1,0.9788444638252258,False,handpd:meander,3
P2_subject,resnet50,0,PD:0188,1,0.7072762250900269,False,handpd:meander,3
P2_subject,resnet50,0,PD:0188,1,0.6934500932693481,False,handpd:meander,3
P2_subject,resnet50,0,PD:0188,1,0.6138678789138794,False,handpd:meander,3
P2_subject,resnet50,0,PD:0188,1,0.7098160982131958,False,handpd:meander,3
P2_subject,resnet50,0,PD:0192,1,0.8798010349273682,False,handpd:meander,3
P2_subject,resnet50,0,PD:0192,1,0.9090798497200012,False,handpd:meander,3
P2_subject,resnet50,0,PD:0192,1,0.9146654605865479,False,handpd:meander,3
P2_subject,resnet50,0,PD:0192,1,0.9440917372703552,False,handpd:meander,3
P2_subject,resnet50,0,PD:0203,1,0.7086564302444458,False,handpd:meander,3
P2_subject,resnet50,0,PD:0203,1,0.7099952697753906,False,handpd:meander,3
P2_subject,resnet50,0,PD:0203,1,0.7702709436416626,False,handpd:meander,3
P2_subject,resnet50,0,PD:0203,1,0.629174530506134,False,handpd:meander,3
P2_subject,resnet50,0,PD:0208,1,0.8209896683692932,False,handpd:meander,3
P2_subject,resnet50,0,PD:0208,1,0.824716329574585,False,handpd:meander,3
P2_subject,resnet50,0,PD:0208,1,0.7690920233726501,False,handpd:meander,3
P2_subject,resnet50,0,PD:0208,1,0.9816935658454895,False,handpd:meander,3
P2_subject,resnet50,0,PD:0218,1,0.6446569561958313,False,handpd:meander,3
P2_subject,resnet50,0,PD:0218,1,0.597459614276886,False,handpd:meander,3
P2_subject,resnet50,0,PD:0218,1,0.6642851233482361,False,handpd:meander,3
P2_subject,resnet50,0,PD:0218,1,0.5863271951675415,False,handpd:meander,3
P2_subject,resnet50,0,PD:0223,1,0.935636579990387,False,handpd:meander,3
P2_subject,resnet50,0,PD:0223,1,0.9653995633125305,False,handpd:meander,3
P2_subject,resnet50,0,PD:0223,1,0.7204128503799438,False,handpd:meander,3
P2_subject,resnet50,0,PD:0223,1,0.8980690836906433,False,handpd:meander,3
P2_subject,resnet50,0,PD:0242,1,0.9983149766921997,False,handpd:meander,3
P2_subject,resnet50,0,PD:0242,1,0.9635108709335327,False,handpd:meander,3
P2_subject,resnet50,0,PD:0242,1,0.9474184513092041,False,handpd:meander,3
P2_subject,resnet50,0,PD:0242,1,0.916604220867157,False,handpd:meander,3
P2_subject,resnet50,0,PD:0253,1,0.9012507796287537,False,handpd:meander,3
P2_subject,resnet50,0,PD:0253,1,0.8856832385063171,False,handpd:meander,3
P2_subject,resnet50,0,PD:0253,1,0.627242922782898,False,handpd:meander,3
P2_subject,resnet50,0,PD:0253,1,0.8087082505226135,False,handpd:meander,3
P2_subject,resnet50,0,PD:0254,1,0.716717004776001,False,handpd:meander,3
P2_subject,resnet50,0,PD:0254,1,0.7227780222892761,False,handpd:meander,3
P2_subject,resnet50,0,PD:0254,1,0.6266263723373413,False,handpd:meander,3
P2_subject,resnet50,0,PD:0254,1,0.809760570526123,False,handpd:meander,3
P2_subject,resnet50,0,PD:0268,1,0.96627277135849,False,handpd:meander,3
P2_subject,resnet50,0,PD:0268,1,0.8834216594696045,False,handpd:meander,3
P2_subject,resnet50,0,PD:0268,1,0.9651636481285095,False,handpd:meander,3
P2_subject,resnet50,0,PD:0268,1,0.6318928599357605,False,handpd:meander,3
P2_subject,resnet50,0,PD:0273,1,0.8394674062728882,False,handpd:meander,3
P2_subject,resnet50,0,PD:0273,1,0.7742540836334229,False,handpd:meander,3
P2_subject,resnet50,0,PD:0273,1,0.8524269461631775,False,handpd:meander,3
P2_subject,resnet50,0,PD:0273,1,0.7252412438392639,False,handpd:meander,3
P2_subject,resnet50,0,PD:0274,1,0.8230388760566711,False,handpd:meander,3
P2_subject,resnet50,0,PD:0274,1,0.9665230512619019,False,handpd:meander,3
P2_subject,resnet50,0,PD:0274,1,0.9016543626785278,False,handpd:meander,3
P2_subject,resnet50,0,PD:0274,1,0.8664200901985168,False,handpd:meander,3
P2_subject,resnet50,0,PD:0281,1,0.8707519173622131,False,handpd:meander,3
P2_subject,resnet50,0,PD:0281,1,0.927240252494812,False,handpd:meander,3
P2_subject,resnet50,0,PD:0281,1,0.9493790864944458,False,handpd:meander,3
P2_subject,resnet50,0,PD:0281,1,0.9455731511116028,False,handpd:meander,3
P2_subject,resnet50,1,HC:0098,0,0.8220669627189636,False,handpd:meander,3
P2_subject,resnet50,1,HC:0098,0,0.8488890528678894,False,handpd:meander,3
P2_subject,resnet50,1,HC:0098,0,0.7712692618370056,False,handpd:meander,3
P2_subject,resnet50,1,HC:0098,0,0.8626565933227539,False,handpd:meander,3
P2_subject,resnet50,1,HC:0102,0,0.7823271751403809,False,handpd:meander,3
P2_subject,resnet50,1,HC:0102,0,0.9290884733200073,False,handpd:meander,3
P2_subject,resnet50,1,HC:0102,0,0.6477672457695007,False,handpd:meander,3
P2_subject,resnet50,1,HC:0102,0,0.7797001004219055,False,handpd:meander,3
P2_subject,resnet50,1,HC:0106,0,0.6197129487991333,False,handpd:meander,3
P2_subject,resnet50,1,HC:0106,0,0.8884430527687073,False,handpd:meander,3
P2_subject,resnet50,1,HC:0106,0,0.6853821277618408,False,handpd:meander,3
P2_subject,resnet50,1,HC:0106,0,0.6029288172721863,False,handpd:meander,3
P2_subject,resnet50,1,HC:0112,0,0.9457723498344421,False,handpd:meander,3
P2_subject,resnet50,1,HC:0112,0,0.8611103296279907,False,handpd:meander,3
P2_subject,resnet50,1,HC:0112,0,0.8891236782073975,False,handpd:meander,3
P2_subject,resnet50,1,HC:0112,0,0.8433935046195984,False,handpd:meander,3
P2_subject,resnet50,1,HC:0129,0,0.7899020314216614,False,handpd:meander,3
P2_subject,resnet50,1,HC:0129,0,0.8761951327323914,False,handpd:meander,3
P2_subject,resnet50,1,HC:0129,0,0.7494089007377625,False,handpd:meander,3
P2_subject,resnet50,1,HC:0129,0,0.8694612383842468,False,handpd:meander,3
P2_subject,resnet50,1,HC:0289,0,0.8239258527755737,False,handpd:meander,3
P2_subject,resnet50,1,HC:0289,0,0.9904244542121887,False,handpd:meander,3
P2_subject,resnet50,1,HC:0289,0,0.8725660443305969,False,handpd:meander,3
P2_subject,resnet50,1,HC:0289,0,0.7006898522377014,False,handpd:meander,3
P2_subject,resnet50,1,PD:0004,1,0.9990302324295044,False,handpd:meander,3
P2_subject,resnet50,1,PD:0004,1,0.9828450679779053,False,handpd:meander,3
P2_subject,resnet50,1,PD:0004,1,0.9837656617164612,False,handpd:meander,3
P2_subject,resnet50,1,PD:0004,1,0.9889429807662964,False,handpd:meander,3
P2_subject,resnet50,1,PD:0030,1,0.9080641865730286,False,handpd:meander,3
P2_subject,resnet50,1,PD:0030,1,0.9326773285865784,False,handpd:meander,3
P2_subject,resnet50,1,PD:0030,1,0.9792155623435974,False,handpd:meander,3
P2_subject,resnet50,1,PD:0030,1,0.994855523109436,False,handpd:meander,3
P2_subject,resnet50,1,PD:0037,1,0.9635233879089355,False,handpd:meander,3
P2_subject,resnet50,1,PD:0037,1,0.9755355715751648,False,handpd:meander,3
P2_subject,resnet50,1,PD:0037,1,0.996458113193512,False,handpd:meander,3
P2_subject,resnet50,1,PD:0037,1,0.9870425462722778,False,handpd:meander,3
P2_subject,resnet50,1,PD:0038,1,0.9833715558052063,False,handpd:meander,3
P2_subject,resnet50,1,PD:0038,1,0.9998040795326233,False,handpd:meander,3
P2_subject,resnet50,1,PD:0038,1,0.9994764924049377,False,handpd:meander,3
P2_subject,resnet50,1,PD:0038,1,0.9984111785888672,False,handpd:meander,3
P2_subject,resnet50,1,PD:0045,1,0.9864019751548767,False,handpd:meander,3
P2_subject,resnet50,1,PD:0045,1,0.9967442750930786,False,handpd:meander,3
P2_subject,resnet50,1,PD:0045,1,0.9872195720672607,False,handpd:meander,3
P2_subject,resnet50,1,PD:0045,1,0.9827393293380737,False,handpd:meander,3
P2_subject,resnet50,1,PD:0051,1,0.9517340660095215,False,handpd:meander,3
P2_subject,resnet50,1,PD:0051,1,0.9673082232475281,False,handpd:meander,3
P2_subject,resnet50,1,PD:0051,1,0.9083772897720337,False,handpd:meander,3
P2_subject,resnet50,1,PD:0051,1,0.7705681920051575,False,handpd:meander,3
P2_subject,resnet50,1,PD:0136,1,0.9981178045272827,False,handpd:meander,3
P2_subject,resnet50,1,PD:0136,1,0.9964494705200195,False,handpd:meander,3
P2_subject,resnet50,1,PD:0136,1,0.967971920967102,False,handpd:meander,3
P2_subject,resnet50,1,PD:0136,1,0.9649573564529419,False,handpd:meander,3
P2_subject,resnet50,1,PD:0143,1,0.9672167301177979,False,handpd:meander,3
P2_subject,resnet50,1,PD:0143,1,0.9791916012763977,False,handpd:meander,3
P2_subject,resnet50,1,PD:0143,1,0.9973502159118652,False,handpd:meander,3
P2_subject,resnet50,1,PD:0143,1,0.9976589679718018,False,handpd:meander,3
P2_subject,resnet50,1,PD:0148,1,0.9985846281051636,False,handpd:meander,3
P2_subject,resnet50,1,PD:0148,1,0.9989770650863647,False,handpd:meander,3
P2_subject,resnet50,1,PD:0148,1,0.9902818202972412,False,handpd:meander,3
P2_subject,resnet50,1,PD:0148,1,0.9990231990814209,False,handpd:meander,3
P2_subject,resnet50,1,PD:0161,1,0.866358757019043,False,handpd:meander,3
P2_subject,resnet50,1,PD:0161,1,0.9888765215873718,False,handpd:meander,3
P2_subject,resnet50,1,PD:0161,1,0.9655181169509888,False,handpd:meander,3
P2_subject,resnet50,1,PD:0161,1,0.9634470343589783,False,handpd:meander,3
P2_subject,resnet50,1,PD:0165,1,0.9239232540130615,False,handpd:meander,3
P2_subject,resnet50,1,PD:0165,1,0.8001479506492615,False,handpd:meander,3
P2_subject,resnet50,1,PD:0165,1,0.7466247081756592,False,handpd:meander,3
P2_subject,resnet50,1,PD:0165,1,0.7291370630264282,False,handpd:meander,3
P2_subject,resnet50,1,PD:0170,1,0.9828638434410095,False,handpd:meander,3
P2_subject,resnet50,1,PD:0170,1,0.9070398807525635,False,handpd:meander,3
P2_subject,resnet50,1,PD:0170,1,0.9974017143249512,False,handpd:meander,3
P2_subject,resnet50,1,PD:0170,1,0.9933052659034729,False,handpd:meander,3
P2_subject,resnet50,1,PD:0176,1,0.9882320761680603,False,handpd:meander,3
P2_subject,resnet50,1,PD:0176,1,0.9982801675796509,False,handpd:meander,3
P2_subject,resnet50,1,PD:0176,1,0.9915395379066467,False,handpd:meander,3
P2_subject,resnet50,1,PD:0176,1,0.975286602973938,False,handpd:meander,3
P2_subject,resnet50,1,PD:0187,1,0.8430192470550537,False,handpd:meander,3
P2_subject,resnet50,1,PD:0187,1,0.9927136301994324,False,handpd:meander,3
P2_subject,resnet50,1,PD:0187,1,0.9329214692115784,False,handpd:meander,3
P2_subject,resnet50,1,PD:0187,1,0.8553327918052673,False,handpd:meander,3
P2_subject,resnet50,1,PD:0196,1,0.9374067187309265,False,handpd:meander,3
P2_subject,resnet50,1,PD:0196,1,0.9891527891159058,False,handpd:meander,3
P2_subject,resnet50,1,PD:0196,1,0.952562689781189,False,handpd:meander,3
P2_subject,resnet50,1,PD:0196,1,0.9754891991615295,False,handpd:meander,3
P2_subject,resnet50,1,PD:0197,1,0.9383029937744141,False,handpd:meander,3
P2_subject,resnet50,1,PD:0197,1,0.8248551487922668,False,handpd:meander,3
P2_subject,resnet50,1,PD:0197,1,0.9406976103782654,False,handpd:meander,3
P2_subject,resnet50,1,PD:0197,1,0.9765464067459106,False,handpd:meander,3
P2_subject,resnet50,1,PD:0219,1,0.988494336605072,False,handpd:meander,3
P2_subject,resnet50,1,PD:0219,1,0.8519524931907654,False,handpd:meander,3
P2_subject,resnet50,1,PD:0219,1,0.7988453507423401,False,handpd:meander,3
P2_subject,resnet50,1,PD:0219,1,0.9788298606872559,False,handpd:meander,3
P2_subject,resnet50,1,PD:0228,1,0.999755322933197,False,handpd:meander,3
P2_subject,resnet50,1,PD:0228,1,0.9993820190429688,False,handpd:meander,3
P2_subject,resnet50,1,PD:0228,1,0.9972774386405945,False,handpd:meander,3
P2_subject,resnet50,1,PD:0228,1,0.9957941770553589,False,handpd:meander,3
P2_subject,resnet50,1,PD:0229,1,0.9655119180679321,False,handpd:meander,3
P2_subject,resnet50,1,PD:0229,1,0.9855007529258728,False,handpd:meander,3
P2_subject,resnet50,1,PD:0229,1,0.9464403986930847,False,handpd:meander,3
P2_subject,resnet50,1,PD:0229,1,0.9941593408584595,False,handpd:meander,3
P2_subject,resnet50,1,PD:0230,1,0.6878342628479004,False,handpd:meander,3
P2_subject,resnet50,1,PD:0230,1,0.9949929118156433,False,handpd:meander,3
P2_subject,resnet50,1,PD:0230,1,0.8966535329818726,False,handpd:meander,3
P2_subject,resnet50,1,PD:0230,1,0.66518235206604,False,handpd:meander,3
P2_subject,resnet50,1,PD:0235,1,0.9962978959083557,False,handpd:meander,3
P2_subject,resnet50,1,PD:0235,1,0.9966437816619873,False,handpd:meander,3
P2_subject,resnet50,1,PD:0235,1,0.952006995677948,False,handpd:meander,3
P2_subject,resnet50,1,PD:0235,1,0.9337389469146729,False,handpd:meander,3
P2_subject,resnet50,1,PD:0240,1,0.9590200781822205,False,handpd:meander,3
P2_subject,resnet50,1,PD:0240,1,0.994766116142273,False,handpd:meander,3
P2_subject,resnet50,1,PD:0240,1,0.988275408744812,False,handpd:meander,3
P2_subject,resnet50,1,PD:0240,1,0.9986435770988464,False,handpd:meander,3
P2_subject,resnet50,1,PD:0247,1,0.9977260231971741,False,handpd:meander,3
P2_subject,resnet50,1,PD:0247,1,0.9907087087631226,False,handpd:meander,3
P2_subject,resnet50,1,PD:0247,1,0.995855987071991,False,handpd:meander,3
P2_subject,resnet50,1,PD:0247,1,0.9319522976875305,False,handpd:meander,3
P2_subject,resnet50,1,PD:0280,1,0.9989223480224609,False,handpd:meander,3
P2_subject,resnet50,1,PD:0280,1,0.9908995628356934,False,handpd:meander,3
P2_subject,resnet50,1,PD:0280,1,0.9979762434959412,False,handpd:meander,3
P2_subject,resnet50,1,PD:0280,1,0.9915116429328918,False,handpd:meander,3
P2_subject,resnet50,2,HC:0100,0,0.8893227577209473,False,handpd:meander,3
P2_subject,resnet50,2,HC:0100,0,0.6776003241539001,False,handpd:meander,3
P2_subject,resnet50,2,HC:0100,0,0.8147211670875549,False,handpd:meander,3
P2_subject,resnet50,2,HC:0100,0,0.8059857487678528,False,handpd:meander,3
P2_subject,resnet50,2,HC:0131,0,0.8094192147254944,False,handpd:meander,3
P2_subject,resnet50,2,HC:0131,0,0.6723647117614746,False,handpd:meander,3
P2_subject,resnet50,2,HC:0131,0,0.5976685285568237,False,handpd:meander,3
P2_subject,resnet50,2,HC:0131,0,0.7193745374679565,False,handpd:meander,3
P2_subject,resnet50,2,HC:0287,0,0.8767450451850891,False,handpd:meander,3
P2_subject,resnet50,2,HC:0287,0,0.9583113193511963,False,handpd:meander,3
P2_subject,resnet50,2,HC:0287,0,0.9597446918487549,False,handpd:meander,3
P2_subject,resnet50,2,HC:0287,0,0.994100034236908,False,handpd:meander,3
P2_subject,resnet50,2,HC:0293,0,0.8032668232917786,False,handpd:meander,3
P2_subject,resnet50,2,HC:0293,0,0.7147186994552612,False,handpd:meander,3
P2_subject,resnet50,2,HC:0293,0,0.7303998470306396,False,handpd:meander,3
P2_subject,resnet50,2,HC:0293,0,0.7572826743125916,False,handpd:meander,3
P2_subject,resnet50,2,HC:0295,0,0.9418618679046631,False,handpd:meander,3
P2_subject,resnet50,2,HC:0295,0,0.9919535517692566,False,handpd:meander,3
P2_subject,resnet50,2,HC:0295,0,0.9421567916870117,False,handpd:meander,3
P2_subject,resnet50,2,HC:0295,0,0.9391739964485168,False,handpd:meander,3
P2_subject,resnet50,2,HC:0305,0,0.9374051690101624,False,handpd:meander,3
P2_subject,resnet50,2,HC:0305,0,0.9639869928359985,False,handpd:meander,3
P2_subject,resnet50,2,HC:0305,0,0.9664190411567688,False,handpd:meander,3
P2_subject,resnet50,2,HC:0305,0,0.9588798880577087,False,handpd:meander,3
P2_subject,resnet50,2,PD:0002,1,0.9986990690231323,False,handpd:meander,3
P2_subject,resnet50,2,PD:0002,1,0.9997560381889343,False,handpd:meander,3
P2_subject,resnet50,2,PD:0002,1,0.9992893934249878,False,handpd:meander,3
P2_subject,resnet50,2,PD:0002,1,0.9984678626060486,False,handpd:meander,3
P2_subject,resnet50,2,PD:0005,1,0.9331098198890686,False,handpd:meander,3
P2_subject,resnet50,2,PD:0005,1,0.9764450192451477,False,handpd:meander,3
P2_subject,resnet50,2,PD:0005,1,0.9926920533180237,False,handpd:meander,3
P2_subject,resnet50,2,PD:0005,1,0.9968193769454956,False,handpd:meander,3
P2_subject,resnet50,2,PD:0009,1,0.9172663688659668,False,handpd:meander,3
P2_subject,resnet50,2,PD:0009,1,0.9863470196723938,False,handpd:meander,3
P2_subject,resnet50,2,PD:0009,1,0.8884796500205994,False,handpd:meander,3
P2_subject,resnet50,2,PD:0009,1,0.9215915203094482,False,handpd:meander,3
P2_subject,resnet50,2,PD:0023,1,0.9156261682510376,False,handpd:meander,3
P2_subject,resnet50,2,PD:0023,1,0.7853475213050842,False,handpd:meander,3
P2_subject,resnet50,2,PD:0023,1,0.808143675327301,False,handpd:meander,3
P2_subject,resnet50,2,PD:0023,1,0.7921609282493591,False,handpd:meander,3
P2_subject,resnet50,2,PD:0046,1,0.9409904479980469,False,handpd:meander,3
P2_subject,resnet50,2,PD:0046,1,0.9780902862548828,False,handpd:meander,3
P2_subject,resnet50,2,PD:0046,1,0.9938212633132935,False,handpd:meander,3
P2_subject,resnet50,2,PD:0046,1,0.9491939544677734,False,handpd:meander,3
P2_subject,resnet50,2,PD:0052,1,0.9208841323852539,False,handpd:meander,3
P2_subject,resnet50,2,PD:0052,1,0.8513186573982239,False,handpd:meander,3
P2_subject,resnet50,2,PD:0052,1,0.9779022932052612,False,handpd:meander,3
P2_subject,resnet50,2,PD:0052,1,0.9778483510017395,False,handpd:meander,3
P2_subject,resnet50,2,PD:0134,1,0.992186427116394,False,handpd:meander,3
P2_subject,resnet50,2,PD:0134,1,0.9976722598075867,False,handpd:meander,3
P2_subject,resnet50,2,PD:0134,1,0.9985287189483643,False,handpd:meander,3
P2_subject,resnet50,2,PD:0134,1,0.9996317625045776,False,handpd:meander,3
P2_subject,resnet50,2,PD:0139,1,0.8125553727149963,False,handpd:meander,3
P2_subject,resnet50,2,PD:0139,1,0.9168804287910461,False,handpd:meander,3
P2_subject,resnet50,2,PD:0139,1,0.7443026304244995,False,handpd:meander,3
P2_subject,resnet50,2,PD:0139,1,0.7696781158447266,False,handpd:meander,3
P2_subject,resnet50,2,PD:0153,1,0.7293969392776489,False,handpd:meander,3
P2_subject,resnet50,2,PD:0153,1,0.6957842707633972,False,handpd:meander,3
P2_subject,resnet50,2,PD:0153,1,0.6640766263008118,False,handpd:meander,3
P2_subject,resnet50,2,PD:0153,1,0.7983986139297485,False,handpd:meander,3
P2_subject,resnet50,2,PD:0157,1,0.9992813467979431,False,handpd:meander,3
P2_subject,resnet50,2,PD:0157,1,0.9654948115348816,False,handpd:meander,3
P2_subject,resnet50,2,PD:0157,1,0.9947357773780823,False,handpd:meander,3
P2_subject,resnet50,2,PD:0157,1,0.958351731300354,False,handpd:meander,3
P2_subject,resnet50,2,PD:0174,1,0.997191846370697,False,handpd:meander,3
P2_subject,resnet50,2,PD:0174,1,0.9993382096290588,False,handpd:meander,3
P2_subject,resnet50,2,PD:0174,1,0.9917504191398621,False,handpd:meander,3
P2_subject,resnet50,2,PD:0174,1,0.9960663914680481,False,handpd:meander,3
P2_subject,resnet50,2,PD:0177,1,0.9558861255645752,False,handpd:meander,3
P2_subject,resnet50,2,PD:0177,1,0.9677386283874512,False,handpd:meander,3
P2_subject,resnet50,2,PD:0177,1,0.9400032758712769,False,handpd:meander,3
P2_subject,resnet50,2,PD:0177,1,0.8782411217689514,False,handpd:meander,3
P2_subject,resnet50,2,PD:0181,1,0.8005528450012207,False,handpd:meander,3
P2_subject,resnet50,2,PD:0181,1,0.710766613483429,False,handpd:meander,3
P2_subject,resnet50,2,PD:0181,1,0.8638984560966492,False,handpd:meander,3
P2_subject,resnet50,2,PD:0181,1,0.7588499188423157,False,handpd:meander,3
P2_subject,resnet50,2,PD:0186,1,0.9503700137138367,False,handpd:meander,3
P2_subject,resnet50,2,PD:0186,1,0.9462363123893738,False,handpd:meander,3
P2_subject,resnet50,2,PD:0186,1,0.9860223531723022,False,handpd:meander,3
P2_subject,resnet50,2,PD:0186,1,0.9782960414886475,False,handpd:meander,3
P2_subject,resnet50,2,PD:0198,1,0.8520277738571167,False,handpd:meander,3
P2_subject,resnet50,2,PD:0198,1,0.8826176524162292,False,handpd:meander,3
P2_subject,resnet50,2,PD:0198,1,0.9444513916969299,False,handpd:meander,3
P2_subject,resnet50,2,PD:0198,1,0.8962367177009583,False,handpd:meander,3
P2_subject,resnet50,2,PD:0202,1,0.7992454171180725,False,handpd:meander,3
P2_subject,resnet50,2,PD:0202,1,0.750601589679718,False,handpd:meander,3
P2_subject,resnet50,2,PD:0202,1,0.6264055967330933,False,handpd:meander,3
P2_subject,resnet50,2,PD:0202,1,0.8011518716812134,False,handpd:meander,3
P2_subject,resnet50,2,PD:0207,1,0.9896988272666931,False,handpd:meander,3
P2_subject,resnet50,2,PD:0207,1,0.9997691512107849,False,handpd:meander,3
P2_subject,resnet50,2,PD:0207,1,0.9045223593711853,False,handpd:meander,3
P2_subject,resnet50,2,PD:0207,1,0.9642508029937744,False,handpd:meander,3
P2_subject,resnet50,2,PD:0213,1,0.9992257356643677,False,handpd:meander,3
P2_subject,resnet50,2,PD:0213,1,0.9941936135292053,False,handpd:meander,3
P2_subject,resnet50,2,PD:0213,1,0.9616127610206604,False,handpd:meander,3
P2_subject,resnet50,2,PD:0213,1,0.9916468262672424,False,handpd:meander,3
P2_subject,resnet50,2,PD:0214,1,0.9997525811195374,False,handpd:meander,3
P2_subject,resnet50,2,PD:0214,1,0.9938535690307617,False,handpd:meander,3
P2_subject,resnet50,2,PD:0214,1,0.9954603314399719,False,handpd:meander,3
P2_subject,resnet50,2,PD:0214,1,0.9940819144248962,False,handpd:meander,3
P2_subject,resnet50,2,PD:0234,1,0.9951015114784241,False,handpd:meander,3
P2_subject,resnet50,2,PD:0234,1,0.9985380172729492,False,handpd:meander,3
P2_subject,resnet50,2,PD:0234,1,0.9957903027534485,False,handpd:meander,3
P2_subject,resnet50,2,PD:0234,1,0.9955031275749207,False,handpd:meander,3
P2_subject,resnet50,2,PD:0236,1,0.9661344289779663,False,handpd:meander,3
P2_subject,resnet50,2,PD:0236,1,0.9997085928916931,False,handpd:meander,3
P2_subject,resnet50,2,PD:0236,1,0.9782870411872864,False,handpd:meander,3
P2_subject,resnet50,2,PD:0236,1,0.9953416585922241,False,handpd:meander,3
P2_subject,resnet50,2,PD:0241,1,0.9310844540596008,False,handpd:meander,3
P2_subject,resnet50,2,PD:0241,1,0.9998579025268555,False,handpd:meander,3
P2_subject,resnet50,2,PD:0241,1,0.9962683320045471,False,handpd:meander,3
P2_subject,resnet50,2,PD:0241,1,0.983220100402832,False,handpd:meander,3
P2_subject,resnet50,2,PD:0246,1,0.9999135732650757,False,handpd:meander,3
P2_subject,resnet50,2,PD:0246,1,0.9974209070205688,False,handpd:meander,3
P2_subject,resnet50,2,PD:0246,1,0.9920786023139954,False,handpd:meander,3
P2_subject,resnet50,2,PD:0246,1,0.9237383008003235,False,handpd:meander,3
P2_subject,resnet50,2,PD:0261,1,0.8278812766075134,False,handpd:meander,3
P2_subject,resnet50,2,PD:0261,1,0.9102014899253845,False,handpd:meander,3
P2_subject,resnet50,2,PD:0261,1,0.7530449032783508,False,handpd:meander,3
P2_subject,resnet50,2,PD:0261,1,0.9234499931335449,False,handpd:meander,3
P2_subject,resnet50,2,PD:0269,1,0.9766987562179565,False,handpd:meander,3
P2_subject,resnet50,2,PD:0269,1,0.9591941237449646,False,handpd:meander,3
P2_subject,resnet50,2,PD:0269,1,0.9009751081466675,False,handpd:meander,3
P2_subject,resnet50,2,PD:0269,1,0.9867326617240906,False,handpd:meander,3
P1_image,efficientnet_b0,0,HC:0068,0,0.4825228154659271,True,handpd:meander,3
P1_image,efficientnet_b0,0,HC:0092,0,0.4446088671684265,True,handpd:meander,3
P1_image,efficientnet_b0,0,HC:0092,0,0.6471765637397766,True,handpd:meander,3
P1_image,efficientnet_b0,0,HC:0100,0,0.6221747398376465,True,handpd:meander,3
P1_image,efficientnet_b0,0,HC:0100,0,0.6368727684020996,True,handpd:meander,3
P1_image,efficientnet_b0,0,HC:0100,0,0.7176827788352966,True,handpd:meander,3
P1_image,efficientnet_b0,0,HC:0102,0,0.6861504316329956,True,handpd:meander,3
P1_image,efficientnet_b0,0,HC:0106,0,0.5856307148933411,True,handpd:meander,3
P1_image,efficientnet_b0,0,HC:0106,0,0.7032633423805237,True,handpd:meander,3
P1_image,efficientnet_b0,0,HC:0112,0,0.6672981977462769,True,handpd:meander,3
P1_image,efficientnet_b0,0,HC:0127,0,0.6162092089653015,True,handpd:meander,3
P1_image,efficientnet_b0,0,HC:0129,0,0.6385570764541626,True,handpd:meander,3
P1_image,efficientnet_b0,0,HC:0131,0,0.6323069930076599,True,handpd:meander,3
P1_image,efficientnet_b0,0,HC:0287,0,0.49761348962783813,True,handpd:meander,3
P1_image,efficientnet_b0,0,HC:0287,0,0.7796791195869446,True,handpd:meander,3
P1_image,efficientnet_b0,0,HC:0287,0,0.660446286201477,True,handpd:meander,3
P1_image,efficientnet_b0,0,HC:0289,0,0.5823146104812622,True,handpd:meander,3
P1_image,efficientnet_b0,0,HC:0289,0,0.38519299030303955,True,handpd:meander,3
P1_image,efficientnet_b0,0,HC:0293,0,0.8638754487037659,True,handpd:meander,3
P1_image,efficientnet_b0,0,HC:0297,0,0.894878089427948,True,handpd:meander,3
P1_image,efficientnet_b0,0,HC:0297,0,0.83921217918396,True,handpd:meander,3
P1_image,efficientnet_b0,0,HC:0297,0,0.6478050947189331,True,handpd:meander,3
P1_image,efficientnet_b0,0,HC:0305,0,0.9261704087257385,True,handpd:meander,3
P1_image,efficientnet_b0,0,HC:0305,0,0.9019969701766968,True,handpd:meander,3
P1_image,efficientnet_b0,0,PD:0002,1,0.9624995589256287,True,handpd:meander,3
P1_image,efficientnet_b0,0,PD:0003,1,0.959663987159729,True,handpd:meander,3
P1_image,efficientnet_b0,0,PD:0004,1,0.9264466762542725,True,handpd:meander,3
P1_image,efficientnet_b0,0,PD:0004,1,0.8437138199806213,True,handpd:meander,3
P1_image,efficientnet_b0,0,PD:0009,1,0.9046646356582642,True,handpd:meander,3
P1_image,efficientnet_b0,0,PD:0009,1,0.8611441254615784,True,handpd:meander,3
P1_image,efficientnet_b0,0,PD:0009,1,0.8314223289489746,True,handpd:meander,3
P1_image,efficientnet_b0,0,PD:0010,1,0.962445855140686,True,handpd:meander,3
P1_image,efficientnet_b0,0,PD:0010,1,0.9263623952865601,True,handpd:meander,3
P1_image,efficientnet_b0,0,PD:0016,1,0.94279944896698,True,handpd:meander,3
P1_image,efficientnet_b0,0,PD:0023,1,0.9163244962692261,True,handpd:meander,3
P1_image,efficientnet_b0,0,PD:0024,1,0.878274142742157,True,handpd:meander,3
P1_image,efficientnet_b0,0,PD:0031,1,0.6404072046279907,True,handpd:meander,3
P1_image,efficientnet_b0,0,PD:0037,1,0.9323164820671082,True,handpd:meander,3
P1_image,efficientnet_b0,0,PD:0037,1,0.941770076751709,True,handpd:meander,3
P1_image,efficientnet_b0,0,PD:0037,1,0.9825676083564758,True,handpd:meander,3
P1_image,efficientnet_b0,0,PD:0038,1,0.8963801860809326,True,handpd:meander,3
P1_image,efficientnet_b0,0,PD:0044,1,0.9817169308662415,True,handpd:meander,3
P1_image,efficientnet_b0,0,PD:0045,1,0.8830437064170837,True,handpd:meander,3
P1_image,efficientnet_b0,0,PD:0051,1,0.7334237098693848,True,handpd:meander,3
P1_image,efficientnet_b0,0,PD:0052,1,0.9176372289657593,True,handpd:meander,3
P1_image,efficientnet_b0,0,PD:0053,1,0.9265249967575073,True,handpd:meander,3
P1_image,efficientnet_b0,0,PD:0053,1,0.9404118061065674,True,handpd:meander,3
P1_image,efficientnet_b0,0,PD:0054,1,0.7327684164047241,True,handpd:meander,3
P1_image,efficientnet_b0,0,PD:0054,1,0.8357719779014587,True,handpd:meander,3
P1_image,efficientnet_b0,0,PD:0054,1,0.9317491054534912,True,handpd:meander,3
P1_image,efficientnet_b0,0,PD:0134,1,0.9583699107170105,True,handpd:meander,3
P1_image,efficientnet_b0,0,PD:0134,1,0.972464919090271,True,handpd:meander,3
P1_image,efficientnet_b0,0,PD:0136,1,0.9631907343864441,True,handpd:meander,3
P1_image,efficientnet_b0,0,PD:0136,1,0.812958300113678,True,handpd:meander,3
P1_image,efficientnet_b0,0,PD:0138,1,0.8840738534927368,True,handpd:meander,3
P1_image,efficientnet_b0,0,PD:0139,1,0.8961105942726135,True,handpd:meander,3
P1_image,efficientnet_b0,0,PD:0139,1,0.9229910373687744,True,handpd:meander,3
P1_image,efficientnet_b0,0,PD:0148,1,0.9567548036575317,True,handpd:meander,3
P1_image,efficientnet_b0,0,PD:0148,1,0.8372744917869568,True,handpd:meander,3
P1_image,efficientnet_b0,0,PD:0149,1,0.9194749593734741,True,handpd:meander,3
P1_image,efficientnet_b0,0,PD:0157,1,0.948423445224762,True,handpd:meander,3
P1_image,efficientnet_b0,0,PD:0157,1,0.9486854672431946,True,handpd:meander,3
P1_image,efficientnet_b0,0,PD:0157,1,0.9114492535591125,True,handpd:meander,3
P1_image,efficientnet_b0,0,PD:0161,1,0.9763339757919312,True,handpd:meander,3
P1_image,efficientnet_b0,0,PD:0166,1,0.9282596111297607,True,handpd:meander,3
P1_image,efficientnet_b0,0,PD:0166,1,0.846403956413269,True,handpd:meander,3
P1_image,efficientnet_b0,0,PD:0170,1,0.9556255340576172,True,handpd:meander,3
P1_image,efficientnet_b0,0,PD:0176,1,0.9440261721611023,True,handpd:meander,3
P1_image,efficientnet_b0,0,PD:0176,1,0.9448599219322205,True,handpd:meander,3
P1_image,efficientnet_b0,0,PD:0177,1,0.9670789241790771,True,handpd:meander,3
P1_image,efficientnet_b0,0,PD:0177,1,0.9196895360946655,True,handpd:meander,3
P1_image,efficientnet_b0,0,PD:0177,1,0.9583231806755066,True,handpd:meander,3
P1_image,efficientnet_b0,0,PD:0181,1,0.8914752006530762,True,handpd:meander,3
P1_image,efficientnet_b0,0,PD:0182,1,0.9211046695709229,True,handpd:meander,3
P1_image,efficientnet_b0,0,PD:0187,1,0.8879752159118652,True,handpd:meander,3
P1_image,efficientnet_b0,0,PD:0187,1,0.9641185998916626,True,handpd:meander,3
P1_image,efficientnet_b0,0,PD:0188,1,0.9077473878860474,True,handpd:meander,3
P1_image,efficientnet_b0,0,PD:0188,1,0.9388858675956726,True,handpd:meander,3
P1_image,efficientnet_b0,0,PD:0192,1,0.9463201761245728,True,handpd:meander,3
P1_image,efficientnet_b0,0,PD:0192,1,0.9858497977256775,True,handpd:meander,3
P1_image,efficientnet_b0,0,PD:0196,1,0.8561917543411255,True,handpd:meander,3
P1_image,efficientnet_b0,0,PD:0196,1,0.9267794489860535,True,handpd:meander,3
P1_image,efficientnet_b0,0,PD:0197,1,0.9055995941162109,True,handpd:meander,3
P1_image,efficientnet_b0,0,PD:0197,1,0.9483744502067566,True,handpd:meander,3
P1_image,efficientnet_b0,0,PD:0197,1,0.9493425488471985,True,handpd:meander,3
P1_image,efficientnet_b0,0,PD:0202,1,0.7356804013252258,True,handpd:meander,3
P1_image,efficientnet_b0,0,PD:0202,1,0.8634502291679382,True,handpd:meander,3
P1_image,efficientnet_b0,0,PD:0207,1,0.9838011860847473,True,handpd:meander,3
P1_image,efficientnet_b0,0,PD:0207,1,0.858364999294281,True,handpd:meander,3
P1_image,efficientnet_b0,0,PD:0208,1,0.7663894891738892,True,handpd:meander,3
P1_image,efficientnet_b0,0,PD:0208,1,0.8386673927307129,True,handpd:meander,3
P1_image,efficientnet_b0,0,PD:0213,1,0.9727764129638672,True,handpd:meander,3
P1_image,efficientnet_b0,0,PD:0213,1,0.8726000785827637,True,handpd:meander,3
P1_image,efficientnet_b0,0,PD:0214,1,0.9473005533218384,True,handpd:meander,3
P1_image,efficientnet_b0,0,PD:0214,1,0.7218812704086304,True,handpd:meander,3
P1_image,efficientnet_b0,0,PD:0214,1,0.9084011912345886,True,handpd:meander,3
P1_image,efficientnet_b0,0,PD:0218,1,0.7870204448699951,True,handpd:meander,3
P1_image,efficientnet_b0,0,PD:0219,1,0.7920752763748169,True,handpd:meander,3
P1_image,efficientnet_b0,0,PD:0219,1,0.8672458529472351,True,handpd:meander,3
P1_image,efficientnet_b0,0,PD:0230,1,0.9823822379112244,True,handpd:meander,3
P1_image,efficientnet_b0,0,PD:0234,1,0.9602937698364258,True,handpd:meander,3
P1_image,efficientnet_b0,0,PD:0235,1,0.9655776023864746,True,handpd:meander,3
P1_image,efficientnet_b0,0,PD:0236,1,0.9791088104248047,True,handpd:meander,3
P1_image,efficientnet_b0,0,PD:0240,1,0.9702639579772949,True,handpd:meander,3
P1_image,efficientnet_b0,0,PD:0241,1,0.8714654445648193,True,handpd:meander,3
P1_image,efficientnet_b0,0,PD:0242,1,0.9624264240264893,True,handpd:meander,3
P1_image,efficientnet_b0,0,PD:0242,1,0.979145884513855,True,handpd:meander,3
P1_image,efficientnet_b0,0,PD:0242,1,0.9622212052345276,True,handpd:meander,3
P1_image,efficientnet_b0,0,PD:0246,1,0.9737324714660645,True,handpd:meander,3
P1_image,efficientnet_b0,0,PD:0246,1,0.9589704871177673,True,handpd:meander,3
P1_image,efficientnet_b0,0,PD:0247,1,0.940081000328064,True,handpd:meander,3
P1_image,efficientnet_b0,0,PD:0247,1,0.9126827120780945,True,handpd:meander,3
P1_image,efficientnet_b0,0,PD:0247,1,0.8254919052124023,True,handpd:meander,3
P1_image,efficientnet_b0,0,PD:0254,1,0.8364856839179993,True,handpd:meander,3
P1_image,efficientnet_b0,0,PD:0254,1,0.6346278786659241,True,handpd:meander,3
P1_image,efficientnet_b0,0,PD:0268,1,0.9798548817634583,True,handpd:meander,3
P1_image,efficientnet_b0,0,PD:0268,1,0.9580855369567871,True,handpd:meander,3
P1_image,efficientnet_b0,0,PD:0269,1,0.9598494172096252,True,handpd:meander,3
P1_image,efficientnet_b0,0,PD:0269,1,0.9611196517944336,True,handpd:meander,3
P1_image,efficientnet_b0,0,PD:0274,1,0.9468392133712769,True,handpd:meander,3
P1_image,efficientnet_b0,0,PD:0280,1,0.8914947509765625,True,handpd:meander,3
P1_image,efficientnet_b0,0,PD:0281,1,0.9888366460800171,True,handpd:meander,3
P1_image,efficientnet_b0,0,PD:0281,1,0.9765373468399048,True,handpd:meander,3
P1_image,efficientnet_b0,1,HC:0068,0,0.49019837379455566,True,handpd:meander,3
P1_image,efficientnet_b0,1,HC:0068,0,0.5074092149734497,True,handpd:meander,3
P1_image,efficientnet_b0,1,HC:0068,0,0.46341705322265625,True,handpd:meander,3
P1_image,efficientnet_b0,1,HC:0092,0,0.49834027886390686,True,handpd:meander,3
P1_image,efficientnet_b0,1,HC:0098,0,0.5556969046592712,True,handpd:meander,3
P1_image,efficientnet_b0,1,HC:0102,0,0.584514319896698,True,handpd:meander,3
P1_image,efficientnet_b0,1,HC:0104,0,0.6287373900413513,True,handpd:meander,3
P1_image,efficientnet_b0,1,HC:0106,0,0.685470700263977,True,handpd:meander,3
P1_image,efficientnet_b0,1,HC:0106,0,0.45259180665016174,True,handpd:meander,3
P1_image,efficientnet_b0,1,HC:0112,0,0.5304911732673645,True,handpd:meander,3
P1_image,efficientnet_b0,1,HC:0116,0,0.5287408232688904,True,handpd:meander,3
P1_image,efficientnet_b0,1,HC:0116,0,0.6976625323295593,True,handpd:meander,3
P1_image,efficientnet_b0,1,HC:0127,0,0.5749247670173645,True,handpd:meander,3
P1_image,efficientnet_b0,1,HC:0129,0,0.4356669783592224,True,handpd:meander,3
P1_image,efficientnet_b0,1,HC:0131,0,0.6488613486289978,True,handpd:meander,3
P1_image,efficientnet_b0,1,HC:0131,0,0.6180574297904968,True,handpd:meander,3
P1_image,efficientnet_b0,1,HC:0289,0,0.3737538456916809,True,handpd:meander,3
P1_image,efficientnet_b0,1,HC:0293,0,0.695983350276947,True,handpd:meander,3
P1_image,efficientnet_b0,1,HC:0293,0,0.6573977470397949,True,handpd:meander,3
P1_image,efficientnet_b0,1,HC:0293,0,0.8819218873977661,True,handpd:meander,3
P1_image,efficientnet_b0,1,HC:0295,0,0.6752375364303589,True,handpd:meander,3
P1_image,efficientnet_b0,1,HC:0295,0,0.768122136592865,True,handpd:meander,3
P1_image,efficientnet_b0,1,HC:0297,0,0.7467095255851746,True,handpd:meander,3
P1_image,efficientnet_b0,1,HC:0305,0,0.9287668466567993,True,handpd:meander,3
P1_image,efficientnet_b0,1,PD:0002,1,0.966736912727356,True,handpd:meander,3
P1_image,efficientnet_b0,1,PD:0003,1,0.9519413113594055,True,handpd:meander,3
P1_image,efficientnet_b0,1,PD:0005,1,0.8110722303390503,True,handpd:meander,3
P1_image,efficientnet_b0,1,PD:0005,1,0.9011756777763367,True,handpd:meander,3
P1_image,efficientnet_b0,1,PD:0005,1,0.8969157338142395,True,handpd:meander,3
P1_image,efficientnet_b0,1,PD:0009,1,0.8975597620010376,True,handpd:meander,3
P1_image,efficientnet_b0,1,PD:0010,1,0.8657513856887817,True,handpd:meander,3
P1_image,efficientnet_b0,1,PD:0010,1,0.9197571277618408,True,handpd:meander,3
P1_image,efficientnet_b0,1,PD:0016,1,0.7997204661369324,True,handpd:meander,3
P1_image,efficientnet_b0,1,PD:0016,1,0.887579619884491,True,handpd:meander,3
P1_image,efficientnet_b0,1,PD:0023,1,0.8697601556777954,True,handpd:meander,3
P1_image,efficientnet_b0,1,PD:0024,1,0.8138994574546814,True,handpd:meander,3
P1_image,efficientnet_b0,1,PD:0030,1,0.8912243247032166,True,handpd:meander,3
P1_image,efficientnet_b0,1,PD:0031,1,0.6356910467147827,True,handpd:meander,3
P1_image,efficientnet_b0,1,PD:0031,1,0.8444448709487915,True,handpd:meander,3
P1_image,efficientnet_b0,1,PD:0037,1,0.8809964656829834,True,handpd:meander,3
P1_image,efficientnet_b0,1,PD:0038,1,0.7922491431236267,True,handpd:meander,3
P1_image,efficientnet_b0,1,PD:0044,1,0.9151574969291687,True,handpd:meander,3
P1_image,efficientnet_b0,1,PD:0044,1,0.822970986366272,True,handpd:meander,3
P1_image,efficientnet_b0,1,PD:0045,1,0.8921433687210083,True,handpd:meander,3
P1_image,efficientnet_b0,1,PD:0046,1,0.9812197089195251,False,handpd:meander,3
P1_image,efficientnet_b0,1,PD:0046,1,0.9271382689476013,False,handpd:meander,3
P1_image,efficientnet_b0,1,PD:0046,1,0.9179207682609558,False,handpd:meander,3
P1_image,efficientnet_b0,1,PD:0046,1,0.9062405228614807,False,handpd:meander,3
P1_image,efficientnet_b0,1,PD:0051,1,0.6370419263839722,True,handpd:meander,3
P1_image,efficientnet_b0,1,PD:0051,1,0.65444415807724,True,handpd:meander,3
P1_image,efficientnet_b0,1,PD:0051,1,0.7492879033088684,True,handpd:meander,3
P1_image,efficientnet_b0,1,PD:0052,1,0.8330533504486084,True,handpd:meander,3
P1_image,efficientnet_b0,1,PD:0052,1,0.7359741926193237,True,handpd:meander,3
P1_image,efficientnet_b0,1,PD:0052,1,0.7923988699913025,True,handpd:meander,3
P1_image,efficientnet_b0,1,PD:0053,1,0.7897060513496399,True,handpd:meander,3
P1_image,efficientnet_b0,1,PD:0053,1,0.8233054280281067,True,handpd:meander,3
P1_image,efficientnet_b0,1,PD:0054,1,0.896382749080658,True,handpd:meander,3
P1_image,efficientnet_b0,1,PD:0134,1,0.9259316921234131,True,handpd:meander,3
P1_image,efficientnet_b0,1,PD:0134,1,0.9038344025611877,True,handpd:meander,3
P1_image,efficientnet_b0,1,PD:0138,1,0.7176180481910706,True,handpd:meander,3
P1_image,efficientnet_b0,1,PD:0139,1,0.8415561318397522,True,handpd:meander,3
P1_image,efficientnet_b0,1,PD:0139,1,0.7106848359107971,True,handpd:meander,3
P1_image,efficientnet_b0,1,PD:0143,1,0.8866109848022461,True,handpd:meander,3
P1_image,efficientnet_b0,1,PD:0143,1,0.8588032126426697,True,handpd:meander,3
P1_image,efficientnet_b0,1,PD:0148,1,0.9237462282180786,True,handpd:meander,3
P1_image,efficientnet_b0,1,PD:0148,1,0.9168944954872131,True,handpd:meander,3
P1_image,efficientnet_b0,1,PD:0149,1,0.9526485800743103,True,handpd:meander,3
P1_image,efficientnet_b0,1,PD:0153,1,0.7914187908172607,True,handpd:meander,3
P1_image,efficientnet_b0,1,PD:0165,1,0.4957064986228943,True,handpd:meander,3
P1_image,efficientnet_b0,1,PD:0165,1,0.5087876915931702,True,handpd:meander,3
P1_image,efficientnet_b0,1,PD:0165,1,0.6404023170471191,True,handpd:meander,3
P1_image,efficientnet_b0,1,PD:0166,1,0.6927080154418945,True,handpd:meander,3
P1_image,efficientnet_b0,1,PD:0170,1,0.8940803408622742,True,handpd:meander,3
P1_image,efficientnet_b0,1,PD:0174,1,0.9013550877571106,True,handpd:meander,3
P1_image,efficientnet_b0,1,PD:0174,1,0.9768548011779785,True,handpd:meander,3
P1_image,efficientnet_b0,1,PD:0176,1,0.9223343729972839,True,handpd:meander,3
P1_image,efficientnet_b0,1,PD:0177,1,0.8185012936592102,True,handpd:meander,3
P1_image,efficientnet_b0,1,PD:0181,1,0.7837653756141663,True,handpd:meander,3
P1_image,efficientnet_b0,1,PD:0186,1,0.721297562122345,True,handpd:meander,3
P1_image,efficientnet_b0,1,PD:0186,1,0.8315517902374268,True,handpd:meander,3
P1_image,efficientnet_b0,1,PD:0187,1,0.7851725816726685,True,handpd:meander,3
P1_image,efficientnet_b0,1,PD:0192,1,0.693332850933075,True,handpd:meander,3
P1_image,efficientnet_b0,1,PD:0192,1,0.6094743609428406,True,handpd:meander,3
P1_image,efficientnet_b0,1,PD:0196,1,0.765843391418457,True,handpd:meander,3
P1_image,efficientnet_b0,1,PD:0198,1,0.5879110097885132,True,handpd:meander,3
P1_image,efficientnet_b0,1,PD:0198,1,0.6682028770446777,True,handpd:meander,3
P1_image,efficientnet_b0,1,PD:0198,1,0.9867941737174988,True,handpd:meander,3
P1_image,efficientnet_b0,1,PD:0202,1,0.8673592805862427,True,handpd:meander,3
P1_image,efficientnet_b0,1,PD:0203,1,0.884384036064148,False,handpd:meander,3
P1_image,efficientnet_b0,1,PD:0203,1,0.9079907536506653,False,handpd:meander,3
P1_image,efficientnet_b0,1,PD:0203,1,0.939934253692627,False,handpd:meander,3
P1_image,efficientnet_b0,1,PD:0203,1,0.9195737242698669,False,handpd:meander,3
P1_image,efficientnet_b0,1,PD:0207,1,0.7561166286468506,True,handpd:meander,3
P1_image,efficientnet_b0,1,PD:0213,1,0.8639300465583801,True,handpd:meander,3
P1_image,efficientnet_b0,1,PD:0214,1,0.6715199947357178,True,handpd:meander,3
P1_image,efficientnet_b0,1,PD:0218,1,0.6793955564498901,True,handpd:meander,3
P1_image,efficientnet_b0,1,PD:0219,1,0.7892265319824219,True,handpd:meander,3
P1_image,efficientnet_b0,1,PD:0223,1,0.9511455297470093,True,handpd:meander,3
P1_image,efficientnet_b0,1,PD:0223,1,0.8294905424118042,True,handpd:meander,3
P1_image,efficientnet_b0,1,PD:0223,1,0.8497088551521301,True,handpd:meander,3
P1_image,efficientnet_b0,1,PD:0229,1,0.9814779758453369,True,handpd:meander,3
P1_image,efficientnet_b0,1,PD:0229,1,0.9938563704490662,True,handpd:meander,3
P1_image,efficientnet_b0,1,PD:0234,1,0.9599101543426514,True,handpd:meander,3
P1_image,efficientnet_b0,1,PD:0235,1,0.9507371783256531,True,handpd:meander,3
P1_image,efficientnet_b0,1,PD:0236,1,0.9048694968223572,True,handpd:meander,3
P1_image,efficientnet_b0,1,PD:0240,1,0.8960996270179749,True,handpd:meander,3
P1_image,efficientnet_b0,1,PD:0240,1,0.8995170593261719,True,handpd:meander,3
P1_image,efficientnet_b0,1,PD:0241,1,0.9461881518363953,True,handpd:meander,3
P1_image,efficientnet_b0,1,PD:0242,1,0.7720605731010437,True,handpd:meander,3
P1_image,efficientnet_b0,1,PD:0246,1,0.9345601201057434,True,handpd:meander,3
P1_image,efficientnet_b0,1,PD:0247,1,0.917435884475708,True,handpd:meander,3
P1_image,efficientnet_b0,1,PD:0253,1,0.8954315781593323,True,handpd:meander,3
P1_image,efficientnet_b0,1,PD:0254,1,0.6873598694801331,True,handpd:meander,3
P1_image,efficientnet_b0,1,PD:0261,1,0.6254841685295105,True,handpd:meander,3
P1_image,efficientnet_b0,1,PD:0261,1,0.7455635666847229,True,handpd:meander,3
P1_image,efficientnet_b0,1,PD:0261,1,0.8333197236061096,True,handpd:meander,3
P1_image,efficientnet_b0,1,PD:0273,1,0.8132354021072388,True,handpd:meander,3
P1_image,efficientnet_b0,1,PD:0273,1,0.803991436958313,True,handpd:meander,3
P1_image,efficientnet_b0,1,PD:0273,1,0.9534320831298828,True,handpd:meander,3
P1_image,efficientnet_b0,1,PD:0274,1,0.8712164759635925,True,handpd:meander,3
P1_image,efficientnet_b0,1,PD:0274,1,0.6908488869667053,True,handpd:meander,3
P1_image,efficientnet_b0,1,PD:0280,1,0.8184453248977661,True,handpd:meander,3
P1_image,efficientnet_b0,1,PD:0280,1,0.8813743591308594,True,handpd:meander,3
P1_image,efficientnet_b0,2,HC:0092,0,0.47472184896469116,True,handpd:meander,3
P1_image,efficientnet_b0,2,HC:0098,0,0.5529187321662903,True,handpd:meander,3
P1_image,efficientnet_b0,2,HC:0098,0,0.40244126319885254,True,handpd:meander,3
P1_image,efficientnet_b0,2,HC:0098,0,0.511688232421875,True,handpd:meander,3
P1_image,efficientnet_b0,2,HC:0100,0,0.4393748939037323,True,handpd:meander,3
P1_image,efficientnet_b0,2,HC:0102,0,0.5768455266952515,True,handpd:meander,3
P1_image,efficientnet_b0,2,HC:0102,0,0.44248083233833313,True,handpd:meander,3
P1_image,efficientnet_b0,2,HC:0104,0,0.444938987493515,True,handpd:meander,3
P1_image,efficientnet_b0,2,HC:0104,0,0.3947705626487732,True,handpd:meander,3
P1_image,efficientnet_b0,2,HC:0104,0,0.4989275336265564,True,handpd:meander,3
P1_image,efficientnet_b0,2,HC:0112,0,0.4481704831123352,True,handpd:meander,3
P1_image,efficientnet_b0,2,HC:0112,0,0.2880851924419403,True,handpd:meander,3
P1_image,efficientnet_b0,2,HC:0116,0,0.38371512293815613,True,handpd:meander,3
P1_image,efficientnet_b0,2,HC:0116,0,0.40718045830726624,True,handpd:meander,3
P1_image,efficientnet_b0,2,HC:0127,0,0.5258188843727112,True,handpd:meander,3
P1_image,efficientnet_b0,2,HC:0127,0,0.4238731563091278,True,handpd:meander,3
P1_image,efficientnet_b0,2,HC:0129,0,0.36961472034454346,True,handpd:meander,3
P1_image,efficientnet_b0,2,HC:0129,0,0.39844372868537903,True,handpd:meander,3
P1_image,efficientnet_b0,2,HC:0131,0,0.41642293334007263,True,handpd:meander,3
P1_image,efficientnet_b0,2,HC:0287,0,0.45308029651641846,True,handpd:meander,3
P1_image,efficientnet_b0,2,HC:0289,0,0.4019249975681305,True,handpd:meander,3
P1_image,efficientnet_b0,2,HC:0295,0,0.5772486925125122,True,handpd:meander,3
P1_image,efficientnet_b0,2,HC:0295,0,0.6461418867111206,True,handpd:meander,3
P1_image,efficientnet_b0,2,HC:0305,0,0.7487907409667969,True,handpd:meander,3
P1_image,efficientnet_b0,2,PD:0002,1,0.96504807472229,True,handpd:meander,3
P1_image,efficientnet_b0,2,PD:0002,1,0.9222730398178101,True,handpd:meander,3
P1_image,efficientnet_b0,2,PD:0003,1,0.7790931463241577,True,handpd:meander,3
P1_image,efficientnet_b0,2,PD:0003,1,0.8903853297233582,True,handpd:meander,3
P1_image,efficientnet_b0,2,PD:0004,1,0.6624212265014648,True,handpd:meander,3
P1_image,efficientnet_b0,2,PD:0004,1,0.7838834524154663,True,handpd:meander,3
P1_image,efficientnet_b0,2,PD:0005,1,0.520268976688385,True,handpd:meander,3
P1_image,efficientnet_b0,2,PD:0016,1,0.8431004881858826,True,handpd:meander,3
P1_image,efficientnet_b0,2,PD:0023,1,0.5981126427650452,True,handpd:meander,3
P1_image,efficientnet_b0,2,PD:0023,1,0.46071094274520874,True,handpd:meander,3
P1_image,efficientnet_b0,2,PD:0024,1,0.47436800599098206,True,handpd:meander,3
P1_image,efficientnet_b0,2,PD:0024,1,0.6088594794273376,True,handpd:meander,3
P1_image,efficientnet_b0,2,PD:0030,1,0.5628455281257629,True,handpd:meander,3
P1_image,efficientnet_b0,2,PD:0030,1,0.5540031790733337,True,handpd:meander,3
P1_image,efficientnet_b0,2,PD:0030,1,0.5754100680351257,True,handpd:meander,3
P1_image,efficientnet_b0,2,PD:0031,1,0.5570036172866821,True,handpd:meander,3
P1_image,efficientnet_b0,2,PD:0038,1,0.8178516626358032,True,handpd:meander,3
P1_image,efficientnet_b0,2,PD:0038,1,0.7327110171318054,True,handpd:meander,3
P1_image,efficientnet_b0,2,PD:0044,1,0.9611278772354126,True,handpd:meander,3
P1_image,efficientnet_b0,2,PD:0045,1,0.7513408660888672,True,handpd:meander,3
P1_image,efficientnet_b0,2,PD:0045,1,0.8901821970939636,True,handpd:meander,3
P1_image,efficientnet_b0,2,PD:0136,1,0.6489701867103577,True,handpd:meander,3
P1_image,efficientnet_b0,2,PD:0136,1,0.8954912424087524,True,handpd:meander,3
P1_image,efficientnet_b0,2,PD:0138,1,0.691146969795227,True,handpd:meander,3
P1_image,efficientnet_b0,2,PD:0138,1,0.7054024338722229,True,handpd:meander,3
P1_image,efficientnet_b0,2,PD:0143,1,0.787444531917572,True,handpd:meander,3
P1_image,efficientnet_b0,2,PD:0143,1,0.5064994692802429,True,handpd:meander,3
P1_image,efficientnet_b0,2,PD:0149,1,0.7532464861869812,True,handpd:meander,3
P1_image,efficientnet_b0,2,PD:0149,1,0.8865511417388916,True,handpd:meander,3
P1_image,efficientnet_b0,2,PD:0153,1,0.5652281641960144,True,handpd:meander,3
P1_image,efficientnet_b0,2,PD:0153,1,0.4195338189601898,True,handpd:meander,3
P1_image,efficientnet_b0,2,PD:0153,1,0.44483673572540283,True,handpd:meander,3
P1_image,efficientnet_b0,2,PD:0157,1,0.6988294124603271,True,handpd:meander,3
P1_image,efficientnet_b0,2,PD:0161,1,0.6871005296707153,True,handpd:meander,3
P1_image,efficientnet_b0,2,PD:0161,1,0.6956153512001038,True,handpd:meander,3
P1_image,efficientnet_b0,2,PD:0161,1,0.8828389048576355,True,handpd:meander,3
P1_image,efficientnet_b0,2,PD:0165,1,0.6002373099327087,True,handpd:meander,3
P1_image,efficientnet_b0,2,PD:0166,1,0.4986911416053772,True,handpd:meander,3
P1_image,efficientnet_b0,2,PD:0170,1,0.8378869295120239,True,handpd:meander,3
P1_image,efficientnet_b0,2,PD:0170,1,0.7192118763923645,True,handpd:meander,3
P1_image,efficientnet_b0,2,PD:0174,1,0.9904976487159729,True,handpd:meander,3
P1_image,efficientnet_b0,2,PD:0174,1,0.9651237726211548,True,handpd:meander,3
P1_image,efficientnet_b0,2,PD:0176,1,0.8611354231834412,True,handpd:meander,3
P1_image,efficientnet_b0,2,PD:0181,1,0.6493582129478455,True,handpd:meander,3
P1_image,efficientnet_b0,2,PD:0181,1,0.8331624865531921,True,handpd:meander,3
P1_image,efficientnet_b0,2,PD:0182,1,0.5287341475486755,True,handpd:meander,3
P1_image,efficientnet_b0,2,PD:0182,1,0.4893335998058319,True,handpd:meander,3
P1_image,efficientnet_b0,2,PD:0182,1,0.6102210283279419,True,handpd:meander,3
P1_image,efficientnet_b0,2,PD:0186,1,0.6699316501617432,True,handpd:meander,3
P1_image,efficientnet_b0,2,PD:0186,1,0.7863534688949585,True,handpd:meander,3
P1_image,efficientnet_b0,2,PD:0187,1,0.5964482426643372,True,handpd:meander,3
P1_image,efficientnet_b0,2,PD:0188,1,0.5189962387084961,True,handpd:meander,3
P1_image,efficientnet_b0,2,PD:0188,1,0.5235134363174438,True,handpd:meander,3
P1_image,efficientnet_b0,2,PD:0196,1,0.7348965406417847,True,handpd:meander,3
P1_image,efficientnet_b0,2,PD:0197,1,0.7194902896881104,True,handpd:meander,3
P1_image,efficientnet_b0,2,PD:0198,1,0.6322036385536194,True,handpd:meander,3
P1_image,efficientnet_b0,2,PD:0202,1,0.5013852119445801,True,handpd:meander,3
P1_image,efficientnet_b0,2,PD:0207,1,0.7431047558784485,True,handpd:meander,3
P1_image,efficientnet_b0,2,PD:0208,1,0.4344474971294403,True,handpd:meander,3
P1_image,efficientnet_b0,2,PD:0208,1,0.7015078067779541,True,handpd:meander,3
P1_image,efficientnet_b0,2,PD:0213,1,0.7131533622741699,True,handpd:meander,3
P1_image,efficientnet_b0,2,PD:0218,1,0.4955042898654938,True,handpd:meander,3
P1_image,efficientnet_b0,2,PD:0218,1,0.47034022212028503,True,handpd:meander,3
P1_image,efficientnet_b0,2,PD:0219,1,0.5824084877967834,True,handpd:meander,3
P1_image,efficientnet_b0,2,PD:0223,1,0.7278046011924744,True,handpd:meander,3
P1_image,efficientnet_b0,2,PD:0228,1,0.8815616965293884,False,handpd:meander,3
P1_image,efficientnet_b0,2,PD:0228,1,0.8739475011825562,False,handpd:meander,3
P1_image,efficientnet_b0,2,PD:0228,1,0.7953010201454163,False,handpd:meander,3
P1_image,efficientnet_b0,2,PD:0228,1,0.8728282451629639,False,handpd:meander,3
P1_image,efficientnet_b0,2,PD:0229,1,0.9464141130447388,True,handpd:meander,3
P1_image,efficientnet_b0,2,PD:0229,1,0.9802859425544739,True,handpd:meander,3
P1_image,efficientnet_b0,2,PD:0230,1,0.9166175723075867,True,handpd:meander,3
P1_image,efficientnet_b0,2,PD:0230,1,0.8761737942695618,True,handpd:meander,3
P1_image,efficientnet_b0,2,PD:0230,1,0.8750768303871155,True,handpd:meander,3
P1_image,efficientnet_b0,2,PD:0234,1,0.7529183626174927,True,handpd:meander,3
P1_image,efficientnet_b0,2,PD:0234,1,0.9584129452705383,True,handpd:meander,3
P1_image,efficientnet_b0,2,PD:0235,1,0.9448885321617126,True,handpd:meander,3
P1_image,efficientnet_b0,2,PD:0235,1,0.9255138039588928,True,handpd:meander,3
P1_image,efficientnet_b0,2,PD:0236,1,0.8872500658035278,True,handpd:meander,3
P1_image,efficientnet_b0,2,PD:0236,1,0.8889226317405701,True,handpd:meander,3
P1_image,efficientnet_b0,2,PD:0240,1,0.7951629161834717,True,handpd:meander,3
P1_image,efficientnet_b0,2,PD:0241,1,0.9248348474502563,True,handpd:meander,3
P1_image,efficientnet_b0,2,PD:0241,1,0.9552408456802368,True,handpd:meander,3
P1_image,efficientnet_b0,2,PD:0246,1,0.933862030506134,True,handpd:meander,3
P1_image,efficientnet_b0,2,PD:0253,1,0.8580726981163025,True,handpd:meander,3
P1_image,efficientnet_b0,2,PD:0253,1,0.5741181373596191,True,handpd:meander,3
P1_image,efficientnet_b0,2,PD:0253,1,0.566005289554596,True,handpd:meander,3
P1_image,efficientnet_b0,2,PD:0254,1,0.7939334511756897,True,handpd:meander,3
P1_image,efficientnet_b0,2,PD:0261,1,0.5011189579963684,True,handpd:meander,3
P1_image,efficientnet_b0,2,PD:0268,1,0.6834282875061035,True,handpd:meander,3
P1_image,efficientnet_b0,2,PD:0268,1,0.7046271562576294,True,handpd:meander,3
P1_image,efficientnet_b0,2,PD:0269,1,0.7266690731048584,True,handpd:meander,3
P1_image,efficientnet_b0,2,PD:0269,1,0.7468788623809814,True,handpd:meander,3
P1_image,efficientnet_b0,2,PD:0273,1,0.618747353553772,True,handpd:meander,3
P1_image,efficientnet_b0,2,PD:0274,1,0.9161578416824341,True,handpd:meander,3
P1_image,efficientnet_b0,2,PD:0280,1,0.667312741279602,True,handpd:meander,3
P1_image,efficientnet_b0,2,PD:0281,1,0.6187043786048889,True,handpd:meander,3
P1_image,efficientnet_b0,2,PD:0281,1,0.5951715111732483,True,handpd:meander,3
P2_subject,efficientnet_b0,0,HC:0068,0,0.4425903260707855,False,handpd:meander,3
P2_subject,efficientnet_b0,0,HC:0068,0,0.4441234767436981,False,handpd:meander,3
P2_subject,efficientnet_b0,0,HC:0068,0,0.5564489960670471,False,handpd:meander,3
P2_subject,efficientnet_b0,0,HC:0068,0,0.7262645959854126,False,handpd:meander,3
P2_subject,efficientnet_b0,0,HC:0092,0,0.49839693307876587,False,handpd:meander,3
P2_subject,efficientnet_b0,0,HC:0092,0,0.46376243233680725,False,handpd:meander,3
P2_subject,efficientnet_b0,0,HC:0092,0,0.5538389682769775,False,handpd:meander,3
P2_subject,efficientnet_b0,0,HC:0092,0,0.6939137578010559,False,handpd:meander,3
P2_subject,efficientnet_b0,0,HC:0104,0,0.5984848141670227,False,handpd:meander,3
P2_subject,efficientnet_b0,0,HC:0104,0,0.5112060904502869,False,handpd:meander,3
P2_subject,efficientnet_b0,0,HC:0104,0,0.5620480179786682,False,handpd:meander,3
P2_subject,efficientnet_b0,0,HC:0104,0,0.5880675911903381,False,handpd:meander,3
P2_subject,efficientnet_b0,0,HC:0116,0,0.6203572154045105,False,handpd:meander,3
P2_subject,efficientnet_b0,0,HC:0116,0,0.5448303818702698,False,handpd:meander,3
P2_subject,efficientnet_b0,0,HC:0116,0,0.5201813578605652,False,handpd:meander,3
P2_subject,efficientnet_b0,0,HC:0116,0,0.7554511427879333,False,handpd:meander,3
P2_subject,efficientnet_b0,0,HC:0127,0,0.6834980845451355,False,handpd:meander,3
P2_subject,efficientnet_b0,0,HC:0127,0,0.5673778057098389,False,handpd:meander,3
P2_subject,efficientnet_b0,0,HC:0127,0,0.546803891658783,False,handpd:meander,3
P2_subject,efficientnet_b0,0,HC:0127,0,0.5522589683532715,False,handpd:meander,3
P2_subject,efficientnet_b0,0,HC:0297,0,0.7646669745445251,False,handpd:meander,3
P2_subject,efficientnet_b0,0,HC:0297,0,0.6553225517272949,False,handpd:meander,3
P2_subject,efficientnet_b0,0,HC:0297,0,0.8257380127906799,False,handpd:meander,3
P2_subject,efficientnet_b0,0,HC:0297,0,0.6184521913528442,False,handpd:meander,3
P2_subject,efficientnet_b0,0,PD:0003,1,0.8875254392623901,False,handpd:meander,3
P2_subject,efficientnet_b0,0,PD:0003,1,0.9857339859008789,False,handpd:meander,3
P2_subject,efficientnet_b0,0,PD:0003,1,0.9498874545097351,False,handpd:meander,3
P2_subject,efficientnet_b0,0,PD:0003,1,0.9798029065132141,False,handpd:meander,3
P2_subject,efficientnet_b0,0,PD:0010,1,0.945929229259491,False,handpd:meander,3
P2_subject,efficientnet_b0,0,PD:0010,1,0.9436182975769043,False,handpd:meander,3
P2_subject,efficientnet_b0,0,PD:0010,1,0.9297524690628052,False,handpd:meander,3
P2_subject,efficientnet_b0,0,PD:0010,1,0.8437493443489075,False,handpd:meander,3
P2_subject,efficientnet_b0,0,PD:0016,1,0.8635975122451782,False,handpd:meander,3
P2_subject,efficientnet_b0,0,PD:0016,1,0.9284656047821045,False,handpd:meander,3
P2_subject,efficientnet_b0,0,PD:0016,1,0.9364050030708313,False,handpd:meander,3
P2_subject,efficientnet_b0,0,PD:0016,1,0.8982957005500793,False,handpd:meander,3
P2_subject,efficientnet_b0,0,PD:0024,1,0.8268578052520752,False,handpd:meander,3
P2_subject,efficientnet_b0,0,PD:0024,1,0.6639304161071777,False,handpd:meander,3
P2_subject,efficientnet_b0,0,PD:0024,1,0.6385236382484436,False,handpd:meander,3
P2_subject,efficientnet_b0,0,PD:0024,1,0.8812934160232544,False,handpd:meander,3
P2_subject,efficientnet_b0,0,PD:0031,1,0.6250560283660889,False,handpd:meander,3
P2_subject,efficientnet_b0,0,PD:0031,1,0.6762094497680664,False,handpd:meander,3
P2_subject,efficientnet_b0,0,PD:0031,1,0.8297052383422852,False,handpd:meander,3
P2_subject,efficientnet_b0,0,PD:0031,1,0.7257674932479858,False,handpd:meander,3
P2_subject,efficientnet_b0,0,PD:0044,1,0.9631577730178833,False,handpd:meander,3
P2_subject,efficientnet_b0,0,PD:0044,1,0.9397263526916504,False,handpd:meander,3
P2_subject,efficientnet_b0,0,PD:0044,1,0.9060288667678833,False,handpd:meander,3
P2_subject,efficientnet_b0,0,PD:0044,1,0.8799646496772766,False,handpd:meander,3
P2_subject,efficientnet_b0,0,PD:0053,1,0.7543284893035889,False,handpd:meander,3
P2_subject,efficientnet_b0,0,PD:0053,1,0.8751755356788635,False,handpd:meander,3
P2_subject,efficientnet_b0,0,PD:0053,1,0.7541741728782654,False,handpd:meander,3
P2_subject,efficientnet_b0,0,PD:0053,1,0.897226870059967,False,handpd:meander,3
P2_subject,efficientnet_b0,0,PD:0054,1,0.8694676160812378,False,handpd:meander,3
P2_subject,efficientnet_b0,0,PD:0054,1,0.736822247505188,False,handpd:meander,3
P2_subject,efficientnet_b0,0,PD:0054,1,0.6947502493858337,False,handpd:meander,3
P2_subject,efficientnet_b0,0,PD:0054,1,0.8390007615089417,False,handpd:meander,3
P2_subject,efficientnet_b0,0,PD:0138,1,0.8637360334396362,False,handpd:meander,3
P2_subject,efficientnet_b0,0,PD:0138,1,0.8192028999328613,False,handpd:meander,3
P2_subject,efficientnet_b0,0,PD:0138,1,0.751550555229187,False,handpd:meander,3
P2_subject,efficientnet_b0,0,PD:0138,1,0.8304430842399597,False,handpd:meander,3
P2_subject,efficientnet_b0,0,PD:0149,1,0.9378374218940735,False,handpd:meander,3
P2_subject,efficientnet_b0,0,PD:0149,1,0.9492409229278564,False,handpd:meander,3
P2_subject,efficientnet_b0,0,PD:0149,1,0.8881086707115173,False,handpd:meander,3
P2_subject,efficientnet_b0,0,PD:0149,1,0.9686244130134583,False,handpd:meander,3
P2_subject,efficientnet_b0,0,PD:0166,1,0.874557614326477,False,handpd:meander,3
P2_subject,efficientnet_b0,0,PD:0166,1,0.8416945934295654,False,handpd:meander,3
P2_subject,efficientnet_b0,0,PD:0166,1,0.8228873014450073,False,handpd:meander,3
P2_subject,efficientnet_b0,0,PD:0166,1,0.8451756834983826,False,handpd:meander,3
P2_subject,efficientnet_b0,0,PD:0182,1,0.7713205218315125,False,handpd:meander,3
P2_subject,efficientnet_b0,0,PD:0182,1,0.7658125162124634,False,handpd:meander,3
P2_subject,efficientnet_b0,0,PD:0182,1,0.9134348034858704,False,handpd:meander,3
P2_subject,efficientnet_b0,0,PD:0182,1,0.9409239292144775,False,handpd:meander,3
P2_subject,efficientnet_b0,0,PD:0188,1,0.8845454454421997,False,handpd:meander,3
P2_subject,efficientnet_b0,0,PD:0188,1,0.728952169418335,False,handpd:meander,3
P2_subject,efficientnet_b0,0,PD:0188,1,0.8516994714736938,False,handpd:meander,3
P2_subject,efficientnet_b0,0,PD:0188,1,0.8570557236671448,False,handpd:meander,3
P2_subject,efficientnet_b0,0,PD:0192,1,0.8647001385688782,False,handpd:meander,3
P2_subject,efficientnet_b0,0,PD:0192,1,0.7867746353149414,False,handpd:meander,3
P2_subject,efficientnet_b0,0,PD:0192,1,0.9141860604286194,False,handpd:meander,3
P2_subject,efficientnet_b0,0,PD:0192,1,0.9780874252319336,False,handpd:meander,3
P2_subject,efficientnet_b0,0,PD:0203,1,0.8461986780166626,False,handpd:meander,3
P2_subject,efficientnet_b0,0,PD:0203,1,0.9181161522865295,False,handpd:meander,3
P2_subject,efficientnet_b0,0,PD:0203,1,0.9264098405838013,False,handpd:meander,3
P2_subject,efficientnet_b0,0,PD:0203,1,0.685343325138092,False,handpd:meander,3
P2_subject,efficientnet_b0,0,PD:0208,1,0.702329158782959,False,handpd:meander,3
P2_subject,efficientnet_b0,0,PD:0208,1,0.7703936100006104,False,handpd:meander,3
P2_subject,efficientnet_b0,0,PD:0208,1,0.7802050709724426,False,handpd:meander,3
P2_subject,efficientnet_b0,0,PD:0208,1,0.822094738483429,False,handpd:meander,3
P2_subject,efficientnet_b0,0,PD:0218,1,0.7144302725791931,False,handpd:meander,3
P2_subject,efficientnet_b0,0,PD:0218,1,0.7829543948173523,False,handpd:meander,3
P2_subject,efficientnet_b0,0,PD:0218,1,0.7190501093864441,False,handpd:meander,3
P2_subject,efficientnet_b0,0,PD:0218,1,0.6416375637054443,False,handpd:meander,3
P2_subject,efficientnet_b0,0,PD:0223,1,0.9383695125579834,False,handpd:meander,3
P2_subject,efficientnet_b0,0,PD:0223,1,0.8826807141304016,False,handpd:meander,3
P2_subject,efficientnet_b0,0,PD:0223,1,0.8523190021514893,False,handpd:meander,3
P2_subject,efficientnet_b0,0,PD:0223,1,0.940038800239563,False,handpd:meander,3
P2_subject,efficientnet_b0,0,PD:0242,1,0.8769381642341614,False,handpd:meander,3
P2_subject,efficientnet_b0,0,PD:0242,1,0.8988612294197083,False,handpd:meander,3
P2_subject,efficientnet_b0,0,PD:0242,1,0.9358599781990051,False,handpd:meander,3
P2_subject,efficientnet_b0,0,PD:0242,1,0.8244847655296326,False,handpd:meander,3
P2_subject,efficientnet_b0,0,PD:0253,1,0.7872138023376465,False,handpd:meander,3
P2_subject,efficientnet_b0,0,PD:0253,1,0.9421280026435852,False,handpd:meander,3
P2_subject,efficientnet_b0,0,PD:0253,1,0.8937162756919861,False,handpd:meander,3
P2_subject,efficientnet_b0,0,PD:0253,1,0.8470323085784912,False,handpd:meander,3
P2_subject,efficientnet_b0,0,PD:0254,1,0.862166702747345,False,handpd:meander,3
P2_subject,efficientnet_b0,0,PD:0254,1,0.8486049175262451,False,handpd:meander,3
P2_subject,efficientnet_b0,0,PD:0254,1,0.7491269707679749,False,handpd:meander,3
P2_subject,efficientnet_b0,0,PD:0254,1,0.7095127105712891,False,handpd:meander,3
P2_subject,efficientnet_b0,0,PD:0268,1,0.911582887172699,False,handpd:meander,3
P2_subject,efficientnet_b0,0,PD:0268,1,0.9012483954429626,False,handpd:meander,3
P2_subject,efficientnet_b0,0,PD:0268,1,0.9157865047454834,False,handpd:meander,3
P2_subject,efficientnet_b0,0,PD:0268,1,0.9176130890846252,False,handpd:meander,3
P2_subject,efficientnet_b0,0,PD:0273,1,0.8177552223205566,False,handpd:meander,3
P2_subject,efficientnet_b0,0,PD:0273,1,0.860993504524231,False,handpd:meander,3
P2_subject,efficientnet_b0,0,PD:0273,1,0.840870201587677,False,handpd:meander,3
P2_subject,efficientnet_b0,0,PD:0273,1,0.9143058657646179,False,handpd:meander,3
P2_subject,efficientnet_b0,0,PD:0274,1,0.9377956390380859,False,handpd:meander,3
P2_subject,efficientnet_b0,0,PD:0274,1,0.9257713556289673,False,handpd:meander,3
P2_subject,efficientnet_b0,0,PD:0274,1,0.9099957346916199,False,handpd:meander,3
P2_subject,efficientnet_b0,0,PD:0274,1,0.8026041984558105,False,handpd:meander,3
P2_subject,efficientnet_b0,0,PD:0281,1,0.9648880362510681,False,handpd:meander,3
P2_subject,efficientnet_b0,0,PD:0281,1,0.9332579970359802,False,handpd:meander,3
P2_subject,efficientnet_b0,0,PD:0281,1,0.8636971712112427,False,handpd:meander,3
P2_subject,efficientnet_b0,0,PD:0281,1,0.9633272290229797,False,handpd:meander,3
P2_subject,efficientnet_b0,1,HC:0098,0,0.760994553565979,False,handpd:meander,3
P2_subject,efficientnet_b0,1,HC:0098,0,0.6888172030448914,False,handpd:meander,3
P2_subject,efficientnet_b0,1,HC:0098,0,0.6085280179977417,False,handpd:meander,3
P2_subject,efficientnet_b0,1,HC:0098,0,0.7397707104682922,False,handpd:meander,3
P2_subject,efficientnet_b0,1,HC:0102,0,0.7655637860298157,False,handpd:meander,3
P2_subject,efficientnet_b0,1,HC:0102,0,0.663476288318634,False,handpd:meander,3
P2_subject,efficientnet_b0,1,HC:0102,0,0.6870134472846985,False,handpd:meander,3
P2_subject,efficientnet_b0,1,HC:0102,0,0.6214143633842468,False,handpd:meander,3
P2_subject,efficientnet_b0,1,HC:0106,0,0.7245282530784607,False,handpd:meander,3
P2_subject,efficientnet_b0,1,HC:0106,0,0.5734207630157471,False,handpd:meander,3
P2_subject,efficientnet_b0,1,HC:0106,0,0.4892926514148712,False,handpd:meander,3
P2_subject,efficientnet_b0,1,HC:0106,0,0.7615616917610168,False,handpd:meander,3
P2_subject,efficientnet_b0,1,HC:0112,0,0.7474400997161865,False,handpd:meander,3
P2_subject,efficientnet_b0,1,HC:0112,0,0.7891697287559509,False,handpd:meander,3
P2_subject,efficientnet_b0,1,HC:0112,0,0.5616616010665894,False,handpd:meander,3
P2_subject,efficientnet_b0,1,HC:0112,0,0.677209198474884,False,handpd:meander,3
P2_subject,efficientnet_b0,1,HC:0129,0,0.7010391354560852,False,handpd:meander,3
P2_subject,efficientnet_b0,1,HC:0129,0,0.70047926902771,False,handpd:meander,3
P2_subject,efficientnet_b0,1,HC:0129,0,0.537166178226471,False,handpd:meander,3
P2_subject,efficientnet_b0,1,HC:0129,0,0.7075053453445435,False,handpd:meander,3
P2_subject,efficientnet_b0,1,HC:0289,0,0.36169108748435974,False,handpd:meander,3
P2_subject,efficientnet_b0,1,HC:0289,0,0.5210541486740112,False,handpd:meander,3
P2_subject,efficientnet_b0,1,HC:0289,0,0.3420310914516449,False,handpd:meander,3
P2_subject,efficientnet_b0,1,HC:0289,0,0.4971716105937958,False,handpd:meander,3
P2_subject,efficientnet_b0,1,PD:0004,1,0.898643434047699,False,handpd:meander,3
P2_subject,efficientnet_b0,1,PD:0004,1,0.9443308711051941,False,handpd:meander,3
P2_subject,efficientnet_b0,1,PD:0004,1,0.8574252724647522,False,handpd:meander,3
P2_subject,efficientnet_b0,1,PD:0004,1,0.8184399008750916,False,handpd:meander,3
P2_subject,efficientnet_b0,1,PD:0030,1,0.7758649587631226,False,handpd:meander,3
P2_subject,efficientnet_b0,1,PD:0030,1,0.7658904194831848,False,handpd:meander,3
P2_subject,efficientnet_b0,1,PD:0030,1,0.8772885203361511,False,handpd:meander,3
P2_subject,efficientnet_b0,1,PD:0030,1,0.7217023372650146,False,handpd:meander,3
P2_subject,efficientnet_b0,1,PD:0037,1,0.9710595607757568,False,handpd:meander,3
P2_subject,efficientnet_b0,1,PD:0037,1,0.8467623591423035,False,handpd:meander,3
P2_subject,efficientnet_b0,1,PD:0037,1,0.8912367224693298,False,handpd:meander,3
P2_subject,efficientnet_b0,1,PD:0037,1,0.9801982045173645,False,handpd:meander,3
P2_subject,efficientnet_b0,1,PD:0038,1,0.8489577770233154,False,handpd:meander,3
P2_subject,efficientnet_b0,1,PD:0038,1,0.7596381306648254,False,handpd:meander,3
P2_subject,efficientnet_b0,1,PD:0038,1,0.9290525913238525,False,handpd:meander,3
P2_subject,efficientnet_b0,1,PD:0038,1,0.8420114517211914,False,handpd:meander,3
P2_subject,efficientnet_b0,1,PD:0045,1,0.9859029054641724,False,handpd:meander,3
P2_subject,efficientnet_b0,1,PD:0045,1,0.8953632116317749,False,handpd:meander,3
P2_subject,efficientnet_b0,1,PD:0045,1,0.9604379534721375,False,handpd:meander,3
P2_subject,efficientnet_b0,1,PD:0045,1,0.809748649597168,False,handpd:meander,3
P2_subject,efficientnet_b0,1,PD:0051,1,0.7406267523765564,False,handpd:meander,3
P2_subject,efficientnet_b0,1,PD:0051,1,0.8717295527458191,False,handpd:meander,3
P2_subject,efficientnet_b0,1,PD:0051,1,0.7980189919471741,False,handpd:meander,3
P2_subject,efficientnet_b0,1,PD:0051,1,0.8684959411621094,False,handpd:meander,3
P2_subject,efficientnet_b0,1,PD:0136,1,0.8874514102935791,False,handpd:meander,3
P2_subject,efficientnet_b0,1,PD:0136,1,0.724666953086853,False,handpd:meander,3
P2_subject,efficientnet_b0,1,PD:0136,1,0.8454278111457825,False,handpd:meander,3
P2_subject,efficientnet_b0,1,PD:0136,1,0.871019184589386,False,handpd:meander,3
P2_subject,efficientnet_b0,1,PD:0143,1,0.8811148405075073,False,handpd:meander,3
P2_subject,efficientnet_b0,1,PD:0143,1,0.8986527323722839,False,handpd:meander,3
P2_subject,efficientnet_b0,1,PD:0143,1,0.9000101685523987,False,handpd:meander,3
P2_subject,efficientnet_b0,1,PD:0143,1,0.7833194732666016,False,handpd:meander,3
P2_subject,efficientnet_b0,1,PD:0148,1,0.8895492553710938,False,handpd:meander,3
P2_subject,efficientnet_b0,1,PD:0148,1,0.9904601573944092,False,handpd:meander,3
P2_subject,efficientnet_b0,1,PD:0148,1,0.9376019239425659,False,handpd:meander,3
P2_subject,efficientnet_b0,1,PD:0148,1,0.8437840342521667,False,handpd:meander,3
P2_subject,efficientnet_b0,1,PD:0161,1,0.9620727896690369,False,handpd:meander,3
P2_subject,efficientnet_b0,1,PD:0161,1,0.7150997519493103,False,handpd:meander,3
P2_subject,efficientnet_b0,1,PD:0161,1,0.8075610399246216,False,handpd:meander,3
P2_subject,efficientnet_b0,1,PD:0161,1,0.957061231136322,False,handpd:meander,3
P2_subject,efficientnet_b0,1,PD:0165,1,0.885873556137085,False,handpd:meander,3
P2_subject,efficientnet_b0,1,PD:0165,1,0.7028622031211853,False,handpd:meander,3
P2_subject,efficientnet_b0,1,PD:0165,1,0.6319947242736816,False,handpd:meander,3
P2_subject,efficientnet_b0,1,PD:0165,1,0.6577734351158142,False,handpd:meander,3
P2_subject,efficientnet_b0,1,PD:0170,1,0.9842234253883362,False,handpd:meander,3
P2_subject,efficientnet_b0,1,PD:0170,1,0.9269888997077942,False,handpd:meander,3
P2_subject,efficientnet_b0,1,PD:0170,1,0.980512261390686,False,handpd:meander,3
P2_subject,efficientnet_b0,1,PD:0170,1,0.8312756419181824,False,handpd:meander,3
P2_subject,efficientnet_b0,1,PD:0176,1,0.8797621726989746,False,handpd:meander,3
P2_subject,efficientnet_b0,1,PD:0176,1,0.9578738212585449,False,handpd:meander,3
P2_subject,efficientnet_b0,1,PD:0176,1,0.9165631532669067,False,handpd:meander,3
P2_subject,efficientnet_b0,1,PD:0176,1,0.8036131858825684,False,handpd:meander,3
P2_subject,efficientnet_b0,1,PD:0187,1,0.8340797424316406,False,handpd:meander,3
P2_subject,efficientnet_b0,1,PD:0187,1,0.7485408186912537,False,handpd:meander,3
P2_subject,efficientnet_b0,1,PD:0187,1,0.8663010597229004,False,handpd:meander,3
P2_subject,efficientnet_b0,1,PD:0187,1,0.805312991142273,False,handpd:meander,3
P2_subject,efficientnet_b0,1,PD:0196,1,0.8973573446273804,False,handpd:meander,3
P2_subject,efficientnet_b0,1,PD:0196,1,0.8717792630195618,False,handpd:meander,3
P2_subject,efficientnet_b0,1,PD:0196,1,0.6661667823791504,False,handpd:meander,3
P2_subject,efficientnet_b0,1,PD:0196,1,0.8765374422073364,False,handpd:meander,3
P2_subject,efficientnet_b0,1,PD:0197,1,0.8075357675552368,False,handpd:meander,3
P2_subject,efficientnet_b0,1,PD:0197,1,0.8569079041481018,False,handpd:meander,3
P2_subject,efficientnet_b0,1,PD:0197,1,0.8671820759773254,False,handpd:meander,3
P2_subject,efficientnet_b0,1,PD:0197,1,0.8489800691604614,False,handpd:meander,3
P2_subject,efficientnet_b0,1,PD:0219,1,0.6056011319160461,False,handpd:meander,3
P2_subject,efficientnet_b0,1,PD:0219,1,0.5829274654388428,False,handpd:meander,3
P2_subject,efficientnet_b0,1,PD:0219,1,0.6263461709022522,False,handpd:meander,3
P2_subject,efficientnet_b0,1,PD:0219,1,0.7468140721321106,False,handpd:meander,3
P2_subject,efficientnet_b0,1,PD:0228,1,0.9703172445297241,False,handpd:meander,3
P2_subject,efficientnet_b0,1,PD:0228,1,0.9771766066551208,False,handpd:meander,3
P2_subject,efficientnet_b0,1,PD:0228,1,0.9731699228286743,False,handpd:meander,3
P2_subject,efficientnet_b0,1,PD:0228,1,0.9583980441093445,False,handpd:meander,3
P2_subject,efficientnet_b0,1,PD:0229,1,0.9735562205314636,False,handpd:meander,3
P2_subject,efficientnet_b0,1,PD:0229,1,0.9769683480262756,False,handpd:meander,3
P2_subject,efficientnet_b0,1,PD:0229,1,0.9794132709503174,False,handpd:meander,3
P2_subject,efficientnet_b0,1,PD:0229,1,0.97184157371521,False,handpd:meander,3
P2_subject,efficientnet_b0,1,PD:0230,1,0.8800941109657288,False,handpd:meander,3
P2_subject,efficientnet_b0,1,PD:0230,1,0.9676824808120728,False,handpd:meander,3
P2_subject,efficientnet_b0,1,PD:0230,1,0.98715740442276,False,handpd:meander,3
P2_subject,efficientnet_b0,1,PD:0230,1,0.8027829527854919,False,handpd:meander,3
P2_subject,efficientnet_b0,1,PD:0235,1,0.9872658252716064,False,handpd:meander,3
P2_subject,efficientnet_b0,1,PD:0235,1,0.9259026646614075,False,handpd:meander,3
P2_subject,efficientnet_b0,1,PD:0235,1,0.9815521836280823,False,handpd:meander,3
P2_subject,efficientnet_b0,1,PD:0235,1,0.9458233118057251,False,handpd:meander,3
P2_subject,efficientnet_b0,1,PD:0240,1,0.862998902797699,False,handpd:meander,3
P2_subject,efficientnet_b0,1,PD:0240,1,0.9374678134918213,False,handpd:meander,3
P2_subject,efficientnet_b0,1,PD:0240,1,0.895283043384552,False,handpd:meander,3
P2_subject,efficientnet_b0,1,PD:0240,1,0.9328249096870422,False,handpd:meander,3
P2_subject,efficientnet_b0,1,PD:0247,1,0.7461903095245361,False,handpd:meander,3
P2_subject,efficientnet_b0,1,PD:0247,1,0.8996689915657043,False,handpd:meander,3
P2_subject,efficientnet_b0,1,PD:0247,1,0.7495379447937012,False,handpd:meander,3
P2_subject,efficientnet_b0,1,PD:0247,1,0.7664373517036438,False,handpd:meander,3
P2_subject,efficientnet_b0,1,PD:0280,1,0.9045647382736206,False,handpd:meander,3
P2_subject,efficientnet_b0,1,PD:0280,1,0.8736962676048279,False,handpd:meander,3
P2_subject,efficientnet_b0,1,PD:0280,1,0.9484798312187195,False,handpd:meander,3
P2_subject,efficientnet_b0,1,PD:0280,1,0.8975763916969299,False,handpd:meander,3
P2_subject,efficientnet_b0,2,HC:0100,0,0.5443179607391357,False,handpd:meander,3
P2_subject,efficientnet_b0,2,HC:0100,0,0.5081578493118286,False,handpd:meander,3
P2_subject,efficientnet_b0,2,HC:0100,0,0.48991891741752625,False,handpd:meander,3
P2_subject,efficientnet_b0,2,HC:0100,0,0.5732975006103516,False,handpd:meander,3
P2_subject,efficientnet_b0,2,HC:0131,0,0.57108473777771,False,handpd:meander,3
P2_subject,efficientnet_b0,2,HC:0131,0,0.43102389574050903,False,handpd:meander,3
P2_subject,efficientnet_b0,2,HC:0131,0,0.4092946946620941,False,handpd:meander,3
P2_subject,efficientnet_b0,2,HC:0131,0,0.39495694637298584,False,handpd:meander,3
P2_subject,efficientnet_b0,2,HC:0287,0,0.6147255897521973,False,handpd:meander,3
P2_subject,efficientnet_b0,2,HC:0287,0,0.7431871294975281,False,handpd:meander,3
P2_subject,efficientnet_b0,2,HC:0287,0,0.8332996964454651,False,handpd:meander,3
P2_subject,efficientnet_b0,2,HC:0287,0,0.8175060749053955,False,handpd:meander,3
P2_subject,efficientnet_b0,2,HC:0293,0,0.7288920879364014,False,handpd:meander,3
P2_subject,efficientnet_b0,2,HC:0293,0,0.706132173538208,False,handpd:meander,3
P2_subject,efficientnet_b0,2,HC:0293,0,0.7115451693534851,False,handpd:meander,3
P2_subject,efficientnet_b0,2,HC:0293,0,0.6920204162597656,False,handpd:meander,3
P2_subject,efficientnet_b0,2,HC:0295,0,0.8230925798416138,False,handpd:meander,3
P2_subject,efficientnet_b0,2,HC:0295,0,0.9147636890411377,False,handpd:meander,3
P2_subject,efficientnet_b0,2,HC:0295,0,0.8939934372901917,False,handpd:meander,3
P2_subject,efficientnet_b0,2,HC:0295,0,0.8972577452659607,False,handpd:meander,3
P2_subject,efficientnet_b0,2,HC:0305,0,0.924490213394165,False,handpd:meander,3
P2_subject,efficientnet_b0,2,HC:0305,0,0.9120884537696838,False,handpd:meander,3
P2_subject,efficientnet_b0,2,HC:0305,0,0.915309488773346,False,handpd:meander,3
P2_subject,efficientnet_b0,2,HC:0305,0,0.9220771789550781,False,handpd:meander,3
P2_subject,efficientnet_b0,2,PD:0002,1,0.9891949892044067,False,handpd:meander,3
P2_subject,efficientnet_b0,2,PD:0002,1,0.9496428966522217,False,handpd:meander,3
P2_subject,efficientnet_b0,2,PD:0002,1,0.9640191197395325,False,handpd:meander,3
P2_subject,efficientnet_b0,2,PD:0002,1,0.9945738911628723,False,handpd:meander,3
P2_subject,efficientnet_b0,2,PD:0005,1,0.8722291588783264,False,handpd:meander,3
P2_subject,efficientnet_b0,2,PD:0005,1,0.8708824515342712,False,handpd:meander,3
P2_subject,efficientnet_b0,2,PD:0005,1,0.901774525642395,False,handpd:meander,3
P2_subject,efficientnet_b0,2,PD:0005,1,0.9056745171546936,False,handpd:meander,3
P2_subject,efficientnet_b0,2,PD:0009,1,0.8699508309364319,False,handpd:meander,3
P2_subject,efficientnet_b0,2,PD:0009,1,0.6746124625205994,False,handpd:meander,3
P2_subject,efficientnet_b0,2,PD:0009,1,0.752226710319519,False,handpd:meander,3
P2_subject,efficientnet_b0,2,PD:0009,1,0.6921788454055786,False,handpd:meander,3
P2_subject,efficientnet_b0,2,PD:0023,1,0.8852546215057373,False,handpd:meander,3
P2_subject,efficientnet_b0,2,PD:0023,1,0.7911658883094788,False,handpd:meander,3
P2_subject,efficientnet_b0,2,PD:0023,1,0.7592201232910156,False,handpd:meander,3
P2_subject,efficientnet_b0,2,PD:0023,1,0.8250445127487183,False,handpd:meander,3
P2_subject,efficientnet_b0,2,PD:0046,1,0.9823905229568481,False,handpd:meander,3
P2_subject,efficientnet_b0,2,PD:0046,1,0.9709295630455017,False,handpd:meander,3
P2_subject,efficientnet_b0,2,PD:0046,1,0.9854897260665894,False,handpd:meander,3
P2_subject,efficientnet_b0,2,PD:0046,1,0.9897493720054626,False,handpd:meander,3
P2_subject,efficientnet_b0,2,PD:0052,1,0.8298025727272034,False,handpd:meander,3
P2_subject,efficientnet_b0,2,PD:0052,1,0.7714299559593201,False,handpd:meander,3
P2_subject,efficientnet_b0,2,PD:0052,1,0.7934186458587646,False,handpd:meander,3
P2_subject,efficientnet_b0,2,PD:0052,1,0.8673563003540039,False,handpd:meander,3
P2_subject,efficientnet_b0,2,PD:0134,1,0.9545520544052124,False,handpd:meander,3
P2_subject,efficientnet_b0,2,PD:0134,1,0.9596292972564697,False,handpd:meander,3
P2_subject,efficientnet_b0,2,PD:0134,1,0.9740325808525085,False,handpd:meander,3
P2_subject,efficientnet_b0,2,PD:0134,1,0.9788694977760315,False,handpd:meander,3
P2_subject,efficientnet_b0,2,PD:0139,1,0.8771122097969055,False,handpd:meander,3
P2_subject,efficientnet_b0,2,PD:0139,1,0.7113364934921265,False,handpd:meander,3
P2_subject,efficientnet_b0,2,PD:0139,1,0.7776222229003906,False,handpd:meander,3
P2_subject,efficientnet_b0,2,PD:0139,1,0.8119206428527832,False,handpd:meander,3
P2_subject,efficientnet_b0,2,PD:0153,1,0.5903702974319458,False,handpd:meander,3
P2_subject,efficientnet_b0,2,PD:0153,1,0.6790434718132019,False,handpd:meander,3
P2_subject,efficientnet_b0,2,PD:0153,1,0.48574450612068176,False,handpd:meander,3
P2_subject,efficientnet_b0,2,PD:0153,1,0.5495637059211731,False,handpd:meander,3
P2_subject,efficientnet_b0,2,PD:0157,1,0.8798900842666626,False,handpd:meander,3
P2_subject,efficientnet_b0,2,PD:0157,1,0.9479120969772339,False,handpd:meander,3
P2_subject,efficientnet_b0,2,PD:0157,1,0.8869969844818115,False,handpd:meander,3
P2_subject,efficientnet_b0,2,PD:0157,1,0.8998180031776428,False,handpd:meander,3
P2_subject,efficientnet_b0,2,PD:0174,1,0.9977211356163025,False,handpd:meander,3
P2_subject,efficientnet_b0,2,PD:0174,1,0.9735281467437744,False,handpd:meander,3
P2_subject,efficientnet_b0,2,PD:0174,1,0.9477112293243408,False,handpd:meander,3
P2_subject,efficientnet_b0,2,PD:0174,1,0.9942041039466858,False,handpd:meander,3
P2_subject,efficientnet_b0,2,PD:0177,1,0.9468799233436584,False,handpd:meander,3
P2_subject,efficientnet_b0,2,PD:0177,1,0.8617132902145386,False,handpd:meander,3
P2_subject,efficientnet_b0,2,PD:0177,1,0.7793619632720947,False,handpd:meander,3
P2_subject,efficientnet_b0,2,PD:0177,1,0.9507740139961243,False,handpd:meander,3
P2_subject,efficientnet_b0,2,PD:0181,1,0.7951021790504456,False,handpd:meander,3
P2_subject,efficientnet_b0,2,PD:0181,1,0.7727060317993164,False,handpd:meander,3
P2_subject,efficientnet_b0,2,PD:0181,1,0.9170323014259338,False,handpd:meander,3
P2_subject,efficientnet_b0,2,PD:0181,1,0.9110987186431885,False,handpd:meander,3
P2_subject,efficientnet_b0,2,PD:0186,1,0.8537545204162598,False,handpd:meander,3
P2_subject,efficientnet_b0,2,PD:0186,1,0.8410727977752686,False,handpd:meander,3
P2_subject,efficientnet_b0,2,PD:0186,1,0.8409678339958191,False,handpd:meander,3
P2_subject,efficientnet_b0,2,PD:0186,1,0.8837459683418274,False,handpd:meander,3
P2_subject,efficientnet_b0,2,PD:0198,1,0.8447794914245605,False,handpd:meander,3
P2_subject,efficientnet_b0,2,PD:0198,1,0.8392453193664551,False,handpd:meander,3
P2_subject,efficientnet_b0,2,PD:0198,1,0.8550122380256653,False,handpd:meander,3
P2_subject,efficientnet_b0,2,PD:0198,1,0.9456248879432678,False,handpd:meander,3
P2_subject,efficientnet_b0,2,PD:0202,1,0.7452490329742432,False,handpd:meander,3
P2_subject,efficientnet_b0,2,PD:0202,1,0.6250123381614685,False,handpd:meander,3
P2_subject,efficientnet_b0,2,PD:0202,1,0.7241489887237549,False,handpd:meander,3
P2_subject,efficientnet_b0,2,PD:0202,1,0.7681450843811035,False,handpd:meander,3
P2_subject,efficientnet_b0,2,PD:0207,1,0.8921529054641724,False,handpd:meander,3
P2_subject,efficientnet_b0,2,PD:0207,1,0.9842965006828308,False,handpd:meander,3
P2_subject,efficientnet_b0,2,PD:0207,1,0.8128221035003662,False,handpd:meander,3
P2_subject,efficientnet_b0,2,PD:0207,1,0.8003907203674316,False,handpd:meander,3
P2_subject,efficientnet_b0,2,PD:0213,1,0.9129601120948792,False,handpd:meander,3
P2_subject,efficientnet_b0,2,PD:0213,1,0.9746971130371094,False,handpd:meander,3
P2_subject,efficientnet_b0,2,PD:0213,1,0.947490930557251,False,handpd:meander,3
P2_subject,efficientnet_b0,2,PD:0213,1,0.8851562142372131,False,handpd:meander,3
P2_subject,efficientnet_b0,2,PD:0214,1,0.9091538190841675,False,handpd:meander,3
P2_subject,efficientnet_b0,2,PD:0214,1,0.9202901124954224,False,handpd:meander,3
P2_subject,efficientnet_b0,2,PD:0214,1,0.9735205769538879,False,handpd:meander,3
P2_subject,efficientnet_b0,2,PD:0214,1,0.6905068755149841,False,handpd:meander,3
P2_subject,efficientnet_b0,2,PD:0234,1,0.951019823551178,False,handpd:meander,3
P2_subject,efficientnet_b0,2,PD:0234,1,0.9550345540046692,False,handpd:meander,3
P2_subject,efficientnet_b0,2,PD:0234,1,0.9926697015762329,False,handpd:meander,3
P2_subject,efficientnet_b0,2,PD:0234,1,0.9314212799072266,False,handpd:meander,3
P2_subject,efficientnet_b0,2,PD:0236,1,0.9847785830497742,False,handpd:meander,3
P2_subject,efficientnet_b0,2,PD:0236,1,0.9883946180343628,False,handpd:meander,3
P2_subject,efficientnet_b0,2,PD:0236,1,0.9941635727882385,False,handpd:meander,3
P2_subject,efficientnet_b0,2,PD:0236,1,0.9836516976356506,False,handpd:meander,3
P2_subject,efficientnet_b0,2,PD:0241,1,0.9972865581512451,False,handpd:meander,3
P2_subject,efficientnet_b0,2,PD:0241,1,0.9824580550193787,False,handpd:meander,3
P2_subject,efficientnet_b0,2,PD:0241,1,0.9719744324684143,False,handpd:meander,3
P2_subject,efficientnet_b0,2,PD:0241,1,0.9463618397712708,False,handpd:meander,3
P2_subject,efficientnet_b0,2,PD:0246,1,0.9973061084747314,False,handpd:meander,3
P2_subject,efficientnet_b0,2,PD:0246,1,0.9938734769821167,False,handpd:meander,3
P2_subject,efficientnet_b0,2,PD:0246,1,0.9619188904762268,False,handpd:meander,3
P2_subject,efficientnet_b0,2,PD:0246,1,0.9794456362724304,False,handpd:meander,3
P2_subject,efficientnet_b0,2,PD:0261,1,0.7340434193611145,False,handpd:meander,3
P2_subject,efficientnet_b0,2,PD:0261,1,0.8442955017089844,False,handpd:meander,3
P2_subject,efficientnet_b0,2,PD:0261,1,0.6638056039810181,False,handpd:meander,3
P2_subject,efficientnet_b0,2,PD:0261,1,0.8565840125083923,False,handpd:meander,3
P2_subject,efficientnet_b0,2,PD:0269,1,0.8539062142372131,False,handpd:meander,3
P2_subject,efficientnet_b0,2,PD:0269,1,0.8546057343482971,False,handpd:meander,3
P2_subject,efficientnet_b0,2,PD:0269,1,0.9243178963661194,False,handpd:meander,3
P2_subject,efficientnet_b0,2,PD:0269,1,0.9173719882965088,False,handpd:meander,3
P1_image,vgg16,0,HC:0068,0,0.5279535055160522,True,handpd:meander,4
P1_image,vgg16,0,HC:0092,0,0.5994977951049805,True,handpd:meander,4
P1_image,vgg16,0,HC:0092,0,0.5387685298919678,True,handpd:meander,4
P1_image,vgg16,0,HC:0098,0,0.5335233807563782,True,handpd:meander,4
P1_image,vgg16,0,HC:0098,0,0.49771687388420105,True,handpd:meander,4
P1_image,vgg16,0,HC:0100,0,0.5080278515815735,True,handpd:meander,4
P1_image,vgg16,0,HC:0102,0,0.5395006537437439,True,handpd:meander,4
P1_image,vgg16,0,HC:0102,0,0.512244701385498,True,handpd:meander,4
P1_image,vgg16,0,HC:0102,0,0.5055395364761353,True,handpd:meander,4
P1_image,vgg16,0,HC:0104,0,0.5577083826065063,True,handpd:meander,4
P1_image,vgg16,0,HC:0104,0,0.5180315971374512,True,handpd:meander,4
P1_image,vgg16,0,HC:0104,0,0.5469895005226135,True,handpd:meander,4
P1_image,vgg16,0,HC:0106,0,0.510829746723175,True,handpd:meander,4
P1_image,vgg16,0,HC:0112,0,0.5403209924697876,True,handpd:meander,4
P1_image,vgg16,0,HC:0116,0,0.6794994473457336,True,handpd:meander,4
P1_image,vgg16,0,HC:0116,0,0.5048938393592834,True,handpd:meander,4
P1_image,vgg16,0,HC:0129,0,0.543687641620636,True,handpd:meander,4
P1_image,vgg16,0,HC:0131,0,0.5647500157356262,True,handpd:meander,4
P1_image,vgg16,0,HC:0131,0,0.5652270913124084,True,handpd:meander,4
P1_image,vgg16,0,HC:0289,0,0.5033042430877686,True,handpd:meander,4
P1_image,vgg16,0,HC:0289,0,0.6102338433265686,True,handpd:meander,4
P1_image,vgg16,0,HC:0289,0,0.4928760230541229,True,handpd:meander,4
P1_image,vgg16,0,HC:0297,0,0.5612886548042297,True,handpd:meander,4
P1_image,vgg16,0,HC:0305,0,0.7835308313369751,True,handpd:meander,4
P1_image,vgg16,0,PD:0002,1,0.9232152700424194,True,handpd:meander,4
P1_image,vgg16,0,PD:0002,1,0.954540491104126,True,handpd:meander,4
P1_image,vgg16,0,PD:0003,1,0.9447362422943115,True,handpd:meander,4
P1_image,vgg16,0,PD:0003,1,0.9292740821838379,True,handpd:meander,4
P1_image,vgg16,0,PD:0003,1,0.9384997487068176,True,handpd:meander,4
P1_image,vgg16,0,PD:0004,1,0.7229666113853455,True,handpd:meander,4
P1_image,vgg16,0,PD:0004,1,0.7071293592453003,True,handpd:meander,4
P1_image,vgg16,0,PD:0004,1,0.8503879904747009,True,handpd:meander,4
P1_image,vgg16,0,PD:0005,1,0.8205316066741943,True,handpd:meander,4
P1_image,vgg16,0,PD:0009,1,0.6867654919624329,True,handpd:meander,4
P1_image,vgg16,0,PD:0009,1,0.6578364372253418,True,handpd:meander,4
P1_image,vgg16,0,PD:0010,1,0.9367643594741821,True,handpd:meander,4
P1_image,vgg16,0,PD:0016,1,0.9482083916664124,True,handpd:meander,4
P1_image,vgg16,0,PD:0023,1,0.6874688267707825,True,handpd:meander,4
P1_image,vgg16,0,PD:0023,1,0.6121228933334351,True,handpd:meander,4
P1_image,vgg16,0,PD:0024,1,0.7465947270393372,True,handpd:meander,4
P1_image,vgg16,0,PD:0030,1,0.8194871544837952,True,handpd:meander,4
P1_image,vgg16,0,PD:0030,1,0.7118717432022095,True,handpd:meander,4
P1_image,vgg16,0,PD:0030,1,0.816970705986023,True,handpd:meander,4
P1_image,vgg16,0,PD:0031,1,0.7421321868896484,True,handpd:meander,4
P1_image,vgg16,0,PD:0037,1,0.6832744479179382,True,handpd:meander,4
P1_image,vgg16,0,PD:0038,1,0.905917227268219,True,handpd:meander,4
P1_image,vgg16,0,PD:0038,1,0.9352783560752869,True,handpd:meander,4
P1_image,vgg16,0,PD:0038,1,0.9497981667518616,True,handpd:meander,4
P1_image,vgg16,0,PD:0044,1,0.9030358791351318,False,handpd:meander,4
P1_image,vgg16,0,PD:0044,1,0.8806252479553223,False,handpd:meander,4
P1_image,vgg16,0,PD:0044,1,0.9744347929954529,False,handpd:meander,4
P1_image,vgg16,0,PD:0044,1,0.9433433413505554,False,handpd:meander,4
P1_image,vgg16,0,PD:0046,1,0.9920312166213989,False,handpd:meander,4
P1_image,vgg16,0,PD:0046,1,0.9979889392852783,False,handpd:meander,4
P1_image,vgg16,0,PD:0046,1,0.9836544394493103,False,handpd:meander,4
P1_image,vgg16,0,PD:0046,1,0.9627141952514648,False,handpd:meander,4
P1_image,vgg16,0,PD:0051,1,0.552099883556366,True,handpd:meander,4
P1_image,vgg16,0,PD:0053,1,0.7545737624168396,True,handpd:meander,4
P1_image,vgg16,0,PD:0054,1,0.8780668377876282,True,handpd:meander,4
P1_image,vgg16,0,PD:0134,1,0.9172391891479492,True,handpd:meander,4
P1_image,vgg16,0,PD:0134,1,0.9564841389656067,True,handpd:meander,4
P1_image,vgg16,0,PD:0136,1,0.8323372602462769,True,handpd:meander,4
P1_image,vgg16,0,PD:0138,1,0.7737671732902527,True,handpd:meander,4
P1_image,vgg16,0,PD:0143,1,0.7815593481063843,True,handpd:meander,4
P1_image,vgg16,0,PD:0149,1,0.8488215804100037,True,handpd:meander,4
P1_image,vgg16,0,PD:0149,1,0.868569552898407,True,handpd:meander,4
P1_image,vgg16,0,PD:0157,1,0.8892109394073486,True,handpd:meander,4
P1_image,vgg16,0,PD:0161,1,0.7958254218101501,True,handpd:meander,4
P1_image,vgg16,0,PD:0165,1,0.6258828639984131,True,handpd:meander,4
P1_image,vgg16,0,PD:0165,1,0.7358057498931885,True,handpd:meander,4
P1_image,vgg16,0,PD:0165,1,0.8255431652069092,True,handpd:meander,4
P1_image,vgg16,0,PD:0166,1,0.8122467398643494,True,handpd:meander,4
P1_image,vgg16,0,PD:0174,1,0.9811941981315613,True,handpd:meander,4
P1_image,vgg16,0,PD:0177,1,0.7049172520637512,True,handpd:meander,4
P1_image,vgg16,0,PD:0182,1,0.7909142971038818,True,handpd:meander,4
P1_image,vgg16,0,PD:0186,1,0.6570699214935303,True,handpd:meander,4
P1_image,vgg16,0,PD:0186,1,0.7733661532402039,True,handpd:meander,4
P1_image,vgg16,0,PD:0188,1,0.8083563446998596,True,handpd:meander,4
P1_image,vgg16,0,PD:0192,1,0.7876200675964355,True,handpd:meander,4
P1_image,vgg16,0,PD:0196,1,0.654608428478241,True,handpd:meander,4
P1_image,vgg16,0,PD:0196,1,0.9008342027664185,True,handpd:meander,4
P1_image,vgg16,0,PD:0197,1,0.7140716314315796,True,handpd:meander,4
P1_image,vgg16,0,PD:0197,1,0.7739705443382263,True,handpd:meander,4
P1_image,vgg16,0,PD:0202,1,0.6353645324707031,True,handpd:meander,4
P1_image,vgg16,0,PD:0203,1,0.8780789971351624,True,handpd:meander,4
P1_image,vgg16,0,PD:0203,1,0.7808295488357544,True,handpd:meander,4
P1_image,vgg16,0,PD:0207,1,0.6638611555099487,True,handpd:meander,4
P1_image,vgg16,0,PD:0208,1,0.8845089077949524,True,handpd:meander,4
P1_image,vgg16,0,PD:0213,1,0.9559677839279175,True,handpd:meander,4
P1_image,vgg16,0,PD:0214,1,0.990581214427948,True,handpd:meander,4
P1_image,vgg16,0,PD:0218,1,0.5937843918800354,True,handpd:meander,4
P1_image,vgg16,0,PD:0218,1,0.6277044415473938,True,handpd:meander,4
P1_image,vgg16,0,PD:0219,1,0.7557911276817322,True,handpd:meander,4
P1_image,vgg16,0,PD:0219,1,0.7519170045852661,True,handpd:meander,4
P1_image,vgg16,0,PD:0223,1,0.6677169799804688,True,handpd:meander,4
P1_image,vgg16,0,PD:0228,1,0.9756959080696106,False,handpd:meander,4
P1_image,vgg16,0,PD:0228,1,0.9441379308700562,False,handpd:meander,4
P1_image,vgg16,0,PD:0228,1,0.9611882567405701,False,handpd:meander,4
P1_image,vgg16,0,PD:0228,1,0.9818675518035889,False,handpd:meander,4
P1_image,vgg16,0,PD:0234,1,0.9862825274467468,True,handpd:meander,4
P1_image,vgg16,0,PD:0235,1,0.996238112449646,True,handpd:meander,4
P1_image,vgg16,0,PD:0236,1,0.9981881976127625,True,handpd:meander,4
P1_image,vgg16,0,PD:0236,1,0.9959439635276794,True,handpd:meander,4
P1_image,vgg16,0,PD:0240,1,0.8484655022621155,True,handpd:meander,4
P1_image,vgg16,0,PD:0240,1,0.7512587904930115,True,handpd:meander,4
P1_image,vgg16,0,PD:0241,1,0.967240035533905,True,handpd:meander,4
P1_image,vgg16,0,PD:0242,1,0.8632055521011353,True,handpd:meander,4
P1_image,vgg16,0,PD:0242,1,0.906924307346344,True,handpd:meander,4
P1_image,vgg16,0,PD:0247,1,0.9862484335899353,True,handpd:meander,4
P1_image,vgg16,0,PD:0247,1,0.9867979884147644,True,handpd:meander,4
P1_image,vgg16,0,PD:0247,1,0.9823927879333496,True,handpd:meander,4
P1_image,vgg16,0,PD:0253,1,0.6770482063293457,True,handpd:meander,4
P1_image,vgg16,0,PD:0254,1,0.8154580593109131,True,handpd:meander,4
P1_image,vgg16,0,PD:0254,1,0.7468165159225464,True,handpd:meander,4
P1_image,vgg16,0,PD:0261,1,0.7677361965179443,True,handpd:meander,4
P1_image,vgg16,0,PD:0268,1,0.8743706345558167,True,handpd:meander,4
P1_image,vgg16,0,PD:0269,1,0.7977017760276794,True,handpd:meander,4
P1_image,vgg16,0,PD:0274,1,0.95126873254776,True,handpd:meander,4
P1_image,vgg16,0,PD:0274,1,0.921087384223938,True,handpd:meander,4
P1_image,vgg16,0,PD:0274,1,0.8725531101226807,True,handpd:meander,4
P1_image,vgg16,0,PD:0280,1,0.8833204507827759,True,handpd:meander,4
P1_image,vgg16,0,PD:0280,1,0.8353087306022644,True,handpd:meander,4
P1_image,vgg16,0,PD:0281,1,0.8350587487220764,True,handpd:meander,4
P1_image,vgg16,1,HC:0068,0,0.8369888067245483,True,handpd:meander,4
P1_image,vgg16,1,HC:0092,0,0.8617191910743713,True,handpd:meander,4
P1_image,vgg16,1,HC:0092,0,0.8432492613792419,True,handpd:meander,4
P1_image,vgg16,1,HC:0100,0,0.8720502257347107,True,handpd:meander,4
P1_image,vgg16,1,HC:0100,0,0.8575255274772644,True,handpd:meander,4
P1_image,vgg16,1,HC:0100,0,0.8597781658172607,True,handpd:meander,4
P1_image,vgg16,1,HC:0102,0,0.8580596446990967,True,handpd:meander,4
P1_image,vgg16,1,HC:0106,0,0.8639860153198242,True,handpd:meander,4
P1_image,vgg16,1,HC:0106,0,0.8602293133735657,True,handpd:meander,4
P1_image,vgg16,1,HC:0112,0,0.8525718450546265,True,handpd:meander,4
P1_image,vgg16,1,HC:0116,0,0.8522111773490906,True,handpd:meander,4
P1_image,vgg16,1,HC:0116,0,0.8648841977119446,True,handpd:meander,4
P1_image,vgg16,1,HC:0127,0,0.857650876045227,True,handpd:meander,4
P1_image,vgg16,1,HC:0127,0,0.8557513356208801,True,handpd:meander,4
P1_image,vgg16,1,HC:0127,0,0.8555945158004761,True,handpd:meander,4
P1_image,vgg16,1,HC:0129,0,0.8633378148078918,True,handpd:meander,4
P1_image,vgg16,1,HC:0129,0,0.8595058917999268,True,handpd:meander,4
P1_image,vgg16,1,HC:0131,0,0.856821596622467,True,handpd:meander,4
P1_image,vgg16,1,HC:0293,0,0.8707579970359802,True,handpd:meander,4
P1_image,vgg16,1,HC:0293,0,0.8626973032951355,True,handpd:meander,4
P1_image,vgg16,1,HC:0293,0,0.8742603063583374,True,handpd:meander,4
P1_image,vgg16,1,HC:0295,0,0.8904820680618286,True,handpd:meander,4
P1_image,vgg16,1,HC:0295,0,0.8964695334434509,True,handpd:meander,4
P1_image,vgg16,1,HC:0305,0,0.88747239112854,True,handpd:meander,4
P1_image,vgg16,1,PD:0003,1,0.922105610370636,True,handpd:meander,4
P1_image,vgg16,1,PD:0004,1,0.8897748589515686,True,handpd:meander,4
P1_image,vgg16,1,PD:0005,1,0.8888939023017883,True,handpd:meander,4
P1_image,vgg16,1,PD:0005,1,0.878571093082428,True,handpd:meander,4
P1_image,vgg16,1,PD:0009,1,0.8716379404067993,True,handpd:meander,4
P1_image,vgg16,1,PD:0010,1,0.8922589421272278,True,handpd:meander,4
P1_image,vgg16,1,PD:0016,1,0.9123379588127136,True,handpd:meander,4
P1_image,vgg16,1,PD:0016,1,0.9144881367683411,True,handpd:meander,4
P1_image,vgg16,1,PD:0016,1,0.8994753360748291,True,handpd:meander,4
P1_image,vgg16,1,PD:0023,1,0.8810450434684753,True,handpd:meander,4
P1_image,vgg16,1,PD:0023,1,0.8759195804595947,True,handpd:meander,4
P1_image,vgg16,1,PD:0024,1,0.8825955390930176,True,handpd:meander,4
P1_image,vgg16,1,PD:0024,1,0.8800879716873169,True,handpd:meander,4
P1_image,vgg16,1,PD:0030,1,0.8964699506759644,True,handpd:meander,4
P1_image,vgg16,1,PD:0031,1,0.8703309297561646,True,handpd:meander,4
P1_image,vgg16,1,PD:0045,1,0.8954172134399414,True,handpd:meander,4
P1_image,vgg16,1,PD:0045,1,0.8937176465988159,True,handpd:meander,4
P1_image,vgg16,1,PD:0045,1,0.8881985545158386,True,handpd:meander,4
P1_image,vgg16,1,PD:0051,1,0.8776991367340088,True,handpd:meander,4
P1_image,vgg16,1,PD:0051,1,0.8780958652496338,True,handpd:meander,4
P1_image,vgg16,1,PD:0052,1,0.8720061182975769,True,handpd:meander,4
P1_image,vgg16,1,PD:0052,1,0.8872820138931274,True,handpd:meander,4
P1_image,vgg16,1,PD:0053,1,0.8792369365692139,True,handpd:meander,4
P1_image,vgg16,1,PD:0054,1,0.9099782109260559,True,handpd:meander,4
P1_image,vgg16,1,PD:0054,1,0.8767544031143188,True,handpd:meander,4
P1_image,vgg16,1,PD:0136,1,0.8887549638748169,True,handpd:meander,4
P1_image,vgg16,1,PD:0138,1,0.8961184024810791,True,handpd:meander,4
P1_image,vgg16,1,PD:0139,1,0.8659578561782837,True,handpd:meander,4
P1_image,vgg16,1,PD:0139,1,0.8742924928665161,True,handpd:meander,4
P1_image,vgg16,1,PD:0148,1,0.8848009705543518,True,handpd:meander,4
P1_image,vgg16,1,PD:0148,1,0.9005465507507324,True,handpd:meander,4
P1_image,vgg16,1,PD:0148,1,0.8920959234237671,True,handpd:meander,4
P1_image,vgg16,1,PD:0149,1,0.89739990234375,True,handpd:meander,4
P1_image,vgg16,1,PD:0149,1,0.8905190229415894,True,handpd:meander,4
P1_image,vgg16,1,PD:0153,1,0.8614694476127625,True,handpd:meander,4
P1_image,vgg16,1,PD:0153,1,0.8739785552024841,True,handpd:meander,4
P1_image,vgg16,1,PD:0157,1,0.8797461986541748,True,handpd:meander,4
P1_image,vgg16,1,PD:0157,1,0.8900359272956848,True,handpd:meander,4
P1_image,vgg16,1,PD:0157,1,0.8842554688453674,True,handpd:meander,4
P1_image,vgg16,1,PD:0165,1,0.8470834493637085,True,handpd:meander,4
P1_image,vgg16,1,PD:0170,1,0.9316373467445374,True,handpd:meander,4
P1_image,vgg16,1,PD:0170,1,0.9272292852401733,True,handpd:meander,4
P1_image,vgg16,1,PD:0174,1,0.9209272861480713,True,handpd:meander,4
P1_image,vgg16,1,PD:0174,1,0.9143420457839966,True,handpd:meander,4
P1_image,vgg16,1,PD:0176,1,0.8917569518089294,True,handpd:meander,4
P1_image,vgg16,1,PD:0176,1,0.8896364569664001,True,handpd:meander,4
P1_image,vgg16,1,PD:0176,1,0.8956032395362854,True,handpd:meander,4
P1_image,vgg16,1,PD:0177,1,0.8872404098510742,True,handpd:meander,4
P1_image,vgg16,1,PD:0181,1,0.879389762878418,True,handpd:meander,4
P1_image,vgg16,1,PD:0181,1,0.8833317756652832,True,handpd:meander,4
P1_image,vgg16,1,PD:0181,1,0.8941876888275146,True,handpd:meander,4
P1_image,vgg16,1,PD:0186,1,0.8911870121955872,True,handpd:meander,4
P1_image,vgg16,1,PD:0186,1,0.8911355137825012,True,handpd:meander,4
P1_image,vgg16,1,PD:0187,1,0.8640245795249939,True,handpd:meander,4
P1_image,vgg16,1,PD:0188,1,0.8756953477859497,True,handpd:meander,4
P1_image,vgg16,1,PD:0192,1,0.878778874874115,True,handpd:meander,4
P1_image,vgg16,1,PD:0192,1,0.8821407556533813,True,handpd:meander,4
P1_image,vgg16,1,PD:0196,1,0.8833191394805908,True,handpd:meander,4
P1_image,vgg16,1,PD:0198,1,0.887962281703949,True,handpd:meander,4
P1_image,vgg16,1,PD:0198,1,0.8858969807624817,True,handpd:meander,4
P1_image,vgg16,1,PD:0198,1,0.8989368677139282,True,handpd:meander,4
P1_image,vgg16,1,PD:0202,1,0.8503217697143555,True,handpd:meander,4
P1_image,vgg16,1,PD:0203,1,0.8791100382804871,True,handpd:meander,4
P1_image,vgg16,1,PD:0203,1,0.8732351660728455,True,handpd:meander,4
P1_image,vgg16,1,PD:0207,1,0.8866032361984253,True,handpd:meander,4
P1_image,vgg16,1,PD:0207,1,0.8800682425498962,True,handpd:meander,4
P1_image,vgg16,1,PD:0208,1,0.8945792317390442,True,handpd:meander,4
P1_image,vgg16,1,PD:0214,1,0.9071875214576721,True,handpd:meander,4
P1_image,vgg16,1,PD:0218,1,0.8812049627304077,True,handpd:meander,4
P1_image,vgg16,1,PD:0219,1,0.8821790814399719,True,handpd:meander,4
P1_image,vgg16,1,PD:0219,1,0.8830599188804626,True,handpd:meander,4
P1_image,vgg16,1,PD:0223,1,0.8869882225990295,True,handpd:meander,4
P1_image,vgg16,1,PD:0229,1,0.9227389693260193,True,handpd:meander,4
P1_image,vgg16,1,PD:0229,1,0.9260613322257996,True,handpd:meander,4
P1_image,vgg16,1,PD:0230,1,0.9370576739311218,True,handpd:meander,4
P1_image,vgg16,1,PD:0230,1,0.9361696243286133,True,handpd:meander,4
P1_image,vgg16,1,PD:0234,1,0.9176102876663208,True,handpd:meander,4
P1_image,vgg16,1,PD:0234,1,0.8988571763038635,True,handpd:meander,4
P1_image,vgg16,1,PD:0235,1,0.9062188863754272,True,handpd:meander,4
P1_image,vgg16,1,PD:0236,1,0.91997891664505,True,handpd:meander,4
P1_image,vgg16,1,PD:0240,1,0.8939709663391113,True,handpd:meander,4
P1_image,vgg16,1,PD:0242,1,0.9027650952339172,True,handpd:meander,4
P1_image,vgg16,1,PD:0246,1,0.9119186997413635,True,handpd:meander,4
P1_image,vgg16,1,PD:0246,1,0.8963592052459717,True,handpd:meander,4
P1_image,vgg16,1,PD:0246,1,0.8951500654220581,True,handpd:meander,4
P1_image,vgg16,1,PD:0253,1,0.8839797377586365,True,handpd:meander,4
P1_image,vgg16,1,PD:0253,1,0.8764438629150391,True,handpd:meander,4
P1_image,vgg16,1,PD:0254,1,0.8950742483139038,True,handpd:meander,4
P1_image,vgg16,1,PD:0254,1,0.8851415514945984,True,handpd:meander,4
P1_image,vgg16,1,PD:0261,1,0.8907238841056824,True,handpd:meander,4
P1_image,vgg16,1,PD:0268,1,0.89079749584198,True,handpd:meander,4
P1_image,vgg16,1,PD:0268,1,0.8829424977302551,True,handpd:meander,4
P1_image,vgg16,1,PD:0273,1,0.8857727646827698,False,handpd:meander,4
P1_image,vgg16,1,PD:0273,1,0.8828309178352356,False,handpd:meander,4
P1_image,vgg16,1,PD:0273,1,0.8831735253334045,False,handpd:meander,4
P1_image,vgg16,1,PD:0273,1,0.8789440989494324,False,handpd:meander,4
P1_image,vgg16,1,PD:0274,1,0.8917189836502075,True,handpd:meander,4
P1_image,vgg16,1,PD:0281,1,0.9032158255577087,True,handpd:meander,4
P1_image,vgg16,1,PD:0281,1,0.8900057673454285,True,handpd:meander,4
P1_image,vgg16,2,HC:0068,0,0.5932381749153137,True,handpd:meander,4
P1_image,vgg16,2,HC:0068,0,0.5926957726478577,True,handpd:meander,4
P1_image,vgg16,2,HC:0098,0,0.6624312400817871,True,handpd:meander,4
P1_image,vgg16,2,HC:0098,0,0.6458994150161743,True,handpd:meander,4
P1_image,vgg16,2,HC:0104,0,0.6692357659339905,True,handpd:meander,4
P1_image,vgg16,2,HC:0106,0,0.6891506910324097,True,handpd:meander,4
P1_image,vgg16,2,HC:0112,0,0.6334216594696045,True,handpd:meander,4
P1_image,vgg16,2,HC:0112,0,0.6155160069465637,True,handpd:meander,4
P1_image,vgg16,2,HC:0127,0,0.6807747483253479,True,handpd:meander,4
P1_image,vgg16,2,HC:0129,0,0.6166605353355408,True,handpd:meander,4
P1_image,vgg16,2,HC:0131,0,0.6135247349739075,True,handpd:meander,4
P1_image,vgg16,2,HC:0287,0,0.68009352684021,False,handpd:meander,4
P1_image,vgg16,2,HC:0287,0,0.8315479755401611,False,handpd:meander,4
P1_image,vgg16,2,HC:0287,0,0.8612868189811707,False,handpd:meander,4
P1_image,vgg16,2,HC:0287,0,0.8703444600105286,False,handpd:meander,4
P1_image,vgg16,2,HC:0289,0,0.6625239253044128,True,handpd:meander,4
P1_image,vgg16,2,HC:0293,0,0.7664607167243958,True,handpd:meander,4
P1_image,vgg16,2,HC:0295,0,0.9315743446350098,True,handpd:meander,4
P1_image,vgg16,2,HC:0295,0,0.9222519993782043,True,handpd:meander,4
P1_image,vgg16,2,HC:0297,0,0.6721785664558411,True,handpd:meander,4
P1_image,vgg16,2,HC:0297,0,0.6826322078704834,True,handpd:meander,4
P1_image,vgg16,2,HC:0297,0,0.6554535031318665,True,handpd:meander,4
P1_image,vgg16,2,HC:0305,0,0.9086204171180725,True,handpd:meander,4
P1_image,vgg16,2,HC:0305,0,0.8224450945854187,True,handpd:meander,4
P1_image,vgg16,2,PD:0002,1,0.9797958135604858,True,handpd:meander,4
P1_image,vgg16,2,PD:0002,1,0.9803165793418884,True,handpd:meander,4
P1_image,vgg16,2,PD:0005,1,0.9425610899925232,True,handpd:meander,4
P1_image,vgg16,2,PD:0009,1,0.683551549911499,True,handpd:meander,4
P1_image,vgg16,2,PD:0010,1,0.9152721166610718,True,handpd:meander,4
P1_image,vgg16,2,PD:0010,1,0.961622953414917,True,handpd:meander,4
P1_image,vgg16,2,PD:0024,1,0.7483692169189453,True,handpd:meander,4
P1_image,vgg16,2,PD:0031,1,0.7401971220970154,True,handpd:meander,4
P1_image,vgg16,2,PD:0031,1,0.7284181714057922,True,handpd:meander,4
P1_image,vgg16,2,PD:0037,1,0.9305861592292786,True,handpd:meander,4
P1_image,vgg16,2,PD:0037,1,0.8823103308677673,True,handpd:meander,4
P1_image,vgg16,2,PD:0037,1,0.9097869992256165,True,handpd:meander,4
P1_image,vgg16,2,PD:0038,1,0.9798675775527954,True,handpd:meander,4
P1_image,vgg16,2,PD:0045,1,0.9657710194587708,True,handpd:meander,4
P1_image,vgg16,2,PD:0051,1,0.7880520820617676,True,handpd:meander,4
P1_image,vgg16,2,PD:0052,1,0.9070243835449219,True,handpd:meander,4
P1_image,vgg16,2,PD:0052,1,0.9093234539031982,True,handpd:meander,4
P1_image,vgg16,2,PD:0053,1,0.8522343039512634,True,handpd:meander,4
P1_image,vgg16,2,PD:0053,1,0.8557338118553162,True,handpd:meander,4
P1_image,vgg16,2,PD:0054,1,0.8477851748466492,True,handpd:meander,4
P1_image,vgg16,2,PD:0134,1,0.9042262434959412,True,handpd:meander,4
P1_image,vgg16,2,PD:0134,1,0.98712557554245,True,handpd:meander,4
P1_image,vgg16,2,PD:0136,1,0.949836015701294,True,handpd:meander,4
P1_image,vgg16,2,PD:0136,1,0.8952187895774841,True,handpd:meander,4
P1_image,vgg16,2,PD:0138,1,0.7495166659355164,True,handpd:meander,4
P1_image,vgg16,2,PD:0138,1,0.694364070892334,True,handpd:meander,4
P1_image,vgg16,2,PD:0139,1,0.7965271472930908,True,handpd:meander,4
P1_image,vgg16,2,PD:0139,1,0.8197565674781799,True,handpd:meander,4
P1_image,vgg16,2,PD:0143,1,0.9588577151298523,True,handpd:meander,4
P1_image,vgg16,2,PD:0143,1,0.7924714088439941,True,handpd:meander,4
P1_image,vgg16,2,PD:0143,1,0.8731634616851807,True,handpd:meander,4
P1_image,vgg16,2,PD:0148,1,0.969760537147522,True,handpd:meander,4
P1_image,vgg16,2,PD:0153,1,0.6564363241195679,True,handpd:meander,4
P1_image,vgg16,2,PD:0153,1,0.6383711099624634,True,handpd:meander,4
P1_image,vgg16,2,PD:0161,1,0.7693482041358948,True,handpd:meander,4
P1_image,vgg16,2,PD:0161,1,0.8313419818878174,True,handpd:meander,4
P1_image,vgg16,2,PD:0161,1,0.9226218461990356,True,handpd:meander,4
P1_image,vgg16,2,PD:0166,1,0.8862305283546448,True,handpd:meander,4
P1_image,vgg16,2,PD:0166,1,0.8014470934867859,True,handpd:meander,4
P1_image,vgg16,2,PD:0166,1,0.7714818716049194,True,handpd:meander,4
P1_image,vgg16,2,PD:0170,1,0.9890326261520386,True,handpd:meander,4
P1_image,vgg16,2,PD:0170,1,0.9892435073852539,True,handpd:meander,4
P1_image,vgg16,2,PD:0174,1,0.99639892578125,True,handpd:meander,4
P1_image,vgg16,2,PD:0176,1,0.9204203486442566,True,handpd:meander,4
P1_image,vgg16,2,PD:0177,1,0.9156980514526367,True,handpd:meander,4
P1_image,vgg16,2,PD:0177,1,0.9121060371398926,True,handpd:meander,4
P1_image,vgg16,2,PD:0181,1,0.8243169784545898,True,handpd:meander,4
P1_image,vgg16,2,PD:0182,1,0.8958703279495239,True,handpd:meander,4
P1_image,vgg16,2,PD:0182,1,0.8620419502258301,True,handpd:meander,4
P1_image,vgg16,2,PD:0182,1,0.8987883925437927,True,handpd:meander,4
P1_image,vgg16,2,PD:0187,1,0.753533661365509,True,handpd:meander,4
P1_image,vgg16,2,PD:0187,1,0.7342997193336487,True,handpd:meander,4
P1_image,vgg16,2,PD:0187,1,0.7628633379936218,True,handpd:meander,4
P1_image,vgg16,2,PD:0188,1,0.748710572719574,True,handpd:meander,4
P1_image,vgg16,2,PD:0188,1,0.7062385082244873,True,handpd:meander,4
P1_image,vgg16,2,PD:0192,1,0.8947651982307434,True,handpd:meander,4
P1_image,vgg16,2,PD:0196,1,0.8558021783828735,True,handpd:meander,4
P1_image,vgg16,2,PD:0197,1,0.9008747935295105,True,handpd:meander,4
P1_image,vgg16,2,PD:0197,1,0.8204267024993896,True,handpd:meander,4
P1_image,vgg16,2,PD:0198,1,0.913163423538208,True,handpd:meander,4
P1_image,vgg16,2,PD:0202,1,0.6491745710372925,True,handpd:meander,4
P1_image,vgg16,2,PD:0202,1,0.616604208946228,True,handpd:meander,4
P1_image,vgg16,2,PD:0207,1,0.9880788922309875,True,handpd:meander,4
P1_image,vgg16,2,PD:0208,1,0.8997885584831238,True,handpd:meander,4
P1_image,vgg16,2,PD:0208,1,0.9299464225769043,True,handpd:meander,4
P1_image,vgg16,2,PD:0213,1,0.9855565428733826,True,handpd:meander,4
P1_image,vgg16,2,PD:0213,1,0.9740419387817383,True,handpd:meander,4
P1_image,vgg16,2,PD:0213,1,0.8341803550720215,True,handpd:meander,4
P1_image,vgg16,2,PD:0214,1,0.9990233182907104,True,handpd:meander,4
P1_image,vgg16,2,PD:0214,1,0.9548603892326355,True,handpd:meander,4
P1_image,vgg16,2,PD:0218,1,0.674945056438446,True,handpd:meander,4
P1_image,vgg16,2,PD:0223,1,0.8025076985359192,True,handpd:meander,4
P1_image,vgg16,2,PD:0223,1,0.9161317348480225,True,handpd:meander,4
P1_image,vgg16,2,PD:0229,1,0.9999171495437622,True,handpd:meander,4
P1_image,vgg16,2,PD:0229,1,0.9999529123306274,True,handpd:meander,4
P1_image,vgg16,2,PD:0230,1,0.9999909400939941,True,handpd:meander,4
P1_image,vgg16,2,PD:0230,1,0.9999042749404907,True,handpd:meander,4
P1_image,vgg16,2,PD:0234,1,0.938787579536438,True,handpd:meander,4
P1_image,vgg16,2,PD:0235,1,0.9920651316642761,True,handpd:meander,4
P1_image,vgg16,2,PD:0235,1,0.9988322854042053,True,handpd:meander,4
P1_image,vgg16,2,PD:0236,1,0.9996100068092346,True,handpd:meander,4
P1_image,vgg16,2,PD:0240,1,0.880547046661377,True,handpd:meander,4
P1_image,vgg16,2,PD:0241,1,0.9899784326553345,True,handpd:meander,4
P1_image,vgg16,2,PD:0241,1,0.9934214949607849,True,handpd:meander,4
P1_image,vgg16,2,PD:0241,1,0.9996860027313232,True,handpd:meander,4
P1_image,vgg16,2,PD:0242,1,0.9489678144454956,True,handpd:meander,4
P1_image,vgg16,2,PD:0246,1,0.9954891800880432,True,handpd:meander,4
P1_image,vgg16,2,PD:0247,1,0.9808619618415833,True,handpd:meander,4
P1_image,vgg16,2,PD:0253,1,0.7857715487480164,True,handpd:meander,4
P1_image,vgg16,2,PD:0261,1,0.7210674285888672,True,handpd:meander,4
P1_image,vgg16,2,PD:0261,1,0.8614986538887024,True,handpd:meander,4
P1_image,vgg16,2,PD:0268,1,0.8684129118919373,True,handpd:meander,4
P1_image,vgg16,2,PD:0269,1,0.8912039995193481,True,handpd:meander,4
P1_image,vgg16,2,PD:0269,1,0.9314219951629639,True,handpd:meander,4
P1_image,vgg16,2,PD:0269,1,0.9122058153152466,True,handpd:meander,4
P1_image,vgg16,2,PD:0280,1,0.9661700129508972,True,handpd:meander,4
P1_image,vgg16,2,PD:0280,1,0.848656415939331,True,handpd:meander,4
P1_image,vgg16,2,PD:0281,1,0.9261732697486877,True,handpd:meander,4
P2_subject,vgg16,0,HC:0104,0,0.5690483450889587,False,handpd:meander,4
P2_subject,vgg16,0,HC:0104,0,0.5730054974555969,False,handpd:meander,4
P2_subject,vgg16,0,HC:0104,0,0.5519279837608337,False,handpd:meander,4
P2_subject,vgg16,0,HC:0104,0,0.5613917708396912,False,handpd:meander,4
P2_subject,vgg16,0,HC:0116,0,0.6110763549804688,False,handpd:meander,4
P2_subject,vgg16,0,HC:0116,0,0.5481041073799133,False,handpd:meander,4
P2_subject,vgg16,0,HC:0116,0,0.5559017062187195,False,handpd:meander,4
P2_subject,vgg16,0,HC:0116,0,0.5642563104629517,False,handpd:meander,4
P2_subject,vgg16,0,HC:0127,0,0.5819779634475708,False,handpd:meander,4
P2_subject,vgg16,0,HC:0127,0,0.5954668521881104,False,handpd:meander,4
P2_subject,vgg16,0,HC:0127,0,0.5473386645317078,False,handpd:meander,4
P2_subject,vgg16,0,HC:0127,0,0.5614827871322632,False,handpd:meander,4
P2_subject,vgg16,0,HC:0131,0,0.5565561652183533,False,handpd:meander,4
P2_subject,vgg16,0,HC:0131,0,0.5706729292869568,False,handpd:meander,4
P2_subject,vgg16,0,HC:0131,0,0.5411688089370728,False,handpd:meander,4
P2_subject,vgg16,0,HC:0131,0,0.5653603672981262,False,handpd:meander,4
P2_subject,vgg16,0,HC:0287,0,0.6348686218261719,False,handpd:meander,4
P2_subject,vgg16,0,HC:0287,0,0.6312161087989807,False,handpd:meander,4
P2_subject,vgg16,0,HC:0287,0,0.634458065032959,False,handpd:meander,4
P2_subject,vgg16,0,HC:0287,0,0.6284947991371155,False,handpd:meander,4
P2_subject,vgg16,0,HC:0289,0,0.5960249304771423,False,handpd:meander,4
P2_subject,vgg16,0,HC:0289,0,0.5666600465774536,False,handpd:meander,4
P2_subject,vgg16,0,HC:0289,0,0.5607548952102661,False,handpd:meander,4
P2_subject,vgg16,0,HC:0289,0,0.5982772707939148,False,handpd:meander,4
P2_subject,vgg16,0,PD:0004,1,0.6953967809677124,False,handpd:meander,4
P2_subject,vgg16,0,PD:0004,1,0.6629754304885864,False,handpd:meander,4
P2_subject,vgg16,0,PD:0004,1,0.7216019034385681,False,handpd:meander,4
P2_subject,vgg16,0,PD:0004,1,0.6672226190567017,False,handpd:meander,4
P2_subject,vgg16,0,PD:0009,1,0.6753664612770081,False,handpd:meander,4
P2_subject,vgg16,0,PD:0009,1,0.6110773086547852,False,handpd:meander,4
P2_subject,vgg16,0,PD:0009,1,0.6068267822265625,False,handpd:meander,4
P2_subject,vgg16,0,PD:0009,1,0.6289772391319275,False,handpd:meander,4
P2_subject,vgg16,0,PD:0010,1,0.6705540418624878,False,handpd:meander,4
P2_subject,vgg16,0,PD:0010,1,0.7202085256576538,False,handpd:meander,4
P2_subject,vgg16,0,PD:0010,1,0.720196008682251,False,handpd:meander,4
P2_subject,vgg16,0,PD:0010,1,0.6915442943572998,False,handpd:meander,4
P2_subject,vgg16,0,PD:0030,1,0.6949838399887085,False,handpd:meander,4
P2_subject,vgg16,0,PD:0030,1,0.653363049030304,False,handpd:meander,4
P2_subject,vgg16,0,PD:0030,1,0.6674476861953735,False,handpd:meander,4
P2_subject,vgg16,0,PD:0030,1,0.657249927520752,False,handpd:meander,4
P2_subject,vgg16,0,PD:0031,1,0.631365180015564,False,handpd:meander,4
P2_subject,vgg16,0,PD:0031,1,0.6217204332351685,False,handpd:meander,4
P2_subject,vgg16,0,PD:0031,1,0.6306469440460205,False,handpd:meander,4
P2_subject,vgg16,0,PD:0031,1,0.6261469125747681,False,handpd:meander,4
P2_subject,vgg16,0,PD:0046,1,0.813150942325592,False,handpd:meander,4
P2_subject,vgg16,0,PD:0046,1,0.7842657566070557,False,handpd:meander,4
P2_subject,vgg16,0,PD:0046,1,0.7426854968070984,False,handpd:meander,4
P2_subject,vgg16,0,PD:0046,1,0.6977499723434448,False,handpd:meander,4
P2_subject,vgg16,0,PD:0051,1,0.6076638698577881,False,handpd:meander,4
P2_subject,vgg16,0,PD:0051,1,0.6430407166481018,False,handpd:meander,4
P2_subject,vgg16,0,PD:0051,1,0.6488597393035889,False,handpd:meander,4
P2_subject,vgg16,0,PD:0051,1,0.6044164896011353,False,handpd:meander,4
P2_subject,vgg16,0,PD:0053,1,0.6718427538871765,False,handpd:meander,4
P2_subject,vgg16,0,PD:0053,1,0.6719701290130615,False,handpd:meander,4
P2_subject,vgg16,0,PD:0053,1,0.6331773996353149,False,handpd:meander,4
P2_subject,vgg16,0,PD:0053,1,0.6381368637084961,False,handpd:meander,4
P2_subject,vgg16,0,PD:0054,1,0.6814815402030945,False,handpd:meander,4
P2_subject,vgg16,0,PD:0054,1,0.6497597098350525,False,handpd:meander,4
P2_subject,vgg16,0,PD:0054,1,0.6174655556678772,False,handpd:meander,4
P2_subject,vgg16,0,PD:0054,1,0.635568380355835,False,handpd:meander,4
P2_subject,vgg16,0,PD:0134,1,0.6995130181312561,False,handpd:meander,4
P2_subject,vgg16,0,PD:0134,1,0.7264207005500793,False,handpd:meander,4
P2_subject,vgg16,0,PD:0134,1,0.757609486579895,False,handpd:meander,4
P2_subject,vgg16,0,PD:0134,1,0.7464255690574646,False,handpd:meander,4
P2_subject,vgg16,0,PD:0148,1,0.7379482388496399,False,handpd:meander,4
P2_subject,vgg16,0,PD:0148,1,0.7801144123077393,False,handpd:meander,4
P2_subject,vgg16,0,PD:0148,1,0.734878659248352,False,handpd:meander,4
P2_subject,vgg16,0,PD:0148,1,0.7212384343147278,False,handpd:meander,4
P2_subject,vgg16,0,PD:0161,1,0.6565942764282227,False,handpd:meander,4
P2_subject,vgg16,0,PD:0161,1,0.6675564646720886,False,handpd:meander,4
P2_subject,vgg16,0,PD:0161,1,0.6848453879356384,False,handpd:meander,4
P2_subject,vgg16,0,PD:0161,1,0.684986412525177,False,handpd:meander,4
P2_subject,vgg16,0,PD:0174,1,0.8124883770942688,False,handpd:meander,4
P2_subject,vgg16,0,PD:0174,1,0.8308441638946533,False,handpd:meander,4
P2_subject,vgg16,0,PD:0174,1,0.8516470789909363,False,handpd:meander,4
P2_subject,vgg16,0,PD:0174,1,0.8180797100067139,False,handpd:meander,4
P2_subject,vgg16,0,PD:0177,1,0.7339912056922913,False,handpd:meander,4
P2_subject,vgg16,0,PD:0177,1,0.6392243504524231,False,handpd:meander,4
P2_subject,vgg16,0,PD:0177,1,0.6407618522644043,False,handpd:meander,4
P2_subject,vgg16,0,PD:0177,1,0.6861531734466553,False,handpd:meander,4
P2_subject,vgg16,0,PD:0182,1,0.6165655851364136,False,handpd:meander,4
P2_subject,vgg16,0,PD:0182,1,0.6692025661468506,False,handpd:meander,4
P2_subject,vgg16,0,PD:0182,1,0.6391761898994446,False,handpd:meander,4
P2_subject,vgg16,0,PD:0182,1,0.6667177677154541,False,handpd:meander,4
P2_subject,vgg16,0,PD:0197,1,0.695350706577301,False,handpd:meander,4
P2_subject,vgg16,0,PD:0197,1,0.6313471794128418,False,handpd:meander,4
P2_subject,vgg16,0,PD:0197,1,0.6663386225700378,False,handpd:meander,4
P2_subject,vgg16,0,PD:0197,1,0.6757711172103882,False,handpd:meander,4
P2_subject,vgg16,0,PD:0213,1,0.7330001592636108,False,handpd:meander,4
P2_subject,vgg16,0,PD:0213,1,0.7594211101531982,False,handpd:meander,4
P2_subject,vgg16,0,PD:0213,1,0.7484323382377625,False,handpd:meander,4
P2_subject,vgg16,0,PD:0213,1,0.7031281590461731,False,handpd:meander,4
P2_subject,vgg16,0,PD:0219,1,0.664124071598053,False,handpd:meander,4
P2_subject,vgg16,0,PD:0219,1,0.6443799734115601,False,handpd:meander,4
P2_subject,vgg16,0,PD:0219,1,0.6520464420318604,False,handpd:meander,4
P2_subject,vgg16,0,PD:0219,1,0.6136159300804138,False,handpd:meander,4
P2_subject,vgg16,0,PD:0229,1,0.8931713104248047,False,handpd:meander,4
P2_subject,vgg16,0,PD:0229,1,0.8253421783447266,False,handpd:meander,4
P2_subject,vgg16,0,PD:0229,1,0.8434829115867615,False,handpd:meander,4
P2_subject,vgg16,0,PD:0229,1,0.8486035466194153,False,handpd:meander,4
P2_subject,vgg16,0,PD:0235,1,0.8543391227722168,False,handpd:meander,4
P2_subject,vgg16,0,PD:0235,1,0.798898458480835,False,handpd:meander,4
P2_subject,vgg16,0,PD:0235,1,0.7837369441986084,False,handpd:meander,4
P2_subject,vgg16,0,PD:0235,1,0.8391766548156738,False,handpd:meander,4
P2_subject,vgg16,0,PD:0246,1,0.8137037754058838,False,handpd:meander,4
P2_subject,vgg16,0,PD:0246,1,0.7826592922210693,False,handpd:meander,4
P2_subject,vgg16,0,PD:0246,1,0.741797149181366,False,handpd:meander,4
P2_subject,vgg16,0,PD:0246,1,0.7725130319595337,False,handpd:meander,4
P2_subject,vgg16,0,PD:0269,1,0.6773046851158142,False,handpd:meander,4
P2_subject,vgg16,0,PD:0269,1,0.6556426286697388,False,handpd:meander,4
P2_subject,vgg16,0,PD:0269,1,0.6672420501708984,False,handpd:meander,4
P2_subject,vgg16,0,PD:0269,1,0.6770718097686768,False,handpd:meander,4
P2_subject,vgg16,0,PD:0273,1,0.7167360186576843,False,handpd:meander,4
P2_subject,vgg16,0,PD:0273,1,0.6770499348640442,False,handpd:meander,4
P2_subject,vgg16,0,PD:0273,1,0.6881219148635864,False,handpd:meander,4
P2_subject,vgg16,0,PD:0273,1,0.7081382870674133,False,handpd:meander,4
P2_subject,vgg16,0,PD:0280,1,0.6491884589195251,False,handpd:meander,4
P2_subject,vgg16,0,PD:0280,1,0.7145394086837769,False,handpd:meander,4
P2_subject,vgg16,0,PD:0280,1,0.6448732614517212,False,handpd:meander,4
P2_subject,vgg16,0,PD:0280,1,0.6774187684059143,False,handpd:meander,4
P2_subject,vgg16,0,PD:0281,1,0.7681845426559448,False,handpd:meander,4
P2_subject,vgg16,0,PD:0281,1,0.6866484880447388,False,handpd:meander,4
P2_subject,vgg16,0,PD:0281,1,0.7085306644439697,False,handpd:meander,4
P2_subject,vgg16,0,PD:0281,1,0.7159291505813599,False,handpd:meander,4
P2_subject,vgg16,1,HC:0068,0,0.6239449381828308,False,handpd:meander,4
P2_subject,vgg16,1,HC:0068,0,0.61700040102005,False,handpd:meander,4
P2_subject,vgg16,1,HC:0068,0,0.6193751096725464,False,handpd:meander,4
P2_subject,vgg16,1,HC:0068,0,0.6854628324508667,False,handpd:meander,4
P2_subject,vgg16,1,HC:0092,0,0.6127992868423462,False,handpd:meander,4
P2_subject,vgg16,1,HC:0092,0,0.6282102465629578,False,handpd:meander,4
P2_subject,vgg16,1,HC:0092,0,0.6570706367492676,False,handpd:meander,4
P2_subject,vgg16,1,HC:0092,0,0.6433793902397156,False,handpd:meander,4
P2_subject,vgg16,1,HC:0102,0,0.6903054118156433,False,handpd:meander,4
P2_subject,vgg16,1,HC:0102,0,0.632754385471344,False,handpd:meander,4
P2_subject,vgg16,1,HC:0102,0,0.7452898621559143,False,handpd:meander,4
P2_subject,vgg16,1,HC:0102,0,0.6692262887954712,False,handpd:meander,4
P2_subject,vgg16,1,HC:0112,0,0.6713047623634338,False,handpd:meander,4
P2_subject,vgg16,1,HC:0112,0,0.6515238881111145,False,handpd:meander,4
P2_subject,vgg16,1,HC:0112,0,0.6423506736755371,False,handpd:meander,4
P2_subject,vgg16,1,HC:0112,0,0.6951125860214233,False,handpd:meander,4
P2_subject,vgg16,1,HC:0129,0,0.6455162763595581,False,handpd:meander,4
P2_subject,vgg16,1,HC:0129,0,0.654167890548706,False,handpd:meander,4
P2_subject,vgg16,1,HC:0129,0,0.6227347254753113,False,handpd:meander,4
P2_subject,vgg16,1,HC:0129,0,0.654778778553009,False,handpd:meander,4
P2_subject,vgg16,1,HC:0305,0,0.9161673784255981,False,handpd:meander,4
P2_subject,vgg16,1,HC:0305,0,0.880035936832428,False,handpd:meander,4
P2_subject,vgg16,1,HC:0305,0,0.854513943195343,False,handpd:meander,4
P2_subject,vgg16,1,HC:0305,0,0.8890978693962097,False,handpd:meander,4
P2_subject,vgg16,1,PD:0003,1,0.9676815867424011,False,handpd:meander,4
P2_subject,vgg16,1,PD:0003,1,0.9045015573501587,False,handpd:meander,4
P2_subject,vgg16,1,PD:0003,1,0.9539602994918823,False,handpd:meander,4
P2_subject,vgg16,1,PD:0003,1,0.9002993702888489,False,handpd:meander,4
P2_subject,vgg16,1,PD:0005,1,0.8055809736251831,False,handpd:meander,4
P2_subject,vgg16,1,PD:0005,1,0.8521406650543213,False,handpd:meander,4
P2_subject,vgg16,1,PD:0005,1,0.8403184413909912,False,handpd:meander,4
P2_subject,vgg16,1,PD:0005,1,0.8403512239456177,False,handpd:meander,4
P2_subject,vgg16,1,PD:0016,1,0.8744160532951355,False,handpd:meander,4
P2_subject,vgg16,1,PD:0016,1,0.8871152400970459,False,handpd:meander,4
P2_subject,vgg16,1,PD:0016,1,0.9089802503585815,False,handpd:meander,4
P2_subject,vgg16,1,PD:0016,1,0.8816947937011719,False,handpd:meander,4
P2_subject,vgg16,1,PD:0024,1,0.7527125477790833,False,handpd:meander,4
P2_subject,vgg16,1,PD:0024,1,0.7517023682594299,False,handpd:meander,4
P2_subject,vgg16,1,PD:0024,1,0.7279380559921265,False,handpd:meander,4
P2_subject,vgg16,1,PD:0024,1,0.8002273440361023,False,handpd:meander,4
P2_subject,vgg16,1,PD:0038,1,0.9422580599784851,False,handpd:meander,4
P2_subject,vgg16,1,PD:0038,1,0.8908736705780029,False,handpd:meander,4
P2_subject,vgg16,1,PD:0038,1,0.9280473589897156,False,handpd:meander,4
P2_subject,vgg16,1,PD:0038,1,0.9142135977745056,False,handpd:meander,4
P2_subject,vgg16,1,PD:0138,1,0.7121016979217529,False,handpd:meander,4
P2_subject,vgg16,1,PD:0138,1,0.6892249584197998,False,handpd:meander,4
P2_subject,vgg16,1,PD:0138,1,0.7598732113838196,False,handpd:meander,4
P2_subject,vgg16,1,PD:0138,1,0.804743230342865,False,handpd:meander,4
P2_subject,vgg16,1,PD:0139,1,0.81960129737854,False,handpd:meander,4
P2_subject,vgg16,1,PD:0139,1,0.7569900751113892,False,handpd:meander,4
P2_subject,vgg16,1,PD:0139,1,0.7272526621818542,False,handpd:meander,4
P2_subject,vgg16,1,PD:0139,1,0.7351284027099609,False,handpd:meander,4
P2_subject,vgg16,1,PD:0149,1,0.9163379073143005,False,handpd:meander,4
P2_subject,vgg16,1,PD:0149,1,0.8947219848632812,False,handpd:meander,4
P2_subject,vgg16,1,PD:0149,1,0.8743820190429688,False,handpd:meander,4
P2_subject,vgg16,1,PD:0149,1,0.9097695350646973,False,handpd:meander,4
P2_subject,vgg16,1,PD:0153,1,0.728409469127655,False,handpd:meander,4
P2_subject,vgg16,1,PD:0153,1,0.6919335722923279,False,handpd:meander,4
P2_subject,vgg16,1,PD:0153,1,0.6719743609428406,False,handpd:meander,4
P2_subject,vgg16,1,PD:0153,1,0.6451278924942017,False,handpd:meander,4
P2_subject,vgg16,1,PD:0157,1,0.8732934594154358,False,handpd:meander,4
P2_subject,vgg16,1,PD:0157,1,0.8420969843864441,False,handpd:meander,4
P2_subject,vgg16,1,PD:0157,1,0.8106572031974792,False,handpd:meander,4
P2_subject,vgg16,1,PD:0157,1,0.8054841160774231,False,handpd:meander,4
P2_subject,vgg16,1,PD:0165,1,0.6773529648780823,False,handpd:meander,4
P2_subject,vgg16,1,PD:0165,1,0.6814735531806946,False,handpd:meander,4
P2_subject,vgg16,1,PD:0165,1,0.6606432795524597,False,handpd:meander,4
P2_subject,vgg16,1,PD:0165,1,0.6951395869255066,False,handpd:meander,4
P2_subject,vgg16,1,PD:0181,1,0.8212839365005493,False,handpd:meander,4
P2_subject,vgg16,1,PD:0181,1,0.7644633650779724,False,handpd:meander,4
P2_subject,vgg16,1,PD:0181,1,0.77801513671875,False,handpd:meander,4
P2_subject,vgg16,1,PD:0181,1,0.8612822890281677,False,handpd:meander,4
P2_subject,vgg16,1,PD:0186,1,0.7012690305709839,False,handpd:meander,4
P2_subject,vgg16,1,PD:0186,1,0.7736082077026367,False,handpd:meander,4
P2_subject,vgg16,1,PD:0186,1,0.7759113311767578,False,handpd:meander,4
P2_subject,vgg16,1,PD:0186,1,0.7341821193695068,False,handpd:meander,4
P2_subject,vgg16,1,PD:0187,1,0.7954391837120056,False,handpd:meander,4
P2_subject,vgg16,1,PD:0187,1,0.7537375688552856,False,handpd:meander,4
P2_subject,vgg16,1,PD:0187,1,0.7583537101745605,False,handpd:meander,4
P2_subject,vgg16,1,PD:0187,1,0.777692973613739,False,handpd:meander,4
P2_subject,vgg16,1,PD:0188,1,0.7765992879867554,False,handpd:meander,4
P2_subject,vgg16,1,PD:0188,1,0.7558639049530029,False,handpd:meander,4
P2_subject,vgg16,1,PD:0188,1,0.7709934711456299,False,handpd:meander,4
P2_subject,vgg16,1,PD:0188,1,0.7953515648841858,False,handpd:meander,4
P2_subject,vgg16,1,PD:0203,1,0.7435742020606995,False,handpd:meander,4
P2_subject,vgg16,1,PD:0203,1,0.8465385437011719,False,handpd:meander,4
P2_subject,vgg16,1,PD:0203,1,0.7511425018310547,False,handpd:meander,4
P2_subject,vgg16,1,PD:0203,1,0.7197522521018982,False,handpd:meander,4
P2_subject,vgg16,1,PD:0207,1,0.8672657608985901,False,handpd:meander,4
P2_subject,vgg16,1,PD:0207,1,0.8804113864898682,False,handpd:meander,4
P2_subject,vgg16,1,PD:0207,1,0.7550157308578491,False,handpd:meander,4
P2_subject,vgg16,1,PD:0207,1,0.7927442789077759,False,handpd:meander,4
P2_subject,vgg16,1,PD:0214,1,0.9745478630065918,False,handpd:meander,4
P2_subject,vgg16,1,PD:0214,1,0.9403689503669739,False,handpd:meander,4
P2_subject,vgg16,1,PD:0214,1,0.9490763545036316,False,handpd:meander,4
P2_subject,vgg16,1,PD:0214,1,0.8680511713027954,False,handpd:meander,4
P2_subject,vgg16,1,PD:0228,1,0.9818630814552307,False,handpd:meander,4
P2_subject,vgg16,1,PD:0228,1,0.9313802123069763,False,handpd:meander,4
P2_subject,vgg16,1,PD:0228,1,0.9738219976425171,False,handpd:meander,4
P2_subject,vgg16,1,PD:0228,1,0.9741640090942383,False,handpd:meander,4
P2_subject,vgg16,1,PD:0230,1,0.9986650943756104,False,handpd:meander,4
P2_subject,vgg16,1,PD:0230,1,0.9916896820068359,False,handpd:meander,4
P2_subject,vgg16,1,PD:0230,1,0.9975171089172363,False,handpd:meander,4
P2_subject,vgg16,1,PD:0230,1,0.9947704672813416,False,handpd:meander,4
P2_subject,vgg16,1,PD:0241,1,0.9201364517211914,False,handpd:meander,4
P2_subject,vgg16,1,PD:0241,1,0.966206967830658,False,handpd:meander,4
P2_subject,vgg16,1,PD:0241,1,0.9940037131309509,False,handpd:meander,4
P2_subject,vgg16,1,PD:0241,1,0.9554848074913025,False,handpd:meander,4
P2_subject,vgg16,1,PD:0253,1,0.8156874179840088,False,handpd:meander,4
P2_subject,vgg16,1,PD:0253,1,0.7724933624267578,False,handpd:meander,4
P2_subject,vgg16,1,PD:0253,1,0.7865322828292847,False,handpd:meander,4
P2_subject,vgg16,1,PD:0253,1,0.7997013330459595,False,handpd:meander,4
P2_subject,vgg16,1,PD:0254,1,0.8107468485832214,False,handpd:meander,4
P2_subject,vgg16,1,PD:0254,1,0.836452841758728,False,handpd:meander,4
P2_subject,vgg16,1,PD:0254,1,0.7161627411842346,False,handpd:meander,4
P2_subject,vgg16,1,PD:0254,1,0.9077616333961487,False,handpd:meander,4
P2_subject,vgg16,1,PD:0268,1,0.8933690190315247,False,handpd:meander,4
P2_subject,vgg16,1,PD:0268,1,0.8891972899436951,False,handpd:meander,4
P2_subject,vgg16,1,PD:0268,1,0.8356958627700806,False,handpd:meander,4
P2_subject,vgg16,1,PD:0268,1,0.8111787438392639,False,handpd:meander,4
P2_subject,vgg16,1,PD:0274,1,0.9611790180206299,False,handpd:meander,4
P2_subject,vgg16,1,PD:0274,1,0.8982506394386292,False,handpd:meander,4
P2_subject,vgg16,1,PD:0274,1,0.8824257850646973,False,handpd:meander,4
P2_subject,vgg16,1,PD:0274,1,0.8486301302909851,False,handpd:meander,4
P2_subject,vgg16,2,HC:0098,0,0.5695410370826721,False,handpd:meander,4
P2_subject,vgg16,2,HC:0098,0,0.5930252075195312,False,handpd:meander,4
P2_subject,vgg16,2,HC:0098,0,0.568846583366394,False,handpd:meander,4
P2_subject,vgg16,2,HC:0098,0,0.682581901550293,False,handpd:meander,4
P2_subject,vgg16,2,HC:0100,0,0.5866822600364685,False,handpd:meander,4
P2_subject,vgg16,2,HC:0100,0,0.5673748850822449,False,handpd:meander,4
P2_subject,vgg16,2,HC:0100,0,0.606018602848053,False,handpd:meander,4
P2_subject,vgg16,2,HC:0100,0,0.5871474742889404,False,handpd:meander,4
P2_subject,vgg16,2,HC:0106,0,0.6454293727874756,False,handpd:meander,4
P2_subject,vgg16,2,HC:0106,0,0.5756547451019287,False,handpd:meander,4
P2_subject,vgg16,2,HC:0106,0,0.5871436595916748,False,handpd:meander,4
P2_subject,vgg16,2,HC:0106,0,0.5799713134765625,False,handpd:meander,4
P2_subject,vgg16,2,HC:0293,0,0.5902141332626343,False,handpd:meander,4
P2_subject,vgg16,2,HC:0293,0,0.6079199910163879,False,handpd:meander,4
P2_subject,vgg16,2,HC:0293,0,0.6177539229393005,False,handpd:meander,4
P2_subject,vgg16,2,HC:0293,0,0.6438368558883667,False,handpd:meander,4
P2_subject,vgg16,2,HC:0295,0,0.8719142079353333,False,handpd:meander,4
P2_subject,vgg16,2,HC:0295,0,0.8996113538742065,False,handpd:meander,4
P2_subject,vgg16,2,HC:0295,0,0.9223282933235168,False,handpd:meander,4
P2_subject,vgg16,2,HC:0295,0,0.9336799383163452,False,handpd:meander,4
P2_subject,vgg16,2,HC:0297,0,0.692452073097229,False,handpd:meander,4
P2_subject,vgg16,2,HC:0297,0,0.7316508889198303,False,handpd:meander,4
P2_subject,vgg16,2,HC:0297,0,0.7197334170341492,False,handpd:meander,4
P2_subject,vgg16,2,HC:0297,0,0.7204301357269287,False,handpd:meander,4
P2_subject,vgg16,2,PD:0002,1,0.9641643762588501,False,handpd:meander,4
P2_subject,vgg16,2,PD:0002,1,0.9594805836677551,False,handpd:meander,4
P2_subject,vgg16,2,PD:0002,1,0.9676640629768372,False,handpd:meander,4
P2_subject,vgg16,2,PD:0002,1,0.9941259622573853,False,handpd:meander,4
P2_subject,vgg16,2,PD:0023,1,0.7418952584266663,False,handpd:meander,4
P2_subject,vgg16,2,PD:0023,1,0.5974889993667603,False,handpd:meander,4
P2_subject,vgg16,2,PD:0023,1,0.633537232875824,False,handpd:meander,4
P2_subject,vgg16,2,PD:0023,1,0.7774862051010132,False,handpd:meander,4
P2_subject,vgg16,2,PD:0037,1,0.7561856508255005,False,handpd:meander,4
P2_subject,vgg16,2,PD:0037,1,0.7834740877151489,False,handpd:meander,4
P2_subject,vgg16,2,PD:0037,1,0.7737407088279724,False,handpd:meander,4
P2_subject,vgg16,2,PD:0037,1,0.8766979575157166,False,handpd:meander,4
P2_subject,vgg16,2,PD:0044,1,0.9344787001609802,False,handpd:meander,4
P2_subject,vgg16,2,PD:0044,1,0.6657504439353943,False,handpd:meander,4
P2_subject,vgg16,2,PD:0044,1,0.9577251076698303,False,handpd:meander,4
P2_subject,vgg16,2,PD:0044,1,0.755897045135498,False,handpd:meander,4
P2_subject,vgg16,2,PD:0045,1,0.9717683792114258,False,handpd:meander,4
P2_subject,vgg16,2,PD:0045,1,0.8555909991264343,False,handpd:meander,4
P2_subject,vgg16,2,PD:0045,1,0.9957135915756226,False,handpd:meander,4
P2_subject,vgg16,2,PD:0045,1,0.9894962906837463,False,handpd:meander,4
P2_subject,vgg16,2,PD:0052,1,0.7881296873092651,False,handpd:meander,4
P2_subject,vgg16,2,PD:0052,1,0.6642267107963562,False,handpd:meander,4
P2_subject,vgg16,2,PD:0052,1,0.725925624370575,False,handpd:meander,4
P2_subject,vgg16,2,PD:0052,1,0.8122495412826538,False,handpd:meander,4
P2_subject,vgg16,2,PD:0136,1,0.8517556190490723,False,handpd:meander,4
P2_subject,vgg16,2,PD:0136,1,0.8237926363945007,False,handpd:meander,4
P2_subject,vgg16,2,PD:0136,1,0.958836555480957,False,handpd:meander,4
P2_subject,vgg16,2,PD:0136,1,0.720849335193634,False,handpd:meander,4
P2_subject,vgg16,2,PD:0143,1,0.9401984810829163,False,handpd:meander,4
P2_subject,vgg16,2,PD:0143,1,0.6369805932044983,False,handpd:meander,4
P2_subject,vgg16,2,PD:0143,1,0.7874457836151123,False,handpd:meander,4
P2_subject,vgg16,2,PD:0143,1,0.7418668866157532,False,handpd:meander,4
P2_subject,vgg16,2,PD:0166,1,0.7466483116149902,False,handpd:meander,4
P2_subject,vgg16,2,PD:0166,1,0.6531772613525391,False,handpd:meander,4
P2_subject,vgg16,2,PD:0166,1,0.6237686276435852,False,handpd:meander,4
P2_subject,vgg16,2,PD:0166,1,0.6450480222702026,False,handpd:meander,4
P2_subject,vgg16,2,PD:0170,1,0.9931212067604065,False,handpd:meander,4
P2_subject,vgg16,2,PD:0170,1,0.9985311031341553,False,handpd:meander,4
P2_subject,vgg16,2,PD:0170,1,0.9946487545967102,False,handpd:meander,4
P2_subject,vgg16,2,PD:0170,1,0.998808741569519,False,handpd:meander,4
P2_subject,vgg16,2,PD:0176,1,0.9927334785461426,False,handpd:meander,4
P2_subject,vgg16,2,PD:0176,1,0.9263535141944885,False,handpd:meander,4
P2_subject,vgg16,2,PD:0176,1,0.8448684811592102,False,handpd:meander,4
P2_subject,vgg16,2,PD:0176,1,0.8953529000282288,False,handpd:meander,4
P2_subject,vgg16,2,PD:0192,1,0.7249833941459656,False,handpd:meander,4
P2_subject,vgg16,2,PD:0192,1,0.7956414818763733,False,handpd:meander,4
P2_subject,vgg16,2,PD:0192,1,0.8598508834838867,False,handpd:meander,4
P2_subject,vgg16,2,PD:0192,1,0.9693836569786072,False,handpd:meander,4
P2_subject,vgg16,2,PD:0196,1,0.754688560962677,False,handpd:meander,4
P2_subject,vgg16,2,PD:0196,1,0.7793075442314148,False,handpd:meander,4
P2_subject,vgg16,2,PD:0196,1,0.7068806290626526,False,handpd:meander,4
P2_subject,vgg16,2,PD:0196,1,0.9819038510322571,False,handpd:meander,4
P2_subject,vgg16,2,PD:0198,1,0.7340735197067261,False,handpd:meander,4
P2_subject,vgg16,2,PD:0198,1,0.9875096678733826,False,handpd:meander,4
P2_subject,vgg16,2,PD:0198,1,0.8534102439880371,False,handpd:meander,4
P2_subject,vgg16,2,PD:0198,1,0.9838797450065613,False,handpd:meander,4
P2_subject,vgg16,2,PD:0202,1,0.5808110237121582,False,handpd:meander,4
P2_subject,vgg16,2,PD:0202,1,0.5722827911376953,False,handpd:meander,4
P2_subject,vgg16,2,PD:0202,1,0.6089304089546204,False,handpd:meander,4
P2_subject,vgg16,2,PD:0202,1,0.6010252237319946,False,handpd:meander,4
P2_subject,vgg16,2,PD:0208,1,0.8833081722259521,False,handpd:meander,4
P2_subject,vgg16,2,PD:0208,1,0.9813809394836426,False,handpd:meander,4
P2_subject,vgg16,2,PD:0208,1,0.9077302813529968,False,handpd:meander,4
P2_subject,vgg16,2,PD:0208,1,0.9867638945579529,False,handpd:meander,4
P2_subject,vgg16,2,PD:0218,1,0.580155074596405,False,handpd:meander,4
P2_subject,vgg16,2,PD:0218,1,0.5753301382064819,False,handpd:meander,4
P2_subject,vgg16,2,PD:0218,1,0.5734942555427551,False,handpd:meander,4
P2_subject,vgg16,2,PD:0218,1,0.5777631402015686,False,handpd:meander,4
P2_subject,vgg16,2,PD:0223,1,0.8099515438079834,False,handpd:meander,4
P2_subject,vgg16,2,PD:0223,1,0.8501226902008057,False,handpd:meander,4
P2_subject,vgg16,2,PD:0223,1,0.710935115814209,False,handpd:meander,4
P2_subject,vgg16,2,PD:0223,1,0.9461545348167419,False,handpd:meander,4
P2_subject,vgg16,2,PD:0234,1,0.9985536932945251,False,handpd:meander,4
P2_subject,vgg16,2,PD:0234,1,0.8750196099281311,False,handpd:meander,4
P2_subject,vgg16,2,PD:0234,1,0.9843221306800842,False,handpd:meander,4
P2_subject,vgg16,2,PD:0234,1,0.9060341715812683,False,handpd:meander,4
P2_subject,vgg16,2,PD:0236,1,0.9995924830436707,False,handpd:meander,4
P2_subject,vgg16,2,PD:0236,1,0.9994875192642212,False,handpd:meander,4
P2_subject,vgg16,2,PD:0236,1,0.9988983869552612,False,handpd:meander,4
P2_subject,vgg16,2,PD:0236,1,0.9999133348464966,False,handpd:meander,4
P2_subject,vgg16,2,PD:0240,1,0.6231686472892761,False,handpd:meander,4
P2_subject,vgg16,2,PD:0240,1,0.7959198951721191,False,handpd:meander,4
P2_subject,vgg16,2,PD:0240,1,0.6938996911048889,False,handpd:meander,4
P2_subject,vgg16,2,PD:0240,1,0.8434250950813293,False,handpd:meander,4
P2_subject,vgg16,2,PD:0242,1,0.871188759803772,False,handpd:meander,4
P2_subject,vgg16,2,PD:0242,1,0.8612135052680969,False,handpd:meander,4
P2_subject,vgg16,2,PD:0242,1,0.9579246044158936,False,handpd:meander,4
P2_subject,vgg16,2,PD:0242,1,0.9314809441566467,False,handpd:meander,4
P2_subject,vgg16,2,PD:0247,1,0.9859626889228821,False,handpd:meander,4
P2_subject,vgg16,2,PD:0247,1,0.9712352156639099,False,handpd:meander,4
P2_subject,vgg16,2,PD:0247,1,0.9970183372497559,False,handpd:meander,4
P2_subject,vgg16,2,PD:0247,1,0.9904606938362122,False,handpd:meander,4
P2_subject,vgg16,2,PD:0261,1,0.7672166228294373,False,handpd:meander,4
P2_subject,vgg16,2,PD:0261,1,0.6637480854988098,False,handpd:meander,4
P2_subject,vgg16,2,PD:0261,1,0.6219926476478577,False,handpd:meander,4
P2_subject,vgg16,2,PD:0261,1,0.651863694190979,False,handpd:meander,4
P1_image,resnet50,0,HC:0068,0,0.8118084073066711,True,handpd:meander,4
P1_image,resnet50,0,HC:0092,0,0.7698284387588501,True,handpd:meander,4
P1_image,resnet50,0,HC:0092,0,0.5756908655166626,True,handpd:meander,4
P1_image,resnet50,0,HC:0098,0,0.6613233685493469,True,handpd:meander,4
P1_image,resnet50,0,HC:0098,0,0.7121329307556152,True,handpd:meander,4
P1_image,resnet50,0,HC:0100,0,0.8631682395935059,True,handpd:meander,4
P1_image,resnet50,0,HC:0102,0,0.6435912847518921,True,handpd:meander,4
P1_image,resnet50,0,HC:0102,0,0.9680681824684143,True,handpd:meander,4
P1_image,resnet50,0,HC:0102,0,0.8310524225234985,True,handpd:meander,4
P1_image,resnet50,0,HC:0104,0,0.6957800388336182,True,handpd:meander,4
P1_image,resnet50,0,HC:0104,0,0.6666638851165771,True,handpd:meander,4
P1_image,resnet50,0,HC:0104,0,0.6587941646575928,True,handpd:meander,4
P1_image,resnet50,0,HC:0106,0,0.7657659649848938,True,handpd:meander,4
P1_image,resnet50,0,HC:0112,0,0.7978231906890869,True,handpd:meander,4
P1_image,resnet50,0,HC:0116,0,0.9390861988067627,True,handpd:meander,4
P1_image,resnet50,0,HC:0116,0,0.7715864181518555,True,handpd:meander,4
P1_image,resnet50,0,HC:0129,0,0.7697719931602478,True,handpd:meander,4
P1_image,resnet50,0,HC:0131,0,0.8959814310073853,True,handpd:meander,4
P1_image,resnet50,0,HC:0131,0,0.801482081413269,True,handpd:meander,4
P1_image,resnet50,0,HC:0289,0,0.946992039680481,True,handpd:meander,4
P1_image,resnet50,0,HC:0289,0,0.7632635235786438,True,handpd:meander,4
P1_image,resnet50,0,HC:0289,0,0.7583211660385132,True,handpd:meander,4
P1_image,resnet50,0,HC:0297,0,0.7050343751907349,True,handpd:meander,4
P1_image,resnet50,0,HC:0305,0,0.989486575126648,True,handpd:meander,4
P1_image,resnet50,0,PD:0002,1,0.9994342923164368,True,handpd:meander,4
P1_image,resnet50,0,PD:0002,1,0.9998661279678345,True,handpd:meander,4
P1_image,resnet50,0,PD:0003,1,0.9995517134666443,True,handpd:meander,4
P1_image,resnet50,0,PD:0003,1,0.999835729598999,True,handpd:meander,4
P1_image,resnet50,0,PD:0003,1,0.9998956918716431,True,handpd:meander,4
P1_image,resnet50,0,PD:0004,1,0.9986656904220581,True,handpd:meander,4
P1_image,resnet50,0,PD:0004,1,0.9926243424415588,True,handpd:meander,4
P1_image,resnet50,0,PD:0004,1,0.9686984419822693,True,handpd:meander,4
P1_image,resnet50,0,PD:0005,1,0.9860386252403259,True,handpd:meander,4
P1_image,resnet50,0,PD:0009,1,0.9694021344184875,True,handpd:meander,4
P1_image,resnet50,0,PD:0009,1,0.8910356760025024,True,handpd:meander,4
P1_image,resnet50,0,PD:0010,1,0.9979588985443115,True,handpd:meander,4
P1_image,resnet50,0,PD:0016,1,0.9987913966178894,True,handpd:meander,4
P1_image,resnet50,0,PD:0023,1,0.9437634348869324,True,handpd:meander,4
P1_image,resnet50,0,PD:0023,1,0.88569176197052,True,handpd:meander,4
P1_image,resnet50,0,PD:0024,1,0.8105819225311279,True,handpd:meander,4
P1_image,resnet50,0,PD:0030,1,0.9749085307121277,True,handpd:meander,4
P1_image,resnet50,0,PD:0030,1,0.9348418712615967,True,handpd:meander,4
P1_image,resnet50,0,PD:0030,1,0.9896246790885925,True,handpd:meander,4
P1_image,resnet50,0,PD:0031,1,0.9489086866378784,True,handpd:meander,4
P1_image,resnet50,0,PD:0037,1,0.9942471981048584,True,handpd:meander,4
P1_image,resnet50,0,PD:0038,1,0.9991057515144348,True,handpd:meander,4
P1_image,resnet50,0,PD:0038,1,0.9996726512908936,True,handpd:meander,4
P1_image,resnet50,0,PD:0038,1,0.9994137287139893,True,handpd:meander,4
P1_image,resnet50,0,PD:0044,1,0.9963763356208801,False,handpd:meander,4
P1_image,resnet50,0,PD:0044,1,0.9842694997787476,False,handpd:meander,4
P1_image,resnet50,0,PD:0044,1,0.9789958000183105,False,handpd:meander,4
P1_image,resnet50,0,PD:0044,1,0.97785484790802,False,handpd:meander,4
P1_image,resnet50,0,PD:0046,1,0.9831793308258057,False,handpd:meander,4
P1_image,resnet50,0,PD:0046,1,0.9994731545448303,False,handpd:meander,4
P1_image,resnet50,0,PD:0046,1,0.9901752471923828,False,handpd:meander,4
P1_image,resnet50,0,PD:0046,1,0.8896596431732178,False,handpd:meander,4
P1_image,resnet50,0,PD:0051,1,0.8131705522537231,True,handpd:meander,4
P1_image,resnet50,0,PD:0053,1,0.9176525473594666,True,handpd:meander,4
P1_image,resnet50,0,PD:0054,1,0.9668620228767395,True,handpd:meander,4
P1_image,resnet50,0,PD:0134,1,0.9983021020889282,True,handpd:meander,4
P1_image,resnet50,0,PD:0134,1,0.9977424144744873,True,handpd:meander,4
P1_image,resnet50,0,PD:0136,1,0.9984444975852966,True,handpd:meander,4
P1_image,resnet50,0,PD:0138,1,0.9650359749794006,True,handpd:meander,4
P1_image,resnet50,0,PD:0143,1,0.9964168071746826,True,handpd:meander,4
P1_image,resnet50,0,PD:0149,1,0.9975818395614624,True,handpd:meander,4
P1_image,resnet50,0,PD:0149,1,0.9972347617149353,True,handpd:meander,4
P1_image,resnet50,0,PD:0157,1,0.9964684247970581,True,handpd:meander,4
P1_image,resnet50,0,PD:0161,1,0.9825756549835205,True,handpd:meander,4
P1_image,resnet50,0,PD:0165,1,0.8140038251876831,True,handpd:meander,4
P1_image,resnet50,0,PD:0165,1,0.7683748006820679,True,handpd:meander,4
P1_image,resnet50,0,PD:0165,1,0.7662005424499512,True,handpd:meander,4
P1_image,resnet50,0,PD:0166,1,0.7713906764984131,True,handpd:meander,4
P1_image,resnet50,0,PD:0174,1,0.9875262379646301,True,handpd:meander,4
P1_image,resnet50,0,PD:0177,1,0.9955906867980957,True,handpd:meander,4
P1_image,resnet50,0,PD:0182,1,0.9958741068840027,True,handpd:meander,4
P1_image,resnet50,0,PD:0186,1,0.9711477160453796,True,handpd:meander,4
P1_image,resnet50,0,PD:0186,1,0.994865357875824,True,handpd:meander,4
P1_image,resnet50,0,PD:0188,1,0.8781207203865051,True,handpd:meander,4
P1_image,resnet50,0,PD:0192,1,0.9477531909942627,True,handpd:meander,4
P1_image,resnet50,0,PD:0196,1,0.9777383804321289,True,handpd:meander,4
P1_image,resnet50,0,PD:0196,1,0.9738427996635437,True,handpd:meander,4
P1_image,resnet50,0,PD:0197,1,0.9880488514900208,True,handpd:meander,4
P1_image,resnet50,0,PD:0197,1,0.9895987510681152,True,handpd:meander,4
P1_image,resnet50,0,PD:0202,1,0.8597887754440308,True,handpd:meander,4
P1_image,resnet50,0,PD:0203,1,0.9695726633071899,True,handpd:meander,4
P1_image,resnet50,0,PD:0203,1,0.9894557595252991,True,handpd:meander,4
P1_image,resnet50,0,PD:0207,1,0.994838297367096,True,handpd:meander,4
P1_image,resnet50,0,PD:0208,1,0.9799638390541077,True,handpd:meander,4
P1_image,resnet50,0,PD:0213,1,0.9928686022758484,True,handpd:meander,4
P1_image,resnet50,0,PD:0214,1,0.9972104430198669,True,handpd:meander,4
P1_image,resnet50,0,PD:0218,1,0.8942276239395142,True,handpd:meander,4
P1_image,resnet50,0,PD:0218,1,0.8356789350509644,True,handpd:meander,4
P1_image,resnet50,0,PD:0219,1,0.8663622736930847,True,handpd:meander,4
P1_image,resnet50,0,PD:0219,1,0.9791346788406372,True,handpd:meander,4
P1_image,resnet50,0,PD:0223,1,0.9935177564620972,True,handpd:meander,4
P1_image,resnet50,0,PD:0228,1,0.9999314546585083,False,handpd:meander,4
P1_image,resnet50,0,PD:0228,1,0.9999673366546631,False,handpd:meander,4
P1_image,resnet50,0,PD:0228,1,0.9999823570251465,False,handpd:meander,4
P1_image,resnet50,0,PD:0228,1,0.9999061822891235,False,handpd:meander,4
P1_image,resnet50,0,PD:0234,1,0.9995697140693665,True,handpd:meander,4
P1_image,resnet50,0,PD:0235,1,0.9990401864051819,True,handpd:meander,4
P1_image,resnet50,0,PD:0236,1,0.9984163045883179,True,handpd:meander,4
P1_image,resnet50,0,PD:0236,1,0.9975557327270508,True,handpd:meander,4
P1_image,resnet50,0,PD:0240,1,0.9487510323524475,True,handpd:meander,4
P1_image,resnet50,0,PD:0240,1,0.9994137287139893,True,handpd:meander,4
P1_image,resnet50,0,PD:0241,1,0.9456118941307068,True,handpd:meander,4
P1_image,resnet50,0,PD:0242,1,0.9881703853607178,True,handpd:meander,4
P1_image,resnet50,0,PD:0242,1,0.9991902709007263,True,handpd:meander,4
P1_image,resnet50,0,PD:0247,1,0.9984477758407593,True,handpd:meander,4
P1_image,resnet50,0,PD:0247,1,0.9997245669364929,True,handpd:meander,4
P1_image,resnet50,0,PD:0247,1,0.9965456128120422,True,handpd:meander,4
P1_image,resnet50,0,PD:0253,1,0.9832777380943298,True,handpd:meander,4
P1_image,resnet50,0,PD:0254,1,0.9786497354507446,True,handpd:meander,4
P1_image,resnet50,0,PD:0254,1,0.9912380576133728,True,handpd:meander,4
P1_image,resnet50,0,PD:0261,1,0.9523174166679382,True,handpd:meander,4
P1_image,resnet50,0,PD:0268,1,0.986433744430542,True,handpd:meander,4
P1_image,resnet50,0,PD:0269,1,0.9988798499107361,True,handpd:meander,4
P1_image,resnet50,0,PD:0274,1,0.9969493746757507,True,handpd:meander,4
P1_image,resnet50,0,PD:0274,1,0.9952595829963684,True,handpd:meander,4
P1_image,resnet50,0,PD:0274,1,0.9950065612792969,True,handpd:meander,4
P1_image,resnet50,0,PD:0280,1,0.9901397824287415,True,handpd:meander,4
P1_image,resnet50,0,PD:0280,1,0.9957543611526489,True,handpd:meander,4
P1_image,resnet50,0,PD:0281,1,0.9859674572944641,True,handpd:meander,4
P1_image,resnet50,1,HC:0068,0,0.6971017122268677,True,handpd:meander,4
P1_image,resnet50,1,HC:0092,0,0.8012272119522095,True,handpd:meander,4
P1_image,resnet50,1,HC:0092,0,0.7293814420700073,True,handpd:meander,4
P1_image,resnet50,1,HC:0100,0,0.8851189017295837,True,handpd:meander,4
P1_image,resnet50,1,HC:0100,0,0.8309831619262695,True,handpd:meander,4
P1_image,resnet50,1,HC:0100,0,0.9456555843353271,True,handpd:meander,4
P1_image,resnet50,1,HC:0102,0,0.7112139463424683,True,handpd:meander,4
P1_image,resnet50,1,HC:0106,0,0.7547733187675476,True,handpd:meander,4
P1_image,resnet50,1,HC:0106,0,0.9404144883155823,True,handpd:meander,4
P1_image,resnet50,1,HC:0112,0,0.8792160153388977,True,handpd:meander,4
P1_image,resnet50,1,HC:0116,0,0.8862128257751465,True,handpd:meander,4
P1_image,resnet50,1,HC:0116,0,0.8632309436798096,True,handpd:meander,4
P1_image,resnet50,1,HC:0127,0,0.758733332157135,True,handpd:meander,4
P1_image,resnet50,1,HC:0127,0,0.6789838075637817,True,handpd:meander,4
P1_image,resnet50,1,HC:0127,0,0.8309183120727539,True,handpd:meander,4
P1_image,resnet50,1,HC:0129,0,0.6819261908531189,True,handpd:meander,4
P1_image,resnet50,1,HC:0129,0,0.9158712029457092,True,handpd:meander,4
P1_image,resnet50,1,HC:0131,0,0.7348397374153137,True,handpd:meander,4
P1_image,resnet50,1,HC:0293,0,0.921845018863678,True,handpd:meander,4
P1_image,resnet50,1,HC:0293,0,0.7411989569664001,True,handpd:meander,4
P1_image,resnet50,1,HC:0293,0,0.8144675493240356,True,handpd:meander,4
P1_image,resnet50,1,HC:0295,0,0.8749199509620667,True,handpd:meander,4
P1_image,resnet50,1,HC:0295,0,0.9202908277511597,True,handpd:meander,4
P1_image,resnet50,1,HC:0305,0,0.9860320091247559,True,handpd:meander,4
P1_image,resnet50,1,PD:0003,1,0.9927787184715271,True,handpd:meander,4
P1_image,resnet50,1,PD:0004,1,0.983958899974823,True,handpd:meander,4
P1_image,resnet50,1,PD:0005,1,0.9981392621994019,True,handpd:meander,4
P1_image,resnet50,1,PD:0005,1,0.9899249076843262,True,handpd:meander,4
P1_image,resnet50,1,PD:0009,1,0.9438811540603638,True,handpd:meander,4
P1_image,resnet50,1,PD:0010,1,0.9998552799224854,True,handpd:meander,4
P1_image,resnet50,1,PD:0016,1,0.9279446005821228,True,handpd:meander,4
P1_image,resnet50,1,PD:0016,1,0.964232861995697,True,handpd:meander,4
P1_image,resnet50,1,PD:0016,1,0.9896790981292725,True,handpd:meander,4
P1_image,resnet50,1,PD:0023,1,0.997685432434082,True,handpd:meander,4
P1_image,resnet50,1,PD:0023,1,0.9889634847640991,True,handpd:meander,4
P1_image,resnet50,1,PD:0024,1,0.8525786399841309,True,handpd:meander,4
P1_image,resnet50,1,PD:0024,1,0.8574038147926331,True,handpd:meander,4
P1_image,resnet50,1,PD:0030,1,0.9965774416923523,True,handpd:meander,4
P1_image,resnet50,1,PD:0031,1,0.8771907091140747,True,handpd:meander,4
P1_image,resnet50,1,PD:0045,1,0.9990917444229126,True,handpd:meander,4
P1_image,resnet50,1,PD:0045,1,0.9998663663864136,True,handpd:meander,4
P1_image,resnet50,1,PD:0045,1,0.9979236125946045,True,handpd:meander,4
P1_image,resnet50,1,PD:0051,1,0.92612224817276,True,handpd:meander,4
P1_image,resnet50,1,PD:0051,1,0.9208467602729797,True,handpd:meander,4
P1_image,resnet50,1,PD:0052,1,0.914165735244751,True,handpd:meander,4
P1_image,resnet50,1,PD:0052,1,0.9696589708328247,True,handpd:meander,4
P1_image,resnet50,1,PD:0053,1,0.9567575454711914,True,handpd:meander,4
P1_image,resnet50,1,PD:0054,1,0.9332138299942017,True,handpd:meander,4
P1_image,resnet50,1,PD:0054,1,0.9595359563827515,True,handpd:meander,4
P1_image,resnet50,1,PD:0136,1,0.998180627822876,True,handpd:meander,4
P1_image,resnet50,1,PD:0138,1,0.7029783725738525,True,handpd:meander,4
P1_image,resnet50,1,PD:0139,1,0.7780464887619019,True,handpd:meander,4
P1_image,resnet50,1,PD:0139,1,0.8694227337837219,True,handpd:meander,4
P1_image,resnet50,1,PD:0148,1,0.9985975623130798,True,handpd:meander,4
P1_image,resnet50,1,PD:0148,1,0.9991604089736938,True,handpd:meander,4
P1_image,resnet50,1,PD:0148,1,0.9898993372917175,True,handpd:meander,4
P1_image,resnet50,1,PD:0149,1,0.9966942071914673,True,handpd:meander,4
P1_image,resnet50,1,PD:0149,1,0.9967578053474426,True,handpd:meander,4
P1_image,resnet50,1,PD:0153,1,0.6936740279197693,True,handpd:meander,4
P1_image,resnet50,1,PD:0153,1,0.8712875843048096,True,handpd:meander,4
P1_image,resnet50,1,PD:0157,1,0.9888022541999817,True,handpd:meander,4
P1_image,resnet50,1,PD:0157,1,0.9995155334472656,True,handpd:meander,4
P1_image,resnet50,1,PD:0157,1,0.9947161078453064,True,handpd:meander,4
P1_image,resnet50,1,PD:0165,1,0.9095754027366638,True,handpd:meander,4
P1_image,resnet50,1,PD:0170,1,0.8954437375068665,True,handpd:meander,4
P1_image,resnet50,1,PD:0170,1,0.9629889130592346,True,handpd:meander,4
P1_image,resnet50,1,PD:0174,1,0.9835423231124878,True,handpd:meander,4
P1_image,resnet50,1,PD:0174,1,0.9941936135292053,True,handpd:meander,4
P1_image,resnet50,1,PD:0176,1,0.9947603344917297,True,handpd:meander,4
P1_image,resnet50,1,PD:0176,1,0.9943895936012268,True,handpd:meander,4
P1_image,resnet50,1,PD:0176,1,0.9979009628295898,True,handpd:meander,4
P1_image,resnet50,1,PD:0177,1,0.9914319515228271,True,handpd:meander,4
P1_image,resnet50,1,PD:0181,1,0.8202980160713196,True,handpd:meander,4
P1_image,resnet50,1,PD:0181,1,0.8574841618537903,True,handpd:meander,4
P1_image,resnet50,1,PD:0181,1,0.9963537454605103,True,handpd:meander,4
P1_image,resnet50,1,PD:0186,1,0.8217804431915283,True,handpd:meander,4
P1_image,resnet50,1,PD:0186,1,0.9823102355003357,True,handpd:meander,4
P1_image,resnet50,1,PD:0187,1,0.9512816667556763,True,handpd:meander,4
P1_image,resnet50,1,PD:0188,1,0.8806774616241455,True,handpd:meander,4
P1_image,resnet50,1,PD:0192,1,0.9874425530433655,True,handpd:meander,4
P1_image,resnet50,1,PD:0192,1,0.9880422353744507,True,handpd:meander,4
P1_image,resnet50,1,PD:0196,1,0.8879761695861816,True,handpd:meander,4
P1_image,resnet50,1,PD:0198,1,0.9423897862434387,True,handpd:meander,4
P1_image,resnet50,1,PD:0198,1,0.9750116467475891,True,handpd:meander,4
P1_image,resnet50,1,PD:0198,1,0.9756691455841064,True,handpd:meander,4
P1_image,resnet50,1,PD:0202,1,0.8139467239379883,True,handpd:meander,4
P1_image,resnet50,1,PD:0203,1,0.9548010230064392,True,handpd:meander,4
P1_image,resnet50,1,PD:0203,1,0.9102228283882141,True,handpd:meander,4
P1_image,resnet50,1,PD:0207,1,0.9989833235740662,True,handpd:meander,4
P1_image,resnet50,1,PD:0207,1,0.8716120719909668,True,handpd:meander,4
P1_image,resnet50,1,PD:0208,1,0.9647946953773499,True,handpd:meander,4
P1_image,resnet50,1,PD:0214,1,0.9301390647888184,True,handpd:meander,4
P1_image,resnet50,1,PD:0218,1,0.9409796595573425,True,handpd:meander,4
P1_image,resnet50,1,PD:0219,1,0.9190002679824829,True,handpd:meander,4
P1_image,resnet50,1,PD:0219,1,0.725332498550415,True,handpd:meander,4
P1_image,resnet50,1,PD:0223,1,0.9991794228553772,True,handpd:meander,4
P1_image,resnet50,1,PD:0229,1,0.999940037727356,True,handpd:meander,4
P1_image,resnet50,1,PD:0229,1,0.9936867356300354,True,handpd:meander,4
P1_image,resnet50,1,PD:0230,1,0.7656463384628296,True,handpd:meander,4
P1_image,resnet50,1,PD:0230,1,0.981681764125824,True,handpd:meander,4
P1_image,resnet50,1,PD:0234,1,0.9993237257003784,True,handpd:meander,4
P1_image,resnet50,1,PD:0234,1,0.9983046054840088,True,handpd:meander,4
P1_image,resnet50,1,PD:0235,1,0.9979047775268555,True,handpd:meander,4
P1_image,resnet50,1,PD:0236,1,0.9949287176132202,True,handpd:meander,4
P1_image,resnet50,1,PD:0240,1,0.9543697834014893,True,handpd:meander,4
P1_image,resnet50,1,PD:0242,1,0.9995576739311218,True,handpd:meander,4
P1_image,resnet50,1,PD:0246,1,0.9980801343917847,True,handpd:meander,4
P1_image,resnet50,1,PD:0246,1,0.990676760673523,True,handpd:meander,4
P1_image,resnet50,1,PD:0246,1,0.9909467697143555,True,handpd:meander,4
P1_image,resnet50,1,PD:0253,1,0.9967526197433472,True,handpd:meander,4
P1_image,resnet50,1,PD:0253,1,0.8097893595695496,True,handpd:meander,4
P1_image,resnet50,1,PD:0254,1,0.9829084873199463,True,handpd:meander,4
P1_image,resnet50,1,PD:0254,1,0.9447430968284607,True,handpd:meander,4
P1_image,resnet50,1,PD:0261,1,0.9659074544906616,True,handpd:meander,4
P1_image,resnet50,1,PD:0268,1,0.988283634185791,True,handpd:meander,4
P1_image,resnet50,1,PD:0268,1,0.9939513206481934,True,handpd:meander,4
P1_image,resnet50,1,PD:0273,1,0.9911910891532898,False,handpd:meander,4
P1_image,resnet50,1,PD:0273,1,0.9962294697761536,False,handpd:meander,4
P1_image,resnet50,1,PD:0273,1,0.9953510761260986,False,handpd:meander,4
P1_image,resnet50,1,PD:0273,1,0.9487816095352173,False,handpd:meander,4
P1_image,resnet50,1,PD:0274,1,0.9942114949226379,True,handpd:meander,4
P1_image,resnet50,1,PD:0281,1,0.9982383251190186,True,handpd:meander,4
P1_image,resnet50,1,PD:0281,1,0.9833125472068787,True,handpd:meander,4
P1_image,resnet50,2,HC:0068,0,0.5872046947479248,True,handpd:meander,4
P1_image,resnet50,2,HC:0068,0,0.72921222448349,True,handpd:meander,4
P1_image,resnet50,2,HC:0098,0,0.6776126027107239,True,handpd:meander,4
P1_image,resnet50,2,HC:0098,0,0.6125780940055847,True,handpd:meander,4
P1_image,resnet50,2,HC:0104,0,0.7666055560112,True,handpd:meander,4
P1_image,resnet50,2,HC:0106,0,0.6282095909118652,True,handpd:meander,4
P1_image,resnet50,2,HC:0112,0,0.7071819305419922,True,handpd:meander,4
P1_image,resnet50,2,HC:0112,0,0.7890684008598328,True,handpd:meander,4
P1_image,resnet50,2,HC:0127,0,0.8582396507263184,True,handpd:meander,4
P1_image,resnet50,2,HC:0129,0,0.7214069366455078,True,handpd:meander,4
P1_image,resnet50,2,HC:0131,0,0.740628719329834,True,handpd:meander,4
P1_image,resnet50,2,HC:0287,0,0.8263758420944214,False,handpd:meander,4
P1_image,resnet50,2,HC:0287,0,0.9523323178291321,False,handpd:meander,4
P1_image,resnet50,2,HC:0287,0,0.9144617319107056,False,handpd:meander,4
P1_image,resnet50,2,HC:0287,0,0.983726441860199,False,handpd:meander,4
P1_image,resnet50,2,HC:0289,0,0.7098897695541382,True,handpd:meander,4
P1_image,resnet50,2,HC:0293,0,0.8903101086616516,True,handpd:meander,4
P1_image,resnet50,2,HC:0295,0,0.8910186290740967,True,handpd:meander,4
P1_image,resnet50,2,HC:0295,0,0.9857674837112427,True,handpd:meander,4
P1_image,resnet50,2,HC:0297,0,0.853420078754425,True,handpd:meander,4
P1_image,resnet50,2,HC:0297,0,0.8919459581375122,True,handpd:meander,4
P1_image,resnet50,2,HC:0297,0,0.9458408951759338,True,handpd:meander,4
P1_image,resnet50,2,HC:0305,0,0.9781518578529358,True,handpd:meander,4
P1_image,resnet50,2,HC:0305,0,0.9114614129066467,True,handpd:meander,4
P1_image,resnet50,2,PD:0002,1,0.9985508322715759,True,handpd:meander,4
P1_image,resnet50,2,PD:0002,1,0.9991409778594971,True,handpd:meander,4
P1_image,resnet50,2,PD:0005,1,0.9633656144142151,True,handpd:meander,4
P1_image,resnet50,2,PD:0009,1,0.9247715473175049,True,handpd:meander,4
P1_image,resnet50,2,PD:0010,1,0.9634075164794922,True,handpd:meander,4
P1_image,resnet50,2,PD:0010,1,0.9796664118766785,True,handpd:meander,4
P1_image,resnet50,2,PD:0024,1,0.9427918195724487,True,handpd:meander,4
P1_image,resnet50,2,PD:0031,1,0.8978434801101685,True,handpd:meander,4
P1_image,resnet50,2,PD:0031,1,0.7899355888366699,True,handpd:meander,4
P1_image,resnet50,2,PD:0037,1,0.9689169526100159,True,handpd:meander,4
P1_image,resnet50,2,PD:0037,1,0.9782950282096863,True,handpd:meander,4
P1_image,resnet50,2,PD:0037,1,0.9940013289451599,True,handpd:meander,4
P1_image,resnet50,2,PD:0038,1,0.9992944002151489,True,handpd:meander,4
P1_image,resnet50,2,PD:0045,1,0.9994500279426575,True,handpd:meander,4
P1_image,resnet50,2,PD:0051,1,0.9594588279724121,True,handpd:meander,4
P1_image,resnet50,2,PD:0052,1,0.9346287250518799,True,handpd:meander,4
P1_image,resnet50,2,PD:0052,1,0.9778046011924744,True,handpd:meander,4
P1_image,resnet50,2,PD:0053,1,0.9655436873435974,True,handpd:meander,4
P1_image,resnet50,2,PD:0053,1,0.9617378115653992,True,handpd:meander,4
P1_image,resnet50,2,PD:0054,1,0.9989687204360962,True,handpd:meander,4
P1_image,resnet50,2,PD:0134,1,0.9944743514060974,True,handpd:meander,4
P1_image,resnet50,2,PD:0134,1,0.9998940229415894,True,handpd:meander,4
P1_image,resnet50,2,PD:0136,1,0.9700712561607361,True,handpd:meander,4
P1_image,resnet50,2,PD:0136,1,0.9980119466781616,True,handpd:meander,4
P1_image,resnet50,2,PD:0138,1,0.9283697605133057,True,handpd:meander,4
P1_image,resnet50,2,PD:0138,1,0.8455415368080139,True,handpd:meander,4
P1_image,resnet50,2,PD:0139,1,0.9535588622093201,True,handpd:meander,4
P1_image,resnet50,2,PD:0139,1,0.9366533160209656,True,handpd:meander,4
P1_image,resnet50,2,PD:0143,1,0.9982823133468628,True,handpd:meander,4
P1_image,resnet50,2,PD:0143,1,0.9962406158447266,True,handpd:meander,4
P1_image,resnet50,2,PD:0143,1,0.9964726567268372,True,handpd:meander,4
P1_image,resnet50,2,PD:0148,1,0.9792748093605042,True,handpd:meander,4
P1_image,resnet50,2,PD:0153,1,0.7648494839668274,True,handpd:meander,4
P1_image,resnet50,2,PD:0153,1,0.7346489429473877,True,handpd:meander,4
P1_image,resnet50,2,PD:0161,1,0.9316641688346863,True,handpd:meander,4
P1_image,resnet50,2,PD:0161,1,0.9930302500724792,True,handpd:meander,4
P1_image,resnet50,2,PD:0161,1,0.9917808175086975,True,handpd:meander,4
P1_image,resnet50,2,PD:0166,1,0.9219416379928589,True,handpd:meander,4
P1_image,resnet50,2,PD:0166,1,0.948505163192749,True,handpd:meander,4
P1_image,resnet50,2,PD:0166,1,0.9579214453697205,True,handpd:meander,4
P1_image,resnet50,2,PD:0170,1,0.9996059536933899,True,handpd:meander,4
P1_image,resnet50,2,PD:0170,1,0.9995688796043396,True,handpd:meander,4
P1_image,resnet50,2,PD:0174,1,0.9953275918960571,True,handpd:meander,4
P1_image,resnet50,2,PD:0176,1,0.9622170329093933,True,handpd:meander,4
P1_image,resnet50,2,PD:0177,1,0.9966610670089722,True,handpd:meander,4
P1_image,resnet50,2,PD:0177,1,0.9980263113975525,True,handpd:meander,4
P1_image,resnet50,2,PD:0181,1,0.9275144934654236,True,handpd:meander,4
P1_image,resnet50,2,PD:0182,1,0.963853657245636,True,handpd:meander,4
P1_image,resnet50,2,PD:0182,1,0.9901977777481079,True,handpd:meander,4
P1_image,resnet50,2,PD:0182,1,0.9922926425933838,True,handpd:meander,4
P1_image,resnet50,2,PD:0187,1,0.8212698698043823,True,handpd:meander,4
P1_image,resnet50,2,PD:0187,1,0.900269627571106,True,handpd:meander,4
P1_image,resnet50,2,PD:0187,1,0.9012525081634521,True,handpd:meander,4
P1_image,resnet50,2,PD:0188,1,0.8507912755012512,True,handpd:meander,4
P1_image,resnet50,2,PD:0188,1,0.9194491505622864,True,handpd:meander,4
P1_image,resnet50,2,PD:0192,1,0.9953027963638306,True,handpd:meander,4
P1_image,resnet50,2,PD:0196,1,0.9688342809677124,True,handpd:meander,4
P1_image,resnet50,2,PD:0197,1,0.8594939708709717,True,handpd:meander,4
P1_image,resnet50,2,PD:0197,1,0.8705381155014038,True,handpd:meander,4
P1_image,resnet50,2,PD:0198,1,0.9558720588684082,True,handpd:meander,4
P1_image,resnet50,2,PD:0202,1,0.854597806930542,True,handpd:meander,4
P1_image,resnet50,2,PD:0202,1,0.7374499440193176,True,handpd:meander,4
P1_image,resnet50,2,PD:0207,1,0.9810608625411987,True,handpd:meander,4
P1_image,resnet50,2,PD:0208,1,0.964747428894043,True,handpd:meander,4
P1_image,resnet50,2,PD:0208,1,0.9917675256729126,True,handpd:meander,4
P1_image,resnet50,2,PD:0213,1,0.998460054397583,True,handpd:meander,4
P1_image,resnet50,2,PD:0213,1,0.9979801774024963,True,handpd:meander,4
P1_image,resnet50,2,PD:0213,1,0.9423483610153198,True,handpd:meander,4
P1_image,resnet50,2,PD:0214,1,0.9989312291145325,True,handpd:meander,4
P1_image,resnet50,2,PD:0214,1,0.9993327260017395,True,handpd:meander,4
P1_image,resnet50,2,PD:0218,1,0.7290603518486023,True,handpd:meander,4
P1_image,resnet50,2,PD:0223,1,0.9923421740531921,True,handpd:meander,4
P1_image,resnet50,2,PD:0223,1,0.994045078754425,True,handpd:meander,4
P1_image,resnet50,2,PD:0229,1,0.9591413736343384,True,handpd:meander,4
P1_image,resnet50,2,PD:0229,1,0.9993109703063965,True,handpd:meander,4
P1_image,resnet50,2,PD:0230,1,0.9739444851875305,True,handpd:meander,4
P1_image,resnet50,2,PD:0230,1,0.8291465044021606,True,handpd:meander,4
P1_image,resnet50,2,PD:0234,1,0.9658714532852173,True,handpd:meander,4
P1_image,resnet50,2,PD:0235,1,0.996777355670929,True,handpd:meander,4
P1_image,resnet50,2,PD:0235,1,0.9984208345413208,True,handpd:meander,4
P1_image,resnet50,2,PD:0236,1,0.9941745400428772,True,handpd:meander,4
P1_image,resnet50,2,PD:0240,1,0.9944188594818115,True,handpd:meander,4
P1_image,resnet50,2,PD:0241,1,0.9974148273468018,True,handpd:meander,4
P1_image,resnet50,2,PD:0241,1,0.9990541338920593,True,handpd:meander,4
P1_image,resnet50,2,PD:0241,1,0.9991999268531799,True,handpd:meander,4
P1_image,resnet50,2,PD:0242,1,0.9996134638786316,True,handpd:meander,4
P1_image,resnet50,2,PD:0246,1,0.9974679946899414,True,handpd:meander,4
P1_image,resnet50,2,PD:0247,1,0.9743402600288391,True,handpd:meander,4
P1_image,resnet50,2,PD:0253,1,0.9795557856559753,True,handpd:meander,4
P1_image,resnet50,2,PD:0261,1,0.7582290768623352,True,handpd:meander,4
P1_image,resnet50,2,PD:0261,1,0.9597451090812683,True,handpd:meander,4
P1_image,resnet50,2,PD:0268,1,0.9842020273208618,True,handpd:meander,4
P1_image,resnet50,2,PD:0269,1,0.971552312374115,True,handpd:meander,4
P1_image,resnet50,2,PD:0269,1,0.9458684325218201,True,handpd:meander,4
P1_image,resnet50,2,PD:0269,1,0.9970402121543884,True,handpd:meander,4
P1_image,resnet50,2,PD:0280,1,0.9908717274665833,True,handpd:meander,4
P1_image,resnet50,2,PD:0280,1,0.9894962906837463,True,handpd:meander,4
P1_image,resnet50,2,PD:0281,1,0.9781826734542847,True,handpd:meander,4
P2_subject,resnet50,0,HC:0104,0,0.6341409087181091,False,handpd:meander,4
P2_subject,resnet50,0,HC:0104,0,0.6183348894119263,False,handpd:meander,4
P2_subject,resnet50,0,HC:0104,0,0.5493051409721375,False,handpd:meander,4
P2_subject,resnet50,0,HC:0104,0,0.6845889687538147,False,handpd:meander,4
P2_subject,resnet50,0,HC:0116,0,0.6621392965316772,False,handpd:meander,4
P2_subject,resnet50,0,HC:0116,0,0.7897812128067017,False,handpd:meander,4
P2_subject,resnet50,0,HC:0116,0,0.5804874897003174,False,handpd:meander,4
P2_subject,resnet50,0,HC:0116,0,0.6188470125198364,False,handpd:meander,4
P2_subject,resnet50,0,HC:0127,0,0.6381756067276001,False,handpd:meander,4
P2_subject,resnet50,0,HC:0127,0,0.6871974468231201,False,handpd:meander,4
P2_subject,resnet50,0,HC:0127,0,0.6543837189674377,False,handpd:meander,4
P2_subject,resnet50,0,HC:0127,0,0.6242411136627197,False,handpd:meander,4
P2_subject,resnet50,0,HC:0131,0,0.6293177604675293,False,handpd:meander,4
P2_subject,resnet50,0,HC:0131,0,0.6266699433326721,False,handpd:meander,4
P2_subject,resnet50,0,HC:0131,0,0.6007710099220276,False,handpd:meander,4
P2_subject,resnet50,0,HC:0131,0,0.671820342540741,False,handpd:meander,4
P2_subject,resnet50,0,HC:0287,0,0.7703147530555725,False,handpd:meander,4
P2_subject,resnet50,0,HC:0287,0,0.7113294005393982,False,handpd:meander,4
P2_subject,resnet50,0,HC:0287,0,0.8966783285140991,False,handpd:meander,4
P2_subject,resnet50,0,HC:0287,0,0.9257674813270569,False,handpd:meander,4
P2_subject,resnet50,0,HC:0289,0,0.7609171867370605,False,handpd:meander,4
P2_subject,resnet50,0,HC:0289,0,0.6978972554206848,False,handpd:meander,4
P2_subject,resnet50,0,HC:0289,0,0.7490644454956055,False,handpd:meander,4
P2_subject,resnet50,0,HC:0289,0,0.7104895710945129,False,handpd:meander,4
P2_subject,resnet50,0,PD:0004,1,0.9119596481323242,False,handpd:meander,4
P2_subject,resnet50,0,PD:0004,1,0.985461950302124,False,handpd:meander,4
P2_subject,resnet50,0,PD:0004,1,0.9969260096549988,False,handpd:meander,4
P2_subject,resnet50,0,PD:0004,1,0.9690060615539551,False,handpd:meander,4
P2_subject,resnet50,0,PD:0009,1,0.9021115303039551,False,handpd:meander,4
P2_subject,resnet50,0,PD:0009,1,0.823645830154419,False,handpd:meander,4
P2_subject,resnet50,0,PD:0009,1,0.7961292862892151,False,handpd:meander,4
P2_subject,resnet50,0,PD:0009,1,0.9439973831176758,False,handpd:meander,4
P2_subject,resnet50,0,PD:0010,1,0.985954225063324,False,handpd:meander,4
P2_subject,resnet50,0,PD:0010,1,0.9975883960723877,False,handpd:meander,4
P2_subject,resnet50,0,PD:0010,1,0.9989023208618164,False,handpd:meander,4
P2_subject,resnet50,0,PD:0010,1,0.9983775615692139,False,handpd:meander,4
P2_subject,resnet50,0,PD:0030,1,0.8286449313163757,False,handpd:meander,4
P2_subject,resnet50,0,PD:0030,1,0.8711919784545898,False,handpd:meander,4
P2_subject,resnet50,0,PD:0030,1,0.9235005378723145,False,handpd:meander,4
P2_subject,resnet50,0,PD:0030,1,0.9799995422363281,False,handpd:meander,4
P2_subject,resnet50,0,PD:0031,1,0.8655788898468018,False,handpd:meander,4
P2_subject,resnet50,0,PD:0031,1,0.7514573931694031,False,handpd:meander,4
P2_subject,resnet50,0,PD:0031,1,0.7047141194343567,False,handpd:meander,4
P2_subject,resnet50,0,PD:0031,1,0.7265200614929199,False,handpd:meander,4
P2_subject,resnet50,0,PD:0046,1,0.9875269532203674,False,handpd:meander,4
P2_subject,resnet50,0,PD:0046,1,0.9997400641441345,False,handpd:meander,4
P2_subject,resnet50,0,PD:0046,1,0.9622933864593506,False,handpd:meander,4
P2_subject,resnet50,0,PD:0046,1,0.955882728099823,False,handpd:meander,4
P2_subject,resnet50,0,PD:0051,1,0.7990700602531433,False,handpd:meander,4
P2_subject,resnet50,0,PD:0051,1,0.8945728540420532,False,handpd:meander,4
P2_subject,resnet50,0,PD:0051,1,0.8663159012794495,False,handpd:meander,4
P2_subject,resnet50,0,PD:0051,1,0.697433352470398,False,handpd:meander,4
P2_subject,resnet50,0,PD:0053,1,0.7817782163619995,False,handpd:meander,4
P2_subject,resnet50,0,PD:0053,1,0.9106633067131042,False,handpd:meander,4
P2_subject,resnet50,0,PD:0053,1,0.9296694397926331,False,handpd:meander,4
P2_subject,resnet50,0,PD:0053,1,0.8123914003372192,False,handpd:meander,4
P2_subject,resnet50,0,PD:0054,1,0.8674846887588501,False,handpd:meander,4
P2_subject,resnet50,0,PD:0054,1,0.9792583584785461,False,handpd:meander,4
P2_subject,resnet50,0,PD:0054,1,0.8484192490577698,False,handpd:meander,4
P2_subject,resnet50,0,PD:0054,1,0.9959883093833923,False,handpd:meander,4
P2_subject,resnet50,0,PD:0134,1,0.9118548631668091,False,handpd:meander,4
P2_subject,resnet50,0,PD:0134,1,0.9918531775474548,False,handpd:meander,4
P2_subject,resnet50,0,PD:0134,1,0.9955102205276489,False,handpd:meander,4
P2_subject,resnet50,0,PD:0134,1,0.9994767308235168,False,handpd:meander,4
P2_subject,resnet50,0,PD:0148,1,0.9682221412658691,False,handpd:meander,4
P2_subject,resnet50,0,PD:0148,1,0.9799221754074097,False,handpd:meander,4
P2_subject,resnet50,0,PD:0148,1,0.9464384913444519,False,handpd:meander,4
P2_subject,resnet50,0,PD:0148,1,0.9893307685852051,False,handpd:meander,4
P2_subject,resnet50,0,PD:0161,1,0.7722219228744507,False,handpd:meander,4
P2_subject,resnet50,0,PD:0161,1,0.8717349767684937,False,handpd:meander,4
P2_subject,resnet50,0,PD:0161,1,0.9503791332244873,False,handpd:meander,4
P2_subject,resnet50,0,PD:0161,1,0.8267353773117065,False,handpd:meander,4
P2_subject,resnet50,0,PD:0174,1,0.9939185380935669,False,handpd:meander,4
P2_subject,resnet50,0,PD:0174,1,0.998370349407196,False,handpd:meander,4
P2_subject,resnet50,0,PD:0174,1,0.9998883008956909,False,handpd:meander,4
P2_subject,resnet50,0,PD:0174,1,0.9946611523628235,False,handpd:meander,4
P2_subject,resnet50,0,PD:0177,1,0.8991265296936035,False,handpd:meander,4
P2_subject,resnet50,0,PD:0177,1,0.935566782951355,False,handpd:meander,4
P2_subject,resnet50,0,PD:0177,1,0.9004144072532654,False,handpd:meander,4
P2_subject,resnet50,0,PD:0177,1,0.8557422161102295,False,handpd:meander,4
P2_subject,resnet50,0,PD:0182,1,0.887798547744751,False,handpd:meander,4
P2_subject,resnet50,0,PD:0182,1,0.9634768962860107,False,handpd:meander,4
P2_subject,resnet50,0,PD:0182,1,0.979274570941925,False,handpd:meander,4
P2_subject,resnet50,0,PD:0182,1,0.9616667032241821,False,handpd:meander,4
P2_subject,resnet50,0,PD:0197,1,0.7004465460777283,False,handpd:meander,4
P2_subject,resnet50,0,PD:0197,1,0.716828465461731,False,handpd:meander,4
P2_subject,resnet50,0,PD:0197,1,0.9133565425872803,False,handpd:meander,4
P2_subject,resnet50,0,PD:0197,1,0.8865809440612793,False,handpd:meander,4
P2_subject,resnet50,0,PD:0213,1,0.9978377223014832,False,handpd:meander,4
P2_subject,resnet50,0,PD:0213,1,0.9890285730361938,False,handpd:meander,4
P2_subject,resnet50,0,PD:0213,1,0.9216841459274292,False,handpd:meander,4
P2_subject,resnet50,0,PD:0213,1,0.9376310706138611,False,handpd:meander,4
P2_subject,resnet50,0,PD:0219,1,0.8637133836746216,False,handpd:meander,4
P2_subject,resnet50,0,PD:0219,1,0.6674138903617859,False,handpd:meander,4
P2_subject,resnet50,0,PD:0219,1,0.6578331589698792,False,handpd:meander,4
P2_subject,resnet50,0,PD:0219,1,0.8192996978759766,False,handpd:meander,4
P2_subject,resnet50,0,PD:0229,1,0.9995585083961487,False,handpd:meander,4
P2_subject,resnet50,0,PD:0229,1,0.9986739158630371,False,handpd:meander,4
P2_subject,resnet50,0,PD:0229,1,0.9978110194206238,False,handpd:meander,4
P2_subject,resnet50,0,PD:0229,1,0.9976025223731995,False,handpd:meander,4
P2_subject,resnet50,0,PD:0235,1,0.9963525533676147,False,handpd:meander,4
P2_subject,resnet50,0,PD:0235,1,0.9971064925193787,False,handpd:meander,4
P2_subject,resnet50,0,PD:0235,1,0.9963841438293457,False,handpd:meander,4
P2_subject,resnet50,0,PD:0235,1,0.987962543964386,False,handpd:meander,4
P2_subject,resnet50,0,PD:0246,1,0.9805935621261597,False,handpd:meander,4
P2_subject,resnet50,0,PD:0246,1,0.9809699058532715,False,handpd:meander,4
P2_subject,resnet50,0,PD:0246,1,0.9619352221488953,False,handpd:meander,4
P2_subject,resnet50,0,PD:0246,1,0.9588627815246582,False,handpd:meander,4
P2_subject,resnet50,0,PD:0269,1,0.9622607231140137,False,handpd:meander,4
P2_subject,resnet50,0,PD:0269,1,0.960111677646637,False,handpd:meander,4
P2_subject,resnet50,0,PD:0269,1,0.801221489906311,False,handpd:meander,4
P2_subject,resnet50,0,PD:0269,1,0.9867793321609497,False,handpd:meander,4
P2_subject,resnet50,0,PD:0273,1,0.9153235554695129,False,handpd:meander,4
P2_subject,resnet50,0,PD:0273,1,0.9933617115020752,False,handpd:meander,4
P2_subject,resnet50,0,PD:0273,1,0.9859989881515503,False,handpd:meander,4
P2_subject,resnet50,0,PD:0273,1,0.9298350214958191,False,handpd:meander,4
P2_subject,resnet50,0,PD:0280,1,0.7743155360221863,False,handpd:meander,4
P2_subject,resnet50,0,PD:0280,1,0.9989045858383179,False,handpd:meander,4
P2_subject,resnet50,0,PD:0280,1,0.9971064925193787,False,handpd:meander,4
P2_subject,resnet50,0,PD:0280,1,0.9808165431022644,False,handpd:meander,4
P2_subject,resnet50,0,PD:0281,1,0.9849516749382019,False,handpd:meander,4
P2_subject,resnet50,0,PD:0281,1,0.9434501528739929,False,handpd:meander,4
P2_subject,resnet50,0,PD:0281,1,0.9902461767196655,False,handpd:meander,4
P2_subject,resnet50,0,PD:0281,1,0.9915704727172852,False,handpd:meander,4
P2_subject,resnet50,1,HC:0068,0,0.7675744891166687,False,handpd:meander,4
P2_subject,resnet50,1,HC:0068,0,0.518505334854126,False,handpd:meander,4
P2_subject,resnet50,1,HC:0068,0,0.6413705348968506,False,handpd:meander,4
P2_subject,resnet50,1,HC:0068,0,0.6264902949333191,False,handpd:meander,4
P2_subject,resnet50,1,HC:0092,0,0.5342320799827576,False,handpd:meander,4
P2_subject,resnet50,1,HC:0092,0,0.4771758019924164,False,handpd:meander,4
P2_subject,resnet50,1,HC:0092,0,0.46412768959999084,False,handpd:meander,4
P2_subject,resnet50,1,HC:0092,0,0.5639870166778564,False,handpd:meander,4
P2_subject,resnet50,1,HC:0102,0,0.6000997424125671,False,handpd:meander,4
P2_subject,resnet50,1,HC:0102,0,0.9115211367607117,False,handpd:meander,4
P2_subject,resnet50,1,HC:0102,0,0.6411116719245911,False,handpd:meander,4
P2_subject,resnet50,1,HC:0102,0,0.6848999261856079,False,handpd:meander,4
P2_subject,resnet50,1,HC:0112,0,0.5945626497268677,False,handpd:meander,4
P2_subject,resnet50,1,HC:0112,0,0.5247383713722229,False,handpd:meander,4
P2_subject,resnet50,1,HC:0112,0,0.6659923791885376,False,handpd:meander,4
P2_subject,resnet50,1,HC:0112,0,0.7581258416175842,False,handpd:meander,4
P2_subject,resnet50,1,HC:0129,0,0.7390429377555847,False,handpd:meander,4
P2_subject,resnet50,1,HC:0129,0,0.5082363486289978,False,handpd:meander,4
P2_subject,resnet50,1,HC:0129,0,0.5878309607505798,False,handpd:meander,4
P2_subject,resnet50,1,HC:0129,0,0.7521801590919495,False,handpd:meander,4
P2_subject,resnet50,1,HC:0305,0,0.9997300505638123,False,handpd:meander,4
P2_subject,resnet50,1,HC:0305,0,0.9940118193626404,False,handpd:meander,4
P2_subject,resnet50,1,HC:0305,0,0.9083412885665894,False,handpd:meander,4
P2_subject,resnet50,1,HC:0305,0,0.991142988204956,False,handpd:meander,4
P2_subject,resnet50,1,PD:0003,1,0.9994877576828003,False,handpd:meander,4
P2_subject,resnet50,1,PD:0003,1,0.9995607733726501,False,handpd:meander,4
P2_subject,resnet50,1,PD:0003,1,0.9980011582374573,False,handpd:meander,4
P2_subject,resnet50,1,PD:0003,1,0.9979021549224854,False,handpd:meander,4
P2_subject,resnet50,1,PD:0005,1,0.9257158041000366,False,handpd:meander,4
P2_subject,resnet50,1,PD:0005,1,0.9905359148979187,False,handpd:meander,4
P2_subject,resnet50,1,PD:0005,1,0.9965755343437195,False,handpd:meander,4
P2_subject,resnet50,1,PD:0005,1,0.9931407570838928,False,handpd:meander,4
P2_subject,resnet50,1,PD:0016,1,0.9970471262931824,False,handpd:meander,4
P2_subject,resnet50,1,PD:0016,1,0.9897081851959229,False,handpd:meander,4
P2_subject,resnet50,1,PD:0016,1,0.998261034488678,False,handpd:meander,4
P2_subject,resnet50,1,PD:0016,1,0.9813893437385559,False,handpd:meander,4
P2_subject,resnet50,1,PD:0024,1,0.9874444007873535,False,handpd:meander,4
P2_subject,resnet50,1,PD:0024,1,0.8628513216972351,False,handpd:meander,4
P2_subject,resnet50,1,PD:0024,1,0.6965141892433167,False,handpd:meander,4
P2_subject,resnet50,1,PD:0024,1,0.9893010258674622,False,handpd:meander,4
P2_subject,resnet50,1,PD:0038,1,0.9971924424171448,False,handpd:meander,4
P2_subject,resnet50,1,PD:0038,1,0.9968473315238953,False,handpd:meander,4
P2_subject,resnet50,1,PD:0038,1,0.9995490908622742,False,handpd:meander,4
P2_subject,resnet50,1,PD:0038,1,0.9995446801185608,False,handpd:meander,4
P2_subject,resnet50,1,PD:0138,1,0.8799940347671509,False,handpd:meander,4
P2_subject,resnet50,1,PD:0138,1,0.5203014612197876,False,handpd:meander,4
P2_subject,resnet50,1,PD:0138,1,0.7128487825393677,False,handpd:meander,4
P2_subject,resnet50,1,PD:0138,1,0.9602158665657043,False,handpd:meander,4
P2_subject,resnet50,1,PD:0139,1,0.927352249622345,False,handpd:meander,4
P2_subject,resnet50,1,PD:0139,1,0.8734842538833618,False,handpd:meander,4
P2_subject,resnet50,1,PD:0139,1,0.6041214466094971,False,handpd:meander,4
P2_subject,resnet50,1,PD:0139,1,0.8811017870903015,False,handpd:meander,4
P2_subject,resnet50,1,PD:0149,1,0.985539436340332,False,handpd:meander,4
P2_subject,resnet50,1,PD:0149,1,0.999056875705719,False,handpd:meander,4
P2_subject,resnet50,1,PD:0149,1,0.999541163444519,False,handpd:meander,4
P2_subject,resnet50,1,PD:0149,1,0.9968740940093994,False,handpd:meander,4
P2_subject,resnet50,1,PD:0153,1,0.5178130865097046,False,handpd:meander,4
P2_subject,resnet50,1,PD:0153,1,0.6302235126495361,False,handpd:meander,4
P2_subject,resnet50,1,PD:0153,1,0.6273621320724487,False,handpd:meander,4
P2_subject,resnet50,1,PD:0153,1,0.7962062954902649,False,handpd:meander,4
P2_subject,resnet50,1,PD:0157,1,0.9996300935745239,False,handpd:meander,4
P2_subject,resnet50,1,PD:0157,1,0.8908584117889404,False,handpd:meander,4
P2_subject,resnet50,1,PD:0157,1,0.9992823004722595,False,handpd:meander,4
P2_subject,resnet50,1,PD:0157,1,0.9984793066978455,False,handpd:meander,4
P2_subject,resnet50,1,PD:0165,1,0.7047650218009949,False,handpd:meander,4
P2_subject,resnet50,1,PD:0165,1,0.6314780116081238,False,handpd:meander,4
P2_subject,resnet50,1,PD:0165,1,0.6611500978469849,False,handpd:meander,4
P2_subject,resnet50,1,PD:0165,1,0.7801626324653625,False,handpd:meander,4
P2_subject,resnet50,1,PD:0181,1,0.8451802730560303,False,handpd:meander,4
P2_subject,resnet50,1,PD:0181,1,0.8037152290344238,False,handpd:meander,4
P2_subject,resnet50,1,PD:0181,1,0.9596633315086365,False,handpd:meander,4
P2_subject,resnet50,1,PD:0181,1,0.9143097400665283,False,handpd:meander,4
P2_subject,resnet50,1,PD:0186,1,0.9139207601547241,False,handpd:meander,4
P2_subject,resnet50,1,PD:0186,1,0.9789783358573914,False,handpd:meander,4
P2_subject,resnet50,1,PD:0186,1,0.9981176853179932,False,handpd:meander,4
P2_subject,resnet50,1,PD:0186,1,0.9898293614387512,False,handpd:meander,4
P2_subject,resnet50,1,PD:0187,1,0.9202799797058105,False,handpd:meander,4
P2_subject,resnet50,1,PD:0187,1,0.8496556878089905,False,handpd:meander,4
P2_subject,resnet50,1,PD:0187,1,0.9628574848175049,False,handpd:meander,4
P2_subject,resnet50,1,PD:0187,1,0.6802765727043152,False,handpd:meander,4
P2_subject,resnet50,1,PD:0188,1,0.8779743909835815,False,handpd:meander,4
P2_subject,resnet50,1,PD:0188,1,0.7688106298446655,False,handpd:meander,4
P2_subject,resnet50,1,PD:0188,1,0.7591540217399597,False,handpd:meander,4
P2_subject,resnet50,1,PD:0188,1,0.955007791519165,False,handpd:meander,4
P2_subject,resnet50,1,PD:0203,1,0.9838812351226807,False,handpd:meander,4
P2_subject,resnet50,1,PD:0203,1,0.9783607721328735,False,handpd:meander,4
P2_subject,resnet50,1,PD:0203,1,0.9666628241539001,False,handpd:meander,4
P2_subject,resnet50,1,PD:0203,1,0.9199130535125732,False,handpd:meander,4
P2_subject,resnet50,1,PD:0207,1,0.9967706203460693,False,handpd:meander,4
P2_subject,resnet50,1,PD:0207,1,0.9995080232620239,False,handpd:meander,4
P2_subject,resnet50,1,PD:0207,1,0.9776779413223267,False,handpd:meander,4
P2_subject,resnet50,1,PD:0207,1,0.9958904385566711,False,handpd:meander,4
P2_subject,resnet50,1,PD:0214,1,0.9948669672012329,False,handpd:meander,4
P2_subject,resnet50,1,PD:0214,1,0.9977818131446838,False,handpd:meander,4
P2_subject,resnet50,1,PD:0214,1,0.9975002408027649,False,handpd:meander,4
P2_subject,resnet50,1,PD:0214,1,0.9970759153366089,False,handpd:meander,4
P2_subject,resnet50,1,PD:0228,1,0.9999746084213257,False,handpd:meander,4
P2_subject,resnet50,1,PD:0228,1,0.9995061159133911,False,handpd:meander,4
P2_subject,resnet50,1,PD:0228,1,0.998408854007721,False,handpd:meander,4
P2_subject,resnet50,1,PD:0228,1,0.9997723698616028,False,handpd:meander,4
P2_subject,resnet50,1,PD:0230,1,0.8832622170448303,False,handpd:meander,4
P2_subject,resnet50,1,PD:0230,1,0.9522355794906616,False,handpd:meander,4
P2_subject,resnet50,1,PD:0230,1,0.9900360107421875,False,handpd:meander,4
P2_subject,resnet50,1,PD:0230,1,0.965776264667511,False,handpd:meander,4
P2_subject,resnet50,1,PD:0241,1,0.9999433755874634,False,handpd:meander,4
P2_subject,resnet50,1,PD:0241,1,0.9998791217803955,False,handpd:meander,4
P2_subject,resnet50,1,PD:0241,1,0.9983372688293457,False,handpd:meander,4
P2_subject,resnet50,1,PD:0241,1,0.9623842835426331,False,handpd:meander,4
P2_subject,resnet50,1,PD:0253,1,0.9757199883460999,False,handpd:meander,4
P2_subject,resnet50,1,PD:0253,1,0.99228435754776,False,handpd:meander,4
P2_subject,resnet50,1,PD:0253,1,0.9646009802818298,False,handpd:meander,4
P2_subject,resnet50,1,PD:0253,1,0.9856756329536438,False,handpd:meander,4
P2_subject,resnet50,1,PD:0254,1,0.8341348171234131,False,handpd:meander,4
P2_subject,resnet50,1,PD:0254,1,0.9429346919059753,False,handpd:meander,4
P2_subject,resnet50,1,PD:0254,1,0.9049073457717896,False,handpd:meander,4
P2_subject,resnet50,1,PD:0254,1,0.9882690906524658,False,handpd:meander,4
P2_subject,resnet50,1,PD:0268,1,0.9994779229164124,False,handpd:meander,4
P2_subject,resnet50,1,PD:0268,1,0.9927391409873962,False,handpd:meander,4
P2_subject,resnet50,1,PD:0268,1,0.9984264373779297,False,handpd:meander,4
P2_subject,resnet50,1,PD:0268,1,0.9166708588600159,False,handpd:meander,4
P2_subject,resnet50,1,PD:0274,1,0.994408905506134,False,handpd:meander,4
P2_subject,resnet50,1,PD:0274,1,0.9999524354934692,False,handpd:meander,4
P2_subject,resnet50,1,PD:0274,1,0.9990289211273193,False,handpd:meander,4
P2_subject,resnet50,1,PD:0274,1,0.9828450679779053,False,handpd:meander,4
P2_subject,resnet50,2,HC:0098,0,0.8415768146514893,False,handpd:meander,4
P2_subject,resnet50,2,HC:0098,0,0.7348083257675171,False,handpd:meander,4
P2_subject,resnet50,2,HC:0098,0,0.8324074745178223,False,handpd:meander,4
P2_subject,resnet50,2,HC:0098,0,0.7872219681739807,False,handpd:meander,4
P2_subject,resnet50,2,HC:0100,0,0.8333548307418823,False,handpd:meander,4
P2_subject,resnet50,2,HC:0100,0,0.7917773127555847,False,handpd:meander,4
P2_subject,resnet50,2,HC:0100,0,0.8161296844482422,False,handpd:meander,4
P2_subject,resnet50,2,HC:0100,0,0.8190635442733765,False,handpd:meander,4
P2_subject,resnet50,2,HC:0106,0,0.7195965647697449,False,handpd:meander,4
P2_subject,resnet50,2,HC:0106,0,0.731947660446167,False,handpd:meander,4
P2_subject,resnet50,2,HC:0106,0,0.7381913661956787,False,handpd:meander,4
P2_subject,resnet50,2,HC:0106,0,0.8468854427337646,False,handpd:meander,4
P2_subject,resnet50,2,HC:0293,0,0.8254321217536926,False,handpd:meander,4
P2_subject,resnet50,2,HC:0293,0,0.8551351428031921,False,handpd:meander,4
P2_subject,resnet50,2,HC:0293,0,0.8059567809104919,False,handpd:meander,4
P2_subject,resnet50,2,HC:0293,0,0.8872982263565063,False,handpd:meander,4
P2_subject,resnet50,2,HC:0295,0,0.818939745426178,False,handpd:meander,4
P2_subject,resnet50,2,HC:0295,0,0.9233493804931641,False,handpd:meander,4
P2_subject,resnet50,2,HC:0295,0,0.9008864760398865,False,handpd:meander,4
P2_subject,resnet50,2,HC:0295,0,0.8635386824607849,False,handpd:meander,4
P2_subject,resnet50,2,HC:0297,0,0.8804416656494141,False,handpd:meander,4
P2_subject,resnet50,2,HC:0297,0,0.6858252286911011,False,handpd:meander,4
P2_subject,resnet50,2,HC:0297,0,0.8083257079124451,False,handpd:meander,4
P2_subject,resnet50,2,HC:0297,0,0.9008659720420837,False,handpd:meander,4
P2_subject,resnet50,2,PD:0002,1,0.986478328704834,False,handpd:meander,4
P2_subject,resnet50,2,PD:0002,1,0.9470011591911316,False,handpd:meander,4
P2_subject,resnet50,2,PD:0002,1,0.982286274433136,False,handpd:meander,4
P2_subject,resnet50,2,PD:0002,1,0.9528757929801941,False,handpd:meander,4
P2_subject,resnet50,2,PD:0023,1,0.9009330868721008,False,handpd:meander,4
P2_subject,resnet50,2,PD:0023,1,0.8275318741798401,False,handpd:meander,4
P2_subject,resnet50,2,PD:0023,1,0.845598042011261,False,handpd:meander,4
P2_subject,resnet50,2,PD:0023,1,0.8381011486053467,False,handpd:meander,4
P2_subject,resnet50,2,PD:0037,1,0.8994404673576355,False,handpd:meander,4
P2_subject,resnet50,2,PD:0037,1,0.9392333030700684,False,handpd:meander,4
P2_subject,resnet50,2,PD:0037,1,0.977132260799408,False,handpd:meander,4
P2_subject,resnet50,2,PD:0037,1,0.956548273563385,False,handpd:meander,4
P2_subject,resnet50,2,PD:0044,1,0.9404889941215515,False,handpd:meander,4
P2_subject,resnet50,2,PD:0044,1,0.930633544921875,False,handpd:meander,4
P2_subject,resnet50,2,PD:0044,1,0.9310176968574524,False,handpd:meander,4
P2_subject,resnet50,2,PD:0044,1,0.8985259532928467,False,handpd:meander,4
P2_subject,resnet50,2,PD:0045,1,0.9611227512359619,False,handpd:meander,4
P2_subject,resnet50,2,PD:0045,1,0.9473009705543518,False,handpd:meander,4
P2_subject,resnet50,2,PD:0045,1,0.9829428195953369,False,handpd:meander,4
P2_subject,resnet50,2,PD:0045,1,0.9665153622627258,False,handpd:meander,4
P2_subject,resnet50,2,PD:0052,1,0.89705491065979,False,handpd:meander,4
P2_subject,resnet50,2,PD:0052,1,0.8836283087730408,False,handpd:meander,4
P2_subject,resnet50,2,PD:0052,1,0.9360051155090332,False,handpd:meander,4
P2_subject,resnet50,2,PD:0052,1,0.9537286162376404,False,handpd:meander,4
P2_subject,resnet50,2,PD:0136,1,0.9268242120742798,False,handpd:meander,4
P2_subject,resnet50,2,PD:0136,1,0.9495406746864319,False,handpd:meander,4
P2_subject,resnet50,2,PD:0136,1,0.9298481345176697,False,handpd:meander,4
P2_subject,resnet50,2,PD:0136,1,0.9762001633644104,False,handpd:meander,4
P2_subject,resnet50,2,PD:0143,1,0.9188220500946045,False,handpd:meander,4
P2_subject,resnet50,2,PD:0143,1,0.8684328198432922,False,handpd:meander,4
P2_subject,resnet50,2,PD:0143,1,0.9582813382148743,False,handpd:meander,4
P2_subject,resnet50,2,PD:0143,1,0.9461408853530884,False,handpd:meander,4
P2_subject,resnet50,2,PD:0166,1,0.8951699137687683,False,handpd:meander,4
P2_subject,resnet50,2,PD:0166,1,0.9543011784553528,False,handpd:meander,4
P2_subject,resnet50,2,PD:0166,1,0.9297367930412292,False,handpd:meander,4
P2_subject,resnet50,2,PD:0166,1,0.801506757736206,False,handpd:meander,4
P2_subject,resnet50,2,PD:0170,1,0.9059728384017944,False,handpd:meander,4
P2_subject,resnet50,2,PD:0170,1,0.9421164989471436,False,handpd:meander,4
P2_subject,resnet50,2,PD:0170,1,0.9003077149391174,False,handpd:meander,4
P2_subject,resnet50,2,PD:0170,1,0.9504556059837341,False,handpd:meander,4
P2_subject,resnet50,2,PD:0176,1,0.9249823093414307,False,handpd:meander,4
P2_subject,resnet50,2,PD:0176,1,0.9384403228759766,False,handpd:meander,4
P2_subject,resnet50,2,PD:0176,1,0.8906623721122742,False,handpd:meander,4
P2_subject,resnet50,2,PD:0176,1,0.7944863438606262,False,handpd:meander,4
P2_subject,resnet50,2,PD:0192,1,0.9480308294296265,False,handpd:meander,4
P2_subject,resnet50,2,PD:0192,1,0.8881362080574036,False,handpd:meander,4
P2_subject,resnet50,2,PD:0192,1,0.9583090543746948,False,handpd:meander,4
P2_subject,resnet50,2,PD:0192,1,0.9082761406898499,False,handpd:meander,4
P2_subject,resnet50,2,PD:0196,1,0.924026370048523,False,handpd:meander,4
P2_subject,resnet50,2,PD:0196,1,0.9093732237815857,False,handpd:meander,4
P2_subject,resnet50,2,PD:0196,1,0.956432580947876,False,handpd:meander,4
P2_subject,resnet50,2,PD:0196,1,0.934860110282898,False,handpd:meander,4
P2_subject,resnet50,2,PD:0198,1,0.893706202507019,False,handpd:meander,4
P2_subject,resnet50,2,PD:0198,1,0.8721293210983276,False,handpd:meander,4
P2_subject,resnet50,2,PD:0198,1,0.910599946975708,False,handpd:meander,4
P2_subject,resnet50,2,PD:0198,1,0.8789684772491455,False,handpd:meander,4
P2_subject,resnet50,2,PD:0202,1,0.7202014923095703,False,handpd:meander,4
P2_subject,resnet50,2,PD:0202,1,0.7747029066085815,False,handpd:meander,4
P2_subject,resnet50,2,PD:0202,1,0.7959074378013611,False,handpd:meander,4
P2_subject,resnet50,2,PD:0202,1,0.8120419979095459,False,handpd:meander,4
P2_subject,resnet50,2,PD:0208,1,0.8766952753067017,False,handpd:meander,4
P2_subject,resnet50,2,PD:0208,1,0.9201174974441528,False,handpd:meander,4
P2_subject,resnet50,2,PD:0208,1,0.9011640548706055,False,handpd:meander,4
P2_subject,resnet50,2,PD:0208,1,0.9526943564414978,False,handpd:meander,4
P2_subject,resnet50,2,PD:0218,1,0.8752797245979309,False,handpd:meander,4
P2_subject,resnet50,2,PD:0218,1,0.8821684122085571,False,handpd:meander,4
P2_subject,resnet50,2,PD:0218,1,0.8562843203544617,False,handpd:meander,4
P2_subject,resnet50,2,PD:0218,1,0.7989945411682129,False,handpd:meander,4
P2_subject,resnet50,2,PD:0223,1,0.9387480020523071,False,handpd:meander,4
P2_subject,resnet50,2,PD:0223,1,0.9597802758216858,False,handpd:meander,4
P2_subject,resnet50,2,PD:0223,1,0.9106264710426331,False,handpd:meander,4
P2_subject,resnet50,2,PD:0223,1,0.9400466680526733,False,handpd:meander,4
P2_subject,resnet50,2,PD:0234,1,0.9845424890518188,False,handpd:meander,4
P2_subject,resnet50,2,PD:0234,1,0.8617773652076721,False,handpd:meander,4
P2_subject,resnet50,2,PD:0234,1,0.9885984659194946,False,handpd:meander,4
P2_subject,resnet50,2,PD:0234,1,0.9621922969818115,False,handpd:meander,4
P2_subject,resnet50,2,PD:0236,1,0.8088149428367615,False,handpd:meander,4
P2_subject,resnet50,2,PD:0236,1,0.9348836541175842,False,handpd:meander,4
P2_subject,resnet50,2,PD:0236,1,0.9180958867073059,False,handpd:meander,4
P2_subject,resnet50,2,PD:0236,1,0.9507694244384766,False,handpd:meander,4
P2_subject,resnet50,2,PD:0240,1,0.8457236886024475,False,handpd:meander,4
P2_subject,resnet50,2,PD:0240,1,0.9322900772094727,False,handpd:meander,4
P2_subject,resnet50,2,PD:0240,1,0.9498791694641113,False,handpd:meander,4
P2_subject,resnet50,2,PD:0240,1,0.9897951483726501,False,handpd:meander,4
P2_subject,resnet50,2,PD:0242,1,0.9446086883544922,False,handpd:meander,4
P2_subject,resnet50,2,PD:0242,1,0.9348140358924866,False,handpd:meander,4
P2_subject,resnet50,2,PD:0242,1,0.9506102800369263,False,handpd:meander,4
P2_subject,resnet50,2,PD:0242,1,0.96406090259552,False,handpd:meander,4
P2_subject,resnet50,2,PD:0247,1,0.9697360992431641,False,handpd:meander,4
P2_subject,resnet50,2,PD:0247,1,0.9498437643051147,False,handpd:meander,4
P2_subject,resnet50,2,PD:0247,1,0.9565607309341431,False,handpd:meander,4
P2_subject,resnet50,2,PD:0247,1,0.9677371382713318,False,handpd:meander,4
P2_subject,resnet50,2,PD:0261,1,0.8769088387489319,False,handpd:meander,4
P2_subject,resnet50,2,PD:0261,1,0.8138772249221802,False,handpd:meander,4
P2_subject,resnet50,2,PD:0261,1,0.7884544134140015,False,handpd:meander,4
P2_subject,resnet50,2,PD:0261,1,0.9317581057548523,False,handpd:meander,4
P1_image,efficientnet_b0,0,HC:0068,0,0.6179713010787964,True,handpd:meander,4
P1_image,efficientnet_b0,0,HC:0092,0,0.489706426858902,True,handpd:meander,4
P1_image,efficientnet_b0,0,HC:0092,0,0.522195041179657,True,handpd:meander,4
P1_image,efficientnet_b0,0,HC:0098,0,0.5996352434158325,True,handpd:meander,4
P1_image,efficientnet_b0,0,HC:0098,0,0.6008698344230652,True,handpd:meander,4
P1_image,efficientnet_b0,0,HC:0100,0,0.6721557378768921,True,handpd:meander,4
P1_image,efficientnet_b0,0,HC:0102,0,0.5625959038734436,True,handpd:meander,4
P1_image,efficientnet_b0,0,HC:0102,0,0.5683372616767883,True,handpd:meander,4
P1_image,efficientnet_b0,0,HC:0102,0,0.5432116985321045,True,handpd:meander,4
P1_image,efficientnet_b0,0,HC:0104,0,0.5820202231407166,True,handpd:meander,4
P1_image,efficientnet_b0,0,HC:0104,0,0.7099965810775757,True,handpd:meander,4
P1_image,efficientnet_b0,0,HC:0104,0,0.5309609174728394,True,handpd:meander,4
P1_image,efficientnet_b0,0,HC:0106,0,0.5950585603713989,True,handpd:meander,4
P1_image,efficientnet_b0,0,HC:0112,0,0.6219324469566345,True,handpd:meander,4
P1_image,efficientnet_b0,0,HC:0116,0,0.5375022292137146,True,handpd:meander,4
P1_image,efficientnet_b0,0,HC:0116,0,0.6833761930465698,True,handpd:meander,4
P1_image,efficientnet_b0,0,HC:0129,0,0.5039488673210144,True,handpd:meander,4
P1_image,efficientnet_b0,0,HC:0131,0,0.6668187975883484,True,handpd:meander,4
P1_image,efficientnet_b0,0,HC:0131,0,0.4526129961013794,True,handpd:meander,4
P1_image,efficientnet_b0,0,HC:0289,0,0.4198214113712311,True,handpd:meander,4
P1_image,efficientnet_b0,0,HC:0289,0,0.5185284614562988,True,handpd:meander,4
P1_image,efficientnet_b0,0,HC:0289,0,0.3826170563697815,True,handpd:meander,4
P1_image,efficientnet_b0,0,HC:0297,0,0.8434696793556213,True,handpd:meander,4
P1_image,efficientnet_b0,0,HC:0305,0,0.9533898234367371,True,handpd:meander,4
P1_image,efficientnet_b0,0,PD:0002,1,0.9683585166931152,True,handpd:meander,4
P1_image,efficientnet_b0,0,PD:0002,1,0.980076253414154,True,handpd:meander,4
P1_image,efficientnet_b0,0,PD:0003,1,0.9616067409515381,True,handpd:meander,4
P1_image,efficientnet_b0,0,PD:0003,1,0.9592509269714355,True,handpd:meander,4
P1_image,efficientnet_b0,0,PD:0003,1,0.9392890334129333,True,handpd:meander,4
P1_image,efficientnet_b0,0,PD:0004,1,0.8872892260551453,True,handpd:meander,4
P1_image,efficientnet_b0,0,PD:0004,1,0.7905240654945374,True,handpd:meander,4
P1_image,efficientnet_b0,0,PD:0004,1,0.7788989543914795,True,handpd:meander,4
P1_image,efficientnet_b0,0,PD:0005,1,0.8190734386444092,True,handpd:meander,4
P1_image,efficientnet_b0,0,PD:0009,1,0.8663284182548523,True,handpd:meander,4
P1_image,efficientnet_b0,0,PD:0009,1,0.669120192527771,True,handpd:meander,4
P1_image,efficientnet_b0,0,PD:0010,1,0.8052812814712524,True,handpd:meander,4
P1_image,efficientnet_b0,0,PD:0016,1,0.9567660689353943,True,handpd:meander,4
P1_image,efficientnet_b0,0,PD:0023,1,0.7506320476531982,True,handpd:meander,4
P1_image,efficientnet_b0,0,PD:0023,1,0.8434286117553711,True,handpd:meander,4
P1_image,efficientnet_b0,0,PD:0024,1,0.7093459367752075,True,handpd:meander,4
P1_image,efficientnet_b0,0,PD:0030,1,0.787875771522522,True,handpd:meander,4
P1_image,efficientnet_b0,0,PD:0030,1,0.7214698195457458,True,handpd:meander,4
P1_image,efficientnet_b0,0,PD:0030,1,0.8697436451911926,True,handpd:meander,4
P1_image,efficientnet_b0,0,PD:0031,1,0.6791607141494751,True,handpd:meander,4
P1_image,efficientnet_b0,0,PD:0037,1,0.9533857703208923,True,handpd:meander,4
P1_image,efficientnet_b0,0,PD:0038,1,0.8532980680465698,True,handpd:meander,4
P1_image,efficientnet_b0,0,PD:0038,1,0.8380839824676514,True,handpd:meander,4
P1_image,efficientnet_b0,0,PD:0038,1,0.854369580745697,True,handpd:meander,4
P1_image,efficientnet_b0,0,PD:0044,1,0.9626935124397278,False,handpd:meander,4
P1_image,efficientnet_b0,0,PD:0044,1,0.9388390779495239,False,handpd:meander,4
P1_image,efficientnet_b0,0,PD:0044,1,0.9319877028465271,False,handpd:meander,4
P1_image,efficientnet_b0,0,PD:0044,1,0.7208538055419922,False,handpd:meander,4
P1_image,efficientnet_b0,0,PD:0046,1,0.9159554839134216,False,handpd:meander,4
P1_image,efficientnet_b0,0,PD:0046,1,0.8939567804336548,False,handpd:meander,4
P1_image,efficientnet_b0,0,PD:0046,1,0.8725964426994324,False,handpd:meander,4
P1_image,efficientnet_b0,0,PD:0046,1,0.8807569146156311,False,handpd:meander,4
P1_image,efficientnet_b0,0,PD:0051,1,0.7328174114227295,True,handpd:meander,4
P1_image,efficientnet_b0,0,PD:0053,1,0.8017579913139343,True,handpd:meander,4
P1_image,efficientnet_b0,0,PD:0054,1,0.9126874208450317,True,handpd:meander,4
P1_image,efficientnet_b0,0,PD:0134,1,0.9521183371543884,True,handpd:meander,4
P1_image,efficientnet_b0,0,PD:0134,1,0.9549784660339355,True,handpd:meander,4
P1_image,efficientnet_b0,0,PD:0136,1,0.9325394034385681,True,handpd:meander,4
P1_image,efficientnet_b0,0,PD:0138,1,0.820404589176178,True,handpd:meander,4
P1_image,efficientnet_b0,0,PD:0143,1,0.9200229048728943,True,handpd:meander,4
P1_image,efficientnet_b0,0,PD:0149,1,0.9141480326652527,True,handpd:meander,4
P1_image,efficientnet_b0,0,PD:0149,1,0.9626918435096741,True,handpd:meander,4
P1_image,efficientnet_b0,0,PD:0157,1,0.9522904753684998,True,handpd:meander,4
P1_image,efficientnet_b0,0,PD:0161,1,0.8206676840782166,True,handpd:meander,4
P1_image,efficientnet_b0,0,PD:0165,1,0.8130887150764465,True,handpd:meander,4
P1_image,efficientnet_b0,0,PD:0165,1,0.6446322202682495,True,handpd:meander,4
P1_image,efficientnet_b0,0,PD:0165,1,0.659936249256134,True,handpd:meander,4
P1_image,efficientnet_b0,0,PD:0166,1,0.8413636088371277,True,handpd:meander,4
P1_image,efficientnet_b0,0,PD:0174,1,0.9536722302436829,True,handpd:meander,4
P1_image,efficientnet_b0,0,PD:0177,1,0.5719773173332214,True,handpd:meander,4
P1_image,efficientnet_b0,0,PD:0182,1,0.9032090306282043,True,handpd:meander,4
P1_image,efficientnet_b0,0,PD:0186,1,0.75733882188797,True,handpd:meander,4
P1_image,efficientnet_b0,0,PD:0186,1,0.8142557740211487,True,handpd:meander,4
P1_image,efficientnet_b0,0,PD:0188,1,0.8423101305961609,True,handpd:meander,4
P1_image,efficientnet_b0,0,PD:0192,1,0.9019503593444824,True,handpd:meander,4
P1_image,efficientnet_b0,0,PD:0196,1,0.8800011873245239,True,handpd:meander,4
P1_image,efficientnet_b0,0,PD:0196,1,0.9142152667045593,True,handpd:meander,4
P1_image,efficientnet_b0,0,PD:0197,1,0.7854251861572266,True,handpd:meander,4
P1_image,efficientnet_b0,0,PD:0197,1,0.908375084400177,True,handpd:meander,4
P1_image,efficientnet_b0,0,PD:0202,1,0.8111347556114197,True,handpd:meander,4
P1_image,efficientnet_b0,0,PD:0203,1,0.9178146123886108,True,handpd:meander,4
P1_image,efficientnet_b0,0,PD:0203,1,0.8215077519416809,True,handpd:meander,4
P1_image,efficientnet_b0,0,PD:0207,1,0.6127306222915649,True,handpd:meander,4
P1_image,efficientnet_b0,0,PD:0208,1,0.561507523059845,True,handpd:meander,4
P1_image,efficientnet_b0,0,PD:0213,1,0.9589797258377075,True,handpd:meander,4
P1_image,efficientnet_b0,0,PD:0214,1,0.8757600784301758,True,handpd:meander,4
P1_image,efficientnet_b0,0,PD:0218,1,0.6081259250640869,True,handpd:meander,4
P1_image,efficientnet_b0,0,PD:0218,1,0.6030148267745972,True,handpd:meander,4
P1_image,efficientnet_b0,0,PD:0219,1,0.6886875033378601,True,handpd:meander,4
P1_image,efficientnet_b0,0,PD:0219,1,0.7869266867637634,True,handpd:meander,4
P1_image,efficientnet_b0,0,PD:0223,1,0.9471749067306519,True,handpd:meander,4
P1_image,efficientnet_b0,0,PD:0228,1,0.9200745820999146,False,handpd:meander,4
P1_image,efficientnet_b0,0,PD:0228,1,0.9712955951690674,False,handpd:meander,4
P1_image,efficientnet_b0,0,PD:0228,1,0.9101328253746033,False,handpd:meander,4
P1_image,efficientnet_b0,0,PD:0228,1,0.9698702692985535,False,handpd:meander,4
P1_image,efficientnet_b0,0,PD:0234,1,0.9811212420463562,True,handpd:meander,4
P1_image,efficientnet_b0,0,PD:0235,1,0.9853036403656006,True,handpd:meander,4
P1_image,efficientnet_b0,0,PD:0236,1,0.9305987358093262,True,handpd:meander,4
P1_image,efficientnet_b0,0,PD:0236,1,0.9700621962547302,True,handpd:meander,4
P1_image,efficientnet_b0,0,PD:0240,1,0.8865237832069397,True,handpd:meander,4
P1_image,efficientnet_b0,0,PD:0240,1,0.928325891494751,True,handpd:meander,4
P1_image,efficientnet_b0,0,PD:0241,1,0.9289680123329163,True,handpd:meander,4
P1_image,efficientnet_b0,0,PD:0242,1,0.8676429390907288,True,handpd:meander,4
P1_image,efficientnet_b0,0,PD:0242,1,0.8819102048873901,True,handpd:meander,4
P1_image,efficientnet_b0,0,PD:0247,1,0.8715003132820129,True,handpd:meander,4
P1_image,efficientnet_b0,0,PD:0247,1,0.8467586636543274,True,handpd:meander,4
P1_image,efficientnet_b0,0,PD:0247,1,0.7397789359092712,True,handpd:meander,4
P1_image,efficientnet_b0,0,PD:0253,1,0.8255681395530701,True,handpd:meander,4
P1_image,efficientnet_b0,0,PD:0254,1,0.7814454436302185,True,handpd:meander,4
P1_image,efficientnet_b0,0,PD:0254,1,0.6433954834938049,True,handpd:meander,4
P1_image,efficientnet_b0,0,PD:0261,1,0.8412917256355286,True,handpd:meander,4
P1_image,efficientnet_b0,0,PD:0268,1,0.934013843536377,True,handpd:meander,4
P1_image,efficientnet_b0,0,PD:0269,1,0.7407766580581665,True,handpd:meander,4
P1_image,efficientnet_b0,0,PD:0274,1,0.9339285492897034,True,handpd:meander,4
P1_image,efficientnet_b0,0,PD:0274,1,0.8662005066871643,True,handpd:meander,4
P1_image,efficientnet_b0,0,PD:0274,1,0.646049976348877,True,handpd:meander,4
P1_image,efficientnet_b0,0,PD:0280,1,0.938812792301178,True,handpd:meander,4
P1_image,efficientnet_b0,0,PD:0280,1,0.9652295112609863,True,handpd:meander,4
P1_image,efficientnet_b0,0,PD:0281,1,0.8507585525512695,True,handpd:meander,4
P1_image,efficientnet_b0,1,HC:0068,0,0.48208728432655334,True,handpd:meander,4
P1_image,efficientnet_b0,1,HC:0092,0,0.5048730969429016,True,handpd:meander,4
P1_image,efficientnet_b0,1,HC:0092,0,0.5568609237670898,True,handpd:meander,4
P1_image,efficientnet_b0,1,HC:0100,0,0.6388282179832458,True,handpd:meander,4
P1_image,efficientnet_b0,1,HC:0100,0,0.6765359044075012,True,handpd:meander,4
P1_image,efficientnet_b0,1,HC:0100,0,0.6274664402008057,True,handpd:meander,4
P1_image,efficientnet_b0,1,HC:0102,0,0.530009925365448,True,handpd:meander,4
P1_image,efficientnet_b0,1,HC:0106,0,0.5244291424751282,True,handpd:meander,4
P1_image,efficientnet_b0,1,HC:0106,0,0.7231661081314087,True,handpd:meander,4
P1_image,efficientnet_b0,1,HC:0112,0,0.6665266156196594,True,handpd:meander,4
P1_image,efficientnet_b0,1,HC:0116,0,0.7513707280158997,True,handpd:meander,4
P1_image,efficientnet_b0,1,HC:0116,0,0.6821816563606262,True,handpd:meander,4
P1_image,efficientnet_b0,1,HC:0127,0,0.5193570256233215,True,handpd:meander,4
P1_image,efficientnet_b0,1,HC:0127,0,0.5497899055480957,True,handpd:meander,4
P1_image,efficientnet_b0,1,HC:0127,0,0.6800702810287476,True,handpd:meander,4
P1_image,efficientnet_b0,1,HC:0129,0,0.5182321071624756,True,handpd:meander,4
P1_image,efficientnet_b0,1,HC:0129,0,0.7017689943313599,True,handpd:meander,4
P1_image,efficientnet_b0,1,HC:0131,0,0.490734338760376,True,handpd:meander,4
P1_image,efficientnet_b0,1,HC:0293,0,0.774994432926178,True,handpd:meander,4
P1_image,efficientnet_b0,1,HC:0293,0,0.6976824998855591,True,handpd:meander,4
P1_image,efficientnet_b0,1,HC:0293,0,0.7259379625320435,True,handpd:meander,4
P1_image,efficientnet_b0,1,HC:0295,0,0.7523059844970703,True,handpd:meander,4
P1_image,efficientnet_b0,1,HC:0295,0,0.7569741606712341,True,handpd:meander,4
P1_image,efficientnet_b0,1,HC:0305,0,0.9311875700950623,True,handpd:meander,4
P1_image,efficientnet_b0,1,PD:0003,1,0.9841869473457336,True,handpd:meander,4
P1_image,efficientnet_b0,1,PD:0004,1,0.9564679861068726,True,handpd:meander,4
P1_image,efficientnet_b0,1,PD:0005,1,0.8405800461769104,True,handpd:meander,4
P1_image,efficientnet_b0,1,PD:0005,1,0.899783730506897,True,handpd:meander,4
P1_image,efficientnet_b0,1,PD:0009,1,0.9136915802955627,True,handpd:meander,4
P1_image,efficientnet_b0,1,PD:0010,1,0.9700095653533936,True,handpd:meander,4
P1_image,efficientnet_b0,1,PD:0016,1,0.9427180886268616,True,handpd:meander,4
P1_image,efficientnet_b0,1,PD:0016,1,0.9479086995124817,True,handpd:meander,4
P1_image,efficientnet_b0,1,PD:0016,1,0.9415186047554016,True,handpd:meander,4
P1_image,efficientnet_b0,1,PD:0023,1,0.9548622369766235,True,handpd:meander,4
P1_image,efficientnet_b0,1,PD:0023,1,0.8730334043502808,True,handpd:meander,4
P1_image,efficientnet_b0,1,PD:0024,1,0.6851769089698792,True,handpd:meander,4
P1_image,efficientnet_b0,1,PD:0024,1,0.9734973311424255,True,handpd:meander,4
P1_image,efficientnet_b0,1,PD:0030,1,0.8412824273109436,True,handpd:meander,4
P1_image,efficientnet_b0,1,PD:0031,1,0.866881251335144,True,handpd:meander,4
P1_image,efficientnet_b0,1,PD:0045,1,0.8751079440116882,True,handpd:meander,4
P1_image,efficientnet_b0,1,PD:0045,1,0.9686899781227112,True,handpd:meander,4
P1_image,efficientnet_b0,1,PD:0045,1,0.9629444479942322,True,handpd:meander,4
P1_image,efficientnet_b0,1,PD:0051,1,0.7714217305183411,True,handpd:meander,4
P1_image,efficientnet_b0,1,PD:0051,1,0.8669642210006714,True,handpd:meander,4
P1_image,efficientnet_b0,1,PD:0052,1,0.836693286895752,True,handpd:meander,4
P1_image,efficientnet_b0,1,PD:0052,1,0.7965379357337952,True,handpd:meander,4
P1_image,efficientnet_b0,1,PD:0053,1,0.7898598909378052,True,handpd:meander,4
P1_image,efficientnet_b0,1,PD:0054,1,0.8471643924713135,True,handpd:meander,4
P1_image,efficientnet_b0,1,PD:0054,1,0.6522530913352966,True,handpd:meander,4
P1_image,efficientnet_b0,1,PD:0136,1,0.7663484215736389,True,handpd:meander,4
P1_image,efficientnet_b0,1,PD:0138,1,0.7732972502708435,True,handpd:meander,4
P1_image,efficientnet_b0,1,PD:0139,1,0.8295909762382507,True,handpd:meander,4
P1_image,efficientnet_b0,1,PD:0139,1,0.7981911301612854,True,handpd:meander,4
P1_image,efficientnet_b0,1,PD:0148,1,0.8723514080047607,True,handpd:meander,4
P1_image,efficientnet_b0,1,PD:0148,1,0.9716089963912964,True,handpd:meander,4
P1_image,efficientnet_b0,1,PD:0148,1,0.9342931509017944,True,handpd:meander,4
P1_image,efficientnet_b0,1,PD:0149,1,0.9392549395561218,True,handpd:meander,4
P1_image,efficientnet_b0,1,PD:0149,1,0.9916456341743469,True,handpd:meander,4
P1_image,efficientnet_b0,1,PD:0153,1,0.7515273094177246,True,handpd:meander,4
P1_image,efficientnet_b0,1,PD:0153,1,0.7357801795005798,True,handpd:meander,4
P1_image,efficientnet_b0,1,PD:0157,1,0.9460495114326477,True,handpd:meander,4
P1_image,efficientnet_b0,1,PD:0157,1,0.9373025894165039,True,handpd:meander,4
P1_image,efficientnet_b0,1,PD:0157,1,0.9217167496681213,True,handpd:meander,4
P1_image,efficientnet_b0,1,PD:0165,1,0.6812030076980591,True,handpd:meander,4
P1_image,efficientnet_b0,1,PD:0170,1,0.949151337146759,True,handpd:meander,4
P1_image,efficientnet_b0,1,PD:0170,1,0.8916304111480713,True,handpd:meander,4
P1_image,efficientnet_b0,1,PD:0174,1,0.9462202787399292,True,handpd:meander,4
P1_image,efficientnet_b0,1,PD:0174,1,0.9949522018432617,True,handpd:meander,4
P1_image,efficientnet_b0,1,PD:0176,1,0.9537507891654968,True,handpd:meander,4
P1_image,efficientnet_b0,1,PD:0176,1,0.9466561675071716,True,handpd:meander,4
P1_image,efficientnet_b0,1,PD:0176,1,0.9019715785980225,True,handpd:meander,4
P1_image,efficientnet_b0,1,PD:0177,1,0.9355379939079285,True,handpd:meander,4
P1_image,efficientnet_b0,1,PD:0181,1,0.7539358735084534,True,handpd:meander,4
P1_image,efficientnet_b0,1,PD:0181,1,0.8989807963371277,True,handpd:meander,4
P1_image,efficientnet_b0,1,PD:0181,1,0.976699709892273,True,handpd:meander,4
P1_image,efficientnet_b0,1,PD:0186,1,0.9385955929756165,True,handpd:meander,4
P1_image,efficientnet_b0,1,PD:0186,1,0.8692957162857056,True,handpd:meander,4
P1_image,efficientnet_b0,1,PD:0187,1,0.8895145654678345,True,handpd:meander,4
P1_image,efficientnet_b0,1,PD:0188,1,0.8635128736495972,True,handpd:meander,4
P1_image,efficientnet_b0,1,PD:0192,1,0.7947120070457458,True,handpd:meander,4
P1_image,efficientnet_b0,1,PD:0192,1,0.9834483861923218,True,handpd:meander,4
P1_image,efficientnet_b0,1,PD:0196,1,0.8902823328971863,True,handpd:meander,4
P1_image,efficientnet_b0,1,PD:0198,1,0.8916234374046326,True,handpd:meander,4
P1_image,efficientnet_b0,1,PD:0198,1,0.852878987789154,True,handpd:meander,4
P1_image,efficientnet_b0,1,PD:0198,1,0.903330385684967,True,handpd:meander,4
P1_image,efficientnet_b0,1,PD:0202,1,0.7894245386123657,True,handpd:meander,4
P1_image,efficientnet_b0,1,PD:0203,1,0.8531081080436707,True,handpd:meander,4
P1_image,efficientnet_b0,1,PD:0203,1,0.9403345584869385,True,handpd:meander,4
P1_image,efficientnet_b0,1,PD:0207,1,0.8420145511627197,True,handpd:meander,4
P1_image,efficientnet_b0,1,PD:0207,1,0.7624407410621643,True,handpd:meander,4
P1_image,efficientnet_b0,1,PD:0208,1,0.882893979549408,True,handpd:meander,4
P1_image,efficientnet_b0,1,PD:0214,1,0.9683400392532349,True,handpd:meander,4
P1_image,efficientnet_b0,1,PD:0218,1,0.6844218969345093,True,handpd:meander,4
P1_image,efficientnet_b0,1,PD:0219,1,0.883407711982727,True,handpd:meander,4
P1_image,efficientnet_b0,1,PD:0219,1,0.7549200057983398,True,handpd:meander,4
P1_image,efficientnet_b0,1,PD:0223,1,0.9362693428993225,True,handpd:meander,4
P1_image,efficientnet_b0,1,PD:0229,1,0.9914947748184204,True,handpd:meander,4
P1_image,efficientnet_b0,1,PD:0229,1,0.9947732090950012,True,handpd:meander,4
P1_image,efficientnet_b0,1,PD:0230,1,0.8931899070739746,True,handpd:meander,4
P1_image,efficientnet_b0,1,PD:0230,1,0.9895813465118408,True,handpd:meander,4
P1_image,efficientnet_b0,1,PD:0234,1,0.9858503937721252,True,handpd:meander,4
P1_image,efficientnet_b0,1,PD:0234,1,0.9586437344551086,True,handpd:meander,4
P1_image,efficientnet_b0,1,PD:0235,1,0.9344519376754761,True,handpd:meander,4
P1_image,efficientnet_b0,1,PD:0236,1,0.9787119626998901,True,handpd:meander,4
P1_image,efficientnet_b0,1,PD:0240,1,0.8386132121086121,True,handpd:meander,4
P1_image,efficientnet_b0,1,PD:0242,1,0.9848874807357788,True,handpd:meander,4
P1_image,efficientnet_b0,1,PD:0246,1,0.9886464476585388,True,handpd:meander,4
P1_image,efficientnet_b0,1,PD:0246,1,0.9207149147987366,True,handpd:meander,4
P1_image,efficientnet_b0,1,PD:0246,1,0.9860535264015198,True,handpd:meander,4
P1_image,efficientnet_b0,1,PD:0253,1,0.8979873657226562,True,handpd:meander,4
P1_image,efficientnet_b0,1,PD:0253,1,0.8521037101745605,True,handpd:meander,4
P1_image,efficientnet_b0,1,PD:0254,1,0.8651224374771118,True,handpd:meander,4
P1_image,efficientnet_b0,1,PD:0254,1,0.8316361904144287,True,handpd:meander,4
P1_image,efficientnet_b0,1,PD:0261,1,0.8049222826957703,True,handpd:meander,4
P1_image,efficientnet_b0,1,PD:0268,1,0.9830055832862854,True,handpd:meander,4
P1_image,efficientnet_b0,1,PD:0268,1,0.9633924961090088,True,handpd:meander,4
P1_image,efficientnet_b0,1,PD:0273,1,0.9231824278831482,False,handpd:meander,4
P1_image,efficientnet_b0,1,PD:0273,1,0.8486813902854919,False,handpd:meander,4
P1_image,efficientnet_b0,1,PD:0273,1,0.9022119641304016,False,handpd:meander,4
P1_image,efficientnet_b0,1,PD:0273,1,0.9802321195602417,False,handpd:meander,4
P1_image,efficientnet_b0,1,PD:0274,1,0.9565141201019287,True,handpd:meander,4
P1_image,efficientnet_b0,1,PD:0281,1,0.9857133626937866,True,handpd:meander,4
P1_image,efficientnet_b0,1,PD:0281,1,0.967037558555603,True,handpd:meander,4
P1_image,efficientnet_b0,2,HC:0068,0,0.39419543743133545,True,handpd:meander,4
P1_image,efficientnet_b0,2,HC:0068,0,0.47921323776245117,True,handpd:meander,4
P1_image,efficientnet_b0,2,HC:0098,0,0.5922524929046631,True,handpd:meander,4
P1_image,efficientnet_b0,2,HC:0098,0,0.6498956084251404,True,handpd:meander,4
P1_image,efficientnet_b0,2,HC:0104,0,0.415334016084671,True,handpd:meander,4
P1_image,efficientnet_b0,2,HC:0106,0,0.6311901211738586,True,handpd:meander,4
P1_image,efficientnet_b0,2,HC:0112,0,0.5181875824928284,True,handpd:meander,4
P1_image,efficientnet_b0,2,HC:0112,0,0.43407028913497925,True,handpd:meander,4
P1_image,efficientnet_b0,2,HC:0127,0,0.6908353567123413,True,handpd:meander,4
P1_image,efficientnet_b0,2,HC:0129,0,0.5327377319335938,True,handpd:meander,4
P1_image,efficientnet_b0,2,HC:0131,0,0.41181913018226624,True,handpd:meander,4
P1_image,efficientnet_b0,2,HC:0287,0,0.49527278542518616,False,handpd:meander,4
P1_image,efficientnet_b0,2,HC:0287,0,0.5476192831993103,False,handpd:meander,4
P1_image,efficientnet_b0,2,HC:0287,0,0.6203041076660156,False,handpd:meander,4
P1_image,efficientnet_b0,2,HC:0287,0,0.6839090585708618,False,handpd:meander,4
P1_image,efficientnet_b0,2,HC:0289,0,0.5548067688941956,True,handpd:meander,4
P1_image,efficientnet_b0,2,HC:0293,0,0.7435765862464905,True,handpd:meander,4
P1_image,efficientnet_b0,2,HC:0295,0,0.7864633202552795,True,handpd:meander,4
P1_image,efficientnet_b0,2,HC:0295,0,0.8325597643852234,True,handpd:meander,4
P1_image,efficientnet_b0,2,HC:0297,0,0.6787307858467102,True,handpd:meander,4
P1_image,efficientnet_b0,2,HC:0297,0,0.5877224206924438,True,handpd:meander,4
P1_image,efficientnet_b0,2,HC:0297,0,0.6675793528556824,True,handpd:meander,4
P1_image,efficientnet_b0,2,HC:0305,0,0.8959382772445679,True,handpd:meander,4
P1_image,efficientnet_b0,2,HC:0305,0,0.8815431594848633,True,handpd:meander,4
P1_image,efficientnet_b0,2,PD:0002,1,0.9644122123718262,True,handpd:meander,4
P1_image,efficientnet_b0,2,PD:0002,1,0.9482542276382446,True,handpd:meander,4
P1_image,efficientnet_b0,2,PD:0005,1,0.8498661518096924,True,handpd:meander,4
P1_image,efficientnet_b0,2,PD:0009,1,0.7653389573097229,True,handpd:meander,4
P1_image,efficientnet_b0,2,PD:0010,1,0.8369280695915222,True,handpd:meander,4
P1_image,efficientnet_b0,2,PD:0010,1,0.8855075836181641,True,handpd:meander,4
P1_image,efficientnet_b0,2,PD:0024,1,0.7604690790176392,True,handpd:meander,4
P1_image,efficientnet_b0,2,PD:0031,1,0.5630497336387634,True,handpd:meander,4
P1_image,efficientnet_b0,2,PD:0031,1,0.7096412181854248,True,handpd:meander,4
P1_image,efficientnet_b0,2,PD:0037,1,0.9347211122512817,True,handpd:meander,4
P1_image,efficientnet_b0,2,PD:0037,1,0.8209248185157776,True,handpd:meander,4
P1_image,efficientnet_b0,2,PD:0037,1,0.8865767121315002,True,handpd:meander,4
P1_image,efficientnet_b0,2,PD:0038,1,0.7653340101242065,True,handpd:meander,4
P1_image,efficientnet_b0,2,PD:0045,1,0.9483057260513306,True,handpd:meander,4
P1_image,efficientnet_b0,2,PD:0051,1,0.7430533170700073,True,handpd:meander,4
P1_image,efficientnet_b0,2,PD:0052,1,0.76210618019104,True,handpd:meander,4
P1_image,efficientnet_b0,2,PD:0052,1,0.8660714030265808,True,handpd:meander,4
P1_image,efficientnet_b0,2,PD:0053,1,0.8081561923027039,True,handpd:meander,4
P1_image,efficientnet_b0,2,PD:0053,1,0.7029718160629272,True,handpd:meander,4
P1_image,efficientnet_b0,2,PD:0054,1,0.8660757541656494,True,handpd:meander,4
P1_image,efficientnet_b0,2,PD:0134,1,0.8805075883865356,True,handpd:meander,4
P1_image,efficientnet_b0,2,PD:0134,1,0.8790130615234375,True,handpd:meander,4
P1_image,efficientnet_b0,2,PD:0136,1,0.8644443154335022,True,handpd:meander,4
P1_image,efficientnet_b0,2,PD:0136,1,0.8990183472633362,True,handpd:meander,4
P1_image,efficientnet_b0,2,PD:0138,1,0.7063671350479126,True,handpd:meander,4
P1_image,efficientnet_b0,2,PD:0138,1,0.7285467386245728,True,handpd:meander,4
P1_image,efficientnet_b0,2,PD:0139,1,0.8084188103675842,True,handpd:meander,4
P1_image,efficientnet_b0,2,PD:0139,1,0.7938826084136963,True,handpd:meander,4
P1_image,efficientnet_b0,2,PD:0143,1,0.9064557552337646,True,handpd:meander,4
P1_image,efficientnet_b0,2,PD:0143,1,0.8386325240135193,True,handpd:meander,4
P1_image,efficientnet_b0,2,PD:0143,1,0.8439293503761292,True,handpd:meander,4
P1_image,efficientnet_b0,2,PD:0148,1,0.9484118819236755,True,handpd:meander,4
P1_image,efficientnet_b0,2,PD:0153,1,0.6663230061531067,True,handpd:meander,4
P1_image,efficientnet_b0,2,PD:0153,1,0.47649094462394714,True,handpd:meander,4
P1_image,efficientnet_b0,2,PD:0161,1,0.8998960852622986,True,handpd:meander,4
P1_image,efficientnet_b0,2,PD:0161,1,0.7217783331871033,True,handpd:meander,4
P1_image,efficientnet_b0,2,PD:0161,1,0.9021835327148438,True,handpd:meander,4
P1_image,efficientnet_b0,2,PD:0166,1,0.820652425289154,True,handpd:meander,4
P1_image,efficientnet_b0,2,PD:0166,1,0.7727601528167725,True,handpd:meander,4
P1_image,efficientnet_b0,2,PD:0166,1,0.6989272832870483,True,handpd:meander,4
P1_image,efficientnet_b0,2,PD:0170,1,0.9463940858840942,True,handpd:meander,4
P1_image,efficientnet_b0,2,PD:0170,1,0.9595131278038025,True,handpd:meander,4
P1_image,efficientnet_b0,2,PD:0174,1,0.9817978143692017,True,handpd:meander,4
P1_image,efficientnet_b0,2,PD:0176,1,0.9022803902626038,True,handpd:meander,4
P1_image,efficientnet_b0,2,PD:0177,1,0.7403101325035095,True,handpd:meander,4
P1_image,efficientnet_b0,2,PD:0177,1,0.8976122140884399,True,handpd:meander,4
P1_image,efficientnet_b0,2,PD:0181,1,0.8667728900909424,True,handpd:meander,4
P1_image,efficientnet_b0,2,PD:0182,1,0.8649643659591675,True,handpd:meander,4
P1_image,efficientnet_b0,2,PD:0182,1,0.7927490472793579,True,handpd:meander,4
P1_image,efficientnet_b0,2,PD:0182,1,0.7619985938072205,True,handpd:meander,4
P1_image,efficientnet_b0,2,PD:0187,1,0.8029249906539917,True,handpd:meander,4
P1_image,efficientnet_b0,2,PD:0187,1,0.7252696752548218,True,handpd:meander,4
P1_image,efficientnet_b0,2,PD:0187,1,0.8344064950942993,True,handpd:meander,4
P1_image,efficientnet_b0,2,PD:0188,1,0.8691845536231995,True,handpd:meander,4
P1_image,efficientnet_b0,2,PD:0188,1,0.8573473691940308,True,handpd:meander,4
P1_image,efficientnet_b0,2,PD:0192,1,0.8849945068359375,True,handpd:meander,4
P1_image,efficientnet_b0,2,PD:0196,1,0.744072437286377,True,handpd:meander,4
P1_image,efficientnet_b0,2,PD:0197,1,0.7987805604934692,True,handpd:meander,4
P1_image,efficientnet_b0,2,PD:0197,1,0.8337218761444092,True,handpd:meander,4
P1_image,efficientnet_b0,2,PD:0198,1,0.745948851108551,True,handpd:meander,4
P1_image,efficientnet_b0,2,PD:0202,1,0.8392907977104187,True,handpd:meander,4
P1_image,efficientnet_b0,2,PD:0202,1,0.7041001319885254,True,handpd:meander,4
P1_image,efficientnet_b0,2,PD:0207,1,0.921169102191925,True,handpd:meander,4
P1_image,efficientnet_b0,2,PD:0208,1,0.6560078263282776,True,handpd:meander,4
P1_image,efficientnet_b0,2,PD:0208,1,0.6910308599472046,True,handpd:meander,4
P1_image,efficientnet_b0,2,PD:0213,1,0.9403740763664246,True,handpd:meander,4
P1_image,efficientnet_b0,2,PD:0213,1,0.8753607273101807,True,handpd:meander,4
P1_image,efficientnet_b0,2,PD:0213,1,0.8951091766357422,True,handpd:meander,4
P1_image,efficientnet_b0,2,PD:0214,1,0.7735902667045593,True,handpd:meander,4
P1_image,efficientnet_b0,2,PD:0214,1,0.6379804611206055,True,handpd:meander,4
P1_image,efficientnet_b0,2,PD:0218,1,0.6456677317619324,True,handpd:meander,4
P1_image,efficientnet_b0,2,PD:0223,1,0.7523800134658813,True,handpd:meander,4
P1_image,efficientnet_b0,2,PD:0223,1,0.8671379089355469,True,handpd:meander,4
P1_image,efficientnet_b0,2,PD:0229,1,0.9707344770431519,True,handpd:meander,4
P1_image,efficientnet_b0,2,PD:0229,1,0.9718466401100159,True,handpd:meander,4
P1_image,efficientnet_b0,2,PD:0230,1,0.8864268064498901,True,handpd:meander,4
P1_image,efficientnet_b0,2,PD:0230,1,0.7510594725608826,True,handpd:meander,4
P1_image,efficientnet_b0,2,PD:0234,1,0.963479220867157,True,handpd:meander,4
P1_image,efficientnet_b0,2,PD:0235,1,0.9124136567115784,True,handpd:meander,4
P1_image,efficientnet_b0,2,PD:0235,1,0.9379967451095581,True,handpd:meander,4
P1_image,efficientnet_b0,2,PD:0236,1,0.9461661577224731,True,handpd:meander,4
P1_image,efficientnet_b0,2,PD:0240,1,0.9379919171333313,True,handpd:meander,4
P1_image,efficientnet_b0,2,PD:0241,1,0.9357659220695496,True,handpd:meander,4
P1_image,efficientnet_b0,2,PD:0241,1,0.9722846150398254,True,handpd:meander,4
P1_image,efficientnet_b0,2,PD:0241,1,0.9694578051567078,True,handpd:meander,4
P1_image,efficientnet_b0,2,PD:0242,1,0.902827262878418,True,handpd:meander,4
P1_image,efficientnet_b0,2,PD:0246,1,0.9653864502906799,True,handpd:meander,4
P1_image,efficientnet_b0,2,PD:0247,1,0.9263817071914673,True,handpd:meander,4
P1_image,efficientnet_b0,2,PD:0253,1,0.8883287310600281,True,handpd:meander,4
P1_image,efficientnet_b0,2,PD:0261,1,0.6734976172447205,True,handpd:meander,4
P1_image,efficientnet_b0,2,PD:0261,1,0.7668837308883667,True,handpd:meander,4
P1_image,efficientnet_b0,2,PD:0268,1,0.8221127986907959,True,handpd:meander,4
P1_image,efficientnet_b0,2,PD:0269,1,0.8134171366691589,True,handpd:meander,4
P1_image,efficientnet_b0,2,PD:0269,1,0.9262586832046509,True,handpd:meander,4
P1_image,efficientnet_b0,2,PD:0269,1,0.9126790165901184,True,handpd:meander,4
P1_image,efficientnet_b0,2,PD:0280,1,0.8414301872253418,True,handpd:meander,4
P1_image,efficientnet_b0,2,PD:0280,1,0.8826268315315247,True,handpd:meander,4
P1_image,efficientnet_b0,2,PD:0281,1,0.9037451148033142,True,handpd:meander,4
P2_subject,efficientnet_b0,0,HC:0104,0,0.6061366200447083,False,handpd:meander,4
P2_subject,efficientnet_b0,0,HC:0104,0,0.5252411365509033,False,handpd:meander,4
P2_subject,efficientnet_b0,0,HC:0104,0,0.5368170142173767,False,handpd:meander,4
P2_subject,efficientnet_b0,0,HC:0104,0,0.5354718565940857,False,handpd:meander,4
P2_subject,efficientnet_b0,0,HC:0116,0,0.5390647053718567,False,handpd:meander,4
P2_subject,efficientnet_b0,0,HC:0116,0,0.6558758020401001,False,handpd:meander,4
P2_subject,efficientnet_b0,0,HC:0116,0,0.7011100649833679,False,handpd:meander,4
P2_subject,efficientnet_b0,0,HC:0116,0,0.6303027868270874,False,handpd:meander,4
P2_subject,efficientnet_b0,0,HC:0127,0,0.8108094930648804,False,handpd:meander,4
P2_subject,efficientnet_b0,0,HC:0127,0,0.5558096170425415,False,handpd:meander,4
P2_subject,efficientnet_b0,0,HC:0127,0,0.5538272261619568,False,handpd:meander,4
P2_subject,efficientnet_b0,0,HC:0127,0,0.6323961019515991,False,handpd:meander,4
P2_subject,efficientnet_b0,0,HC:0131,0,0.7351827621459961,False,handpd:meander,4
P2_subject,efficientnet_b0,0,HC:0131,0,0.5282542109489441,False,handpd:meander,4
P2_subject,efficientnet_b0,0,HC:0131,0,0.6106056571006775,False,handpd:meander,4
P2_subject,efficientnet_b0,0,HC:0131,0,0.5044745206832886,False,handpd:meander,4
P2_subject,efficientnet_b0,0,HC:0287,0,0.5619230270385742,False,handpd:meander,4
P2_subject,efficientnet_b0,0,HC:0287,0,0.8007000088691711,False,handpd:meander,4
P2_subject,efficientnet_b0,0,HC:0287,0,0.7091864943504333,False,handpd:meander,4
P2_subject,efficientnet_b0,0,HC:0287,0,0.7173395752906799,False,handpd:meander,4
P2_subject,efficientnet_b0,0,HC:0289,0,0.457397997379303,False,handpd:meander,4
P2_subject,efficientnet_b0,0,HC:0289,0,0.5554551482200623,False,handpd:meander,4
P2_subject,efficientnet_b0,0,HC:0289,0,0.36869391798973083,False,handpd:meander,4
P2_subject,efficientnet_b0,0,HC:0289,0,0.4958088994026184,False,handpd:meander,4
P2_subject,efficientnet_b0,0,PD:0004,1,0.8288283944129944,False,handpd:meander,4
P2_subject,efficientnet_b0,0,PD:0004,1,0.8823949694633484,False,handpd:meander,4
P2_subject,efficientnet_b0,0,PD:0004,1,0.7692772150039673,False,handpd:meander,4
P2_subject,efficientnet_b0,0,PD:0004,1,0.8625162839889526,False,handpd:meander,4
P2_subject,efficientnet_b0,0,PD:0009,1,0.8762756586074829,False,handpd:meander,4
P2_subject,efficientnet_b0,0,PD:0009,1,0.8618826270103455,False,handpd:meander,4
P2_subject,efficientnet_b0,0,PD:0009,1,0.80903559923172,False,handpd:meander,4
P2_subject,efficientnet_b0,0,PD:0009,1,0.8178198337554932,False,handpd:meander,4
P2_subject,efficientnet_b0,0,PD:0010,1,0.9075984954833984,False,handpd:meander,4
P2_subject,efficientnet_b0,0,PD:0010,1,0.8516202569007874,False,handpd:meander,4
P2_subject,efficientnet_b0,0,PD:0010,1,0.8688091039657593,False,handpd:meander,4
P2_subject,efficientnet_b0,0,PD:0010,1,0.8458929061889648,False,handpd:meander,4
P2_subject,efficientnet_b0,0,PD:0030,1,0.8148080706596375,False,handpd:meander,4
P2_subject,efficientnet_b0,0,PD:0030,1,0.8002673387527466,False,handpd:meander,4
P2_subject,efficientnet_b0,0,PD:0030,1,0.8450191020965576,False,handpd:meander,4
P2_subject,efficientnet_b0,0,PD:0030,1,0.7397400736808777,False,handpd:meander,4
P2_subject,efficientnet_b0,0,PD:0031,1,0.7503774762153625,False,handpd:meander,4
P2_subject,efficientnet_b0,0,PD:0031,1,0.6501586437225342,False,handpd:meander,4
P2_subject,efficientnet_b0,0,PD:0031,1,0.8184868097305298,False,handpd:meander,4
P2_subject,efficientnet_b0,0,PD:0031,1,0.7975185513496399,False,handpd:meander,4
P2_subject,efficientnet_b0,0,PD:0046,1,0.9615357518196106,False,handpd:meander,4
P2_subject,efficientnet_b0,0,PD:0046,1,0.9338517189025879,False,handpd:meander,4
P2_subject,efficientnet_b0,0,PD:0046,1,0.9302647113800049,False,handpd:meander,4
P2_subject,efficientnet_b0,0,PD:0046,1,0.9095814824104309,False,handpd:meander,4
P2_subject,efficientnet_b0,0,PD:0051,1,0.794321596622467,False,handpd:meander,4
P2_subject,efficientnet_b0,0,PD:0051,1,0.8217905759811401,False,handpd:meander,4
P2_subject,efficientnet_b0,0,PD:0051,1,0.8309907913208008,False,handpd:meander,4
P2_subject,efficientnet_b0,0,PD:0051,1,0.6477673053741455,False,handpd:meander,4
P2_subject,efficientnet_b0,0,PD:0053,1,0.7852651476860046,False,handpd:meander,4
P2_subject,efficientnet_b0,0,PD:0053,1,0.7791801691055298,False,handpd:meander,4
P2_subject,efficientnet_b0,0,PD:0053,1,0.584806501865387,False,handpd:meander,4
P2_subject,efficientnet_b0,0,PD:0053,1,0.8221510052680969,False,handpd:meander,4
P2_subject,efficientnet_b0,0,PD:0054,1,0.8892905116081238,False,handpd:meander,4
P2_subject,efficientnet_b0,0,PD:0054,1,0.6597685813903809,False,handpd:meander,4
P2_subject,efficientnet_b0,0,PD:0054,1,0.7782503962516785,False,handpd:meander,4
P2_subject,efficientnet_b0,0,PD:0054,1,0.9443261623382568,False,handpd:meander,4
P2_subject,efficientnet_b0,0,PD:0134,1,0.8951074481010437,False,handpd:meander,4
P2_subject,efficientnet_b0,0,PD:0134,1,0.966590940952301,False,handpd:meander,4
P2_subject,efficientnet_b0,0,PD:0134,1,0.9430107474327087,False,handpd:meander,4
P2_subject,efficientnet_b0,0,PD:0134,1,0.8773216009140015,False,handpd:meander,4
P2_subject,efficientnet_b0,0,PD:0148,1,0.8771799802780151,False,handpd:meander,4
P2_subject,efficientnet_b0,0,PD:0148,1,0.9758129119873047,False,handpd:meander,4
P2_subject,efficientnet_b0,0,PD:0148,1,0.9408968091011047,False,handpd:meander,4
P2_subject,efficientnet_b0,0,PD:0148,1,0.8797443509101868,False,handpd:meander,4
P2_subject,efficientnet_b0,0,PD:0161,1,0.9436801671981812,False,handpd:meander,4
P2_subject,efficientnet_b0,0,PD:0161,1,0.8534291982650757,False,handpd:meander,4
P2_subject,efficientnet_b0,0,PD:0161,1,0.7396550178527832,False,handpd:meander,4
P2_subject,efficientnet_b0,0,PD:0161,1,0.9336295127868652,False,handpd:meander,4
P2_subject,efficientnet_b0,0,PD:0174,1,0.9968492388725281,False,handpd:meander,4
P2_subject,efficientnet_b0,0,PD:0174,1,0.9736835360527039,False,handpd:meander,4
P2_subject,efficientnet_b0,0,PD:0174,1,0.9583815336227417,False,handpd:meander,4
P2_subject,efficientnet_b0,0,PD:0174,1,0.9914724826812744,False,handpd:meander,4
P2_subject,efficientnet_b0,0,PD:0177,1,0.9411908388137817,False,handpd:meander,4
P2_subject,efficientnet_b0,0,PD:0177,1,0.7783195376396179,False,handpd:meander,4
P2_subject,efficientnet_b0,0,PD:0177,1,0.7796472907066345,False,handpd:meander,4
P2_subject,efficientnet_b0,0,PD:0177,1,0.9065361022949219,False,handpd:meander,4
P2_subject,efficientnet_b0,0,PD:0182,1,0.7532159090042114,False,handpd:meander,4
P2_subject,efficientnet_b0,0,PD:0182,1,0.7101362943649292,False,handpd:meander,4
P2_subject,efficientnet_b0,0,PD:0182,1,0.8730376958847046,False,handpd:meander,4
P2_subject,efficientnet_b0,0,PD:0182,1,0.8677658438682556,False,handpd:meander,4
P2_subject,efficientnet_b0,0,PD:0197,1,0.849431574344635,False,handpd:meander,4
P2_subject,efficientnet_b0,0,PD:0197,1,0.8627396821975708,False,handpd:meander,4
P2_subject,efficientnet_b0,0,PD:0197,1,0.7925069332122803,False,handpd:meander,4
P2_subject,efficientnet_b0,0,PD:0197,1,0.7963385581970215,False,handpd:meander,4
P2_subject,efficientnet_b0,0,PD:0213,1,0.9040853977203369,False,handpd:meander,4
P2_subject,efficientnet_b0,0,PD:0213,1,0.9570449590682983,False,handpd:meander,4
P2_subject,efficientnet_b0,0,PD:0213,1,0.8037657141685486,False,handpd:meander,4
P2_subject,efficientnet_b0,0,PD:0213,1,0.8840968608856201,False,handpd:meander,4
P2_subject,efficientnet_b0,0,PD:0219,1,0.8582599759101868,False,handpd:meander,4
P2_subject,efficientnet_b0,0,PD:0219,1,0.8184598684310913,False,handpd:meander,4
P2_subject,efficientnet_b0,0,PD:0219,1,0.8228626251220703,False,handpd:meander,4
P2_subject,efficientnet_b0,0,PD:0219,1,0.795383095741272,False,handpd:meander,4
P2_subject,efficientnet_b0,0,PD:0229,1,0.9713535308837891,False,handpd:meander,4
P2_subject,efficientnet_b0,0,PD:0229,1,0.9819025993347168,False,handpd:meander,4
P2_subject,efficientnet_b0,0,PD:0229,1,0.9737837910652161,False,handpd:meander,4
P2_subject,efficientnet_b0,0,PD:0229,1,0.981994092464447,False,handpd:meander,4
P2_subject,efficientnet_b0,0,PD:0235,1,0.9395521283149719,False,handpd:meander,4
P2_subject,efficientnet_b0,0,PD:0235,1,0.9161146283149719,False,handpd:meander,4
P2_subject,efficientnet_b0,0,PD:0235,1,0.9425192475318909,False,handpd:meander,4
P2_subject,efficientnet_b0,0,PD:0235,1,0.9144523739814758,False,handpd:meander,4
P2_subject,efficientnet_b0,0,PD:0246,1,0.9819163680076599,False,handpd:meander,4
P2_subject,efficientnet_b0,0,PD:0246,1,0.9620887637138367,False,handpd:meander,4
P2_subject,efficientnet_b0,0,PD:0246,1,0.955758810043335,False,handpd:meander,4
P2_subject,efficientnet_b0,0,PD:0246,1,0.9421380758285522,False,handpd:meander,4
P2_subject,efficientnet_b0,0,PD:0269,1,0.8105766773223877,False,handpd:meander,4
P2_subject,efficientnet_b0,0,PD:0269,1,0.7914125323295593,False,handpd:meander,4
P2_subject,efficientnet_b0,0,PD:0269,1,0.9519128203392029,False,handpd:meander,4
P2_subject,efficientnet_b0,0,PD:0269,1,0.916918933391571,False,handpd:meander,4
P2_subject,efficientnet_b0,0,PD:0273,1,0.8439494967460632,False,handpd:meander,4
P2_subject,efficientnet_b0,0,PD:0273,1,0.8955262303352356,False,handpd:meander,4
P2_subject,efficientnet_b0,0,PD:0273,1,0.9151960015296936,False,handpd:meander,4
P2_subject,efficientnet_b0,0,PD:0273,1,0.9104957580566406,False,handpd:meander,4
P2_subject,efficientnet_b0,0,PD:0280,1,0.8481868505477905,False,handpd:meander,4
P2_subject,efficientnet_b0,0,PD:0280,1,0.8754250407218933,False,handpd:meander,4
P2_subject,efficientnet_b0,0,PD:0280,1,0.9281460642814636,False,handpd:meander,4
P2_subject,efficientnet_b0,0,PD:0280,1,0.9310071468353271,False,handpd:meander,4
P2_subject,efficientnet_b0,0,PD:0281,1,0.9608909487724304,False,handpd:meander,4
P2_subject,efficientnet_b0,0,PD:0281,1,0.9177159070968628,False,handpd:meander,4
P2_subject,efficientnet_b0,0,PD:0281,1,0.7998684644699097,False,handpd:meander,4
P2_subject,efficientnet_b0,0,PD:0281,1,0.871051549911499,False,handpd:meander,4
P2_subject,efficientnet_b0,1,HC:0068,0,0.3820660710334778,False,handpd:meander,4
P2_subject,efficientnet_b0,1,HC:0068,0,0.3945864737033844,False,handpd:meander,4
P2_subject,efficientnet_b0,1,HC:0068,0,0.4811188578605652,False,handpd:meander,4
P2_subject,efficientnet_b0,1,HC:0068,0,0.7822453379631042,False,handpd:meander,4
P2_subject,efficientnet_b0,1,HC:0092,0,0.48220789432525635,False,handpd:meander,4
P2_subject,efficientnet_b0,1,HC:0092,0,0.44044530391693115,False,handpd:meander,4
P2_subject,efficientnet_b0,1,HC:0092,0,0.49573519825935364,False,handpd:meander,4
P2_subject,efficientnet_b0,1,HC:0092,0,0.7831170558929443,False,handpd:meander,4
P2_subject,efficientnet_b0,1,HC:0102,0,0.7508819699287415,False,handpd:meander,4
P2_subject,efficientnet_b0,1,HC:0102,0,0.7733954191207886,False,handpd:meander,4
P2_subject,efficientnet_b0,1,HC:0102,0,0.6663093566894531,False,handpd:meander,4
P2_subject,efficientnet_b0,1,HC:0102,0,0.47827306389808655,False,handpd:meander,4
P2_subject,efficientnet_b0,1,HC:0112,0,0.7155003547668457,False,handpd:meander,4
P2_subject,efficientnet_b0,1,HC:0112,0,0.7213844656944275,False,handpd:meander,4
P2_subject,efficientnet_b0,1,HC:0112,0,0.6282936930656433,False,handpd:meander,4
P2_subject,efficientnet_b0,1,HC:0112,0,0.8541586995124817,False,handpd:meander,4
P2_subject,efficientnet_b0,1,HC:0129,0,0.6445605754852295,False,handpd:meander,4
P2_subject,efficientnet_b0,1,HC:0129,0,0.5601792335510254,False,handpd:meander,4
P2_subject,efficientnet_b0,1,HC:0129,0,0.43472927808761597,False,handpd:meander,4
P2_subject,efficientnet_b0,1,HC:0129,0,0.7352006435394287,False,handpd:meander,4
P2_subject,efficientnet_b0,1,HC:0305,0,0.9581208825111389,False,handpd:meander,4
P2_subject,efficientnet_b0,1,HC:0305,0,0.9586356282234192,False,handpd:meander,4
P2_subject,efficientnet_b0,1,HC:0305,0,0.9620782136917114,False,handpd:meander,4
P2_subject,efficientnet_b0,1,HC:0305,0,0.9883404970169067,False,handpd:meander,4
P2_subject,efficientnet_b0,1,PD:0003,1,0.9607450366020203,False,handpd:meander,4
P2_subject,efficientnet_b0,1,PD:0003,1,0.9935759902000427,False,handpd:meander,4
P2_subject,efficientnet_b0,1,PD:0003,1,0.9785284399986267,False,handpd:meander,4
P2_subject,efficientnet_b0,1,PD:0003,1,0.9821341633796692,False,handpd:meander,4
P2_subject,efficientnet_b0,1,PD:0005,1,0.9420385956764221,False,handpd:meander,4
P2_subject,efficientnet_b0,1,PD:0005,1,0.957861602306366,False,handpd:meander,4
P2_subject,efficientnet_b0,1,PD:0005,1,0.9498616456985474,False,handpd:meander,4
P2_subject,efficientnet_b0,1,PD:0005,1,0.9286907315254211,False,handpd:meander,4
P2_subject,efficientnet_b0,1,PD:0016,1,0.9244219660758972,False,handpd:meander,4
P2_subject,efficientnet_b0,1,PD:0016,1,0.9376488327980042,False,handpd:meander,4
P2_subject,efficientnet_b0,1,PD:0016,1,0.8994487524032593,False,handpd:meander,4
P2_subject,efficientnet_b0,1,PD:0016,1,0.960404634475708,False,handpd:meander,4
P2_subject,efficientnet_b0,1,PD:0024,1,0.9577427506446838,False,handpd:meander,4
P2_subject,efficientnet_b0,1,PD:0024,1,0.7573968172073364,False,handpd:meander,4
P2_subject,efficientnet_b0,1,PD:0024,1,0.8084138035774231,False,handpd:meander,4
P2_subject,efficientnet_b0,1,PD:0024,1,0.9200003147125244,False,handpd:meander,4
P2_subject,efficientnet_b0,1,PD:0038,1,0.9339278340339661,False,handpd:meander,4
P2_subject,efficientnet_b0,1,PD:0038,1,0.8686703443527222,False,handpd:meander,4
P2_subject,efficientnet_b0,1,PD:0038,1,0.9414686560630798,False,handpd:meander,4
P2_subject,efficientnet_b0,1,PD:0038,1,0.9442890882492065,False,handpd:meander,4
P2_subject,efficientnet_b0,1,PD:0138,1,0.9520010948181152,False,handpd:meander,4
P2_subject,efficientnet_b0,1,PD:0138,1,0.77675461769104,False,handpd:meander,4
P2_subject,efficientnet_b0,1,PD:0138,1,0.9091842770576477,False,handpd:meander,4
P2_subject,efficientnet_b0,1,PD:0138,1,0.8872877359390259,False,handpd:meander,4
P2_subject,efficientnet_b0,1,PD:0139,1,0.9865522980690002,False,handpd:meander,4
P2_subject,efficientnet_b0,1,PD:0139,1,0.9102532267570496,False,handpd:meander,4
P2_subject,efficientnet_b0,1,PD:0139,1,0.8582295775413513,False,handpd:meander,4
P2_subject,efficientnet_b0,1,PD:0139,1,0.9589856266975403,False,handpd:meander,4
P2_subject,efficientnet_b0,1,PD:0149,1,0.9554924964904785,False,handpd:meander,4
P2_subject,efficientnet_b0,1,PD:0149,1,0.9895222783088684,False,handpd:meander,4
P2_subject,efficientnet_b0,1,PD:0149,1,0.9787063002586365,False,handpd:meander,4
P2_subject,efficientnet_b0,1,PD:0149,1,0.995862603187561,False,handpd:meander,4
P2_subject,efficientnet_b0,1,PD:0153,1,0.7678819894790649,False,handpd:meander,4
P2_subject,efficientnet_b0,1,PD:0153,1,0.8187258243560791,False,handpd:meander,4
P2_subject,efficientnet_b0,1,PD:0153,1,0.7170791029930115,False,handpd:meander,4
P2_subject,efficientnet_b0,1,PD:0153,1,0.8335326910018921,False,handpd:meander,4
P2_subject,efficientnet_b0,1,PD:0157,1,0.9750930070877075,False,handpd:meander,4
P2_subject,efficientnet_b0,1,PD:0157,1,0.9605821371078491,False,handpd:meander,4
P2_subject,efficientnet_b0,1,PD:0157,1,0.9377363920211792,False,handpd:meander,4
P2_subject,efficientnet_b0,1,PD:0157,1,0.9611730575561523,False,handpd:meander,4
P2_subject,efficientnet_b0,1,PD:0165,1,0.7822550535202026,False,handpd:meander,4
P2_subject,efficientnet_b0,1,PD:0165,1,0.6158398985862732,False,handpd:meander,4
P2_subject,efficientnet_b0,1,PD:0165,1,0.4974750578403473,False,handpd:meander,4
P2_subject,efficientnet_b0,1,PD:0165,1,0.7101888656616211,False,handpd:meander,4
P2_subject,efficientnet_b0,1,PD:0181,1,0.9655493497848511,False,handpd:meander,4
P2_subject,efficientnet_b0,1,PD:0181,1,0.9230035543441772,False,handpd:meander,4
P2_subject,efficientnet_b0,1,PD:0181,1,0.9497755765914917,False,handpd:meander,4
P2_subject,efficientnet_b0,1,PD:0181,1,0.9522113800048828,False,handpd:meander,4
P2_subject,efficientnet_b0,1,PD:0186,1,0.9516535401344299,False,handpd:meander,4
P2_subject,efficientnet_b0,1,PD:0186,1,0.9661282896995544,False,handpd:meander,4
P2_subject,efficientnet_b0,1,PD:0186,1,0.9461865425109863,False,handpd:meander,4
P2_subject,efficientnet_b0,1,PD:0186,1,0.942612886428833,False,handpd:meander,4
P2_subject,efficientnet_b0,1,PD:0187,1,0.9342926144599915,False,handpd:meander,4
P2_subject,efficientnet_b0,1,PD:0187,1,0.9197422862052917,False,handpd:meander,4
P2_subject,efficientnet_b0,1,PD:0187,1,0.9140453338623047,False,handpd:meander,4
P2_subject,efficientnet_b0,1,PD:0187,1,0.9462351202964783,False,handpd:meander,4
P2_subject,efficientnet_b0,1,PD:0188,1,0.9265113472938538,False,handpd:meander,4
P2_subject,efficientnet_b0,1,PD:0188,1,0.904809296131134,False,handpd:meander,4
P2_subject,efficientnet_b0,1,PD:0188,1,0.9537413120269775,False,handpd:meander,4
P2_subject,efficientnet_b0,1,PD:0188,1,0.9597568511962891,False,handpd:meander,4
P2_subject,efficientnet_b0,1,PD:0203,1,0.9330025315284729,False,handpd:meander,4
P2_subject,efficientnet_b0,1,PD:0203,1,0.979267954826355,False,handpd:meander,4
P2_subject,efficientnet_b0,1,PD:0203,1,0.9880483746528625,False,handpd:meander,4
P2_subject,efficientnet_b0,1,PD:0203,1,0.9243850708007812,False,handpd:meander,4
P2_subject,efficientnet_b0,1,PD:0207,1,0.9438023567199707,False,handpd:meander,4
P2_subject,efficientnet_b0,1,PD:0207,1,0.993563175201416,False,handpd:meander,4
P2_subject,efficientnet_b0,1,PD:0207,1,0.7801831364631653,False,handpd:meander,4
P2_subject,efficientnet_b0,1,PD:0207,1,0.8591590523719788,False,handpd:meander,4
P2_subject,efficientnet_b0,1,PD:0214,1,0.8522027134895325,False,handpd:meander,4
P2_subject,efficientnet_b0,1,PD:0214,1,0.7632814645767212,False,handpd:meander,4
P2_subject,efficientnet_b0,1,PD:0214,1,0.9429524540901184,False,handpd:meander,4
P2_subject,efficientnet_b0,1,PD:0214,1,0.5904315114021301,False,handpd:meander,4
P2_subject,efficientnet_b0,1,PD:0228,1,0.9962630867958069,False,handpd:meander,4
P2_subject,efficientnet_b0,1,PD:0228,1,0.9910554885864258,False,handpd:meander,4
P2_subject,efficientnet_b0,1,PD:0228,1,0.9657601118087769,False,handpd:meander,4
P2_subject,efficientnet_b0,1,PD:0228,1,0.9910424947738647,False,handpd:meander,4
P2_subject,efficientnet_b0,1,PD:0230,1,0.8173959851264954,False,handpd:meander,4
P2_subject,efficientnet_b0,1,PD:0230,1,0.8925228714942932,False,handpd:meander,4
P2_subject,efficientnet_b0,1,PD:0230,1,0.9710952043533325,False,handpd:meander,4
P2_subject,efficientnet_b0,1,PD:0230,1,0.8806819319725037,False,handpd:meander,4
P2_subject,efficientnet_b0,1,PD:0241,1,0.9973002076148987,False,handpd:meander,4
P2_subject,efficientnet_b0,1,PD:0241,1,0.9864202737808228,False,handpd:meander,4
P2_subject,efficientnet_b0,1,PD:0241,1,0.9929454922676086,False,handpd:meander,4
P2_subject,efficientnet_b0,1,PD:0241,1,0.977462112903595,False,handpd:meander,4
P2_subject,efficientnet_b0,1,PD:0253,1,0.9555749297142029,False,handpd:meander,4
P2_subject,efficientnet_b0,1,PD:0253,1,0.954652726650238,False,handpd:meander,4
P2_subject,efficientnet_b0,1,PD:0253,1,0.8779734373092651,False,handpd:meander,4
P2_subject,efficientnet_b0,1,PD:0253,1,0.9344184398651123,False,handpd:meander,4
P2_subject,efficientnet_b0,1,PD:0254,1,0.9172918200492859,False,handpd:meander,4
P2_subject,efficientnet_b0,1,PD:0254,1,0.9692586660385132,False,handpd:meander,4
P2_subject,efficientnet_b0,1,PD:0254,1,0.8623638153076172,False,handpd:meander,4
P2_subject,efficientnet_b0,1,PD:0254,1,0.9212473034858704,False,handpd:meander,4
P2_subject,efficientnet_b0,1,PD:0268,1,0.9739527106285095,False,handpd:meander,4
P2_subject,efficientnet_b0,1,PD:0268,1,0.953559935092926,False,handpd:meander,4
P2_subject,efficientnet_b0,1,PD:0268,1,0.9479070901870728,False,handpd:meander,4
P2_subject,efficientnet_b0,1,PD:0268,1,0.9844982028007507,False,handpd:meander,4
P2_subject,efficientnet_b0,1,PD:0274,1,0.9871087670326233,False,handpd:meander,4
P2_subject,efficientnet_b0,1,PD:0274,1,0.9707263112068176,False,handpd:meander,4
P2_subject,efficientnet_b0,1,PD:0274,1,0.9716163277626038,False,handpd:meander,4
P2_subject,efficientnet_b0,1,PD:0274,1,0.9510491490364075,False,handpd:meander,4
P2_subject,efficientnet_b0,2,HC:0098,0,0.7197409272193909,False,handpd:meander,4
P2_subject,efficientnet_b0,2,HC:0098,0,0.6597983241081238,False,handpd:meander,4
P2_subject,efficientnet_b0,2,HC:0098,0,0.6535854339599609,False,handpd:meander,4
P2_subject,efficientnet_b0,2,HC:0098,0,0.6682761311531067,False,handpd:meander,4
P2_subject,efficientnet_b0,2,HC:0100,0,0.56853848695755,False,handpd:meander,4
P2_subject,efficientnet_b0,2,HC:0100,0,0.691075325012207,False,handpd:meander,4
P2_subject,efficientnet_b0,2,HC:0100,0,0.6003664135932922,False,handpd:meander,4
P2_subject,efficientnet_b0,2,HC:0100,0,0.7960326671600342,False,handpd:meander,4
P2_subject,efficientnet_b0,2,HC:0106,0,0.5632421970367432,False,handpd:meander,4
P2_subject,efficientnet_b0,2,HC:0106,0,0.5869102478027344,False,handpd:meander,4
P2_subject,efficientnet_b0,2,HC:0106,0,0.48775726556777954,False,handpd:meander,4
P2_subject,efficientnet_b0,2,HC:0106,0,0.7876195907592773,False,handpd:meander,4
P2_subject,efficientnet_b0,2,HC:0293,0,0.6666728258132935,False,handpd:meander,4
P2_subject,efficientnet_b0,2,HC:0293,0,0.5030295252799988,False,handpd:meander,4
P2_subject,efficientnet_b0,2,HC:0293,0,0.6963080763816833,False,handpd:meander,4
P2_subject,efficientnet_b0,2,HC:0293,0,0.8277154564857483,False,handpd:meander,4
P2_subject,efficientnet_b0,2,HC:0295,0,0.7645946741104126,False,handpd:meander,4
P2_subject,efficientnet_b0,2,HC:0295,0,0.8616501688957214,False,handpd:meander,4
P2_subject,efficientnet_b0,2,HC:0295,0,0.8996038436889648,False,handpd:meander,4
P2_subject,efficientnet_b0,2,HC:0295,0,0.9360365867614746,False,handpd:meander,4
P2_subject,efficientnet_b0,2,HC:0297,0,0.7453689575195312,False,handpd:meander,4
P2_subject,efficientnet_b0,2,HC:0297,0,0.659130871295929,False,handpd:meander,4
P2_subject,efficientnet_b0,2,HC:0297,0,0.7330181002616882,False,handpd:meander,4
P2_subject,efficientnet_b0,2,HC:0297,0,0.6893665790557861,False,handpd:meander,4
P2_subject,efficientnet_b0,2,PD:0002,1,0.9852286577224731,False,handpd:meander,4
P2_subject,efficientnet_b0,2,PD:0002,1,0.8866970539093018,False,handpd:meander,4
P2_subject,efficientnet_b0,2,PD:0002,1,0.9882614016532898,False,handpd:meander,4
P2_subject,efficientnet_b0,2,PD:0002,1,0.9926631450653076,False,handpd:meander,4
P2_subject,efficientnet_b0,2,PD:0023,1,0.9283571243286133,False,handpd:meander,4
P2_subject,efficientnet_b0,2,PD:0023,1,0.8667715191841125,False,handpd:meander,4
P2_subject,efficientnet_b0,2,PD:0023,1,0.8143738508224487,False,handpd:meander,4
P2_subject,efficientnet_b0,2,PD:0023,1,0.8676288723945618,False,handpd:meander,4
P2_subject,efficientnet_b0,2,PD:0037,1,0.9079784750938416,False,handpd:meander,4
P2_subject,efficientnet_b0,2,PD:0037,1,0.8871248364448547,False,handpd:meander,4
P2_subject,efficientnet_b0,2,PD:0037,1,0.8885349035263062,False,handpd:meander,4
P2_subject,efficientnet_b0,2,PD:0037,1,0.9878087043762207,False,handpd:meander,4
P2_subject,efficientnet_b0,2,PD:0044,1,0.9500526785850525,False,handpd:meander,4
P2_subject,efficientnet_b0,2,PD:0044,1,0.9378066062927246,False,handpd:meander,4
P2_subject,efficientnet_b0,2,PD:0044,1,0.9697926044464111,False,handpd:meander,4
P2_subject,efficientnet_b0,2,PD:0044,1,0.9305575489997864,False,handpd:meander,4
P2_subject,efficientnet_b0,2,PD:0045,1,0.9841451048851013,False,handpd:meander,4
P2_subject,efficientnet_b0,2,PD:0045,1,0.8062999844551086,False,handpd:meander,4
P2_subject,efficientnet_b0,2,PD:0045,1,0.9480590224266052,False,handpd:meander,4
P2_subject,efficientnet_b0,2,PD:0045,1,0.9186438322067261,False,handpd:meander,4
P2_subject,efficientnet_b0,2,PD:0052,1,0.8717039227485657,False,handpd:meander,4
P2_subject,efficientnet_b0,2,PD:0052,1,0.8253931999206543,False,handpd:meander,4
P2_subject,efficientnet_b0,2,PD:0052,1,0.8570486307144165,False,handpd:meander,4
P2_subject,efficientnet_b0,2,PD:0052,1,0.9415555000305176,False,handpd:meander,4
P2_subject,efficientnet_b0,2,PD:0136,1,0.9715357422828674,False,handpd:meander,4
P2_subject,efficientnet_b0,2,PD:0136,1,0.7053151726722717,False,handpd:meander,4
P2_subject,efficientnet_b0,2,PD:0136,1,0.9460648894309998,False,handpd:meander,4
P2_subject,efficientnet_b0,2,PD:0136,1,0.9430890083312988,False,handpd:meander,4
P2_subject,efficientnet_b0,2,PD:0143,1,0.9316391348838806,False,handpd:meander,4
P2_subject,efficientnet_b0,2,PD:0143,1,0.8472704887390137,False,handpd:meander,4
P2_subject,efficientnet_b0,2,PD:0143,1,0.8797274827957153,False,handpd:meander,4
P2_subject,efficientnet_b0,2,PD:0143,1,0.950768232345581,False,handpd:meander,4
P2_subject,efficientnet_b0,2,PD:0166,1,0.8540941476821899,False,handpd:meander,4
P2_subject,efficientnet_b0,2,PD:0166,1,0.8544502258300781,False,handpd:meander,4
P2_subject,efficientnet_b0,2,PD:0166,1,0.8512302041053772,False,handpd:meander,4
P2_subject,efficientnet_b0,2,PD:0166,1,0.9061647653579712,False,handpd:meander,4
P2_subject,efficientnet_b0,2,PD:0170,1,0.9810241460800171,False,handpd:meander,4
P2_subject,efficientnet_b0,2,PD:0170,1,0.9730344414710999,False,handpd:meander,4
P2_subject,efficientnet_b0,2,PD:0170,1,0.9708077311515808,False,handpd:meander,4
P2_subject,efficientnet_b0,2,PD:0170,1,0.7489094138145447,False,handpd:meander,4
P2_subject,efficientnet_b0,2,PD:0176,1,0.9472799301147461,False,handpd:meander,4
P2_subject,efficientnet_b0,2,PD:0176,1,0.9648224115371704,False,handpd:meander,4
P2_subject,efficientnet_b0,2,PD:0176,1,0.9782190322875977,False,handpd:meander,4
P2_subject,efficientnet_b0,2,PD:0176,1,0.9217966198921204,False,handpd:meander,4
P2_subject,efficientnet_b0,2,PD:0192,1,0.8921993374824524,False,handpd:meander,4
P2_subject,efficientnet_b0,2,PD:0192,1,0.8075670003890991,False,handpd:meander,4
P2_subject,efficientnet_b0,2,PD:0192,1,0.8419504165649414,False,handpd:meander,4
P2_subject,efficientnet_b0,2,PD:0192,1,0.9759364128112793,False,handpd:meander,4
P2_subject,efficientnet_b0,2,PD:0196,1,0.8567326068878174,False,handpd:meander,4
P2_subject,efficientnet_b0,2,PD:0196,1,0.9058713912963867,False,handpd:meander,4
P2_subject,efficientnet_b0,2,PD:0196,1,0.6459153890609741,False,handpd:meander,4
P2_subject,efficientnet_b0,2,PD:0196,1,0.9332261085510254,False,handpd:meander,4
P2_subject,efficientnet_b0,2,PD:0198,1,0.8348428010940552,False,handpd:meander,4
P2_subject,efficientnet_b0,2,PD:0198,1,0.8225834965705872,False,handpd:meander,4
P2_subject,efficientnet_b0,2,PD:0198,1,0.8604030609130859,False,handpd:meander,4
P2_subject,efficientnet_b0,2,PD:0198,1,0.8368421792984009,False,handpd:meander,4
P2_subject,efficientnet_b0,2,PD:0202,1,0.8951956629753113,False,handpd:meander,4
P2_subject,efficientnet_b0,2,PD:0202,1,0.8154650926589966,False,handpd:meander,4
P2_subject,efficientnet_b0,2,PD:0202,1,0.6355372071266174,False,handpd:meander,4
P2_subject,efficientnet_b0,2,PD:0202,1,0.8366591930389404,False,handpd:meander,4
P2_subject,efficientnet_b0,2,PD:0208,1,0.7258549332618713,False,handpd:meander,4
P2_subject,efficientnet_b0,2,PD:0208,1,0.6803640723228455,False,handpd:meander,4
P2_subject,efficientnet_b0,2,PD:0208,1,0.8523778915405273,False,handpd:meander,4
P2_subject,efficientnet_b0,2,PD:0208,1,0.8904099464416504,False,handpd:meander,4
P2_subject,efficientnet_b0,2,PD:0218,1,0.6520001888275146,False,handpd:meander,4
P2_subject,efficientnet_b0,2,PD:0218,1,0.6320399045944214,False,handpd:meander,4
P2_subject,efficientnet_b0,2,PD:0218,1,0.674437403678894,False,handpd:meander,4
P2_subject,efficientnet_b0,2,PD:0218,1,0.6284780502319336,False,handpd:meander,4
P2_subject,efficientnet_b0,2,PD:0223,1,0.9724978804588318,False,handpd:meander,4
P2_subject,efficientnet_b0,2,PD:0223,1,0.8268671631813049,False,handpd:meander,4
P2_subject,efficientnet_b0,2,PD:0223,1,0.865515410900116,False,handpd:meander,4
P2_subject,efficientnet_b0,2,PD:0223,1,0.9263907074928284,False,handpd:meander,4
P2_subject,efficientnet_b0,2,PD:0234,1,0.9537206292152405,False,handpd:meander,4
P2_subject,efficientnet_b0,2,PD:0234,1,0.9261983633041382,False,handpd:meander,4
P2_subject,efficientnet_b0,2,PD:0234,1,0.9905557036399841,False,handpd:meander,4
P2_subject,efficientnet_b0,2,PD:0234,1,0.9099720120429993,False,handpd:meander,4
P2_subject,efficientnet_b0,2,PD:0236,1,0.9621118307113647,False,handpd:meander,4
P2_subject,efficientnet_b0,2,PD:0236,1,0.9641720056533813,False,handpd:meander,4
P2_subject,efficientnet_b0,2,PD:0236,1,0.9875451922416687,False,handpd:meander,4
P2_subject,efficientnet_b0,2,PD:0236,1,0.9833372235298157,False,handpd:meander,4
P2_subject,efficientnet_b0,2,PD:0240,1,0.8049885034561157,False,handpd:meander,4
P2_subject,efficientnet_b0,2,PD:0240,1,0.8606325387954712,False,handpd:meander,4
P2_subject,efficientnet_b0,2,PD:0240,1,0.8768042325973511,False,handpd:meander,4
P2_subject,efficientnet_b0,2,PD:0240,1,0.8842837810516357,False,handpd:meander,4
P2_subject,efficientnet_b0,2,PD:0242,1,0.8951273560523987,False,handpd:meander,4
P2_subject,efficientnet_b0,2,PD:0242,1,0.9154736995697021,False,handpd:meander,4
P2_subject,efficientnet_b0,2,PD:0242,1,0.9857203364372253,False,handpd:meander,4
P2_subject,efficientnet_b0,2,PD:0242,1,0.9230722188949585,False,handpd:meander,4
P2_subject,efficientnet_b0,2,PD:0247,1,0.9281387329101562,False,handpd:meander,4
P2_subject,efficientnet_b0,2,PD:0247,1,0.936541736125946,False,handpd:meander,4
P2_subject,efficientnet_b0,2,PD:0247,1,0.9093226790428162,False,handpd:meander,4
P2_subject,efficientnet_b0,2,PD:0247,1,0.8558101058006287,False,handpd:meander,4
P2_subject,efficientnet_b0,2,PD:0261,1,0.8575365543365479,False,handpd:meander,4
P2_subject,efficientnet_b0,2,PD:0261,1,0.8777205348014832,False,handpd:meander,4
P2_subject,efficientnet_b0,2,PD:0261,1,0.7120969891548157,False,handpd:meander,4
P2_subject,efficientnet_b0,2,PD:0261,1,0.8195298314094543,False,handpd:meander,4
P1_image,vgg16,0,HC:0068,0,0.531586229801178,True,handpd:meander,5
P1_image,vgg16,0,HC:0068,0,0.5219306945800781,True,handpd:meander,5
P1_image,vgg16,0,HC:0102,0,0.5034902095794678,True,handpd:meander,5
P1_image,vgg16,0,HC:0104,0,0.512410581111908,True,handpd:meander,5
P1_image,vgg16,0,HC:0106,0,0.5309838652610779,True,handpd:meander,5
P1_image,vgg16,0,HC:0106,0,0.5264065265655518,True,handpd:meander,5
P1_image,vgg16,0,HC:0112,0,0.519974946975708,True,handpd:meander,5
P1_image,vgg16,0,HC:0112,0,0.5047368407249451,True,handpd:meander,5
P1_image,vgg16,0,HC:0116,0,0.5190001726150513,True,handpd:meander,5
P1_image,vgg16,0,HC:0127,0,0.550233781337738,True,handpd:meander,5
P1_image,vgg16,0,HC:0127,0,0.538273274898529,True,handpd:meander,5
P1_image,vgg16,0,HC:0129,0,0.5117568373680115,True,handpd:meander,5
P1_image,vgg16,0,HC:0129,0,0.510529100894928,True,handpd:meander,5
P1_image,vgg16,0,HC:0287,0,0.6050529479980469,True,handpd:meander,5
P1_image,vgg16,0,HC:0287,0,0.6094483733177185,True,handpd:meander,5
P1_image,vgg16,0,HC:0287,0,0.6278402209281921,True,handpd:meander,5
P1_image,vgg16,0,HC:0289,0,0.5683923959732056,True,handpd:meander,5
P1_image,vgg16,0,HC:0289,0,0.5543552041053772,True,handpd:meander,5
P1_image,vgg16,0,HC:0293,0,0.5618439316749573,True,handpd:meander,5
P1_image,vgg16,0,HC:0293,0,0.533747673034668,True,handpd:meander,5
P1_image,vgg16,0,HC:0297,0,0.580270528793335,True,handpd:meander,5
P1_image,vgg16,0,HC:0297,0,0.5750892162322998,True,handpd:meander,5
P1_image,vgg16,0,HC:0305,0,0.7299287915229797,True,handpd:meander,5
P1_image,vgg16,0,HC:0305,0,0.671254575252533,True,handpd:meander,5
P1_image,vgg16,0,PD:0002,1,0.8867701292037964,True,handpd:meander,5
P1_image,vgg16,0,PD:0003,1,0.9018917679786682,True,handpd:meander,5
P1_image,vgg16,0,PD:0004,1,0.5955755710601807,True,handpd:meander,5
P1_image,vgg16,0,PD:0004,1,0.6214784383773804,True,handpd:meander,5
P1_image,vgg16,0,PD:0004,1,0.675976574420929,True,handpd:meander,5
P1_image,vgg16,0,PD:0005,1,0.8301195502281189,True,handpd:meander,5
P1_image,vgg16,0,PD:0009,1,0.5394772291183472,True,handpd:meander,5
P1_image,vgg16,0,PD:0009,1,0.5479263067245483,True,handpd:meander,5
P1_image,vgg16,0,PD:0010,1,0.9525661468505859,True,handpd:meander,5
P1_image,vgg16,0,PD:0016,1,0.8382424116134644,True,handpd:meander,5
P1_image,vgg16,0,PD:0016,1,0.9152273535728455,True,handpd:meander,5
P1_image,vgg16,0,PD:0023,1,0.5670116543769836,True,handpd:meander,5
P1_image,vgg16,0,PD:0024,1,0.6242035627365112,True,handpd:meander,5
P1_image,vgg16,0,PD:0024,1,0.6299505829811096,True,handpd:meander,5
P1_image,vgg16,0,PD:0031,1,0.61745285987854,True,handpd:meander,5
P1_image,vgg16,0,PD:0038,1,0.9272639155387878,True,handpd:meander,5
P1_image,vgg16,0,PD:0038,1,0.9199117422103882,True,handpd:meander,5
P1_image,vgg16,0,PD:0044,1,0.8963367938995361,True,handpd:meander,5
P1_image,vgg16,0,PD:0044,1,0.7219734787940979,True,handpd:meander,5
P1_image,vgg16,0,PD:0044,1,0.8498392105102539,True,handpd:meander,5
P1_image,vgg16,0,PD:0045,1,0.9103221893310547,True,handpd:meander,5
P1_image,vgg16,0,PD:0045,1,0.8807433843612671,True,handpd:meander,5
P1_image,vgg16,0,PD:0045,1,0.9666258096694946,True,handpd:meander,5
P1_image,vgg16,0,PD:0051,1,0.7291526198387146,True,handpd:meander,5
P1_image,vgg16,0,PD:0051,1,0.5835763216018677,True,handpd:meander,5
P1_image,vgg16,0,PD:0051,1,0.5515248775482178,True,handpd:meander,5
P1_image,vgg16,0,PD:0052,1,0.6341515779495239,True,handpd:meander,5
P1_image,vgg16,0,PD:0052,1,0.5689216256141663,True,handpd:meander,5
P1_image,vgg16,0,PD:0053,1,0.6768350005149841,True,handpd:meander,5
P1_image,vgg16,0,PD:0054,1,0.8779675960540771,True,handpd:meander,5
P1_image,vgg16,0,PD:0138,1,0.5352693796157837,True,handpd:meander,5
P1_image,vgg16,0,PD:0138,1,0.6600205898284912,True,handpd:meander,5
P1_image,vgg16,0,PD:0139,1,0.5614210963249207,True,handpd:meander,5
P1_image,vgg16,0,PD:0148,1,0.9618313312530518,True,handpd:meander,5
P1_image,vgg16,0,PD:0148,1,0.9330406188964844,True,handpd:meander,5
P1_image,vgg16,0,PD:0149,1,0.8069019913673401,True,handpd:meander,5
P1_image,vgg16,0,PD:0153,1,0.5698779821395874,True,handpd:meander,5
P1_image,vgg16,0,PD:0153,1,0.5562839508056641,True,handpd:meander,5
P1_image,vgg16,0,PD:0157,1,0.8085472583770752,True,handpd:meander,5
P1_image,vgg16,0,PD:0157,1,0.6777338981628418,True,handpd:meander,5
P1_image,vgg16,0,PD:0157,1,0.7760564684867859,True,handpd:meander,5
P1_image,vgg16,0,PD:0161,1,0.6840039491653442,True,handpd:meander,5
P1_image,vgg16,0,PD:0161,1,0.6547247171401978,True,handpd:meander,5
P1_image,vgg16,0,PD:0165,1,0.5622879862785339,True,handpd:meander,5
P1_image,vgg16,0,PD:0165,1,0.5508296489715576,True,handpd:meander,5
P1_image,vgg16,0,PD:0166,1,0.6634702682495117,True,handpd:meander,5
P1_image,vgg16,0,PD:0170,1,0.9706318378448486,True,handpd:meander,5
P1_image,vgg16,0,PD:0170,1,0.9550784826278687,True,handpd:meander,5
P1_image,vgg16,0,PD:0170,1,0.9939488172531128,True,handpd:meander,5
P1_image,vgg16,0,PD:0176,1,0.9331813454627991,True,handpd:meander,5
P1_image,vgg16,0,PD:0176,1,0.7842296361923218,True,handpd:meander,5
P1_image,vgg16,0,PD:0177,1,0.8517922163009644,True,handpd:meander,5
P1_image,vgg16,0,PD:0177,1,0.7729405760765076,True,handpd:meander,5
P1_image,vgg16,0,PD:0182,1,0.7481061220169067,True,handpd:meander,5
P1_image,vgg16,0,PD:0182,1,0.7494258284568787,True,handpd:meander,5
P1_image,vgg16,0,PD:0186,1,0.5386647582054138,True,handpd:meander,5
P1_image,vgg16,0,PD:0186,1,0.5692622065544128,True,handpd:meander,5
P1_image,vgg16,0,PD:0186,1,0.5512806177139282,True,handpd:meander,5
P1_image,vgg16,0,PD:0192,1,0.7161728143692017,True,handpd:meander,5
P1_image,vgg16,0,PD:0196,1,0.7647651433944702,True,handpd:meander,5
P1_image,vgg16,0,PD:0197,1,0.6006923317909241,True,handpd:meander,5
P1_image,vgg16,0,PD:0197,1,0.5888301730155945,True,handpd:meander,5
P1_image,vgg16,0,PD:0203,1,0.5509321689605713,True,handpd:meander,5
P1_image,vgg16,0,PD:0203,1,0.5815726518630981,True,handpd:meander,5
P1_image,vgg16,0,PD:0207,1,0.6182325482368469,True,handpd:meander,5
P1_image,vgg16,0,PD:0207,1,0.6998935341835022,True,handpd:meander,5
P1_image,vgg16,0,PD:0208,1,0.7525452375411987,True,handpd:meander,5
P1_image,vgg16,0,PD:0208,1,0.8237085342407227,True,handpd:meander,5
P1_image,vgg16,0,PD:0214,1,0.8090925812721252,True,handpd:meander,5
P1_image,vgg16,0,PD:0218,1,0.583294689655304,True,handpd:meander,5
P1_image,vgg16,0,PD:0218,1,0.6100946068763733,True,handpd:meander,5
P1_image,vgg16,0,PD:0219,1,0.5441566109657288,True,handpd:meander,5
P1_image,vgg16,0,PD:0219,1,0.5377277135848999,True,handpd:meander,5
P1_image,vgg16,0,PD:0219,1,0.5224717855453491,True,handpd:meander,5
P1_image,vgg16,0,PD:0223,1,0.8120822906494141,True,handpd:meander,5
P1_image,vgg16,0,PD:0228,1,0.9984933137893677,True,handpd:meander,5
P1_image,vgg16,0,PD:0234,1,0.874826967716217,True,handpd:meander,5
P1_image,vgg16,0,PD:0235,1,0.993689775466919,True,handpd:meander,5
P1_image,vgg16,0,PD:0236,1,0.9972503781318665,True,handpd:meander,5
P1_image,vgg16,0,PD:0240,1,0.7633044719696045,True,handpd:meander,5
P1_image,vgg16,0,PD:0240,1,0.6545631885528564,True,handpd:meander,5
P1_image,vgg16,0,PD:0241,1,0.9898148775100708,True,handpd:meander,5
P1_image,vgg16,0,PD:0241,1,0.8970232605934143,True,handpd:meander,5
P1_image,vgg16,0,PD:0242,1,0.9487481117248535,True,handpd:meander,5
P1_image,vgg16,0,PD:0246,1,0.9761736989021301,True,handpd:meander,5
P1_image,vgg16,0,PD:0246,1,0.8577540516853333,True,handpd:meander,5
P1_image,vgg16,0,PD:0247,1,0.9574114084243774,True,handpd:meander,5
P1_image,vgg16,0,PD:0247,1,0.9579123258590698,True,handpd:meander,5
P1_image,vgg16,0,PD:0247,1,0.8461757302284241,True,handpd:meander,5
P1_image,vgg16,0,PD:0253,1,0.6184164881706238,True,handpd:meander,5
P1_image,vgg16,0,PD:0254,1,0.6084240078926086,True,handpd:meander,5
P1_image,vgg16,0,PD:0261,1,0.6345307230949402,True,handpd:meander,5
P1_image,vgg16,0,PD:0268,1,0.6825433969497681,True,handpd:meander,5
P1_image,vgg16,0,PD:0273,1,0.6037587523460388,True,handpd:meander,5
P1_image,vgg16,0,PD:0273,1,0.6039183139801025,True,handpd:meander,5
P1_image,vgg16,0,PD:0274,1,0.8407037854194641,True,handpd:meander,5
P1_image,vgg16,0,PD:0274,1,0.7603653073310852,True,handpd:meander,5
P1_image,vgg16,0,PD:0280,1,0.937531054019928,True,handpd:meander,5
P1_image,vgg16,0,PD:0280,1,0.7278498411178589,True,handpd:meander,5
P1_image,vgg16,1,HC:0068,0,0.617978036403656,True,handpd:meander,5
P1_image,vgg16,1,HC:0092,0,0.6128814816474915,True,handpd:meander,5
P1_image,vgg16,1,HC:0092,0,0.6225338578224182,True,handpd:meander,5
P1_image,vgg16,1,HC:0092,0,0.6107599139213562,True,handpd:meander,5
P1_image,vgg16,1,HC:0098,0,0.6051117777824402,True,handpd:meander,5
P1_image,vgg16,1,HC:0098,0,0.6463178396224976,True,handpd:meander,5
P1_image,vgg16,1,HC:0098,0,0.6072319149971008,True,handpd:meander,5
P1_image,vgg16,1,HC:0100,0,0.6871135830879211,True,handpd:meander,5
P1_image,vgg16,1,HC:0100,0,0.687037467956543,True,handpd:meander,5
P1_image,vgg16,1,HC:0100,0,0.6262662410736084,True,handpd:meander,5
P1_image,vgg16,1,HC:0102,0,0.635658860206604,True,handpd:meander,5
P1_image,vgg16,1,HC:0102,0,0.6051986813545227,True,handpd:meander,5
P1_image,vgg16,1,HC:0104,0,0.626952588558197,True,handpd:meander,5
P1_image,vgg16,1,HC:0112,0,0.6394332051277161,True,handpd:meander,5
P1_image,vgg16,1,HC:0116,0,0.7618547081947327,True,handpd:meander,5
P1_image,vgg16,1,HC:0116,0,0.6898550391197205,True,handpd:meander,5
P1_image,vgg16,1,HC:0127,0,0.628004252910614,True,handpd:meander,5
P1_image,vgg16,1,HC:0131,0,0.613391101360321,True,handpd:meander,5
P1_image,vgg16,1,HC:0287,0,0.6785306930541992,True,handpd:meander,5
P1_image,vgg16,1,HC:0289,0,0.6201810240745544,True,handpd:meander,5
P1_image,vgg16,1,HC:0293,0,0.7399559617042542,True,handpd:meander,5
P1_image,vgg16,1,HC:0295,0,0.8845454454421997,True,handpd:meander,5
P1_image,vgg16,1,HC:0297,0,0.7643163204193115,True,handpd:meander,5
P1_image,vgg16,1,HC:0297,0,0.7944259643554688,True,handpd:meander,5
P1_image,vgg16,1,PD:0002,1,0.9806119799613953,True,handpd:meander,5
P1_image,vgg16,1,PD:0002,1,0.9806290864944458,True,handpd:meander,5
P1_image,vgg16,1,PD:0003,1,0.9813030362129211,True,handpd:meander,5
P1_image,vgg16,1,PD:0005,1,0.9587280750274658,True,handpd:meander,5
P1_image,vgg16,1,PD:0005,1,0.9776443839073181,True,handpd:meander,5
P1_image,vgg16,1,PD:0009,1,0.7763916850090027,True,handpd:meander,5
P1_image,vgg16,1,PD:0010,1,0.9851509928703308,True,handpd:meander,5
P1_image,vgg16,1,PD:0016,1,0.8897572159767151,True,handpd:meander,5
P1_image,vgg16,1,PD:0023,1,0.9308165311813354,True,handpd:meander,5
P1_image,vgg16,1,PD:0031,1,0.7511477470397949,True,handpd:meander,5
P1_image,vgg16,1,PD:0037,1,0.963764488697052,True,handpd:meander,5
P1_image,vgg16,1,PD:0038,1,0.9934502840042114,True,handpd:meander,5
P1_image,vgg16,1,PD:0045,1,0.9919054508209229,True,handpd:meander,5
P1_image,vgg16,1,PD:0046,1,0.9928624033927917,True,handpd:meander,5
P1_image,vgg16,1,PD:0046,1,0.9822044968605042,True,handpd:meander,5
P1_image,vgg16,1,PD:0051,1,0.6534530520439148,True,handpd:meander,5
P1_image,vgg16,1,PD:0052,1,0.844521701335907,True,handpd:meander,5
P1_image,vgg16,1,PD:0053,1,0.8612638115882874,True,handpd:meander,5
P1_image,vgg16,1,PD:0053,1,0.9391623139381409,True,handpd:meander,5
P1_image,vgg16,1,PD:0134,1,0.9831016659736633,True,handpd:meander,5
P1_image,vgg16,1,PD:0134,1,0.9976309537887573,True,handpd:meander,5
P1_image,vgg16,1,PD:0134,1,0.9971396923065186,True,handpd:meander,5
P1_image,vgg16,1,PD:0136,1,0.9235376715660095,True,handpd:meander,5
P1_image,vgg16,1,PD:0136,1,0.9116028547286987,True,handpd:meander,5
P1_image,vgg16,1,PD:0136,1,0.9704805612564087,True,handpd:meander,5
P1_image,vgg16,1,PD:0138,1,0.7174494862556458,True,handpd:meander,5
P1_image,vgg16,1,PD:0139,1,0.6174419522285461,True,handpd:meander,5
P1_image,vgg16,1,PD:0143,1,0.9778627157211304,True,handpd:meander,5
P1_image,vgg16,1,PD:0143,1,0.8659301996231079,True,handpd:meander,5
P1_image,vgg16,1,PD:0143,1,0.9377087950706482,True,handpd:meander,5
P1_image,vgg16,1,PD:0149,1,0.977325439453125,True,handpd:meander,5
P1_image,vgg16,1,PD:0149,1,0.9875138401985168,True,handpd:meander,5
P1_image,vgg16,1,PD:0161,1,0.909148633480072,True,handpd:meander,5
P1_image,vgg16,1,PD:0161,1,0.9246083498001099,True,handpd:meander,5
P1_image,vgg16,1,PD:0165,1,0.6268108487129211,True,handpd:meander,5
P1_image,vgg16,1,PD:0166,1,0.9103107452392578,True,handpd:meander,5
P1_image,vgg16,1,PD:0166,1,0.8925323486328125,True,handpd:meander,5
P1_image,vgg16,1,PD:0170,1,0.9988899827003479,True,handpd:meander,5
P1_image,vgg16,1,PD:0174,1,0.9989199638366699,True,handpd:meander,5
P1_image,vgg16,1,PD:0174,1,0.9989385008811951,True,handpd:meander,5
P1_image,vgg16,1,PD:0176,1,0.9557161331176758,True,handpd:meander,5
P1_image,vgg16,1,PD:0177,1,0.7415340542793274,True,handpd:meander,5
P1_image,vgg16,1,PD:0181,1,0.9282147288322449,True,handpd:meander,5
P1_image,vgg16,1,PD:0181,1,0.9277091026306152,True,handpd:meander,5
P1_image,vgg16,1,PD:0182,1,0.9223577976226807,True,handpd:meander,5
P1_image,vgg16,1,PD:0186,1,0.7838396430015564,True,handpd:meander,5
P1_image,vgg16,1,PD:0187,1,0.7209134697914124,True,handpd:meander,5
P1_image,vgg16,1,PD:0187,1,0.7591433525085449,True,handpd:meander,5
P1_image,vgg16,1,PD:0187,1,0.8078710436820984,True,handpd:meander,5
P1_image,vgg16,1,PD:0188,1,0.8388445377349854,True,handpd:meander,5
P1_image,vgg16,1,PD:0188,1,0.9159947037696838,True,handpd:meander,5
P1_image,vgg16,1,PD:0188,1,0.8641999959945679,True,handpd:meander,5
P1_image,vgg16,1,PD:0192,1,0.8896662592887878,True,handpd:meander,5
P1_image,vgg16,1,PD:0196,1,0.8029097318649292,True,handpd:meander,5
P1_image,vgg16,1,PD:0196,1,0.7770752310752869,True,handpd:meander,5
P1_image,vgg16,1,PD:0197,1,0.8535727262496948,True,handpd:meander,5
P1_image,vgg16,1,PD:0197,1,0.9754924774169922,True,handpd:meander,5
P1_image,vgg16,1,PD:0198,1,0.7829174399375916,True,handpd:meander,5
P1_image,vgg16,1,PD:0198,1,0.9620682597160339,True,handpd:meander,5
P1_image,vgg16,1,PD:0207,1,0.9748867750167847,True,handpd:meander,5
P1_image,vgg16,1,PD:0208,1,0.9899153709411621,True,handpd:meander,5
P1_image,vgg16,1,PD:0213,1,0.9837632179260254,True,handpd:meander,5
P1_image,vgg16,1,PD:0213,1,0.9723632335662842,True,handpd:meander,5
P1_image,vgg16,1,PD:0214,1,0.9964268803596497,True,handpd:meander,5
P1_image,vgg16,1,PD:0214,1,0.949125349521637,True,handpd:meander,5
P1_image,vgg16,1,PD:0218,1,0.6213330030441284,True,handpd:meander,5
P1_image,vgg16,1,PD:0219,1,0.9265879392623901,True,handpd:meander,5
P1_image,vgg16,1,PD:0223,1,0.921130895614624,True,handpd:meander,5
P1_image,vgg16,1,PD:0223,1,0.9903013706207275,True,handpd:meander,5
P1_image,vgg16,1,PD:0228,1,0.9964853525161743,True,handpd:meander,5
P1_image,vgg16,1,PD:0228,1,0.9989326596260071,True,handpd:meander,5
P1_image,vgg16,1,PD:0229,1,0.999799907207489,True,handpd:meander,5
P1_image,vgg16,1,PD:0229,1,0.9997187256813049,True,handpd:meander,5
P1_image,vgg16,1,PD:0229,1,0.9997037053108215,True,handpd:meander,5
P1_image,vgg16,1,PD:0230,1,0.9997884631156921,True,handpd:meander,5
P1_image,vgg16,1,PD:0230,1,0.9989770650863647,True,handpd:meander,5
P1_image,vgg16,1,PD:0235,1,0.9995927214622498,True,handpd:meander,5
P1_image,vgg16,1,PD:0235,1,0.9994878768920898,True,handpd:meander,5
P1_image,vgg16,1,PD:0236,1,0.9994761347770691,True,handpd:meander,5
P1_image,vgg16,1,PD:0236,1,0.9986969828605652,True,handpd:meander,5
P1_image,vgg16,1,PD:0236,1,0.9998076558113098,True,handpd:meander,5
P1_image,vgg16,1,PD:0240,1,0.790574848651886,True,handpd:meander,5
P1_image,vgg16,1,PD:0240,1,0.842690646648407,True,handpd:meander,5
P1_image,vgg16,1,PD:0241,1,0.999834418296814,True,handpd:meander,5
P1_image,vgg16,1,PD:0242,1,0.961024284362793,True,handpd:meander,5
P1_image,vgg16,1,PD:0246,1,0.9971482157707214,True,handpd:meander,5
P1_image,vgg16,1,PD:0253,1,0.7877097129821777,True,handpd:meander,5
P1_image,vgg16,1,PD:0254,1,0.8788114786148071,True,handpd:meander,5
P1_image,vgg16,1,PD:0254,1,0.9784140586853027,True,handpd:meander,5
P1_image,vgg16,1,PD:0261,1,0.9082112908363342,True,handpd:meander,5
P1_image,vgg16,1,PD:0268,1,0.9252230525016785,True,handpd:meander,5
P1_image,vgg16,1,PD:0269,1,0.9134989380836487,True,handpd:meander,5
P1_image,vgg16,1,PD:0269,1,0.9632100462913513,True,handpd:meander,5
P1_image,vgg16,1,PD:0273,1,0.8931728601455688,True,handpd:meander,5
P1_image,vgg16,1,PD:0274,1,0.9555757641792297,True,handpd:meander,5
P1_image,vgg16,1,PD:0280,1,0.8719758987426758,True,handpd:meander,5
P1_image,vgg16,1,PD:0280,1,0.951641321182251,True,handpd:meander,5
P1_image,vgg16,1,PD:0281,1,0.9368446469306946,True,handpd:meander,5
P1_image,vgg16,1,PD:0281,1,0.9927762746810913,True,handpd:meander,5
P1_image,vgg16,2,HC:0068,0,0.7673735618591309,True,handpd:meander,5
P1_image,vgg16,2,HC:0092,0,0.7720937728881836,True,handpd:meander,5
P1_image,vgg16,2,HC:0098,0,0.762199342250824,True,handpd:meander,5
P1_image,vgg16,2,HC:0100,0,0.7541974186897278,True,handpd:meander,5
P1_image,vgg16,2,HC:0102,0,0.7540236115455627,True,handpd:meander,5
P1_image,vgg16,2,HC:0104,0,0.7653955817222595,True,handpd:meander,5
P1_image,vgg16,2,HC:0104,0,0.7535201907157898,True,handpd:meander,5
P1_image,vgg16,2,HC:0106,0,0.762302577495575,True,handpd:meander,5
P1_image,vgg16,2,HC:0106,0,0.7760299444198608,True,handpd:meander,5
P1_image,vgg16,2,HC:0112,0,0.7194004058837891,True,handpd:meander,5
P1_image,vgg16,2,HC:0116,0,0.731419026851654,True,handpd:meander,5
P1_image,vgg16,2,HC:0127,0,0.7732024788856506,True,handpd:meander,5
P1_image,vgg16,2,HC:0129,0,0.7991864681243896,True,handpd:meander,5
P1_image,vgg16,2,HC:0129,0,0.7422290444374084,True,handpd:meander,5
P1_image,vgg16,2,HC:0131,0,0.7836813926696777,True,handpd:meander,5
P1_image,vgg16,2,HC:0131,0,0.777866542339325,True,handpd:meander,5
P1_image,vgg16,2,HC:0131,0,0.7377315163612366,True,handpd:meander,5
P1_image,vgg16,2,HC:0289,0,0.8097299337387085,True,handpd:meander,5
P1_image,vgg16,2,HC:0293,0,0.8415672183036804,True,handpd:meander,5
P1_image,vgg16,2,HC:0295,0,0.8345428705215454,True,handpd:meander,5
P1_image,vgg16,2,HC:0295,0,0.8672152757644653,True,handpd:meander,5
P1_image,vgg16,2,HC:0295,0,0.859291136264801,True,handpd:meander,5
P1_image,vgg16,2,HC:0305,0,0.8831974864006042,True,handpd:meander,5
P1_image,vgg16,2,HC:0305,0,0.8569621443748474,True,handpd:meander,5
P1_image,vgg16,2,PD:0002,1,0.9231293201446533,True,handpd:meander,5
P1_image,vgg16,2,PD:0003,1,0.9842862486839294,True,handpd:meander,5
P1_image,vgg16,2,PD:0003,1,0.9597998261451721,True,handpd:meander,5
P1_image,vgg16,2,PD:0004,1,0.8943974375724792,True,handpd:meander,5
P1_image,vgg16,2,PD:0005,1,0.9086254239082336,True,handpd:meander,5
P1_image,vgg16,2,PD:0009,1,0.7972670793533325,True,handpd:meander,5
P1_image,vgg16,2,PD:0010,1,0.8949756622314453,True,handpd:meander,5
P1_image,vgg16,2,PD:0010,1,0.9215821027755737,True,handpd:meander,5
P1_image,vgg16,2,PD:0016,1,0.8448995351791382,True,handpd:meander,5
P1_image,vgg16,2,PD:0023,1,0.8584895730018616,True,handpd:meander,5
P1_image,vgg16,2,PD:0023,1,0.8589215874671936,True,handpd:meander,5
P1_image,vgg16,2,PD:0024,1,0.8466688394546509,True,handpd:meander,5
P1_image,vgg16,2,PD:0024,1,0.8474389314651489,True,handpd:meander,5
P1_image,vgg16,2,PD:0030,1,0.8721102476119995,False,handpd:meander,5
P1_image,vgg16,2,PD:0030,1,0.8668014407157898,False,handpd:meander,5
P1_image,vgg16,2,PD:0030,1,0.9000561833381653,False,handpd:meander,5
P1_image,vgg16,2,PD:0030,1,0.8830362558364868,False,handpd:meander,5
P1_image,vgg16,2,PD:0031,1,0.84739750623703,True,handpd:meander,5
P1_image,vgg16,2,PD:0031,1,0.8278303146362305,True,handpd:meander,5
P1_image,vgg16,2,PD:0037,1,0.901771068572998,True,handpd:meander,5
P1_image,vgg16,2,PD:0037,1,0.8839437961578369,True,handpd:meander,5
P1_image,vgg16,2,PD:0037,1,0.8977038264274597,True,handpd:meander,5
P1_image,vgg16,2,PD:0038,1,0.9368385672569275,True,handpd:meander,5
P1_image,vgg16,2,PD:0044,1,0.8927867412567139,True,handpd:meander,5
P1_image,vgg16,2,PD:0046,1,0.913785457611084,True,handpd:meander,5
P1_image,vgg16,2,PD:0046,1,0.8687370419502258,True,handpd:meander,5
P1_image,vgg16,2,PD:0052,1,0.8377843499183655,True,handpd:meander,5
P1_image,vgg16,2,PD:0053,1,0.8116548657417297,True,handpd:meander,5
P1_image,vgg16,2,PD:0054,1,0.8180866241455078,True,handpd:meander,5
P1_image,vgg16,2,PD:0054,1,0.8471155166625977,True,handpd:meander,5
P1_image,vgg16,2,PD:0054,1,0.8329483866691589,True,handpd:meander,5
P1_image,vgg16,2,PD:0134,1,0.9009110331535339,True,handpd:meander,5
P1_image,vgg16,2,PD:0136,1,0.8728976845741272,True,handpd:meander,5
P1_image,vgg16,2,PD:0138,1,0.7852251529693604,True,handpd:meander,5
P1_image,vgg16,2,PD:0139,1,0.7917332649230957,True,handpd:meander,5
P1_image,vgg16,2,PD:0139,1,0.8098575472831726,True,handpd:meander,5
P1_image,vgg16,2,PD:0143,1,0.8711024522781372,True,handpd:meander,5
P1_image,vgg16,2,PD:0148,1,0.8842882513999939,True,handpd:meander,5
P1_image,vgg16,2,PD:0148,1,0.9043394923210144,True,handpd:meander,5
P1_image,vgg16,2,PD:0149,1,0.9076923727989197,True,handpd:meander,5
P1_image,vgg16,2,PD:0153,1,0.8192171454429626,True,handpd:meander,5
P1_image,vgg16,2,PD:0153,1,0.7936743497848511,True,handpd:meander,5
P1_image,vgg16,2,PD:0157,1,0.8960854411125183,True,handpd:meander,5
P1_image,vgg16,2,PD:0165,1,0.796596884727478,True,handpd:meander,5
P1_image,vgg16,2,PD:0166,1,0.8861337304115295,True,handpd:meander,5
P1_image,vgg16,2,PD:0174,1,0.9594359993934631,True,handpd:meander,5
P1_image,vgg16,2,PD:0174,1,0.9584966897964478,True,handpd:meander,5
P1_image,vgg16,2,PD:0176,1,0.8668040633201599,True,handpd:meander,5
P1_image,vgg16,2,PD:0177,1,0.8743452429771423,True,handpd:meander,5
P1_image,vgg16,2,PD:0181,1,0.8564608097076416,True,handpd:meander,5
P1_image,vgg16,2,PD:0181,1,0.8996197581291199,True,handpd:meander,5
P1_image,vgg16,2,PD:0182,1,0.8866658210754395,True,handpd:meander,5
P1_image,vgg16,2,PD:0187,1,0.8485801815986633,True,handpd:meander,5
P1_image,vgg16,2,PD:0188,1,0.856217622756958,True,handpd:meander,5
P1_image,vgg16,2,PD:0192,1,0.8794775605201721,True,handpd:meander,5
P1_image,vgg16,2,PD:0192,1,0.8952131271362305,True,handpd:meander,5
P1_image,vgg16,2,PD:0196,1,0.8190402984619141,True,handpd:meander,5
P1_image,vgg16,2,PD:0198,1,0.8489503860473633,True,handpd:meander,5
P1_image,vgg16,2,PD:0198,1,0.8755896687507629,True,handpd:meander,5
P1_image,vgg16,2,PD:0202,1,0.7998871803283691,False,handpd:meander,5
P1_image,vgg16,2,PD:0202,1,0.808205246925354,False,handpd:meander,5
P1_image,vgg16,2,PD:0202,1,0.7910509705543518,False,handpd:meander,5
P1_image,vgg16,2,PD:0202,1,0.8058426976203918,False,handpd:meander,5
P1_image,vgg16,2,PD:0203,1,0.8734716773033142,True,handpd:meander,5
P1_image,vgg16,2,PD:0203,1,0.8770037293434143,True,handpd:meander,5
P1_image,vgg16,2,PD:0207,1,0.8815133571624756,True,handpd:meander,5
P1_image,vgg16,2,PD:0208,1,0.8618851900100708,True,handpd:meander,5
P1_image,vgg16,2,PD:0213,1,0.9425174593925476,True,handpd:meander,5
P1_image,vgg16,2,PD:0213,1,0.8536649942398071,True,handpd:meander,5
P1_image,vgg16,2,PD:0214,1,0.9656829833984375,True,handpd:meander,5
P1_image,vgg16,2,PD:0218,1,0.8215473294258118,True,handpd:meander,5
P1_image,vgg16,2,PD:0223,1,0.8560632467269897,True,handpd:meander,5
P1_image,vgg16,2,PD:0228,1,0.9835710525512695,True,handpd:meander,5
P1_image,vgg16,2,PD:0229,1,0.9712560176849365,True,handpd:meander,5
P1_image,vgg16,2,PD:0230,1,0.9881104230880737,True,handpd:meander,5
P1_image,vgg16,2,PD:0230,1,0.9801888465881348,True,handpd:meander,5
P1_image,vgg16,2,PD:0234,1,0.9341391921043396,True,handpd:meander,5
P1_image,vgg16,2,PD:0234,1,0.8915082812309265,True,handpd:meander,5
P1_image,vgg16,2,PD:0234,1,0.9252863526344299,True,handpd:meander,5
P1_image,vgg16,2,PD:0235,1,0.9128064513206482,True,handpd:meander,5
P1_image,vgg16,2,PD:0241,1,0.9408155679702759,True,handpd:meander,5
P1_image,vgg16,2,PD:0242,1,0.9165177345275879,True,handpd:meander,5
P1_image,vgg16,2,PD:0242,1,0.9164507985115051,True,handpd:meander,5
P1_image,vgg16,2,PD:0246,1,0.947716236114502,True,handpd:meander,5
P1_image,vgg16,2,PD:0247,1,0.9218921065330505,True,handpd:meander,5
P1_image,vgg16,2,PD:0253,1,0.8235406279563904,True,handpd:meander,5
P1_image,vgg16,2,PD:0253,1,0.8144580125808716,True,handpd:meander,5
P1_image,vgg16,2,PD:0254,1,0.825617790222168,True,handpd:meander,5
P1_image,vgg16,2,PD:0261,1,0.8536553382873535,True,handpd:meander,5
P1_image,vgg16,2,PD:0261,1,0.8131977319717407,True,handpd:meander,5
P1_image,vgg16,2,PD:0268,1,0.9005754590034485,True,handpd:meander,5
P1_image,vgg16,2,PD:0268,1,0.8784257769584656,True,handpd:meander,5
P1_image,vgg16,2,PD:0269,1,0.8595438599586487,True,handpd:meander,5
P1_image,vgg16,2,PD:0269,1,0.8998854756355286,True,handpd:meander,5
P1_image,vgg16,2,PD:0273,1,0.8619710206985474,True,handpd:meander,5
P1_image,vgg16,2,PD:0274,1,0.845159113407135,True,handpd:meander,5
P1_image,vgg16,2,PD:0281,1,0.9212208986282349,True,handpd:meander,5
P1_image,vgg16,2,PD:0281,1,0.8820365071296692,True,handpd:meander,5
P2_subject,vgg16,0,HC:0068,0,0.7817493081092834,False,handpd:meander,5
P2_subject,vgg16,0,HC:0068,0,0.7203314304351807,False,handpd:meander,5
P2_subject,vgg16,0,HC:0068,0,0.7959581017494202,False,handpd:meander,5
P2_subject,vgg16,0,HC:0068,0,0.8707501888275146,False,handpd:meander,5
P2_subject,vgg16,0,HC:0100,0,0.9165641069412231,False,handpd:meander,5
P2_subject,vgg16,0,HC:0100,0,0.8256705403327942,False,handpd:meander,5
P2_subject,vgg16,0,HC:0100,0,0.9266597628593445,False,handpd:meander,5
P2_subject,vgg16,0,HC:0100,0,0.8813858032226562,False,handpd:meander,5
P2_subject,vgg16,0,HC:0116,0,0.9025796055793762,False,handpd:meander,5
P2_subject,vgg16,0,HC:0116,0,0.8758242726325989,False,handpd:meander,5
P2_subject,vgg16,0,HC:0116,0,0.9338417649269104,False,handpd:meander,5
P2_subject,vgg16,0,HC:0116,0,0.8200917840003967,False,handpd:meander,5
P2_subject,vgg16,0,HC:0129,0,0.8142863512039185,False,handpd:meander,5
P2_subject,vgg16,0,HC:0129,0,0.8247752785682678,False,handpd:meander,5
P2_subject,vgg16,0,HC:0129,0,0.8432139158248901,False,handpd:meander,5
P2_subject,vgg16,0,HC:0129,0,0.8385465145111084,False,handpd:meander,5
P2_subject,vgg16,0,HC:0289,0,0.8283845782279968,False,handpd:meander,5
P2_subject,vgg16,0,HC:0289,0,0.8777143955230713,False,handpd:meander,5
P2_subject,vgg16,0,HC:0289,0,0.8986486792564392,False,handpd:meander,5
P2_subject,vgg16,0,HC:0289,0,0.9127299785614014,False,handpd:meander,5
P2_subject,vgg16,0,HC:0295,0,0.9613497257232666,False,handpd:meander,5
P2_subject,vgg16,0,HC:0295,0,0.9763343334197998,False,handpd:meander,5
P2_subject,vgg16,0,HC:0295,0,0.9772258996963501,False,handpd:meander,5
P2_subject,vgg16,0,HC:0295,0,0.9745263457298279,False,handpd:meander,5
P2_subject,vgg16,0,PD:0003,1,0.9974167346954346,False,handpd:meander,5
P2_subject,vgg16,0,PD:0003,1,0.9737986326217651,False,handpd:meander,5
P2_subject,vgg16,0,PD:0003,1,0.9949190020561218,False,handpd:meander,5
P2_subject,vgg16,0,PD:0003,1,0.9876339435577393,False,handpd:meander,5
P2_subject,vgg16,0,PD:0005,1,0.9657984972000122,False,handpd:meander,5
P2_subject,vgg16,0,PD:0005,1,0.9767192602157593,False,handpd:meander,5
P2_subject,vgg16,0,PD:0005,1,0.964775562286377,False,handpd:meander,5
P2_subject,vgg16,0,PD:0005,1,0.9701603651046753,False,handpd:meander,5
P2_subject,vgg16,0,PD:0009,1,0.9747617840766907,False,handpd:meander,5
P2_subject,vgg16,0,PD:0009,1,0.8988003730773926,False,handpd:meander,5
P2_subject,vgg16,0,PD:0009,1,0.9391044974327087,False,handpd:meander,5
P2_subject,vgg16,0,PD:0009,1,0.9549662470817566,False,handpd:meander,5
P2_subject,vgg16,0,PD:0016,1,0.9819657206535339,False,handpd:meander,5
P2_subject,vgg16,0,PD:0016,1,0.9637007117271423,False,handpd:meander,5
P2_subject,vgg16,0,PD:0016,1,0.9803109169006348,False,handpd:meander,5
P2_subject,vgg16,0,PD:0016,1,0.9765328764915466,False,handpd:meander,5
P2_subject,vgg16,0,PD:0030,1,0.9428732991218567,False,handpd:meander,5
P2_subject,vgg16,0,PD:0030,1,0.9219721555709839,False,handpd:meander,5
P2_subject,vgg16,0,PD:0030,1,0.9636436700820923,False,handpd:meander,5
P2_subject,vgg16,0,PD:0030,1,0.9620704650878906,False,handpd:meander,5
P2_subject,vgg16,0,PD:0031,1,0.9128921627998352,False,handpd:meander,5
P2_subject,vgg16,0,PD:0031,1,0.8679243922233582,False,handpd:meander,5
P2_subject,vgg16,0,PD:0031,1,0.9173755049705505,False,handpd:meander,5
P2_subject,vgg16,0,PD:0031,1,0.8674122095108032,False,handpd:meander,5
P2_subject,vgg16,0,PD:0037,1,0.9633980989456177,False,handpd:meander,5
P2_subject,vgg16,0,PD:0037,1,0.959417462348938,False,handpd:meander,5
P2_subject,vgg16,0,PD:0037,1,0.9637916088104248,False,handpd:meander,5
P2_subject,vgg16,0,PD:0037,1,0.9785434603691101,False,handpd:meander,5
P2_subject,vgg16,0,PD:0053,1,0.9596393704414368,False,handpd:meander,5
P2_subject,vgg16,0,PD:0053,1,0.9466915130615234,False,handpd:meander,5
P2_subject,vgg16,0,PD:0053,1,0.9358648657798767,False,handpd:meander,5
P2_subject,vgg16,0,PD:0053,1,0.9624159336090088,False,handpd:meander,5
P2_subject,vgg16,0,PD:0054,1,0.9757250547409058,False,handpd:meander,5
P2_subject,vgg16,0,PD:0054,1,0.95871502161026,False,handpd:meander,5
P2_subject,vgg16,0,PD:0054,1,0.960140585899353,False,handpd:meander,5
P2_subject,vgg16,0,PD:0054,1,0.9553146958351135,False,handpd:meander,5
P2_subject,vgg16,0,PD:0139,1,0.9154354333877563,False,handpd:meander,5
P2_subject,vgg16,0,PD:0139,1,0.8779793381690979,False,handpd:meander,5
P2_subject,vgg16,0,PD:0139,1,0.7843902111053467,False,handpd:meander,5
P2_subject,vgg16,0,PD:0139,1,0.9231604933738708,False,handpd:meander,5
P2_subject,vgg16,0,PD:0149,1,0.9799211621284485,False,handpd:meander,5
P2_subject,vgg16,0,PD:0149,1,0.949574887752533,False,handpd:meander,5
P2_subject,vgg16,0,PD:0149,1,0.9695271849632263,False,handpd:meander,5
P2_subject,vgg16,0,PD:0149,1,0.976099967956543,False,handpd:meander,5
P2_subject,vgg16,0,PD:0153,1,0.7839778065681458,False,handpd:meander,5
P2_subject,vgg16,0,PD:0153,1,0.8718517422676086,False,handpd:meander,5
P2_subject,vgg16,0,PD:0153,1,0.8046388626098633,False,handpd:meander,5
P2_subject,vgg16,0,PD:0153,1,0.7740910649299622,False,handpd:meander,5
P2_subject,vgg16,0,PD:0161,1,0.8854918479919434,False,handpd:meander,5
P2_subject,vgg16,0,PD:0161,1,0.9491567015647888,False,handpd:meander,5
P2_subject,vgg16,0,PD:0161,1,0.9449967741966248,False,handpd:meander,5
P2_subject,vgg16,0,PD:0161,1,0.9673430919647217,False,handpd:meander,5
P2_subject,vgg16,0,PD:0186,1,0.8887479305267334,False,handpd:meander,5
P2_subject,vgg16,0,PD:0186,1,0.9189138412475586,False,handpd:meander,5
P2_subject,vgg16,0,PD:0186,1,0.9499673843383789,False,handpd:meander,5
P2_subject,vgg16,0,PD:0186,1,0.9239550232887268,False,handpd:meander,5
P2_subject,vgg16,0,PD:0187,1,0.8606234788894653,False,handpd:meander,5
P2_subject,vgg16,0,PD:0187,1,0.9079157710075378,False,handpd:meander,5
P2_subject,vgg16,0,PD:0187,1,0.9383128881454468,False,handpd:meander,5
P2_subject,vgg16,0,PD:0187,1,0.8891812562942505,False,handpd:meander,5
P2_subject,vgg16,0,PD:0197,1,0.971427321434021,False,handpd:meander,5
P2_subject,vgg16,0,PD:0197,1,0.9555478096008301,False,handpd:meander,5
P2_subject,vgg16,0,PD:0197,1,0.9526371955871582,False,handpd:meander,5
P2_subject,vgg16,0,PD:0197,1,0.9811486601829529,False,handpd:meander,5
P2_subject,vgg16,0,PD:0218,1,0.7883203029632568,False,handpd:meander,5
P2_subject,vgg16,0,PD:0218,1,0.8674091696739197,False,handpd:meander,5
P2_subject,vgg16,0,PD:0218,1,0.851162314414978,False,handpd:meander,5
P2_subject,vgg16,0,PD:0218,1,0.7749577164649963,False,handpd:meander,5
P2_subject,vgg16,0,PD:0223,1,0.9390705227851868,False,handpd:meander,5
P2_subject,vgg16,0,PD:0223,1,0.9463741183280945,False,handpd:meander,5
P2_subject,vgg16,0,PD:0223,1,0.9265585541725159,False,handpd:meander,5
P2_subject,vgg16,0,PD:0223,1,0.9787636995315552,False,handpd:meander,5
P2_subject,vgg16,0,PD:0230,1,0.9997105002403259,False,handpd:meander,5
P2_subject,vgg16,0,PD:0230,1,0.9983293414115906,False,handpd:meander,5
P2_subject,vgg16,0,PD:0230,1,0.9990584254264832,False,handpd:meander,5
P2_subject,vgg16,0,PD:0230,1,0.995936393737793,False,handpd:meander,5
P2_subject,vgg16,0,PD:0235,1,0.9985842704772949,False,handpd:meander,5
P2_subject,vgg16,0,PD:0235,1,0.9932911396026611,False,handpd:meander,5
P2_subject,vgg16,0,PD:0235,1,0.9922032356262207,False,handpd:meander,5
P2_subject,vgg16,0,PD:0235,1,0.994765043258667,False,handpd:meander,5
P2_subject,vgg16,0,PD:0247,1,0.9894225001335144,False,handpd:meander,5
P2_subject,vgg16,0,PD:0247,1,0.9790635704994202,False,handpd:meander,5
P2_subject,vgg16,0,PD:0247,1,0.9927071928977966,False,handpd:meander,5
P2_subject,vgg16,0,PD:0247,1,0.987301230430603,False,handpd:meander,5
P2_subject,vgg16,0,PD:0269,1,0.9705774784088135,False,handpd:meander,5
P2_subject,vgg16,0,PD:0269,1,0.9500916600227356,False,handpd:meander,5
P2_subject,vgg16,0,PD:0269,1,0.9828912019729614,False,handpd:meander,5
P2_subject,vgg16,0,PD:0269,1,0.958562970161438,False,handpd:meander,5
P2_subject,vgg16,0,PD:0274,1,0.9823207855224609,False,handpd:meander,5
P2_subject,vgg16,0,PD:0274,1,0.9690320491790771,False,handpd:meander,5
P2_subject,vgg16,0,PD:0274,1,0.9808315634727478,False,handpd:meander,5
P2_subject,vgg16,0,PD:0274,1,0.9622673392295837,False,handpd:meander,5
P2_subject,vgg16,0,PD:0280,1,0.969959020614624,False,handpd:meander,5
P2_subject,vgg16,0,PD:0280,1,0.9827501773834229,False,handpd:meander,5
P2_subject,vgg16,0,PD:0280,1,0.9849564433097839,False,handpd:meander,5
P2_subject,vgg16,0,PD:0280,1,0.951528012752533,False,handpd:meander,5
P2_subject,vgg16,0,PD:0281,1,0.9831733703613281,False,handpd:meander,5
P2_subject,vgg16,0,PD:0281,1,0.9705948829650879,False,handpd:meander,5
P2_subject,vgg16,0,PD:0281,1,0.9683517813682556,False,handpd:meander,5
P2_subject,vgg16,0,PD:0281,1,0.9839107990264893,False,handpd:meander,5
P2_subject,vgg16,1,HC:0104,0,0.7678293585777283,False,handpd:meander,5
P2_subject,vgg16,1,HC:0104,0,0.7465588450431824,False,handpd:meander,5
P2_subject,vgg16,1,HC:0104,0,0.7649819254875183,False,handpd:meander,5
P2_subject,vgg16,1,HC:0104,0,0.7765865325927734,False,handpd:meander,5
P2_subject,vgg16,1,HC:0112,0,0.8309739232063293,False,handpd:meander,5
P2_subject,vgg16,1,HC:0112,0,0.699643611907959,False,handpd:meander,5
P2_subject,vgg16,1,HC:0112,0,0.6650171279907227,False,handpd:meander,5
P2_subject,vgg16,1,HC:0112,0,0.7339696288108826,False,handpd:meander,5
P2_subject,vgg16,1,HC:0127,0,0.7776599526405334,False,handpd:meander,5
P2_subject,vgg16,1,HC:0127,0,0.8204955458641052,False,handpd:meander,5
P2_subject,vgg16,1,HC:0127,0,0.7563572525978088,False,handpd:meander,5
P2_subject,vgg16,1,HC:0127,0,0.6649063229560852,False,handpd:meander,5
P2_subject,vgg16,1,HC:0131,0,0.815789520740509,False,handpd:meander,5
P2_subject,vgg16,1,HC:0131,0,0.8172851204872131,False,handpd:meander,5
P2_subject,vgg16,1,HC:0131,0,0.8163334131240845,False,handpd:meander,5
P2_subject,vgg16,1,HC:0131,0,0.7717808485031128,False,handpd:meander,5
P2_subject,vgg16,1,HC:0293,0,0.9109159708023071,False,handpd:meander,5
P2_subject,vgg16,1,HC:0293,0,0.8615323901176453,False,handpd:meander,5
P2_subject,vgg16,1,HC:0293,0,0.8945652842521667,False,handpd:meander,5
P2_subject,vgg16,1,HC:0293,0,0.9487613439559937,False,handpd:meander,5
P2_subject,vgg16,1,HC:0305,0,0.9864662289619446,False,handpd:meander,5
P2_subject,vgg16,1,HC:0305,0,0.9820406436920166,False,handpd:meander,5
P2_subject,vgg16,1,HC:0305,0,0.9480840563774109,False,handpd:meander,5
P2_subject,vgg16,1,HC:0305,0,0.9743046164512634,False,handpd:meander,5
P2_subject,vgg16,1,PD:0002,1,0.9952784776687622,False,handpd:meander,5
P2_subject,vgg16,1,PD:0002,1,0.9969498515129089,False,handpd:meander,5
P2_subject,vgg16,1,PD:0002,1,0.9946211576461792,False,handpd:meander,5
P2_subject,vgg16,1,PD:0002,1,0.9969243407249451,False,handpd:meander,5
P2_subject,vgg16,1,PD:0038,1,0.9836956262588501,False,handpd:meander,5
P2_subject,vgg16,1,PD:0038,1,0.9805843830108643,False,handpd:meander,5
P2_subject,vgg16,1,PD:0038,1,0.988141655921936,False,handpd:meander,5
P2_subject,vgg16,1,PD:0038,1,0.9854062795639038,False,handpd:meander,5
P2_subject,vgg16,1,PD:0044,1,0.9792095422744751,False,handpd:meander,5
P2_subject,vgg16,1,PD:0044,1,0.9775568842887878,False,handpd:meander,5
P2_subject,vgg16,1,PD:0044,1,0.9864221811294556,False,handpd:meander,5
P2_subject,vgg16,1,PD:0044,1,0.9561957716941833,False,handpd:meander,5
P2_subject,vgg16,1,PD:0046,1,0.9962653517723083,False,handpd:meander,5
P2_subject,vgg16,1,PD:0046,1,0.9935638308525085,False,handpd:meander,5
P2_subject,vgg16,1,PD:0046,1,0.9889137148857117,False,handpd:meander,5
P2_subject,vgg16,1,PD:0046,1,0.9915069937705994,False,handpd:meander,5
P2_subject,vgg16,1,PD:0143,1,0.9654586911201477,False,handpd:meander,5
P2_subject,vgg16,1,PD:0143,1,0.9738760590553284,False,handpd:meander,5
P2_subject,vgg16,1,PD:0143,1,0.9563682079315186,False,handpd:meander,5
P2_subject,vgg16,1,PD:0143,1,0.9599734544754028,False,handpd:meander,5
P2_subject,vgg16,1,PD:0148,1,0.9806514382362366,False,handpd:meander,5
P2_subject,vgg16,1,PD:0148,1,0.9948912858963013,False,handpd:meander,5
P2_subject,vgg16,1,PD:0148,1,0.9817286133766174,False,handpd:meander,5
P2_subject,vgg16,1,PD:0148,1,0.987983226776123,False,handpd:meander,5
P2_subject,vgg16,1,PD:0157,1,0.9862154722213745,False,handpd:meander,5
P2_subject,vgg16,1,PD:0157,1,0.9802812933921814,False,handpd:meander,5
P2_subject,vgg16,1,PD:0157,1,0.9695621132850647,False,handpd:meander,5
P2_subject,vgg16,1,PD:0157,1,0.9717095494270325,False,handpd:meander,5
P2_subject,vgg16,1,PD:0165,1,0.8866913914680481,False,handpd:meander,5
P2_subject,vgg16,1,PD:0165,1,0.8358101844787598,False,handpd:meander,5
P2_subject,vgg16,1,PD:0165,1,0.8019483685493469,False,handpd:meander,5
P2_subject,vgg16,1,PD:0165,1,0.8405256867408752,False,handpd:meander,5
P2_subject,vgg16,1,PD:0166,1,0.9769231081008911,False,handpd:meander,5
P2_subject,vgg16,1,PD:0166,1,0.966092050075531,False,handpd:meander,5
P2_subject,vgg16,1,PD:0166,1,0.9366466403007507,False,handpd:meander,5
P2_subject,vgg16,1,PD:0166,1,0.9594166874885559,False,handpd:meander,5
P2_subject,vgg16,1,PD:0170,1,0.9964661598205566,False,handpd:meander,5
P2_subject,vgg16,1,PD:0170,1,0.9873453974723816,False,handpd:meander,5
P2_subject,vgg16,1,PD:0170,1,0.9953118562698364,False,handpd:meander,5
P2_subject,vgg16,1,PD:0170,1,0.9976531863212585,False,handpd:meander,5
P2_subject,vgg16,1,PD:0174,1,0.9978081583976746,False,handpd:meander,5
P2_subject,vgg16,1,PD:0174,1,0.998612642288208,False,handpd:meander,5
P2_subject,vgg16,1,PD:0174,1,0.9993023872375488,False,handpd:meander,5
P2_subject,vgg16,1,PD:0174,1,0.9984036087989807,False,handpd:meander,5
P2_subject,vgg16,1,PD:0176,1,0.9876983761787415,False,handpd:meander,5
P2_subject,vgg16,1,PD:0176,1,0.9819208979606628,False,handpd:meander,5
P2_subject,vgg16,1,PD:0176,1,0.9801264405250549,False,handpd:meander,5
P2_subject,vgg16,1,PD:0176,1,0.9750837087631226,False,handpd:meander,5
P2_subject,vgg16,1,PD:0181,1,0.9675078988075256,False,handpd:meander,5
P2_subject,vgg16,1,PD:0181,1,0.9693256616592407,False,handpd:meander,5
P2_subject,vgg16,1,PD:0181,1,0.957160234451294,False,handpd:meander,5
P2_subject,vgg16,1,PD:0181,1,0.9609923362731934,False,handpd:meander,5
P2_subject,vgg16,1,PD:0182,1,0.9177966117858887,False,handpd:meander,5
P2_subject,vgg16,1,PD:0182,1,0.9507356882095337,False,handpd:meander,5
P2_subject,vgg16,1,PD:0182,1,0.9262465238571167,False,handpd:meander,5
P2_subject,vgg16,1,PD:0182,1,0.9546944499015808,False,handpd:meander,5
P2_subject,vgg16,1,PD:0188,1,0.9468852281570435,False,handpd:meander,5
P2_subject,vgg16,1,PD:0188,1,0.896709680557251,False,handpd:meander,5
P2_subject,vgg16,1,PD:0188,1,0.9394667148590088,False,handpd:meander,5
P2_subject,vgg16,1,PD:0188,1,0.9091646671295166,False,handpd:meander,5
P2_subject,vgg16,1,PD:0192,1,0.9710230827331543,False,handpd:meander,5
P2_subject,vgg16,1,PD:0192,1,0.898128092288971,False,handpd:meander,5
P2_subject,vgg16,1,PD:0192,1,0.9671976566314697,False,handpd:meander,5
P2_subject,vgg16,1,PD:0192,1,0.9433271288871765,False,handpd:meander,5
P2_subject,vgg16,1,PD:0203,1,0.9553734660148621,False,handpd:meander,5
P2_subject,vgg16,1,PD:0203,1,0.9723361134529114,False,handpd:meander,5
P2_subject,vgg16,1,PD:0203,1,0.9402936697006226,False,handpd:meander,5
P2_subject,vgg16,1,PD:0203,1,0.9004440307617188,False,handpd:meander,5
P2_subject,vgg16,1,PD:0207,1,0.9810881614685059,False,handpd:meander,5
P2_subject,vgg16,1,PD:0207,1,0.9692157506942749,False,handpd:meander,5
P2_subject,vgg16,1,PD:0207,1,0.8489916324615479,False,handpd:meander,5
P2_subject,vgg16,1,PD:0207,1,0.8916491270065308,False,handpd:meander,5
P2_subject,vgg16,1,PD:0228,1,0.9966938495635986,False,handpd:meander,5
P2_subject,vgg16,1,PD:0228,1,0.991675615310669,False,handpd:meander,5
P2_subject,vgg16,1,PD:0228,1,0.9965988993644714,False,handpd:meander,5
P2_subject,vgg16,1,PD:0228,1,0.9964722394943237,False,handpd:meander,5
P2_subject,vgg16,1,PD:0229,1,0.9991658926010132,False,handpd:meander,5
P2_subject,vgg16,1,PD:0229,1,0.99700528383255,False,handpd:meander,5
P2_subject,vgg16,1,PD:0229,1,0.9964740872383118,False,handpd:meander,5
P2_subject,vgg16,1,PD:0229,1,0.9983519315719604,False,handpd:meander,5
P2_subject,vgg16,1,PD:0236,1,0.9984519481658936,False,handpd:meander,5
P2_subject,vgg16,1,PD:0236,1,0.9993786811828613,False,handpd:meander,5
P2_subject,vgg16,1,PD:0236,1,0.9937053322792053,False,handpd:meander,5
P2_subject,vgg16,1,PD:0236,1,0.9988749623298645,False,handpd:meander,5
P2_subject,vgg16,1,PD:0240,1,0.987779438495636,False,handpd:meander,5
P2_subject,vgg16,1,PD:0240,1,0.9773732423782349,False,handpd:meander,5
P2_subject,vgg16,1,PD:0240,1,0.9713916778564453,False,handpd:meander,5
P2_subject,vgg16,1,PD:0240,1,0.9643895030021667,False,handpd:meander,5
P2_subject,vgg16,1,PD:0241,1,0.9904423356056213,False,handpd:meander,5
P2_subject,vgg16,1,PD:0241,1,0.997465968132019,False,handpd:meander,5
P2_subject,vgg16,1,PD:0241,1,0.9973055124282837,False,handpd:meander,5
P2_subject,vgg16,1,PD:0241,1,0.9923225045204163,False,handpd:meander,5
P2_subject,vgg16,1,PD:0253,1,0.9701621532440186,False,handpd:meander,5
P2_subject,vgg16,1,PD:0253,1,0.9112741947174072,False,handpd:meander,5
P2_subject,vgg16,1,PD:0253,1,0.8962193727493286,False,handpd:meander,5
P2_subject,vgg16,1,PD:0253,1,0.8564387559890747,False,handpd:meander,5
P2_subject,vgg16,1,PD:0261,1,0.9773792028427124,False,handpd:meander,5
P2_subject,vgg16,1,PD:0261,1,0.9346222877502441,False,handpd:meander,5
P2_subject,vgg16,1,PD:0261,1,0.8817962408065796,False,handpd:meander,5
P2_subject,vgg16,1,PD:0261,1,0.9200991988182068,False,handpd:meander,5
P2_subject,vgg16,2,HC:0092,0,0.6323873400688171,False,handpd:meander,5
P2_subject,vgg16,2,HC:0092,0,0.8800791501998901,False,handpd:meander,5
P2_subject,vgg16,2,HC:0092,0,0.7580886483192444,False,handpd:meander,5
P2_subject,vgg16,2,HC:0092,0,0.820038914680481,False,handpd:meander,5
P2_subject,vgg16,2,HC:0098,0,0.7884474396705627,False,handpd:meander,5
P2_subject,vgg16,2,HC:0098,0,0.8919358253479004,False,handpd:meander,5
P2_subject,vgg16,2,HC:0098,0,0.7042223215103149,False,handpd:meander,5
P2_subject,vgg16,2,HC:0098,0,0.8234944939613342,False,handpd:meander,5
P2_subject,vgg16,2,HC:0102,0,0.9828454852104187,False,handpd:meander,5
P2_subject,vgg16,2,HC:0102,0,0.9133121967315674,False,handpd:meander,5
P2_subject,vgg16,2,HC:0102,0,0.9034612774848938,False,handpd:meander,5
P2_subject,vgg16,2,HC:0102,0,0.8836231231689453,False,handpd:meander,5
P2_subject,vgg16,2,HC:0106,0,0.9635112285614014,False,handpd:meander,5
P2_subject,vgg16,2,HC:0106,0,0.7798070907592773,False,handpd:meander,5
P2_subject,vgg16,2,HC:0106,0,0.7641734480857849,False,handpd:meander,5
P2_subject,vgg16,2,HC:0106,0,0.7285441756248474,False,handpd:meander,5
P2_subject,vgg16,2,HC:0287,0,0.9153918623924255,False,handpd:meander,5
P2_subject,vgg16,2,HC:0287,0,0.983117938041687,False,handpd:meander,5
P2_subject,vgg16,2,HC:0287,0,0.9800492525100708,False,handpd:meander,5
P2_subject,vgg16,2,HC:0287,0,0.9874458312988281,False,handpd:meander,5
P2_subject,vgg16,2,HC:0297,0,0.9853854775428772,False,handpd:meander,5
P2_subject,vgg16,2,HC:0297,0,0.9839428663253784,False,handpd:meander,5
P2_subject,vgg16,2,HC:0297,0,0.9855243563652039,False,handpd:meander,5
P2_subject,vgg16,2,HC:0297,0,0.9732090830802917,False,handpd:meander,5
P2_subject,vgg16,2,PD:0004,1,0.9998421669006348,False,handpd:meander,5
P2_subject,vgg16,2,PD:0004,1,0.998957633972168,False,handpd:meander,5
P2_subject,vgg16,2,PD:0004,1,0.9930028319358826,False,handpd:meander,5
P2_subject,vgg16,2,PD:0004,1,0.9992101192474365,False,handpd:meander,5
P2_subject,vgg16,2,PD:0010,1,0.99944669008255,False,handpd:meander,5
P2_subject,vgg16,2,PD:0010,1,0.9999884366989136,False,handpd:meander,5
P2_subject,vgg16,2,PD:0010,1,0.9999462366104126,False,handpd:meander,5
P2_subject,vgg16,2,PD:0010,1,0.9998114705085754,False,handpd:meander,5
P2_subject,vgg16,2,PD:0023,1,0.9996565580368042,False,handpd:meander,5
P2_subject,vgg16,2,PD:0023,1,0.9655968546867371,False,handpd:meander,5
P2_subject,vgg16,2,PD:0023,1,0.9868326187133789,False,handpd:meander,5
P2_subject,vgg16,2,PD:0023,1,0.9861198663711548,False,handpd:meander,5
P2_subject,vgg16,2,PD:0024,1,0.9843599200248718,False,handpd:meander,5
P2_subject,vgg16,2,PD:0024,1,0.9777742624282837,False,handpd:meander,5
P2_subject,vgg16,2,PD:0024,1,0.9868384003639221,False,handpd:meander,5
P2_subject,vgg16,2,PD:0024,1,0.9979700446128845,False,handpd:meander,5
P2_subject,vgg16,2,PD:0045,1,0.9999479055404663,False,handpd:meander,5
P2_subject,vgg16,2,PD:0045,1,0.9997475743293762,False,handpd:meander,5
P2_subject,vgg16,2,PD:0045,1,0.9999903440475464,False,handpd:meander,5
P2_subject,vgg16,2,PD:0045,1,0.9999748468399048,False,handpd:meander,5
P2_subject,vgg16,2,PD:0051,1,0.9989582300186157,False,handpd:meander,5
P2_subject,vgg16,2,PD:0051,1,0.9937469959259033,False,handpd:meander,5
P2_subject,vgg16,2,PD:0051,1,0.9874930381774902,False,handpd:meander,5
P2_subject,vgg16,2,PD:0051,1,0.97959303855896,False,handpd:meander,5
P2_subject,vgg16,2,PD:0052,1,0.9909719228744507,False,handpd:meander,5
P2_subject,vgg16,2,PD:0052,1,0.9973533153533936,False,handpd:meander,5
P2_subject,vgg16,2,PD:0052,1,0.9923163652420044,False,handpd:meander,5
P2_subject,vgg16,2,PD:0052,1,0.99797123670578,False,handpd:meander,5
P2_subject,vgg16,2,PD:0134,1,0.9996010661125183,False,handpd:meander,5
P2_subject,vgg16,2,PD:0134,1,0.9998401403427124,False,handpd:meander,5
P2_subject,vgg16,2,PD:0134,1,0.9999904632568359,False,handpd:meander,5
P2_subject,vgg16,2,PD:0134,1,0.9998668432235718,False,handpd:meander,5
P2_subject,vgg16,2,PD:0136,1,0.9980168342590332,False,handpd:meander,5
P2_subject,vgg16,2,PD:0136,1,0.9966045618057251,False,handpd:meander,5
P2_subject,vgg16,2,PD:0136,1,0.9979000091552734,False,handpd:meander,5
P2_subject,vgg16,2,PD:0136,1,0.9979167580604553,False,handpd:meander,5
P2_subject,vgg16,2,PD:0138,1,0.9899107813835144,False,handpd:meander,5
P2_subject,vgg16,2,PD:0138,1,0.9758829474449158,False,handpd:meander,5
P2_subject,vgg16,2,PD:0138,1,0.9541668891906738,False,handpd:meander,5
P2_subject,vgg16,2,PD:0138,1,0.9989058971405029,False,handpd:meander,5
P2_subject,vgg16,2,PD:0177,1,0.9998266100883484,False,handpd:meander,5
P2_subject,vgg16,2,PD:0177,1,0.9957554340362549,False,handpd:meander,5
P2_subject,vgg16,2,PD:0177,1,0.9988601207733154,False,handpd:meander,5
P2_subject,vgg16,2,PD:0177,1,0.9994412064552307,False,handpd:meander,5
P2_subject,vgg16,2,PD:0196,1,0.997047483921051,False,handpd:meander,5
P2_subject,vgg16,2,PD:0196,1,0.9983761310577393,False,handpd:meander,5
P2_subject,vgg16,2,PD:0196,1,0.9832310676574707,False,handpd:meander,5
P2_subject,vgg16,2,PD:0196,1,0.9996215105056763,False,handpd:meander,5
P2_subject,vgg16,2,PD:0198,1,0.9945117235183716,False,handpd:meander,5
P2_subject,vgg16,2,PD:0198,1,0.999081015586853,False,handpd:meander,5
P2_subject,vgg16,2,PD:0198,1,0.9972509741783142,False,handpd:meander,5
P2_subject,vgg16,2,PD:0198,1,0.9996680021286011,False,handpd:meander,5
P2_subject,vgg16,2,PD:0202,1,0.9544621109962463,False,handpd:meander,5
P2_subject,vgg16,2,PD:0202,1,0.8678865432739258,False,handpd:meander,5
P2_subject,vgg16,2,PD:0202,1,0.841389000415802,False,handpd:meander,5
P2_subject,vgg16,2,PD:0202,1,0.844474196434021,False,handpd:meander,5
P2_subject,vgg16,2,PD:0208,1,0.9902451038360596,False,handpd:meander,5
P2_subject,vgg16,2,PD:0208,1,0.9981347322463989,False,handpd:meander,5
P2_subject,vgg16,2,PD:0208,1,0.9966402053833008,False,handpd:meander,5
P2_subject,vgg16,2,PD:0208,1,0.9995705485343933,False,handpd:meander,5
P2_subject,vgg16,2,PD:0213,1,0.9999710321426392,False,handpd:meander,5
P2_subject,vgg16,2,PD:0213,1,0.9999958276748657,False,handpd:meander,5
P2_subject,vgg16,2,PD:0213,1,0.9998824596405029,False,handpd:meander,5
P2_subject,vgg16,2,PD:0213,1,0.9992110729217529,False,handpd:meander,5
P2_subject,vgg16,2,PD:0214,1,0.999998927116394,False,handpd:meander,5
P2_subject,vgg16,2,PD:0214,1,0.9999860525131226,False,handpd:meander,5
P2_subject,vgg16,2,PD:0214,1,0.9999414682388306,False,handpd:meander,5
P2_subject,vgg16,2,PD:0214,1,0.9996540546417236,False,handpd:meander,5
P2_subject,vgg16,2,PD:0219,1,0.7959907054901123,False,handpd:meander,5
P2_subject,vgg16,2,PD:0219,1,0.8736127614974976,False,handpd:meander,5
P2_subject,vgg16,2,PD:0219,1,0.908675491809845,False,handpd:meander,5
P2_subject,vgg16,2,PD:0219,1,0.960623025894165,False,handpd:meander,5
P2_subject,vgg16,2,PD:0234,1,0.9999990463256836,False,handpd:meander,5
P2_subject,vgg16,2,PD:0234,1,0.9999014139175415,False,handpd:meander,5
P2_subject,vgg16,2,PD:0234,1,0.9999996423721313,False,handpd:meander,5
P2_subject,vgg16,2,PD:0234,1,0.999971866607666,False,handpd:meander,5
P2_subject,vgg16,2,PD:0242,1,0.999834418296814,False,handpd:meander,5
P2_subject,vgg16,2,PD:0242,1,0.9999250173568726,False,handpd:meander,5
P2_subject,vgg16,2,PD:0242,1,0.9999926090240479,False,handpd:meander,5
P2_subject,vgg16,2,PD:0242,1,0.9999202489852905,False,handpd:meander,5
P2_subject,vgg16,2,PD:0246,1,0.9999992847442627,False,handpd:meander,5
P2_subject,vgg16,2,PD:0246,1,0.9999991655349731,False,handpd:meander,5
P2_subject,vgg16,2,PD:0246,1,0.9999421834945679,False,handpd:meander,5
P2_subject,vgg16,2,PD:0246,1,0.9999903440475464,False,handpd:meander,5
P2_subject,vgg16,2,PD:0254,1,0.9988883137702942,False,handpd:meander,5
P2_subject,vgg16,2,PD:0254,1,0.9989672899246216,False,handpd:meander,5
P2_subject,vgg16,2,PD:0254,1,0.9957894682884216,False,handpd:meander,5
P2_subject,vgg16,2,PD:0254,1,0.9995645880699158,False,handpd:meander,5
P2_subject,vgg16,2,PD:0268,1,0.9997268319129944,False,handpd:meander,5
P2_subject,vgg16,2,PD:0268,1,0.9997790455818176,False,handpd:meander,5
P2_subject,vgg16,2,PD:0268,1,0.9990699887275696,False,handpd:meander,5
P2_subject,vgg16,2,PD:0268,1,0.994911253452301,False,handpd:meander,5
P2_subject,vgg16,2,PD:0273,1,0.9972876310348511,False,handpd:meander,5
P2_subject,vgg16,2,PD:0273,1,0.9972003698348999,False,handpd:meander,5
P2_subject,vgg16,2,PD:0273,1,0.9988054037094116,False,handpd:meander,5
P2_subject,vgg16,2,PD:0273,1,0.9940304160118103,False,handpd:meander,5
P1_image,resnet50,0,HC:0068,0,0.516393780708313,True,handpd:meander,5
P1_image,resnet50,0,HC:0068,0,0.5788845419883728,True,handpd:meander,5
P1_image,resnet50,0,HC:0102,0,0.4806041121482849,True,handpd:meander,5
P1_image,resnet50,0,HC:0104,0,0.5303995013237,True,handpd:meander,5
P1_image,resnet50,0,HC:0106,0,0.5346246957778931,True,handpd:meander,5
P1_image,resnet50,0,HC:0106,0,0.5403978824615479,True,handpd:meander,5
P1_image,resnet50,0,HC:0112,0,0.611291766166687,True,handpd:meander,5
P1_image,resnet50,0,HC:0112,0,0.708091676235199,True,handpd:meander,5
P1_image,resnet50,0,HC:0116,0,0.5235854983329773,True,handpd:meander,5
P1_image,resnet50,0,HC:0127,0,0.5414779186248779,True,handpd:meander,5
P1_image,resnet50,0,HC:0127,0,0.5275991559028625,True,handpd:meander,5
P1_image,resnet50,0,HC:0129,0,0.6506125330924988,True,handpd:meander,5
P1_image,resnet50,0,HC:0129,0,0.533106803894043,True,handpd:meander,5
P1_image,resnet50,0,HC:0287,0,0.9020209312438965,True,handpd:meander,5
P1_image,resnet50,0,HC:0287,0,0.800550639629364,True,handpd:meander,5
P1_image,resnet50,0,HC:0287,0,0.729841947555542,True,handpd:meander,5
P1_image,resnet50,0,HC:0289,0,0.7152303457260132,True,handpd:meander,5
P1_image,resnet50,0,HC:0289,0,0.735198438167572,True,handpd:meander,5
P1_image,resnet50,0,HC:0293,0,0.633556067943573,True,handpd:meander,5
P1_image,resnet50,0,HC:0293,0,0.5906171202659607,True,handpd:meander,5
P1_image,resnet50,0,HC:0297,0,0.7103995680809021,True,handpd:meander,5
P1_image,resnet50,0,HC:0297,0,0.5488457679748535,True,handpd:meander,5
P1_image,resnet50,0,HC:0305,0,0.7569449543952942,True,handpd:meander,5
P1_image,resnet50,0,HC:0305,0,0.737087607383728,True,handpd:meander,5
P1_image,resnet50,0,PD:0002,1,0.9982534050941467,True,handpd:meander,5
P1_image,resnet50,0,PD:0003,1,0.9980621933937073,True,handpd:meander,5
P1_image,resnet50,0,PD:0004,1,0.9028376936912537,True,handpd:meander,5
P1_image,resnet50,0,PD:0004,1,0.962079644203186,True,handpd:meander,5
P1_image,resnet50,0,PD:0004,1,0.9809702038764954,True,handpd:meander,5
P1_image,resnet50,0,PD:0005,1,0.8352344036102295,True,handpd:meander,5
P1_image,resnet50,0,PD:0009,1,0.7133140563964844,True,handpd:meander,5
P1_image,resnet50,0,PD:0009,1,0.7039766907691956,True,handpd:meander,5
P1_image,resnet50,0,PD:0010,1,0.9979054927825928,True,handpd:meander,5
P1_image,resnet50,0,PD:0016,1,0.877295196056366,True,handpd:meander,5
P1_image,resnet50,0,PD:0016,1,0.9827744364738464,True,handpd:meander,5
P1_image,resnet50,0,PD:0023,1,0.5569563508033752,True,handpd:meander,5
P1_image,resnet50,0,PD:0024,1,0.6110089421272278,True,handpd:meander,5
P1_image,resnet50,0,PD:0024,1,0.652371346950531,True,handpd:meander,5
P1_image,resnet50,0,PD:0031,1,0.7693276405334473,True,handpd:meander,5
P1_image,resnet50,0,PD:0038,1,0.9888977408409119,True,handpd:meander,5
P1_image,resnet50,0,PD:0038,1,0.9135598540306091,True,handpd:meander,5
P1_image,resnet50,0,PD:0044,1,0.9444141983985901,True,handpd:meander,5
P1_image,resnet50,0,PD:0044,1,0.9417684078216553,True,handpd:meander,5
P1_image,resnet50,0,PD:0044,1,0.7821704149246216,True,handpd:meander,5
P1_image,resnet50,0,PD:0045,1,0.9372549653053284,True,handpd:meander,5
P1_image,resnet50,0,PD:0045,1,0.9924017190933228,True,handpd:meander,5
P1_image,resnet50,0,PD:0045,1,0.9619131684303284,True,handpd:meander,5
P1_image,resnet50,0,PD:0051,1,0.8349312543869019,True,handpd:meander,5
P1_image,resnet50,0,PD:0051,1,0.8922887444496155,True,handpd:meander,5
P1_image,resnet50,0,PD:0051,1,0.6432488560676575,True,handpd:meander,5
P1_image,resnet50,0,PD:0052,1,0.7870893478393555,True,handpd:meander,5
P1_image,resnet50,0,PD:0052,1,0.8059496283531189,True,handpd:meander,5
P1_image,resnet50,0,PD:0053,1,0.7488971948623657,True,handpd:meander,5
P1_image,resnet50,0,PD:0054,1,0.8285144567489624,True,handpd:meander,5
P1_image,resnet50,0,PD:0138,1,0.5203930139541626,True,handpd:meander,5
P1_image,resnet50,0,PD:0138,1,0.7510064244270325,True,handpd:meander,5
P1_image,resnet50,0,PD:0139,1,0.6234092116355896,True,handpd:meander,5
P1_image,resnet50,0,PD:0148,1,0.9876936674118042,True,handpd:meander,5
P1_image,resnet50,0,PD:0148,1,0.9566463232040405,True,handpd:meander,5
P1_image,resnet50,0,PD:0149,1,0.9896803498268127,True,handpd:meander,5
P1_image,resnet50,0,PD:0153,1,0.5488889813423157,True,handpd:meander,5
P1_image,resnet50,0,PD:0153,1,0.6287400126457214,True,handpd:meander,5
P1_image,resnet50,0,PD:0157,1,0.9975740313529968,True,handpd:meander,5
P1_image,resnet50,0,PD:0157,1,0.8542269468307495,True,handpd:meander,5
P1_image,resnet50,0,PD:0157,1,0.9974262118339539,True,handpd:meander,5
P1_image,resnet50,0,PD:0161,1,0.8567754626274109,True,handpd:meander,5
P1_image,resnet50,0,PD:0161,1,0.9711022973060608,True,handpd:meander,5
P1_image,resnet50,0,PD:0165,1,0.5678545236587524,True,handpd:meander,5
P1_image,resnet50,0,PD:0165,1,0.6342283487319946,True,handpd:meander,5
P1_image,resnet50,0,PD:0166,1,0.8944713473320007,True,handpd:meander,5
P1_image,resnet50,0,PD:0170,1,0.8766195178031921,True,handpd:meander,5
P1_image,resnet50,0,PD:0170,1,0.8118637204170227,True,handpd:meander,5
P1_image,resnet50,0,PD:0170,1,0.9774097204208374,True,handpd:meander,5
P1_image,resnet50,0,PD:0176,1,0.9505729079246521,True,handpd:meander,5
P1_image,resnet50,0,PD:0176,1,0.8046941161155701,True,handpd:meander,5
P1_image,resnet50,0,PD:0177,1,0.9739412069320679,True,handpd:meander,5
P1_image,resnet50,0,PD:0177,1,0.8208644390106201,True,handpd:meander,5
P1_image,resnet50,0,PD:0182,1,0.9194021821022034,True,handpd:meander,5
P1_image,resnet50,0,PD:0182,1,0.8803761601448059,True,handpd:meander,5
P1_image,resnet50,0,PD:0186,1,0.78972327709198,True,handpd:meander,5
P1_image,resnet50,0,PD:0186,1,0.7917932868003845,True,handpd:meander,5
P1_image,resnet50,0,PD:0186,1,0.9775040149688721,True,handpd:meander,5
P1_image,resnet50,0,PD:0192,1,0.972356379032135,True,handpd:meander,5
P1_image,resnet50,0,PD:0196,1,0.8106828331947327,True,handpd:meander,5
P1_image,resnet50,0,PD:0197,1,0.6031931042671204,True,handpd:meander,5
P1_image,resnet50,0,PD:0197,1,0.6523134112358093,True,handpd:meander,5
P1_image,resnet50,0,PD:0203,1,0.6778286695480347,True,handpd:meander,5
P1_image,resnet50,0,PD:0203,1,0.7827874422073364,True,handpd:meander,5
P1_image,resnet50,0,PD:0207,1,0.6036238670349121,True,handpd:meander,5
P1_image,resnet50,0,PD:0207,1,0.8667691349983215,True,handpd:meander,5
P1_image,resnet50,0,PD:0208,1,0.9488092660903931,True,handpd:meander,5
P1_image,resnet50,0,PD:0208,1,0.9940483570098877,True,handpd:meander,5
P1_image,resnet50,0,PD:0214,1,0.9667128324508667,True,handpd:meander,5
P1_image,resnet50,0,PD:0218,1,0.7224071621894836,True,handpd:meander,5
P1_image,resnet50,0,PD:0218,1,0.6621089577674866,True,handpd:meander,5
P1_image,resnet50,0,PD:0219,1,0.8059181571006775,True,handpd:meander,5
P1_image,resnet50,0,PD:0219,1,0.9161903858184814,True,handpd:meander,5
P1_image,resnet50,0,PD:0219,1,0.6826627850532532,True,handpd:meander,5
P1_image,resnet50,0,PD:0223,1,0.9663339853286743,True,handpd:meander,5
P1_image,resnet50,0,PD:0228,1,0.9978078007698059,True,handpd:meander,5
P1_image,resnet50,0,PD:0234,1,0.9771778583526611,True,handpd:meander,5
P1_image,resnet50,0,PD:0235,1,0.9953283071517944,True,handpd:meander,5
P1_image,resnet50,0,PD:0236,1,0.9786785244941711,True,handpd:meander,5
P1_image,resnet50,0,PD:0240,1,0.9117661714553833,True,handpd:meander,5
P1_image,resnet50,0,PD:0240,1,0.9908700585365295,True,handpd:meander,5
P1_image,resnet50,0,PD:0241,1,0.9992978572845459,True,handpd:meander,5
P1_image,resnet50,0,PD:0241,1,0.9381402134895325,True,handpd:meander,5
P1_image,resnet50,0,PD:0242,1,0.9861327409744263,True,handpd:meander,5
P1_image,resnet50,0,PD:0246,1,0.9991511106491089,True,handpd:meander,5
P1_image,resnet50,0,PD:0246,1,0.9613965749740601,True,handpd:meander,5
P1_image,resnet50,0,PD:0247,1,0.9992190599441528,True,handpd:meander,5
P1_image,resnet50,0,PD:0247,1,0.9980113506317139,True,handpd:meander,5
P1_image,resnet50,0,PD:0247,1,0.9606374502182007,True,handpd:meander,5
P1_image,resnet50,0,PD:0253,1,0.9057174921035767,True,handpd:meander,5
P1_image,resnet50,0,PD:0254,1,0.7858151197433472,True,handpd:meander,5
P1_image,resnet50,0,PD:0261,1,0.8993408679962158,True,handpd:meander,5
P1_image,resnet50,0,PD:0268,1,0.9165635704994202,True,handpd:meander,5
P1_image,resnet50,0,PD:0273,1,0.8185829520225525,True,handpd:meander,5
P1_image,resnet50,0,PD:0273,1,0.7287999391555786,True,handpd:meander,5
P1_image,resnet50,0,PD:0274,1,0.9088869690895081,True,handpd:meander,5
P1_image,resnet50,0,PD:0274,1,0.9032467603683472,True,handpd:meander,5
P1_image,resnet50,0,PD:0280,1,0.9731658697128296,True,handpd:meander,5
P1_image,resnet50,0,PD:0280,1,0.998824417591095,True,handpd:meander,5
P1_image,resnet50,1,HC:0068,0,0.5850626230239868,True,handpd:meander,5
P1_image,resnet50,1,HC:0092,0,0.5816605091094971,True,handpd:meander,5
P1_image,resnet50,1,HC:0092,0,0.5839393138885498,True,handpd:meander,5
P1_image,resnet50,1,HC:0092,0,0.6333270072937012,True,handpd:meander,5
P1_image,resnet50,1,HC:0098,0,0.5939151644706726,True,handpd:meander,5
P1_image,resnet50,1,HC:0098,0,0.6651726365089417,True,handpd:meander,5
P1_image,resnet50,1,HC:0098,0,0.6679262518882751,True,handpd:meander,5
P1_image,resnet50,1,HC:0100,0,0.6551669836044312,True,handpd:meander,5
P1_image,resnet50,1,HC:0100,0,0.6490145921707153,True,handpd:meander,5
P1_image,resnet50,1,HC:0100,0,0.7206610441207886,True,handpd:meander,5
P1_image,resnet50,1,HC:0102,0,0.6193531155586243,True,handpd:meander,5
P1_image,resnet50,1,HC:0102,0,0.6876927614212036,True,handpd:meander,5
P1_image,resnet50,1,HC:0104,0,0.5772871375083923,True,handpd:meander,5
P1_image,resnet50,1,HC:0112,0,0.8006696701049805,True,handpd:meander,5
P1_image,resnet50,1,HC:0116,0,0.6281298995018005,True,handpd:meander,5
P1_image,resnet50,1,HC:0116,0,0.6125598549842834,True,handpd:meander,5
P1_image,resnet50,1,HC:0127,0,0.6202149391174316,True,handpd:meander,5
P1_image,resnet50,1,HC:0131,0,0.6143348813056946,True,handpd:meander,5
P1_image,resnet50,1,HC:0287,0,0.8321409821510315,True,handpd:meander,5
P1_image,resnet50,1,HC:0289,0,0.6685659289360046,True,handpd:meander,5
P1_image,resnet50,1,HC:0293,0,0.5875547528266907,True,handpd:meander,5
P1_image,resnet50,1,HC:0295,0,0.8008229732513428,True,handpd:meander,5
P1_image,resnet50,1,HC:0297,0,0.6377537250518799,True,handpd:meander,5
P1_image,resnet50,1,HC:0297,0,0.6382843852043152,True,handpd:meander,5
P1_image,resnet50,1,PD:0002,1,0.9838724732398987,True,handpd:meander,5
P1_image,resnet50,1,PD:0002,1,0.9967435598373413,True,handpd:meander,5
P1_image,resnet50,1,PD:0003,1,0.9435446262359619,True,handpd:meander,5
P1_image,resnet50,1,PD:0005,1,0.9345080852508545,True,handpd:meander,5
P1_image,resnet50,1,PD:0005,1,0.9430899620056152,True,handpd:meander,5
P1_image,resnet50,1,PD:0009,1,0.8618572950363159,True,handpd:meander,5
P1_image,resnet50,1,PD:0010,1,0.8937788605690002,True,handpd:meander,5
P1_image,resnet50,1,PD:0016,1,0.8565366268157959,True,handpd:meander,5
P1_image,resnet50,1,PD:0023,1,0.7092052698135376,True,handpd:meander,5
P1_image,resnet50,1,PD:0031,1,0.6401158571243286,True,handpd:meander,5
P1_image,resnet50,1,PD:0037,1,0.8754446506500244,True,handpd:meander,5
P1_image,resnet50,1,PD:0038,1,0.972429096698761,True,handpd:meander,5
P1_image,resnet50,1,PD:0045,1,0.917340874671936,True,handpd:meander,5
P1_image,resnet50,1,PD:0046,1,0.9762399196624756,True,handpd:meander,5
P1_image,resnet50,1,PD:0046,1,0.9260905385017395,True,handpd:meander,5
P1_image,resnet50,1,PD:0051,1,0.6788728833198547,True,handpd:meander,5
P1_image,resnet50,1,PD:0052,1,0.6972962617874146,True,handpd:meander,5
P1_image,resnet50,1,PD:0053,1,0.8638003468513489,True,handpd:meander,5
P1_image,resnet50,1,PD:0053,1,0.7268652319908142,True,handpd:meander,5
P1_image,resnet50,1,PD:0134,1,0.9720953106880188,True,handpd:meander,5
P1_image,resnet50,1,PD:0134,1,0.9504677653312683,True,handpd:meander,5
P1_image,resnet50,1,PD:0134,1,0.9916512370109558,True,handpd:meander,5
P1_image,resnet50,1,PD:0136,1,0.8728708028793335,True,handpd:meander,5
P1_image,resnet50,1,PD:0136,1,0.7588968873023987,True,handpd:meander,5
P1_image,resnet50,1,PD:0136,1,0.6314280033111572,True,handpd:meander,5
P1_image,resnet50,1,PD:0138,1,0.6878288984298706,True,handpd:meander,5
P1_image,resnet50,1,PD:0139,1,0.7507966756820679,True,handpd:meander,5
P1_image,resnet50,1,PD:0143,1,0.8664413690567017,True,handpd:meander,5
P1_image,resnet50,1,PD:0143,1,0.941123902797699,True,handpd:meander,5
P1_image,resnet50,1,PD:0143,1,0.9263631105422974,True,handpd:meander,5
P1_image,resnet50,1,PD:0149,1,0.9743061065673828,True,handpd:meander,5
P1_image,resnet50,1,PD:0149,1,0.9637752175331116,True,handpd:meander,5
P1_image,resnet50,1,PD:0161,1,0.7413558959960938,True,handpd:meander,5
P1_image,resnet50,1,PD:0161,1,0.9455608129501343,True,handpd:meander,5
P1_image,resnet50,1,PD:0165,1,0.6916350722312927,True,handpd:meander,5
P1_image,resnet50,1,PD:0166,1,0.6923823356628418,True,handpd:meander,5
P1_image,resnet50,1,PD:0166,1,0.7556477785110474,True,handpd:meander,5
P1_image,resnet50,1,PD:0170,1,0.9285303950309753,True,handpd:meander,5
P1_image,resnet50,1,PD:0174,1,0.7717815041542053,True,handpd:meander,5
P1_image,resnet50,1,PD:0174,1,0.9777826070785522,True,handpd:meander,5
P1_image,resnet50,1,PD:0176,1,0.7935569286346436,True,handpd:meander,5
P1_image,resnet50,1,PD:0177,1,0.8608782887458801,True,handpd:meander,5
P1_image,resnet50,1,PD:0181,1,0.7337591648101807,True,handpd:meander,5
P1_image,resnet50,1,PD:0181,1,0.7625681161880493,True,handpd:meander,5
P1_image,resnet50,1,PD:0182,1,0.9125962853431702,True,handpd:meander,5
P1_image,resnet50,1,PD:0186,1,0.9493654370307922,True,handpd:meander,5
P1_image,resnet50,1,PD:0187,1,0.736434280872345,True,handpd:meander,5
P1_image,resnet50,1,PD:0187,1,0.6447840332984924,True,handpd:meander,5
P1_image,resnet50,1,PD:0187,1,0.8853291869163513,True,handpd:meander,5
P1_image,resnet50,1,PD:0188,1,0.7219790816307068,True,handpd:meander,5
P1_image,resnet50,1,PD:0188,1,0.6508409976959229,True,handpd:meander,5
P1_image,resnet50,1,PD:0188,1,0.7542459964752197,True,handpd:meander,5
P1_image,resnet50,1,PD:0192,1,0.9083110690116882,True,handpd:meander,5
P1_image,resnet50,1,PD:0196,1,0.7609680891036987,True,handpd:meander,5
P1_image,resnet50,1,PD:0196,1,0.7833774089813232,True,handpd:meander,5
P1_image,resnet50,1,PD:0197,1,0.8310996294021606,True,handpd:meander,5
P1_image,resnet50,1,PD:0197,1,0.6244764924049377,True,handpd:meander,5
P1_image,resnet50,1,PD:0198,1,0.7896466851234436,True,handpd:meander,5
P1_image,resnet50,1,PD:0198,1,0.746078610420227,True,handpd:meander,5
P1_image,resnet50,1,PD:0207,1,0.9446694254875183,True,handpd:meander,5
P1_image,resnet50,1,PD:0208,1,0.8121084570884705,True,handpd:meander,5
P1_image,resnet50,1,PD:0213,1,0.7463093400001526,True,handpd:meander,5
P1_image,resnet50,1,PD:0213,1,0.8258345127105713,True,handpd:meander,5
P1_image,resnet50,1,PD:0214,1,0.9770994782447815,True,handpd:meander,5
P1_image,resnet50,1,PD:0214,1,0.9761402010917664,True,handpd:meander,5
P1_image,resnet50,1,PD:0218,1,0.7032128572463989,True,handpd:meander,5
P1_image,resnet50,1,PD:0219,1,0.7053016424179077,True,handpd:meander,5
P1_image,resnet50,1,PD:0223,1,0.7233636379241943,True,handpd:meander,5
P1_image,resnet50,1,PD:0223,1,0.8016279935836792,True,handpd:meander,5
P1_image,resnet50,1,PD:0228,1,0.9512873888015747,True,handpd:meander,5
P1_image,resnet50,1,PD:0228,1,0.9970963001251221,True,handpd:meander,5
P1_image,resnet50,1,PD:0229,1,0.9679889678955078,True,handpd:meander,5
P1_image,resnet50,1,PD:0229,1,0.9690331816673279,True,handpd:meander,5
P1_image,resnet50,1,PD:0229,1,0.9551438093185425,True,handpd:meander,5
P1_image,resnet50,1,PD:0230,1,0.97411048412323,True,handpd:meander,5
P1_image,resnet50,1,PD:0230,1,0.973207950592041,True,handpd:meander,5
P1_image,resnet50,1,PD:0235,1,0.9926464557647705,True,handpd:meander,5
P1_image,resnet50,1,PD:0235,1,0.992711067199707,True,handpd:meander,5
P1_image,resnet50,1,PD:0236,1,0.9521280527114868,True,handpd:meander,5
P1_image,resnet50,1,PD:0236,1,0.9526491165161133,True,handpd:meander,5
P1_image,resnet50,1,PD:0236,1,0.9966476559638977,True,handpd:meander,5
P1_image,resnet50,1,PD:0240,1,0.9329079985618591,True,handpd:meander,5
P1_image,resnet50,1,PD:0240,1,0.932210385799408,True,handpd:meander,5
P1_image,resnet50,1,PD:0241,1,0.7246662378311157,True,handpd:meander,5
P1_image,resnet50,1,PD:0242,1,0.9537158608436584,True,handpd:meander,5
P1_image,resnet50,1,PD:0246,1,0.9851080775260925,True,handpd:meander,5
P1_image,resnet50,1,PD:0253,1,0.6675066947937012,True,handpd:meander,5
P1_image,resnet50,1,PD:0254,1,0.872423529624939,True,handpd:meander,5
P1_image,resnet50,1,PD:0254,1,0.8134816288948059,True,handpd:meander,5
P1_image,resnet50,1,PD:0261,1,0.6596639752388,True,handpd:meander,5
P1_image,resnet50,1,PD:0268,1,0.9504931569099426,True,handpd:meander,5
P1_image,resnet50,1,PD:0269,1,0.7363585829734802,True,handpd:meander,5
P1_image,resnet50,1,PD:0269,1,0.6985915899276733,True,handpd:meander,5
P1_image,resnet50,1,PD:0273,1,0.8993654251098633,True,handpd:meander,5
P1_image,resnet50,1,PD:0274,1,0.8188295960426331,True,handpd:meander,5
P1_image,resnet50,1,PD:0280,1,0.9058575630187988,True,handpd:meander,5
P1_image,resnet50,1,PD:0280,1,0.8965463638305664,True,handpd:meander,5
P1_image,resnet50,1,PD:0281,1,0.9380979537963867,True,handpd:meander,5
P1_image,resnet50,1,PD:0281,1,0.8476868271827698,True,handpd:meander,5
P1_image,resnet50,2,HC:0068,0,0.6980997323989868,True,handpd:meander,5
P1_image,resnet50,2,HC:0092,0,0.6559644341468811,True,handpd:meander,5
P1_image,resnet50,2,HC:0098,0,0.6258684992790222,True,handpd:meander,5
P1_image,resnet50,2,HC:0100,0,0.7647132277488708,True,handpd:meander,5
P1_image,resnet50,2,HC:0102,0,0.6354442834854126,True,handpd:meander,5
P1_image,resnet50,2,HC:0104,0,0.7034892439842224,True,handpd:meander,5
P1_image,resnet50,2,HC:0104,0,0.7546990513801575,True,handpd:meander,5
P1_image,resnet50,2,HC:0106,0,0.6416921615600586,True,handpd:meander,5
P1_image,resnet50,2,HC:0106,0,0.7760643362998962,True,handpd:meander,5
P1_image,resnet50,2,HC:0112,0,0.9096018075942993,True,handpd:meander,5
P1_image,resnet50,2,HC:0116,0,0.7529487609863281,True,handpd:meander,5
P1_image,resnet50,2,HC:0127,0,0.559134840965271,True,handpd:meander,5
P1_image,resnet50,2,HC:0129,0,0.5929422378540039,True,handpd:meander,5
P1_image,resnet50,2,HC:0129,0,0.828925609588623,True,handpd:meander,5
P1_image,resnet50,2,HC:0131,0,0.8083398342132568,True,handpd:meander,5
P1_image,resnet50,2,HC:0131,0,0.6447424292564392,True,handpd:meander,5
P1_image,resnet50,2,HC:0131,0,0.6230230927467346,True,handpd:meander,5
P1_image,resnet50,2,HC:0289,0,0.9425533413887024,True,handpd:meander,5
P1_image,resnet50,2,HC:0293,0,0.8270664215087891,True,handpd:meander,5
P1_image,resnet50,2,HC:0295,0,0.9312793612480164,True,handpd:meander,5
P1_image,resnet50,2,HC:0295,0,0.9684010148048401,True,handpd:meander,5
P1_image,resnet50,2,HC:0295,0,0.9927871823310852,True,handpd:meander,5
P1_image,resnet50,2,HC:0305,0,0.996620774269104,True,handpd:meander,5
P1_image,resnet50,2,HC:0305,0,0.9987286925315857,True,handpd:meander,5
P1_image,resnet50,2,PD:0002,1,0.9946290850639343,True,handpd:meander,5
P1_image,resnet50,2,PD:0003,1,0.9901430606842041,True,handpd:meander,5
P1_image,resnet50,2,PD:0003,1,0.9969876408576965,True,handpd:meander,5
P1_image,resnet50,2,PD:0004,1,0.99737548828125,True,handpd:meander,5
P1_image,resnet50,2,PD:0005,1,0.9231711626052856,True,handpd:meander,5
P1_image,resnet50,2,PD:0009,1,0.8418456315994263,True,handpd:meander,5
P1_image,resnet50,2,PD:0010,1,0.9908427000045776,True,handpd:meander,5
P1_image,resnet50,2,PD:0010,1,0.9887678027153015,True,handpd:meander,5
P1_image,resnet50,2,PD:0016,1,0.9863885045051575,True,handpd:meander,5
P1_image,resnet50,2,PD:0023,1,0.8594078421592712,True,handpd:meander,5
P1_image,resnet50,2,PD:0023,1,0.8735531568527222,True,handpd:meander,5
P1_image,resnet50,2,PD:0024,1,0.9571377635002136,True,handpd:meander,5
P1_image,resnet50,2,PD:0024,1,0.8057764172554016,True,handpd:meander,5
P1_image,resnet50,2,PD:0030,1,0.9439404606819153,False,handpd:meander,5
P1_image,resnet50,2,PD:0030,1,0.9849552512168884,False,handpd:meander,5
P1_image,resnet50,2,PD:0030,1,0.994360625743866,False,handpd:meander,5
P1_image,resnet50,2,PD:0030,1,0.9882217049598694,False,handpd:meander,5
P1_image,resnet50,2,PD:0031,1,0.8619922995567322,True,handpd:meander,5
P1_image,resnet50,2,PD:0031,1,0.9786586761474609,True,handpd:meander,5
P1_image,resnet50,2,PD:0037,1,0.9876601099967957,True,handpd:meander,5
P1_image,resnet50,2,PD:0037,1,0.9810546636581421,True,handpd:meander,5
P1_image,resnet50,2,PD:0037,1,0.9848010540008545,True,handpd:meander,5
P1_image,resnet50,2,PD:0038,1,0.9960228204727173,True,handpd:meander,5
P1_image,resnet50,2,PD:0044,1,0.9769631624221802,True,handpd:meander,5
P1_image,resnet50,2,PD:0046,1,0.9935612678527832,True,handpd:meander,5
P1_image,resnet50,2,PD:0046,1,0.9551852941513062,True,handpd:meander,5
P1_image,resnet50,2,PD:0052,1,0.8525314927101135,True,handpd:meander,5
P1_image,resnet50,2,PD:0053,1,0.925438642501831,True,handpd:meander,5
P1_image,resnet50,2,PD:0054,1,0.9927898049354553,True,handpd:meander,5
P1_image,resnet50,2,PD:0054,1,0.8219947814941406,True,handpd:meander,5
P1_image,resnet50,2,PD:0054,1,0.9878338575363159,True,handpd:meander,5
P1_image,resnet50,2,PD:0134,1,0.9975385665893555,True,handpd:meander,5
P1_image,resnet50,2,PD:0136,1,0.9862978458404541,True,handpd:meander,5
P1_image,resnet50,2,PD:0138,1,0.8421732187271118,True,handpd:meander,5
P1_image,resnet50,2,PD:0139,1,0.9882277846336365,True,handpd:meander,5
P1_image,resnet50,2,PD:0139,1,0.636188268661499,True,handpd:meander,5
P1_image,resnet50,2,PD:0143,1,0.9894631505012512,True,handpd:meander,5
P1_image,resnet50,2,PD:0148,1,0.9941547513008118,True,handpd:meander,5
P1_image,resnet50,2,PD:0148,1,0.9995716214179993,True,handpd:meander,5
P1_image,resnet50,2,PD:0149,1,0.9913535714149475,True,handpd:meander,5
P1_image,resnet50,2,PD:0153,1,0.5854071974754333,True,handpd:meander,5
P1_image,resnet50,2,PD:0153,1,0.5539942979812622,True,handpd:meander,5
P1_image,resnet50,2,PD:0157,1,0.9770909547805786,True,handpd:meander,5
P1_image,resnet50,2,PD:0165,1,0.8056373596191406,True,handpd:meander,5
P1_image,resnet50,2,PD:0166,1,0.9688417911529541,True,handpd:meander,5
P1_image,resnet50,2,PD:0174,1,0.99588543176651,True,handpd:meander,5
P1_image,resnet50,2,PD:0174,1,0.9983723759651184,True,handpd:meander,5
P1_image,resnet50,2,PD:0176,1,0.9820143580436707,True,handpd:meander,5
P1_image,resnet50,2,PD:0177,1,0.9892298579216003,True,handpd:meander,5
P1_image,resnet50,2,PD:0181,1,0.9729174375534058,True,handpd:meander,5
P1_image,resnet50,2,PD:0181,1,0.9864277243614197,True,handpd:meander,5
P1_image,resnet50,2,PD:0182,1,0.9667820334434509,True,handpd:meander,5
P1_image,resnet50,2,PD:0187,1,0.942338228225708,True,handpd:meander,5
P1_image,resnet50,2,PD:0188,1,0.7849279046058655,True,handpd:meander,5
P1_image,resnet50,2,PD:0192,1,0.9940775632858276,True,handpd:meander,5
P1_image,resnet50,2,PD:0192,1,0.9986466765403748,True,handpd:meander,5
P1_image,resnet50,2,PD:0196,1,0.9797288775444031,True,handpd:meander,5
P1_image,resnet50,2,PD:0198,1,0.9736635684967041,True,handpd:meander,5
P1_image,resnet50,2,PD:0198,1,0.9945143461227417,True,handpd:meander,5
P1_image,resnet50,2,PD:0202,1,0.6845341324806213,False,handpd:meander,5
P1_image,resnet50,2,PD:0202,1,0.671726644039154,False,handpd:meander,5
P1_image,resnet50,2,PD:0202,1,0.7333751916885376,False,handpd:meander,5
P1_image,resnet50,2,PD:0202,1,0.7059231996536255,False,handpd:meander,5
P1_image,resnet50,2,PD:0203,1,0.880836546421051,True,handpd:meander,5
P1_image,resnet50,2,PD:0203,1,0.9481958150863647,True,handpd:meander,5
P1_image,resnet50,2,PD:0207,1,0.9891241788864136,True,handpd:meander,5
P1_image,resnet50,2,PD:0208,1,0.9284846186637878,True,handpd:meander,5
P1_image,resnet50,2,PD:0213,1,0.9939999580383301,True,handpd:meander,5
P1_image,resnet50,2,PD:0213,1,0.9668036103248596,True,handpd:meander,5
P1_image,resnet50,2,PD:0214,1,0.9984166622161865,True,handpd:meander,5
P1_image,resnet50,2,PD:0218,1,0.823723554611206,True,handpd:meander,5
P1_image,resnet50,2,PD:0223,1,0.9653171300888062,True,handpd:meander,5
P1_image,resnet50,2,PD:0228,1,0.9994575381278992,True,handpd:meander,5
P1_image,resnet50,2,PD:0229,1,0.9965845346450806,True,handpd:meander,5
P1_image,resnet50,2,PD:0230,1,0.9998708963394165,True,handpd:meander,5
P1_image,resnet50,2,PD:0230,1,0.8936926126480103,True,handpd:meander,5
P1_image,resnet50,2,PD:0234,1,0.9970958232879639,True,handpd:meander,5
P1_image,resnet50,2,PD:0234,1,0.9944356679916382,True,handpd:meander,5
P1_image,resnet50,2,PD:0234,1,0.9954838752746582,True,handpd:meander,5
P1_image,resnet50,2,PD:0235,1,0.9972977042198181,True,handpd:meander,5
P1_image,resnet50,2,PD:0241,1,0.9994992017745972,True,handpd:meander,5
P1_image,resnet50,2,PD:0242,1,0.9992817044258118,True,handpd:meander,5
P1_image,resnet50,2,PD:0242,1,0.9993578791618347,True,handpd:meander,5
P1_image,resnet50,2,PD:0246,1,0.9978942275047302,True,handpd:meander,5
P1_image,resnet50,2,PD:0247,1,0.9749446511268616,True,handpd:meander,5
P1_image,resnet50,2,PD:0253,1,0.9936569333076477,True,handpd:meander,5
P1_image,resnet50,2,PD:0253,1,0.929865837097168,True,handpd:meander,5
P1_image,resnet50,2,PD:0254,1,0.9324600100517273,True,handpd:meander,5
P1_image,resnet50,2,PD:0261,1,0.9386664628982544,True,handpd:meander,5
P1_image,resnet50,2,PD:0261,1,0.7336675524711609,True,handpd:meander,5
P1_image,resnet50,2,PD:0268,1,0.9833195805549622,True,handpd:meander,5
P1_image,resnet50,2,PD:0268,1,0.8931760191917419,True,handpd:meander,5
P1_image,resnet50,2,PD:0269,1,0.9727506041526794,True,handpd:meander,5
P1_image,resnet50,2,PD:0269,1,0.9674326181411743,True,handpd:meander,5
P1_image,resnet50,2,PD:0273,1,0.9517494440078735,True,handpd:meander,5
P1_image,resnet50,2,PD:0274,1,0.987021267414093,True,handpd:meander,5
P1_image,resnet50,2,PD:0281,1,0.9963114857673645,True,handpd:meander,5
P1_image,resnet50,2,PD:0281,1,0.9976364374160767,True,handpd:meander,5
P2_subject,resnet50,0,HC:0068,0,0.605499804019928,False,handpd:meander,5
P2_subject,resnet50,0,HC:0068,0,0.5744481086730957,False,handpd:meander,5
P2_subject,resnet50,0,HC:0068,0,0.654613733291626,False,handpd:meander,5
P2_subject,resnet50,0,HC:0068,0,0.5764586329460144,False,handpd:meander,5
P2_subject,resnet50,0,HC:0100,0,0.7405232787132263,False,handpd:meander,5
P2_subject,resnet50,0,HC:0100,0,0.6753835678100586,False,handpd:meander,5
P2_subject,resnet50,0,HC:0100,0,0.7174486517906189,False,handpd:meander,5
P2_subject,resnet50,0,HC:0100,0,0.8411544561386108,False,handpd:meander,5
P2_subject,resnet50,0,HC:0116,0,0.6376825571060181,False,handpd:meander,5
P2_subject,resnet50,0,HC:0116,0,0.6054176688194275,False,handpd:meander,5
P2_subject,resnet50,0,HC:0116,0,0.7377699613571167,False,handpd:meander,5
P2_subject,resnet50,0,HC:0116,0,0.5643692016601562,False,handpd:meander,5
P2_subject,resnet50,0,HC:0129,0,0.6813070178031921,False,handpd:meander,5
P2_subject,resnet50,0,HC:0129,0,0.5099854469299316,False,handpd:meander,5
P2_subject,resnet50,0,HC:0129,0,0.5474956631660461,False,handpd:meander,5
P2_subject,resnet50,0,HC:0129,0,0.657027542591095,False,handpd:meander,5
P2_subject,resnet50,0,HC:0289,0,0.7453106641769409,False,handpd:meander,5
P2_subject,resnet50,0,HC:0289,0,0.79643714427948,False,handpd:meander,5
P2_subject,resnet50,0,HC:0289,0,0.808233916759491,False,handpd:meander,5
P2_subject,resnet50,0,HC:0289,0,0.7876584529876709,False,handpd:meander,5
P2_subject,resnet50,0,HC:0295,0,0.9411153197288513,False,handpd:meander,5
P2_subject,resnet50,0,HC:0295,0,0.9994828701019287,False,handpd:meander,5
P2_subject,resnet50,0,HC:0295,0,0.7745758295059204,False,handpd:meander,5
P2_subject,resnet50,0,HC:0295,0,0.9040117263793945,False,handpd:meander,5
P2_subject,resnet50,0,PD:0003,1,0.9995833039283752,False,handpd:meander,5
P2_subject,resnet50,0,PD:0003,1,0.9910072684288025,False,handpd:meander,5
P2_subject,resnet50,0,PD:0003,1,0.9997193217277527,False,handpd:meander,5
P2_subject,resnet50,0,PD:0003,1,0.9977560639381409,False,handpd:meander,5
P2_subject,resnet50,0,PD:0005,1,0.8920671939849854,False,handpd:meander,5
P2_subject,resnet50,0,PD:0005,1,0.9890895485877991,False,handpd:meander,5
P2_subject,resnet50,0,PD:0005,1,0.9797786474227905,False,handpd:meander,5
P2_subject,resnet50,0,PD:0005,1,0.9957607388496399,False,handpd:meander,5
P2_subject,resnet50,0,PD:0009,1,0.8512923717498779,False,handpd:meander,5
P2_subject,resnet50,0,PD:0009,1,0.8523216247558594,False,handpd:meander,5
P2_subject,resnet50,0,PD:0009,1,0.808280348777771,False,handpd:meander,5
P2_subject,resnet50,0,PD:0009,1,0.8503724336624146,False,handpd:meander,5
P2_subject,resnet50,0,PD:0016,1,0.9948931932449341,False,handpd:meander,5
P2_subject,resnet50,0,PD:0016,1,0.9216582179069519,False,handpd:meander,5
P2_subject,resnet50,0,PD:0016,1,0.9874103665351868,False,handpd:meander,5
P2_subject,resnet50,0,PD:0016,1,0.9607731103897095,False,handpd:meander,5
P2_subject,resnet50,0,PD:0030,1,0.7710313200950623,False,handpd:meander,5
P2_subject,resnet50,0,PD:0030,1,0.9022613763809204,False,handpd:meander,5
P2_subject,resnet50,0,PD:0030,1,0.8788217306137085,False,handpd:meander,5
P2_subject,resnet50,0,PD:0030,1,0.9617511630058289,False,handpd:meander,5
P2_subject,resnet50,0,PD:0031,1,0.7111278772354126,False,handpd:meander,5
P2_subject,resnet50,0,PD:0031,1,0.7632943391799927,False,handpd:meander,5
P2_subject,resnet50,0,PD:0031,1,0.7136456370353699,False,handpd:meander,5
P2_subject,resnet50,0,PD:0031,1,0.8196934461593628,False,handpd:meander,5
P2_subject,resnet50,0,PD:0037,1,0.9830729961395264,False,handpd:meander,5
P2_subject,resnet50,0,PD:0037,1,0.9370731711387634,False,handpd:meander,5
P2_subject,resnet50,0,PD:0037,1,0.9815889596939087,False,handpd:meander,5
P2_subject,resnet50,0,PD:0037,1,0.9883086681365967,False,handpd:meander,5
P2_subject,resnet50,0,PD:0053,1,0.6879482269287109,False,handpd:meander,5
P2_subject,resnet50,0,PD:0053,1,0.9347414374351501,False,handpd:meander,5
P2_subject,resnet50,0,PD:0053,1,0.9403690099716187,False,handpd:meander,5
P2_subject,resnet50,0,PD:0053,1,0.8563165664672852,False,handpd:meander,5
P2_subject,resnet50,0,PD:0054,1,0.8452322483062744,False,handpd:meander,5
P2_subject,resnet50,0,PD:0054,1,0.9638462066650391,False,handpd:meander,5
P2_subject,resnet50,0,PD:0054,1,0.6466878652572632,False,handpd:meander,5
P2_subject,resnet50,0,PD:0054,1,0.994326651096344,False,handpd:meander,5
P2_subject,resnet50,0,PD:0139,1,0.7475380897521973,False,handpd:meander,5
P2_subject,resnet50,0,PD:0139,1,0.791655957698822,False,handpd:meander,5
P2_subject,resnet50,0,PD:0139,1,0.6890695095062256,False,handpd:meander,5
P2_subject,resnet50,0,PD:0139,1,0.7337537407875061,False,handpd:meander,5
P2_subject,resnet50,0,PD:0149,1,0.9356557726860046,False,handpd:meander,5
P2_subject,resnet50,0,PD:0149,1,0.998802661895752,False,handpd:meander,5
P2_subject,resnet50,0,PD:0149,1,0.9994502663612366,False,handpd:meander,5
P2_subject,resnet50,0,PD:0149,1,0.9984108209609985,False,handpd:meander,5
P2_subject,resnet50,0,PD:0153,1,0.5086666941642761,False,handpd:meander,5
P2_subject,resnet50,0,PD:0153,1,0.5524747967720032,False,handpd:meander,5
P2_subject,resnet50,0,PD:0153,1,0.5324889421463013,False,handpd:meander,5
P2_subject,resnet50,0,PD:0153,1,0.6767091155052185,False,handpd:meander,5
P2_subject,resnet50,0,PD:0161,1,0.762756884098053,False,handpd:meander,5
P2_subject,resnet50,0,PD:0161,1,0.9560197591781616,False,handpd:meander,5
P2_subject,resnet50,0,PD:0161,1,0.9345722198486328,False,handpd:meander,5
P2_subject,resnet50,0,PD:0161,1,0.968100368976593,False,handpd:meander,5
P2_subject,resnet50,0,PD:0186,1,0.6949172019958496,False,handpd:meander,5
P2_subject,resnet50,0,PD:0186,1,0.9183659553527832,False,handpd:meander,5
P2_subject,resnet50,0,PD:0186,1,0.9016387462615967,False,handpd:meander,5
P2_subject,resnet50,0,PD:0186,1,0.9027994871139526,False,handpd:meander,5
P2_subject,resnet50,0,PD:0187,1,0.7769588828086853,False,handpd:meander,5
P2_subject,resnet50,0,PD:0187,1,0.7979313135147095,False,handpd:meander,5
P2_subject,resnet50,0,PD:0187,1,0.8489365577697754,False,handpd:meander,5
P2_subject,resnet50,0,PD:0187,1,0.8457499146461487,False,handpd:meander,5
P2_subject,resnet50,0,PD:0197,1,0.7469606399536133,False,handpd:meander,5
P2_subject,resnet50,0,PD:0197,1,0.6371474266052246,False,handpd:meander,5
P2_subject,resnet50,0,PD:0197,1,0.9162434935569763,False,handpd:meander,5
P2_subject,resnet50,0,PD:0197,1,0.7633069157600403,False,handpd:meander,5
P2_subject,resnet50,0,PD:0218,1,0.7148707509040833,False,handpd:meander,5
P2_subject,resnet50,0,PD:0218,1,0.7548112273216248,False,handpd:meander,5
P2_subject,resnet50,0,PD:0218,1,0.7410773038864136,False,handpd:meander,5
P2_subject,resnet50,0,PD:0218,1,0.6595648527145386,False,handpd:meander,5
P2_subject,resnet50,0,PD:0223,1,0.9311157464981079,False,handpd:meander,5
P2_subject,resnet50,0,PD:0223,1,0.9959318041801453,False,handpd:meander,5
P2_subject,resnet50,0,PD:0223,1,0.8406473398208618,False,handpd:meander,5
P2_subject,resnet50,0,PD:0223,1,0.9928479194641113,False,handpd:meander,5
P2_subject,resnet50,0,PD:0230,1,0.9916182160377502,False,handpd:meander,5
P2_subject,resnet50,0,PD:0230,1,0.9986920952796936,False,handpd:meander,5
P2_subject,resnet50,0,PD:0230,1,0.9982522130012512,False,handpd:meander,5
P2_subject,resnet50,0,PD:0230,1,0.975449800491333,False,handpd:meander,5
P2_subject,resnet50,0,PD:0235,1,0.9988228678703308,False,handpd:meander,5
P2_subject,resnet50,0,PD:0235,1,0.9906362891197205,False,handpd:meander,5
P2_subject,resnet50,0,PD:0235,1,0.9958248138427734,False,handpd:meander,5
P2_subject,resnet50,0,PD:0235,1,0.9902352094650269,False,handpd:meander,5
P2_subject,resnet50,0,PD:0247,1,0.995474636554718,False,handpd:meander,5
P2_subject,resnet50,0,PD:0247,1,0.9100815057754517,False,handpd:meander,5
P2_subject,resnet50,0,PD:0247,1,0.9997616410255432,False,handpd:meander,5
P2_subject,resnet50,0,PD:0247,1,0.9922618865966797,False,handpd:meander,5
P2_subject,resnet50,0,PD:0269,1,0.9195829033851624,False,handpd:meander,5
P2_subject,resnet50,0,PD:0269,1,0.9285904765129089,False,handpd:meander,5
P2_subject,resnet50,0,PD:0269,1,0.7813589572906494,False,handpd:meander,5
P2_subject,resnet50,0,PD:0269,1,0.9965600371360779,False,handpd:meander,5
P2_subject,resnet50,0,PD:0274,1,0.9801768064498901,False,handpd:meander,5
P2_subject,resnet50,0,PD:0274,1,0.9954105019569397,False,handpd:meander,5
P2_subject,resnet50,0,PD:0274,1,0.9807495474815369,False,handpd:meander,5
P2_subject,resnet50,0,PD:0274,1,0.968518853187561,False,handpd:meander,5
P2_subject,resnet50,0,PD:0280,1,0.882169246673584,False,handpd:meander,5
P2_subject,resnet50,0,PD:0280,1,0.9717150330543518,False,handpd:meander,5
P2_subject,resnet50,0,PD:0280,1,0.9671198725700378,False,handpd:meander,5
P2_subject,resnet50,0,PD:0280,1,0.9956730008125305,False,handpd:meander,5
P2_subject,resnet50,0,PD:0281,1,0.9943413734436035,False,handpd:meander,5
P2_subject,resnet50,0,PD:0281,1,0.9357753992080688,False,handpd:meander,5
P2_subject,resnet50,0,PD:0281,1,0.9879785776138306,False,handpd:meander,5
P2_subject,resnet50,0,PD:0281,1,0.9978461265563965,False,handpd:meander,5
P2_subject,resnet50,1,HC:0104,0,0.6359348893165588,False,handpd:meander,5
P2_subject,resnet50,1,HC:0104,0,0.5489369630813599,False,handpd:meander,5
P2_subject,resnet50,1,HC:0104,0,0.6231540441513062,False,handpd:meander,5
P2_subject,resnet50,1,HC:0104,0,0.5119497179985046,False,handpd:meander,5
P2_subject,resnet50,1,HC:0112,0,0.6226793527603149,False,handpd:meander,5
P2_subject,resnet50,1,HC:0112,0,0.5682728886604309,False,handpd:meander,5
P2_subject,resnet50,1,HC:0112,0,0.5889155864715576,False,handpd:meander,5
P2_subject,resnet50,1,HC:0112,0,0.6914761066436768,False,handpd:meander,5
P2_subject,resnet50,1,HC:0127,0,0.6483756899833679,False,handpd:meander,5
P2_subject,resnet50,1,HC:0127,0,0.504412055015564,False,handpd:meander,5
P2_subject,resnet50,1,HC:0127,0,0.5849375128746033,False,handpd:meander,5
P2_subject,resnet50,1,HC:0127,0,0.672489583492279,False,handpd:meander,5
P2_subject,resnet50,1,HC:0131,0,0.6417618989944458,False,handpd:meander,5
P2_subject,resnet50,1,HC:0131,0,0.5789375901222229,False,handpd:meander,5
P2_subject,resnet50,1,HC:0131,0,0.49902376532554626,False,handpd:meander,5
P2_subject,resnet50,1,HC:0131,0,0.5191863179206848,False,handpd:meander,5
P2_subject,resnet50,1,HC:0293,0,0.8163342475891113,False,handpd:meander,5
P2_subject,resnet50,1,HC:0293,0,0.6552098393440247,False,handpd:meander,5
P2_subject,resnet50,1,HC:0293,0,0.6653980612754822,False,handpd:meander,5
P2_subject,resnet50,1,HC:0293,0,0.6361539959907532,False,handpd:meander,5
P2_subject,resnet50,1,HC:0305,0,0.9332415461540222,False,handpd:meander,5
P2_subject,resnet50,1,HC:0305,0,0.9544539451599121,False,handpd:meander,5
P2_subject,resnet50,1,HC:0305,0,0.7967790961265564,False,handpd:meander,5
P2_subject,resnet50,1,HC:0305,0,0.9898868203163147,False,handpd:meander,5
P2_subject,resnet50,1,PD:0002,1,0.9962791800498962,False,handpd:meander,5
P2_subject,resnet50,1,PD:0002,1,0.997395396232605,False,handpd:meander,5
P2_subject,resnet50,1,PD:0002,1,0.9500278234481812,False,handpd:meander,5
P2_subject,resnet50,1,PD:0002,1,0.9831337928771973,False,handpd:meander,5
P2_subject,resnet50,1,PD:0038,1,0.9997977614402771,False,handpd:meander,5
P2_subject,resnet50,1,PD:0038,1,0.894185483455658,False,handpd:meander,5
P2_subject,resnet50,1,PD:0038,1,0.9911940693855286,False,handpd:meander,5
P2_subject,resnet50,1,PD:0038,1,0.996137797832489,False,handpd:meander,5
P2_subject,resnet50,1,PD:0044,1,0.9855709075927734,False,handpd:meander,5
P2_subject,resnet50,1,PD:0044,1,0.9904062151908875,False,handpd:meander,5
P2_subject,resnet50,1,PD:0044,1,0.9341654777526855,False,handpd:meander,5
P2_subject,resnet50,1,PD:0044,1,0.7274631261825562,False,handpd:meander,5
P2_subject,resnet50,1,PD:0046,1,0.9835273623466492,False,handpd:meander,5
P2_subject,resnet50,1,PD:0046,1,0.9829628467559814,False,handpd:meander,5
P2_subject,resnet50,1,PD:0046,1,0.9753990173339844,False,handpd:meander,5
P2_subject,resnet50,1,PD:0046,1,0.9321863651275635,False,handpd:meander,5
P2_subject,resnet50,1,PD:0143,1,0.9880043864250183,False,handpd:meander,5
P2_subject,resnet50,1,PD:0143,1,0.9772744178771973,False,handpd:meander,5
P2_subject,resnet50,1,PD:0143,1,0.8657077550888062,False,handpd:meander,5
P2_subject,resnet50,1,PD:0143,1,0.9812244772911072,False,handpd:meander,5
P2_subject,resnet50,1,PD:0148,1,0.9232006072998047,False,handpd:meander,5
P2_subject,resnet50,1,PD:0148,1,0.9661436676979065,False,handpd:meander,5
P2_subject,resnet50,1,PD:0148,1,0.9267510175704956,False,handpd:meander,5
P2_subject,resnet50,1,PD:0148,1,0.9898892045021057,False,handpd:meander,5
P2_subject,resnet50,1,PD:0157,1,0.9951893091201782,False,handpd:meander,5
P2_subject,resnet50,1,PD:0157,1,0.888353168964386,False,handpd:meander,5
P2_subject,resnet50,1,PD:0157,1,0.9755987524986267,False,handpd:meander,5
P2_subject,resnet50,1,PD:0157,1,0.9978846907615662,False,handpd:meander,5
P2_subject,resnet50,1,PD:0165,1,0.7314620018005371,False,handpd:meander,5
P2_subject,resnet50,1,PD:0165,1,0.6383012533187866,False,handpd:meander,5
P2_subject,resnet50,1,PD:0165,1,0.6646937727928162,False,handpd:meander,5
P2_subject,resnet50,1,PD:0165,1,0.5084871053695679,False,handpd:meander,5
P2_subject,resnet50,1,PD:0166,1,0.6973450183868408,False,handpd:meander,5
P2_subject,resnet50,1,PD:0166,1,0.8359839916229248,False,handpd:meander,5
P2_subject,resnet50,1,PD:0166,1,0.9650998115539551,False,handpd:meander,5
P2_subject,resnet50,1,PD:0166,1,0.8728470206260681,False,handpd:meander,5
P2_subject,resnet50,1,PD:0170,1,0.933049738407135,False,handpd:meander,5
P2_subject,resnet50,1,PD:0170,1,0.9829432964324951,False,handpd:meander,5
P2_subject,resnet50,1,PD:0170,1,0.9146358370780945,False,handpd:meander,5
P2_subject,resnet50,1,PD:0170,1,0.9891254901885986,False,handpd:meander,5
P2_subject,resnet50,1,PD:0174,1,0.981673002243042,False,handpd:meander,5
P2_subject,resnet50,1,PD:0174,1,0.9721546769142151,False,handpd:meander,5
P2_subject,resnet50,1,PD:0174,1,0.9375271797180176,False,handpd:meander,5
P2_subject,resnet50,1,PD:0174,1,0.9596482515335083,False,handpd:meander,5
P2_subject,resnet50,1,PD:0176,1,0.9811502695083618,False,handpd:meander,5
P2_subject,resnet50,1,PD:0176,1,0.8727836012840271,False,handpd:meander,5
P2_subject,resnet50,1,PD:0176,1,0.910690188407898,False,handpd:meander,5
P2_subject,resnet50,1,PD:0176,1,0.9429758191108704,False,handpd:meander,5
P2_subject,resnet50,1,PD:0181,1,0.8040372729301453,False,handpd:meander,5
P2_subject,resnet50,1,PD:0181,1,0.5667954087257385,False,handpd:meander,5
P2_subject,resnet50,1,PD:0181,1,0.9180604815483093,False,handpd:meander,5
P2_subject,resnet50,1,PD:0181,1,0.8313976526260376,False,handpd:meander,5
P2_subject,resnet50,1,PD:0182,1,0.8451564311981201,False,handpd:meander,5
P2_subject,resnet50,1,PD:0182,1,0.9622094035148621,False,handpd:meander,5
P2_subject,resnet50,1,PD:0182,1,0.968999445438385,False,handpd:meander,5
P2_subject,resnet50,1,PD:0182,1,0.9923189282417297,False,handpd:meander,5
P2_subject,resnet50,1,PD:0188,1,0.863431453704834,False,handpd:meander,5
P2_subject,resnet50,1,PD:0188,1,0.7245567440986633,False,handpd:meander,5
P2_subject,resnet50,1,PD:0188,1,0.742681622505188,False,handpd:meander,5
P2_subject,resnet50,1,PD:0188,1,0.8553832769393921,False,handpd:meander,5
P2_subject,resnet50,1,PD:0192,1,0.9655573964118958,False,handpd:meander,5
P2_subject,resnet50,1,PD:0192,1,0.9856069087982178,False,handpd:meander,5
P2_subject,resnet50,1,PD:0192,1,0.8930106163024902,False,handpd:meander,5
P2_subject,resnet50,1,PD:0192,1,0.9580023884773254,False,handpd:meander,5
P2_subject,resnet50,1,PD:0203,1,0.7040082812309265,False,handpd:meander,5
P2_subject,resnet50,1,PD:0203,1,0.6859781742095947,False,handpd:meander,5
P2_subject,resnet50,1,PD:0203,1,0.8338737487792969,False,handpd:meander,5
P2_subject,resnet50,1,PD:0203,1,0.7951446771621704,False,handpd:meander,5
P2_subject,resnet50,1,PD:0207,1,0.9600136876106262,False,handpd:meander,5
P2_subject,resnet50,1,PD:0207,1,0.9920393228530884,False,handpd:meander,5
P2_subject,resnet50,1,PD:0207,1,0.7136192917823792,False,handpd:meander,5
P2_subject,resnet50,1,PD:0207,1,0.9538953304290771,False,handpd:meander,5
P2_subject,resnet50,1,PD:0228,1,0.9980242252349854,False,handpd:meander,5
P2_subject,resnet50,1,PD:0228,1,0.9845685958862305,False,handpd:meander,5
P2_subject,resnet50,1,PD:0228,1,0.9958555102348328,False,handpd:meander,5
P2_subject,resnet50,1,PD:0228,1,0.9907682538032532,False,handpd:meander,5
P2_subject,resnet50,1,PD:0229,1,0.9580579400062561,False,handpd:meander,5
P2_subject,resnet50,1,PD:0229,1,0.9928557872772217,False,handpd:meander,5
P2_subject,resnet50,1,PD:0229,1,0.9929285645484924,False,handpd:meander,5
P2_subject,resnet50,1,PD:0229,1,0.9943634271621704,False,handpd:meander,5
P2_subject,resnet50,1,PD:0236,1,0.9741887450218201,False,handpd:meander,5
P2_subject,resnet50,1,PD:0236,1,0.9734391570091248,False,handpd:meander,5
P2_subject,resnet50,1,PD:0236,1,0.9355131387710571,False,handpd:meander,5
P2_subject,resnet50,1,PD:0236,1,0.990624725818634,False,handpd:meander,5
P2_subject,resnet50,1,PD:0240,1,0.8482362031936646,False,handpd:meander,5
P2_subject,resnet50,1,PD:0240,1,0.9706001877784729,False,handpd:meander,5
P2_subject,resnet50,1,PD:0240,1,0.8933078050613403,False,handpd:meander,5
P2_subject,resnet50,1,PD:0240,1,0.9384497404098511,False,handpd:meander,5
P2_subject,resnet50,1,PD:0241,1,0.9965919256210327,False,handpd:meander,5
P2_subject,resnet50,1,PD:0241,1,0.9936661124229431,False,handpd:meander,5
P2_subject,resnet50,1,PD:0241,1,0.9782283306121826,False,handpd:meander,5
P2_subject,resnet50,1,PD:0241,1,0.9107030630111694,False,handpd:meander,5
P2_subject,resnet50,1,PD:0253,1,0.9066983461380005,False,handpd:meander,5
P2_subject,resnet50,1,PD:0253,1,0.910334050655365,False,handpd:meander,5
P2_subject,resnet50,1,PD:0253,1,0.9531744122505188,False,handpd:meander,5
P2_subject,resnet50,1,PD:0253,1,0.7936757206916809,False,handpd:meander,5
P2_subject,resnet50,1,PD:0261,1,0.7992224097251892,False,handpd:meander,5
P2_subject,resnet50,1,PD:0261,1,0.8594136834144592,False,handpd:meander,5
P2_subject,resnet50,1,PD:0261,1,0.7891836762428284,False,handpd:meander,5
P2_subject,resnet50,1,PD:0261,1,0.8375149965286255,False,handpd:meander,5
P2_subject,resnet50,2,HC:0092,0,0.8682109117507935,False,handpd:meander,5
P2_subject,resnet50,2,HC:0092,0,0.7895445227622986,False,handpd:meander,5
P2_subject,resnet50,2,HC:0092,0,0.6530470252037048,False,handpd:meander,5
P2_subject,resnet50,2,HC:0092,0,0.8087307214736938,False,handpd:meander,5
P2_subject,resnet50,2,HC:0098,0,0.9243126511573792,False,handpd:meander,5
P2_subject,resnet50,2,HC:0098,0,0.6705734133720398,False,handpd:meander,5
P2_subject,resnet50,2,HC:0098,0,0.8390380144119263,False,handpd:meander,5
P2_subject,resnet50,2,HC:0098,0,0.6886399984359741,False,handpd:meander,5
P2_subject,resnet50,2,HC:0102,0,0.7517314553260803,False,handpd:meander,5
P2_subject,resnet50,2,HC:0102,0,0.8670312762260437,False,handpd:meander,5
P2_subject,resnet50,2,HC:0102,0,0.7152886390686035,False,handpd:meander,5
P2_subject,resnet50,2,HC:0102,0,0.7253184914588928,False,handpd:meander,5
P2_subject,resnet50,2,HC:0106,0,0.6553190350532532,False,handpd:meander,5
P2_subject,resnet50,2,HC:0106,0,0.7503352761268616,False,handpd:meander,5
P2_subject,resnet50,2,HC:0106,0,0.8502030372619629,False,handpd:meander,5
P2_subject,resnet50,2,HC:0106,0,0.7765573263168335,False,handpd:meander,5
P2_subject,resnet50,2,HC:0287,0,0.7416302561759949,False,handpd:meander,5
P2_subject,resnet50,2,HC:0287,0,0.8700292706489563,False,handpd:meander,5
P2_subject,resnet50,2,HC:0287,0,0.9410033226013184,False,handpd:meander,5
P2_subject,resnet50,2,HC:0287,0,0.9592694640159607,False,handpd:meander,5
P2_subject,resnet50,2,HC:0297,0,0.8035320043563843,False,handpd:meander,5
P2_subject,resnet50,2,HC:0297,0,0.8386610150337219,False,handpd:meander,5
P2_subject,resnet50,2,HC:0297,0,0.8544414639472961,False,handpd:meander,5
P2_subject,resnet50,2,HC:0297,0,0.8992548584938049,False,handpd:meander,5
P2_subject,resnet50,2,PD:0004,1,0.9987724423408508,False,handpd:meander,5
P2_subject,resnet50,2,PD:0004,1,0.9941185712814331,False,handpd:meander,5
P2_subject,resnet50,2,PD:0004,1,0.9783353209495544,False,handpd:meander,5
P2_subject,resnet50,2,PD:0004,1,0.990358293056488,False,handpd:meander,5
P2_subject,resnet50,2,PD:0010,1,0.9944826364517212,False,handpd:meander,5
P2_subject,resnet50,2,PD:0010,1,0.9946756362915039,False,handpd:meander,5
P2_subject,resnet50,2,PD:0010,1,0.9901750087738037,False,handpd:meander,5
P2_subject,resnet50,2,PD:0010,1,0.9839282035827637,False,handpd:meander,5
P2_subject,resnet50,2,PD:0023,1,0.9822912216186523,False,handpd:meander,5
P2_subject,resnet50,2,PD:0023,1,0.9021391868591309,False,handpd:meander,5
P2_subject,resnet50,2,PD:0023,1,0.9170389175415039,False,handpd:meander,5
P2_subject,resnet50,2,PD:0023,1,0.8689688444137573,False,handpd:meander,5
P2_subject,resnet50,2,PD:0024,1,0.9812426567077637,False,handpd:meander,5
P2_subject,resnet50,2,PD:0024,1,0.9244856238365173,False,handpd:meander,5
P2_subject,resnet50,2,PD:0024,1,0.8477115631103516,False,handpd:meander,5
P2_subject,resnet50,2,PD:0024,1,0.8204101324081421,False,handpd:meander,5
P2_subject,resnet50,2,PD:0045,1,0.9952495098114014,False,handpd:meander,5
P2_subject,resnet50,2,PD:0045,1,0.9998459815979004,False,handpd:meander,5
P2_subject,resnet50,2,PD:0045,1,0.9994076490402222,False,handpd:meander,5
P2_subject,resnet50,2,PD:0045,1,0.991171658039093,False,handpd:meander,5
P2_subject,resnet50,2,PD:0051,1,0.9394019842147827,False,handpd:meander,5
P2_subject,resnet50,2,PD:0051,1,0.9217727780342102,False,handpd:meander,5
P2_subject,resnet50,2,PD:0051,1,0.9034972786903381,False,handpd:meander,5
P2_subject,resnet50,2,PD:0051,1,0.8090376257896423,False,handpd:meander,5
P2_subject,resnet50,2,PD:0052,1,0.9157928228378296,False,handpd:meander,5
P2_subject,resnet50,2,PD:0052,1,0.9110535979270935,False,handpd:meander,5
P2_subject,resnet50,2,PD:0052,1,0.8489954471588135,False,handpd:meander,5
P2_subject,resnet50,2,PD:0052,1,0.8746880888938904,False,handpd:meander,5
P2_subject,resnet50,2,PD:0134,1,0.9974084496498108,False,handpd:meander,5
P2_subject,resnet50,2,PD:0134,1,0.9988976716995239,False,handpd:meander,5
P2_subject,resnet50,2,PD:0134,1,0.9995487332344055,False,handpd:meander,5
P2_subject,resnet50,2,PD:0134,1,0.9995515942573547,False,handpd:meander,5
P2_subject,resnet50,2,PD:0136,1,0.9873056411743164,False,handpd:meander,5
P2_subject,resnet50,2,PD:0136,1,0.9627315402030945,False,handpd:meander,5
P2_subject,resnet50,2,PD:0136,1,0.9603187441825867,False,handpd:meander,5
P2_subject,resnet50,2,PD:0136,1,0.9601003527641296,False,handpd:meander,5
P2_subject,resnet50,2,PD:0138,1,0.9445256590843201,False,handpd:meander,5
P2_subject,resnet50,2,PD:0138,1,0.9425181746482849,False,handpd:meander,5
P2_subject,resnet50,2,PD:0138,1,0.853513777256012,False,handpd:meander,5
P2_subject,resnet50,2,PD:0138,1,0.9650848507881165,False,handpd:meander,5
P2_subject,resnet50,2,PD:0177,1,0.9995988011360168,False,handpd:meander,5
P2_subject,resnet50,2,PD:0177,1,0.9789637327194214,False,handpd:meander,5
P2_subject,resnet50,2,PD:0177,1,0.992347240447998,False,handpd:meander,5
P2_subject,resnet50,2,PD:0177,1,0.9863066673278809,False,handpd:meander,5
P2_subject,resnet50,2,PD:0196,1,0.9648430347442627,False,handpd:meander,5
P2_subject,resnet50,2,PD:0196,1,0.9550472497940063,False,handpd:meander,5
P2_subject,resnet50,2,PD:0196,1,0.9807406067848206,False,handpd:meander,5
P2_subject,resnet50,2,PD:0196,1,0.9710449576377869,False,handpd:meander,5
P2_subject,resnet50,2,PD:0198,1,0.9337807297706604,False,handpd:meander,5
P2_subject,resnet50,2,PD:0198,1,0.9795114994049072,False,handpd:meander,5
P2_subject,resnet50,2,PD:0198,1,0.9912862181663513,False,handpd:meander,5
P2_subject,resnet50,2,PD:0198,1,0.9653964638710022,False,handpd:meander,5
P2_subject,resnet50,2,PD:0202,1,0.7478668093681335,False,handpd:meander,5
P2_subject,resnet50,2,PD:0202,1,0.8306284546852112,False,handpd:meander,5
P2_subject,resnet50,2,PD:0202,1,0.7705531120300293,False,handpd:meander,5
P2_subject,resnet50,2,PD:0202,1,0.7878402471542358,False,handpd:meander,5
P2_subject,resnet50,2,PD:0208,1,0.8961591720581055,False,handpd:meander,5
P2_subject,resnet50,2,PD:0208,1,0.9175498485565186,False,handpd:meander,5
P2_subject,resnet50,2,PD:0208,1,0.9017963409423828,False,handpd:meander,5
P2_subject,resnet50,2,PD:0208,1,0.9988448619842529,False,handpd:meander,5
P2_subject,resnet50,2,PD:0213,1,0.9988516569137573,False,handpd:meander,5
P2_subject,resnet50,2,PD:0213,1,0.9973690509796143,False,handpd:meander,5
P2_subject,resnet50,2,PD:0213,1,0.9851458072662354,False,handpd:meander,5
P2_subject,resnet50,2,PD:0213,1,0.9797934889793396,False,handpd:meander,5
P2_subject,resnet50,2,PD:0214,1,0.9995730519294739,False,handpd:meander,5
P2_subject,resnet50,2,PD:0214,1,0.9947224855422974,False,handpd:meander,5
P2_subject,resnet50,2,PD:0214,1,0.9836891293525696,False,handpd:meander,5
P2_subject,resnet50,2,PD:0214,1,0.997597873210907,False,handpd:meander,5
P2_subject,resnet50,2,PD:0219,1,0.833785355091095,False,handpd:meander,5
P2_subject,resnet50,2,PD:0219,1,0.7911168932914734,False,handpd:meander,5
P2_subject,resnet50,2,PD:0219,1,0.7714865207672119,False,handpd:meander,5
P2_subject,resnet50,2,PD:0219,1,0.9120237231254578,False,handpd:meander,5
P2_subject,resnet50,2,PD:0234,1,0.9987074136734009,False,handpd:meander,5
P2_subject,resnet50,2,PD:0234,1,0.994800329208374,False,handpd:meander,5
P2_subject,resnet50,2,PD:0234,1,0.9985533356666565,False,handpd:meander,5
P2_subject,resnet50,2,PD:0234,1,0.9862402081489563,False,handpd:meander,5
P2_subject,resnet50,2,PD:0242,1,0.9997028708457947,False,handpd:meander,5
P2_subject,resnet50,2,PD:0242,1,0.9974846839904785,False,handpd:meander,5
P2_subject,resnet50,2,PD:0242,1,0.9994087219238281,False,handpd:meander,5
P2_subject,resnet50,2,PD:0242,1,0.99603670835495,False,handpd:meander,5
P2_subject,resnet50,2,PD:0246,1,0.9984437823295593,False,handpd:meander,5
P2_subject,resnet50,2,PD:0246,1,0.9996089339256287,False,handpd:meander,5
P2_subject,resnet50,2,PD:0246,1,0.9976466298103333,False,handpd:meander,5
P2_subject,resnet50,2,PD:0246,1,0.9972707629203796,False,handpd:meander,5
P2_subject,resnet50,2,PD:0254,1,0.9717983603477478,False,handpd:meander,5
P2_subject,resnet50,2,PD:0254,1,0.9785125255584717,False,handpd:meander,5
P2_subject,resnet50,2,PD:0254,1,0.8897866010665894,False,handpd:meander,5
P2_subject,resnet50,2,PD:0254,1,0.9536504745483398,False,handpd:meander,5
P2_subject,resnet50,2,PD:0268,1,0.9875903129577637,False,handpd:meander,5
P2_subject,resnet50,2,PD:0268,1,0.9939314126968384,False,handpd:meander,5
P2_subject,resnet50,2,PD:0268,1,0.9960567951202393,False,handpd:meander,5
P2_subject,resnet50,2,PD:0268,1,0.9671010971069336,False,handpd:meander,5
P2_subject,resnet50,2,PD:0273,1,0.9597379565238953,False,handpd:meander,5
P2_subject,resnet50,2,PD:0273,1,0.9854508638381958,False,handpd:meander,5
P2_subject,resnet50,2,PD:0273,1,0.9902828931808472,False,handpd:meander,5
P2_subject,resnet50,2,PD:0273,1,0.9099030494689941,False,handpd:meander,5
P1_image,efficientnet_b0,0,HC:0068,0,0.4377874732017517,True,handpd:meander,5
P1_image,efficientnet_b0,0,HC:0068,0,0.6216927170753479,True,handpd:meander,5
P1_image,efficientnet_b0,0,HC:0102,0,0.7167989611625671,True,handpd:meander,5
P1_image,efficientnet_b0,0,HC:0104,0,0.7468720078468323,True,handpd:meander,5
P1_image,efficientnet_b0,0,HC:0106,0,0.5455721616744995,True,handpd:meander,5
P1_image,efficientnet_b0,0,HC:0106,0,0.5580660700798035,True,handpd:meander,5
P1_image,efficientnet_b0,0,HC:0112,0,0.6466883420944214,True,handpd:meander,5
P1_image,efficientnet_b0,0,HC:0112,0,0.8251199722290039,True,handpd:meander,5
P1_image,efficientnet_b0,0,HC:0116,0,0.6529671549797058,True,handpd:meander,5
P1_image,efficientnet_b0,0,HC:0127,0,0.5328090190887451,True,handpd:meander,5
P1_image,efficientnet_b0,0,HC:0127,0,0.48302340507507324,True,handpd:meander,5
P1_image,efficientnet_b0,0,HC:0129,0,0.5869748592376709,True,handpd:meander,5
P1_image,efficientnet_b0,0,HC:0129,0,0.5468236207962036,True,handpd:meander,5
P1_image,efficientnet_b0,0,HC:0287,0,0.6777679324150085,True,handpd:meander,5
P1_image,efficientnet_b0,0,HC:0287,0,0.7994458675384521,True,handpd:meander,5
P1_image,efficientnet_b0,0,HC:0287,0,0.7266316413879395,True,handpd:meander,5
P1_image,efficientnet_b0,0,HC:0289,0,0.5258863568305969,True,handpd:meander,5
P1_image,efficientnet_b0,0,HC:0289,0,0.6091718077659607,True,handpd:meander,5
P1_image,efficientnet_b0,0,HC:0293,0,0.8499336242675781,True,handpd:meander,5
P1_image,efficientnet_b0,0,HC:0293,0,0.6350228786468506,True,handpd:meander,5
P1_image,efficientnet_b0,0,HC:0297,0,0.8947298526763916,True,handpd:meander,5
P1_image,efficientnet_b0,0,HC:0297,0,0.8049888014793396,True,handpd:meander,5
P1_image,efficientnet_b0,0,HC:0305,0,0.9774749875068665,True,handpd:meander,5
P1_image,efficientnet_b0,0,HC:0305,0,0.9327093362808228,True,handpd:meander,5
P1_image,efficientnet_b0,0,PD:0002,1,0.9894277453422546,True,handpd:meander,5
P1_image,efficientnet_b0,0,PD:0003,1,0.9672251343727112,True,handpd:meander,5
P1_image,efficientnet_b0,0,PD:0004,1,0.9386975765228271,True,handpd:meander,5
P1_image,efficientnet_b0,0,PD:0004,1,0.8507135510444641,True,handpd:meander,5
P1_image,efficientnet_b0,0,PD:0004,1,0.8929905891418457,True,handpd:meander,5
P1_image,efficientnet_b0,0,PD:0005,1,0.8786731958389282,True,handpd:meander,5
P1_image,efficientnet_b0,0,PD:0009,1,0.8606677055358887,True,handpd:meander,5
P1_image,efficientnet_b0,0,PD:0009,1,0.6273994445800781,True,handpd:meander,5
P1_image,efficientnet_b0,0,PD:0010,1,0.8984228372573853,True,handpd:meander,5
P1_image,efficientnet_b0,0,PD:0016,1,0.9544073939323425,True,handpd:meander,5
P1_image,efficientnet_b0,0,PD:0016,1,0.9750460982322693,True,handpd:meander,5
P1_image,efficientnet_b0,0,PD:0023,1,0.9400582313537598,True,handpd:meander,5
P1_image,efficientnet_b0,0,PD:0024,1,0.7686154842376709,True,handpd:meander,5
P1_image,efficientnet_b0,0,PD:0024,1,0.9538027048110962,True,handpd:meander,5
P1_image,efficientnet_b0,0,PD:0031,1,0.8779687881469727,True,handpd:meander,5
P1_image,efficientnet_b0,0,PD:0038,1,0.9366727471351624,True,handpd:meander,5
P1_image,efficientnet_b0,0,PD:0038,1,0.9419840574264526,True,handpd:meander,5
P1_image,efficientnet_b0,0,PD:0044,1,0.9923657774925232,True,handpd:meander,5
P1_image,efficientnet_b0,0,PD:0044,1,0.9931173324584961,True,handpd:meander,5
P1_image,efficientnet_b0,0,PD:0044,1,0.9531432390213013,True,handpd:meander,5
P1_image,efficientnet_b0,0,PD:0045,1,0.9881448745727539,True,handpd:meander,5
P1_image,efficientnet_b0,0,PD:0045,1,0.9752253890037537,True,handpd:meander,5
P1_image,efficientnet_b0,0,PD:0045,1,0.9560672640800476,True,handpd:meander,5
P1_image,efficientnet_b0,0,PD:0051,1,0.7702283263206482,True,handpd:meander,5
P1_image,efficientnet_b0,0,PD:0051,1,0.7870055437088013,True,handpd:meander,5
P1_image,efficientnet_b0,0,PD:0051,1,0.8733661770820618,True,handpd:meander,5
P1_image,efficientnet_b0,0,PD:0052,1,0.9438587427139282,True,handpd:meander,5
P1_image,efficientnet_b0,0,PD:0052,1,0.9345691800117493,True,handpd:meander,5
P1_image,efficientnet_b0,0,PD:0053,1,0.9205836057662964,True,handpd:meander,5
P1_image,efficientnet_b0,0,PD:0054,1,0.9574431777000427,True,handpd:meander,5
P1_image,efficientnet_b0,0,PD:0138,1,0.9201581478118896,True,handpd:meander,5
P1_image,efficientnet_b0,0,PD:0138,1,0.8956118822097778,True,handpd:meander,5
P1_image,efficientnet_b0,0,PD:0139,1,0.8145666718482971,True,handpd:meander,5
P1_image,efficientnet_b0,0,PD:0148,1,0.9804156422615051,True,handpd:meander,5
P1_image,efficientnet_b0,0,PD:0148,1,0.9635165333747864,True,handpd:meander,5
P1_image,efficientnet_b0,0,PD:0149,1,0.9460626840591431,True,handpd:meander,5
P1_image,efficientnet_b0,0,PD:0153,1,0.8474977612495422,True,handpd:meander,5
P1_image,efficientnet_b0,0,PD:0153,1,0.8134574890136719,True,handpd:meander,5
P1_image,efficientnet_b0,0,PD:0157,1,0.9486080408096313,True,handpd:meander,5
P1_image,efficientnet_b0,0,PD:0157,1,0.9503652453422546,True,handpd:meander,5
P1_image,efficientnet_b0,0,PD:0157,1,0.9112715125083923,True,handpd:meander,5
P1_image,efficientnet_b0,0,PD:0161,1,0.9694864749908447,True,handpd:meander,5
P1_image,efficientnet_b0,0,PD:0161,1,0.8254857659339905,True,handpd:meander,5
P1_image,efficientnet_b0,0,PD:0165,1,0.6457775831222534,True,handpd:meander,5
P1_image,efficientnet_b0,0,PD:0165,1,0.6927431225776672,True,handpd:meander,5
P1_image,efficientnet_b0,0,PD:0166,1,0.7118113040924072,True,handpd:meander,5
P1_image,efficientnet_b0,0,PD:0170,1,0.9729220867156982,True,handpd:meander,5
P1_image,efficientnet_b0,0,PD:0170,1,0.9418129920959473,True,handpd:meander,5
P1_image,efficientnet_b0,0,PD:0170,1,0.8197929859161377,True,handpd:meander,5
P1_image,efficientnet_b0,0,PD:0176,1,0.9846169948577881,True,handpd:meander,5
P1_image,efficientnet_b0,0,PD:0176,1,0.9803771376609802,True,handpd:meander,5
P1_image,efficientnet_b0,0,PD:0177,1,0.9470529556274414,True,handpd:meander,5
P1_image,efficientnet_b0,0,PD:0177,1,0.9879167675971985,True,handpd:meander,5
P1_image,efficientnet_b0,0,PD:0182,1,0.7984945178031921,True,handpd:meander,5
P1_image,efficientnet_b0,0,PD:0182,1,0.963793933391571,True,handpd:meander,5
P1_image,efficientnet_b0,0,PD:0186,1,0.9260634779930115,True,handpd:meander,5
P1_image,efficientnet_b0,0,PD:0186,1,0.8628000617027283,True,handpd:meander,5
P1_image,efficientnet_b0,0,PD:0186,1,0.9317173361778259,True,handpd:meander,5
P1_image,efficientnet_b0,0,PD:0192,1,0.9527450799942017,True,handpd:meander,5
P1_image,efficientnet_b0,0,PD:0196,1,0.9652656316757202,True,handpd:meander,5
P1_image,efficientnet_b0,0,PD:0197,1,0.8681157827377319,True,handpd:meander,5
P1_image,efficientnet_b0,0,PD:0197,1,0.9271637797355652,True,handpd:meander,5
P1_image,efficientnet_b0,0,PD:0203,1,0.9377157092094421,True,handpd:meander,5
P1_image,efficientnet_b0,0,PD:0203,1,0.8998041749000549,True,handpd:meander,5
P1_image,efficientnet_b0,0,PD:0207,1,0.9120709300041199,True,handpd:meander,5
P1_image,efficientnet_b0,0,PD:0207,1,0.7918540239334106,True,handpd:meander,5
P1_image,efficientnet_b0,0,PD:0208,1,0.8857502937316895,True,handpd:meander,5
P1_image,efficientnet_b0,0,PD:0208,1,0.8904088139533997,True,handpd:meander,5
P1_image,efficientnet_b0,0,PD:0214,1,0.9550970792770386,True,handpd:meander,5
P1_image,efficientnet_b0,0,PD:0218,1,0.7826460003852844,True,handpd:meander,5
P1_image,efficientnet_b0,0,PD:0218,1,0.8358073234558105,True,handpd:meander,5
P1_image,efficientnet_b0,0,PD:0219,1,0.8178620338439941,True,handpd:meander,5
P1_image,efficientnet_b0,0,PD:0219,1,0.7735201120376587,True,handpd:meander,5
P1_image,efficientnet_b0,0,PD:0219,1,0.7656450867652893,True,handpd:meander,5
P1_image,efficientnet_b0,0,PD:0223,1,0.9700291156768799,True,handpd:meander,5
P1_image,efficientnet_b0,0,PD:0228,1,0.9709100127220154,True,handpd:meander,5
P1_image,efficientnet_b0,0,PD:0234,1,0.968079149723053,True,handpd:meander,5
P1_image,efficientnet_b0,0,PD:0235,1,0.9823176860809326,True,handpd:meander,5
P1_image,efficientnet_b0,0,PD:0236,1,0.9972525238990784,True,handpd:meander,5
P1_image,efficientnet_b0,0,PD:0240,1,0.9584359526634216,True,handpd:meander,5
P1_image,efficientnet_b0,0,PD:0240,1,0.9398327469825745,True,handpd:meander,5
P1_image,efficientnet_b0,0,PD:0241,1,0.9775182604789734,True,handpd:meander,5
P1_image,efficientnet_b0,0,PD:0241,1,0.9297409057617188,True,handpd:meander,5
P1_image,efficientnet_b0,0,PD:0242,1,0.9886767864227295,True,handpd:meander,5
P1_image,efficientnet_b0,0,PD:0246,1,0.9956117272377014,True,handpd:meander,5
P1_image,efficientnet_b0,0,PD:0246,1,0.9858099818229675,True,handpd:meander,5
P1_image,efficientnet_b0,0,PD:0247,1,0.8875207901000977,True,handpd:meander,5
P1_image,efficientnet_b0,0,PD:0247,1,0.9360867142677307,True,handpd:meander,5
P1_image,efficientnet_b0,0,PD:0247,1,0.9036210775375366,True,handpd:meander,5
P1_image,efficientnet_b0,0,PD:0253,1,0.927409291267395,True,handpd:meander,5
P1_image,efficientnet_b0,0,PD:0254,1,0.8915906548500061,True,handpd:meander,5
P1_image,efficientnet_b0,0,PD:0261,1,0.9091765284538269,True,handpd:meander,5
P1_image,efficientnet_b0,0,PD:0268,1,0.9796094298362732,True,handpd:meander,5
P1_image,efficientnet_b0,0,PD:0273,1,0.9444937109947205,True,handpd:meander,5
P1_image,efficientnet_b0,0,PD:0273,1,0.9646217226982117,True,handpd:meander,5
P1_image,efficientnet_b0,0,PD:0274,1,0.987054169178009,True,handpd:meander,5
P1_image,efficientnet_b0,0,PD:0274,1,0.8173367977142334,True,handpd:meander,5
P1_image,efficientnet_b0,0,PD:0280,1,0.9162307381629944,True,handpd:meander,5
P1_image,efficientnet_b0,0,PD:0280,1,0.9676652550697327,True,handpd:meander,5
P1_image,efficientnet_b0,1,HC:0068,0,0.5547671914100647,True,handpd:meander,5
P1_image,efficientnet_b0,1,HC:0092,0,0.544613242149353,True,handpd:meander,5
P1_image,efficientnet_b0,1,HC:0092,0,0.5765813589096069,True,handpd:meander,5
P1_image,efficientnet_b0,1,HC:0092,0,0.8507274985313416,True,handpd:meander,5
P1_image,efficientnet_b0,1,HC:0098,0,0.7070657014846802,True,handpd:meander,5
P1_image,efficientnet_b0,1,HC:0098,0,0.8361419439315796,True,handpd:meander,5
P1_image,efficientnet_b0,1,HC:0098,0,0.7018402218818665,True,handpd:meander,5
P1_image,efficientnet_b0,1,HC:0100,0,0.5991553068161011,True,handpd:meander,5
P1_image,efficientnet_b0,1,HC:0100,0,0.6119136810302734,True,handpd:meander,5
P1_image,efficientnet_b0,1,HC:0100,0,0.8049272894859314,True,handpd:meander,5
P1_image,efficientnet_b0,1,HC:0102,0,0.7622336149215698,True,handpd:meander,5
P1_image,efficientnet_b0,1,HC:0102,0,0.7135471105575562,True,handpd:meander,5
P1_image,efficientnet_b0,1,HC:0104,0,0.7972432374954224,True,handpd:meander,5
P1_image,efficientnet_b0,1,HC:0112,0,0.6950870752334595,True,handpd:meander,5
P1_image,efficientnet_b0,1,HC:0116,0,0.6648350954055786,True,handpd:meander,5
P1_image,efficientnet_b0,1,HC:0116,0,0.6305469274520874,True,handpd:meander,5
P1_image,efficientnet_b0,1,HC:0127,0,0.6920484900474548,True,handpd:meander,5
P1_image,efficientnet_b0,1,HC:0131,0,0.6850788593292236,True,handpd:meander,5
P1_image,efficientnet_b0,1,HC:0287,0,0.6138004064559937,True,handpd:meander,5
P1_image,efficientnet_b0,1,HC:0289,0,0.3294012248516083,True,handpd:meander,5
P1_image,efficientnet_b0,1,HC:0293,0,0.8989232778549194,True,handpd:meander,5
P1_image,efficientnet_b0,1,HC:0295,0,0.9315356612205505,True,handpd:meander,5
P1_image,efficientnet_b0,1,HC:0297,0,0.9234588742256165,True,handpd:meander,5
P1_image,efficientnet_b0,1,HC:0297,0,0.8646021485328674,True,handpd:meander,5
P1_image,efficientnet_b0,1,PD:0002,1,0.9554770588874817,True,handpd:meander,5
P1_image,efficientnet_b0,1,PD:0002,1,0.9840331673622131,True,handpd:meander,5
P1_image,efficientnet_b0,1,PD:0003,1,0.9648994207382202,True,handpd:meander,5
P1_image,efficientnet_b0,1,PD:0005,1,0.9097881317138672,True,handpd:meander,5
P1_image,efficientnet_b0,1,PD:0005,1,0.8229040503501892,True,handpd:meander,5
P1_image,efficientnet_b0,1,PD:0009,1,0.9348134994506836,True,handpd:meander,5
P1_image,efficientnet_b0,1,PD:0010,1,0.9400824904441833,True,handpd:meander,5
P1_image,efficientnet_b0,1,PD:0016,1,0.9473944902420044,True,handpd:meander,5
P1_image,efficientnet_b0,1,PD:0023,1,0.9485678672790527,True,handpd:meander,5
P1_image,efficientnet_b0,1,PD:0031,1,0.8167331218719482,True,handpd:meander,5
P1_image,efficientnet_b0,1,PD:0037,1,0.914787232875824,True,handpd:meander,5
P1_image,efficientnet_b0,1,PD:0038,1,0.9148070812225342,True,handpd:meander,5
P1_image,efficientnet_b0,1,PD:0045,1,0.8943500518798828,True,handpd:meander,5
P1_image,efficientnet_b0,1,PD:0046,1,0.9322023987770081,True,handpd:meander,5
P1_image,efficientnet_b0,1,PD:0046,1,0.9659045934677124,True,handpd:meander,5
P1_image,efficientnet_b0,1,PD:0051,1,0.9008173942565918,True,handpd:meander,5
P1_image,efficientnet_b0,1,PD:0052,1,0.8808073401451111,True,handpd:meander,5
P1_image,efficientnet_b0,1,PD:0053,1,0.9236317276954651,True,handpd:meander,5
P1_image,efficientnet_b0,1,PD:0053,1,0.8467910885810852,True,handpd:meander,5
P1_image,efficientnet_b0,1,PD:0134,1,0.9841498732566833,True,handpd:meander,5
P1_image,efficientnet_b0,1,PD:0134,1,0.9777958989143372,True,handpd:meander,5
P1_image,efficientnet_b0,1,PD:0134,1,0.9615338444709778,True,handpd:meander,5
P1_image,efficientnet_b0,1,PD:0136,1,0.9371300339698792,True,handpd:meander,5
P1_image,efficientnet_b0,1,PD:0136,1,0.7514858245849609,True,handpd:meander,5
P1_image,efficientnet_b0,1,PD:0136,1,0.9343696236610413,True,handpd:meander,5
P1_image,efficientnet_b0,1,PD:0138,1,0.8630164861679077,True,handpd:meander,5
P1_image,efficientnet_b0,1,PD:0139,1,0.8066962361335754,True,handpd:meander,5
P1_image,efficientnet_b0,1,PD:0143,1,0.9417809844017029,True,handpd:meander,5
P1_image,efficientnet_b0,1,PD:0143,1,0.9744734168052673,True,handpd:meander,5
P1_image,efficientnet_b0,1,PD:0143,1,0.8776986002922058,True,handpd:meander,5
P1_image,efficientnet_b0,1,PD:0149,1,0.9525623321533203,True,handpd:meander,5
P1_image,efficientnet_b0,1,PD:0149,1,0.9772180914878845,True,handpd:meander,5
P1_image,efficientnet_b0,1,PD:0161,1,0.9481960535049438,True,handpd:meander,5
P1_image,efficientnet_b0,1,PD:0161,1,0.9215839505195618,True,handpd:meander,5
P1_image,efficientnet_b0,1,PD:0165,1,0.8388318419456482,True,handpd:meander,5
P1_image,efficientnet_b0,1,PD:0166,1,0.9084647297859192,True,handpd:meander,5
P1_image,efficientnet_b0,1,PD:0166,1,0.914827823638916,True,handpd:meander,5
P1_image,efficientnet_b0,1,PD:0170,1,0.9822984933853149,True,handpd:meander,5
P1_image,efficientnet_b0,1,PD:0174,1,0.9857045412063599,True,handpd:meander,5
P1_image,efficientnet_b0,1,PD:0174,1,0.9758828282356262,True,handpd:meander,5
P1_image,efficientnet_b0,1,PD:0176,1,0.9493944048881531,True,handpd:meander,5
P1_image,efficientnet_b0,1,PD:0177,1,0.9228878021240234,True,handpd:meander,5
P1_image,efficientnet_b0,1,PD:0181,1,0.9318743348121643,True,handpd:meander,5
P1_image,efficientnet_b0,1,PD:0181,1,0.9104981422424316,True,handpd:meander,5
P1_image,efficientnet_b0,1,PD:0182,1,0.9273377060890198,True,handpd:meander,5
P1_image,efficientnet_b0,1,PD:0186,1,0.9078075885772705,True,handpd:meander,5
P1_image,efficientnet_b0,1,PD:0187,1,0.8541978597640991,True,handpd:meander,5
P1_image,efficientnet_b0,1,PD:0187,1,0.8884558081626892,True,handpd:meander,5
P1_image,efficientnet_b0,1,PD:0187,1,0.9143886566162109,True,handpd:meander,5
P1_image,efficientnet_b0,1,PD:0188,1,0.9225586652755737,True,handpd:meander,5
P1_image,efficientnet_b0,1,PD:0188,1,0.9629995226860046,True,handpd:meander,5
P1_image,efficientnet_b0,1,PD:0188,1,0.9218354821205139,True,handpd:meander,5
P1_image,efficientnet_b0,1,PD:0192,1,0.8251453042030334,True,handpd:meander,5
P1_image,efficientnet_b0,1,PD:0196,1,0.8738322854042053,True,handpd:meander,5
P1_image,efficientnet_b0,1,PD:0196,1,0.8897020220756531,True,handpd:meander,5
P1_image,efficientnet_b0,1,PD:0197,1,0.8851487040519714,True,handpd:meander,5
P1_image,efficientnet_b0,1,PD:0197,1,0.9660495519638062,True,handpd:meander,5
P1_image,efficientnet_b0,1,PD:0198,1,0.8859654664993286,True,handpd:meander,5
P1_image,efficientnet_b0,1,PD:0198,1,0.7125875949859619,True,handpd:meander,5
P1_image,efficientnet_b0,1,PD:0207,1,0.9630446434020996,True,handpd:meander,5
P1_image,efficientnet_b0,1,PD:0208,1,0.5719617009162903,True,handpd:meander,5
P1_image,efficientnet_b0,1,PD:0213,1,0.9449965953826904,True,handpd:meander,5
P1_image,efficientnet_b0,1,PD:0213,1,0.9309130311012268,True,handpd:meander,5
P1_image,efficientnet_b0,1,PD:0214,1,0.8003264665603638,True,handpd:meander,5
P1_image,efficientnet_b0,1,PD:0214,1,0.5742095112800598,True,handpd:meander,5
P1_image,efficientnet_b0,1,PD:0218,1,0.8188808560371399,True,handpd:meander,5
P1_image,efficientnet_b0,1,PD:0219,1,0.9007887840270996,True,handpd:meander,5
P1_image,efficientnet_b0,1,PD:0223,1,0.9365994334220886,True,handpd:meander,5
P1_image,efficientnet_b0,1,PD:0223,1,0.9599247574806213,True,handpd:meander,5
P1_image,efficientnet_b0,1,PD:0228,1,0.9623765349388123,True,handpd:meander,5
P1_image,efficientnet_b0,1,PD:0228,1,0.9828004837036133,True,handpd:meander,5
P1_image,efficientnet_b0,1,PD:0229,1,0.9906541705131531,True,handpd:meander,5
P1_image,efficientnet_b0,1,PD:0229,1,0.9813318252563477,True,handpd:meander,5
P1_image,efficientnet_b0,1,PD:0229,1,0.9804934859275818,True,handpd:meander,5
P1_image,efficientnet_b0,1,PD:0230,1,0.856083333492279,True,handpd:meander,5
P1_image,efficientnet_b0,1,PD:0230,1,0.9337476491928101,True,handpd:meander,5
P1_image,efficientnet_b0,1,PD:0235,1,0.9897885918617249,True,handpd:meander,5
P1_image,efficientnet_b0,1,PD:0235,1,0.9356542229652405,True,handpd:meander,5
P1_image,efficientnet_b0,1,PD:0236,1,0.9736835360527039,True,handpd:meander,5
P1_image,efficientnet_b0,1,PD:0236,1,0.9826808571815491,True,handpd:meander,5
P1_image,efficientnet_b0,1,PD:0236,1,0.9824450612068176,True,handpd:meander,5
P1_image,efficientnet_b0,1,PD:0240,1,0.9708017706871033,True,handpd:meander,5
P1_image,efficientnet_b0,1,PD:0240,1,0.9171567559242249,True,handpd:meander,5
P1_image,efficientnet_b0,1,PD:0241,1,0.9582623839378357,True,handpd:meander,5
P1_image,efficientnet_b0,1,PD:0242,1,0.9367205500602722,True,handpd:meander,5
P1_image,efficientnet_b0,1,PD:0246,1,0.9607066512107849,True,handpd:meander,5
P1_image,efficientnet_b0,1,PD:0253,1,0.956199049949646,True,handpd:meander,5
P1_image,efficientnet_b0,1,PD:0254,1,0.968288004398346,True,handpd:meander,5
P1_image,efficientnet_b0,1,PD:0254,1,0.8583396077156067,True,handpd:meander,5
P1_image,efficientnet_b0,1,PD:0261,1,0.9423457384109497,True,handpd:meander,5
P1_image,efficientnet_b0,1,PD:0268,1,0.9017870426177979,True,handpd:meander,5
P1_image,efficientnet_b0,1,PD:0269,1,0.9084682464599609,True,handpd:meander,5
P1_image,efficientnet_b0,1,PD:0269,1,0.9654706120491028,True,handpd:meander,5
P1_image,efficientnet_b0,1,PD:0273,1,0.8979173898696899,True,handpd:meander,5
P1_image,efficientnet_b0,1,PD:0274,1,0.9471814036369324,True,handpd:meander,5
P1_image,efficientnet_b0,1,PD:0280,1,0.9147213697433472,True,handpd:meander,5
P1_image,efficientnet_b0,1,PD:0280,1,0.9084212779998779,True,handpd:meander,5
P1_image,efficientnet_b0,1,PD:0281,1,0.9265689849853516,True,handpd:meander,5
P1_image,efficientnet_b0,1,PD:0281,1,0.9805294871330261,True,handpd:meander,5
P1_image,efficientnet_b0,2,HC:0068,0,0.5519006848335266,True,handpd:meander,5
P1_image,efficientnet_b0,2,HC:0092,0,0.36328184604644775,True,handpd:meander,5
P1_image,efficientnet_b0,2,HC:0098,0,0.670596718788147,True,handpd:meander,5
P1_image,efficientnet_b0,2,HC:0100,0,0.5503711104393005,True,handpd:meander,5
P1_image,efficientnet_b0,2,HC:0102,0,0.5293415188789368,True,handpd:meander,5
P1_image,efficientnet_b0,2,HC:0104,0,0.4505966007709503,True,handpd:meander,5
P1_image,efficientnet_b0,2,HC:0104,0,0.4364902079105377,True,handpd:meander,5
P1_image,efficientnet_b0,2,HC:0106,0,0.5585673451423645,True,handpd:meander,5
P1_image,efficientnet_b0,2,HC:0106,0,0.7601954936981201,True,handpd:meander,5
P1_image,efficientnet_b0,2,HC:0112,0,0.4917948842048645,True,handpd:meander,5
P1_image,efficientnet_b0,2,HC:0116,0,0.5795010924339294,True,handpd:meander,5
P1_image,efficientnet_b0,2,HC:0127,0,0.4290629029273987,True,handpd:meander,5
P1_image,efficientnet_b0,2,HC:0129,0,0.42975282669067383,True,handpd:meander,5
P1_image,efficientnet_b0,2,HC:0129,0,0.7049570083618164,True,handpd:meander,5
P1_image,efficientnet_b0,2,HC:0131,0,0.6910053491592407,True,handpd:meander,5
P1_image,efficientnet_b0,2,HC:0131,0,0.5115799307823181,True,handpd:meander,5
P1_image,efficientnet_b0,2,HC:0131,0,0.4581572115421295,True,handpd:meander,5
P1_image,efficientnet_b0,2,HC:0289,0,0.5889898538589478,True,handpd:meander,5
P1_image,efficientnet_b0,2,HC:0293,0,0.7271988391876221,True,handpd:meander,5
P1_image,efficientnet_b0,2,HC:0295,0,0.8275611996650696,True,handpd:meander,5
P1_image,efficientnet_b0,2,HC:0295,0,0.692722499370575,True,handpd:meander,5
P1_image,efficientnet_b0,2,HC:0295,0,0.8908980488777161,True,handpd:meander,5
P1_image,efficientnet_b0,2,HC:0305,0,0.8356059193611145,True,handpd:meander,5
P1_image,efficientnet_b0,2,HC:0305,0,0.8563618659973145,True,handpd:meander,5
P1_image,efficientnet_b0,2,PD:0002,1,0.9862414598464966,True,handpd:meander,5
P1_image,efficientnet_b0,2,PD:0003,1,0.9160612225532532,True,handpd:meander,5
P1_image,efficientnet_b0,2,PD:0003,1,0.9246912002563477,True,handpd:meander,5
P1_image,efficientnet_b0,2,PD:0004,1,0.7199849486351013,True,handpd:meander,5
P1_image,efficientnet_b0,2,PD:0005,1,0.713371992111206,True,handpd:meander,5
P1_image,efficientnet_b0,2,PD:0009,1,0.5890151262283325,True,handpd:meander,5
P1_image,efficientnet_b0,2,PD:0010,1,0.873451292514801,True,handpd:meander,5
P1_image,efficientnet_b0,2,PD:0010,1,0.8934561610221863,True,handpd:meander,5
P1_image,efficientnet_b0,2,PD:0016,1,0.8689270615577698,True,handpd:meander,5
P1_image,efficientnet_b0,2,PD:0023,1,0.7029089331626892,True,handpd:meander,5
P1_image,efficientnet_b0,2,PD:0023,1,0.7994356751441956,True,handpd:meander,5
P1_image,efficientnet_b0,2,PD:0024,1,0.8108924627304077,True,handpd:meander,5
P1_image,efficientnet_b0,2,PD:0024,1,0.7041316628456116,True,handpd:meander,5
P1_image,efficientnet_b0,2,PD:0030,1,0.6638352274894714,False,handpd:meander,5
P1_image,efficientnet_b0,2,PD:0030,1,0.6015837788581848,False,handpd:meander,5
P1_image,efficientnet_b0,2,PD:0030,1,0.6919899582862854,False,handpd:meander,5
P1_image,efficientnet_b0,2,PD:0030,1,0.7656785249710083,False,handpd:meander,5
P1_image,efficientnet_b0,2,PD:0031,1,0.5643766522407532,True,handpd:meander,5
P1_image,efficientnet_b0,2,PD:0031,1,0.7724204659461975,True,handpd:meander,5
P1_image,efficientnet_b0,2,PD:0037,1,0.8587337732315063,True,handpd:meander,5
P1_image,efficientnet_b0,2,PD:0037,1,0.896301805973053,True,handpd:meander,5
P1_image,efficientnet_b0,2,PD:0037,1,0.9485130906105042,True,handpd:meander,5
P1_image,efficientnet_b0,2,PD:0038,1,0.9358915090560913,True,handpd:meander,5
P1_image,efficientnet_b0,2,PD:0044,1,0.917758584022522,True,handpd:meander,5
P1_image,efficientnet_b0,2,PD:0046,1,0.9711167812347412,True,handpd:meander,5
P1_image,efficientnet_b0,2,PD:0046,1,0.9172075986862183,True,handpd:meander,5
P1_image,efficientnet_b0,2,PD:0052,1,0.6932885050773621,True,handpd:meander,5
P1_image,efficientnet_b0,2,PD:0053,1,0.6573067903518677,True,handpd:meander,5
P1_image,efficientnet_b0,2,PD:0054,1,0.6015755534172058,True,handpd:meander,5
P1_image,efficientnet_b0,2,PD:0054,1,0.6893526315689087,True,handpd:meander,5
P1_image,efficientnet_b0,2,PD:0054,1,0.901820957660675,True,handpd:meander,5
P1_image,efficientnet_b0,2,PD:0134,1,0.7977286577224731,True,handpd:meander,5
P1_image,efficientnet_b0,2,PD:0136,1,0.8102787137031555,True,handpd:meander,5
P1_image,efficientnet_b0,2,PD:0138,1,0.7062065601348877,True,handpd:meander,5
P1_image,efficientnet_b0,2,PD:0139,1,0.8195157051086426,True,handpd:meander,5
P1_image,efficientnet_b0,2,PD:0139,1,0.8162108659744263,True,handpd:meander,5
P1_image,efficientnet_b0,2,PD:0143,1,0.8366077542304993,True,handpd:meander,5
P1_image,efficientnet_b0,2,PD:0148,1,0.7517683506011963,True,handpd:meander,5
P1_image,efficientnet_b0,2,PD:0148,1,0.7400569915771484,True,handpd:meander,5
P1_image,efficientnet_b0,2,PD:0149,1,0.8692467212677002,True,handpd:meander,5
P1_image,efficientnet_b0,2,PD:0153,1,0.5169288516044617,True,handpd:meander,5
P1_image,efficientnet_b0,2,PD:0153,1,0.5338029861450195,True,handpd:meander,5
P1_image,efficientnet_b0,2,PD:0157,1,0.7538171410560608,True,handpd:meander,5
P1_image,efficientnet_b0,2,PD:0165,1,0.47544798254966736,True,handpd:meander,5
P1_image,efficientnet_b0,2,PD:0166,1,0.6240736246109009,True,handpd:meander,5
P1_image,efficientnet_b0,2,PD:0174,1,0.9871581196784973,True,handpd:meander,5
P1_image,efficientnet_b0,2,PD:0174,1,0.9361029863357544,True,handpd:meander,5
P1_image,efficientnet_b0,2,PD:0176,1,0.8476750254631042,True,handpd:meander,5
P1_image,efficientnet_b0,2,PD:0177,1,0.675117552280426,True,handpd:meander,5
P1_image,efficientnet_b0,2,PD:0181,1,0.6470503807067871,True,handpd:meander,5
P1_image,efficientnet_b0,2,PD:0181,1,0.872180700302124,True,handpd:meander,5
P1_image,efficientnet_b0,2,PD:0182,1,0.7856706380844116,True,handpd:meander,5
P1_image,efficientnet_b0,2,PD:0187,1,0.6752749681472778,True,handpd:meander,5
P1_image,efficientnet_b0,2,PD:0188,1,0.6516396999359131,True,handpd:meander,5
P1_image,efficientnet_b0,2,PD:0192,1,0.5922425985336304,True,handpd:meander,5
P1_image,efficientnet_b0,2,PD:0192,1,0.7903997898101807,True,handpd:meander,5
P1_image,efficientnet_b0,2,PD:0196,1,0.7231926918029785,True,handpd:meander,5
P1_image,efficientnet_b0,2,PD:0198,1,0.7034080624580383,True,handpd:meander,5
P1_image,efficientnet_b0,2,PD:0198,1,0.9016830325126648,True,handpd:meander,5
P1_image,efficientnet_b0,2,PD:0202,1,0.8273364305496216,False,handpd:meander,5
P1_image,efficientnet_b0,2,PD:0202,1,0.5220360159873962,False,handpd:meander,5
P1_image,efficientnet_b0,2,PD:0202,1,0.6762993931770325,False,handpd:meander,5
P1_image,efficientnet_b0,2,PD:0202,1,0.7477332353591919,False,handpd:meander,5
P1_image,efficientnet_b0,2,PD:0203,1,0.7733702063560486,True,handpd:meander,5
P1_image,efficientnet_b0,2,PD:0203,1,0.9126599431037903,True,handpd:meander,5
P1_image,efficientnet_b0,2,PD:0207,1,0.8744620084762573,True,handpd:meander,5
P1_image,efficientnet_b0,2,PD:0208,1,0.6955282688140869,True,handpd:meander,5
P1_image,efficientnet_b0,2,PD:0213,1,0.8905772566795349,True,handpd:meander,5
P1_image,efficientnet_b0,2,PD:0213,1,0.8806667327880859,True,handpd:meander,5
P1_image,efficientnet_b0,2,PD:0214,1,0.8335301280021667,True,handpd:meander,5
P1_image,efficientnet_b0,2,PD:0218,1,0.6592004895210266,True,handpd:meander,5
P1_image,efficientnet_b0,2,PD:0223,1,0.7863757014274597,True,handpd:meander,5
P1_image,efficientnet_b0,2,PD:0228,1,0.9593733549118042,True,handpd:meander,5
P1_image,efficientnet_b0,2,PD:0229,1,0.9759814143180847,True,handpd:meander,5
P1_image,efficientnet_b0,2,PD:0230,1,0.965074360370636,True,handpd:meander,5
P1_image,efficientnet_b0,2,PD:0230,1,0.7284272313117981,True,handpd:meander,5
P1_image,efficientnet_b0,2,PD:0234,1,0.9501200318336487,True,handpd:meander,5
P1_image,efficientnet_b0,2,PD:0234,1,0.824539840221405,True,handpd:meander,5
P1_image,efficientnet_b0,2,PD:0234,1,0.9402515888214111,True,handpd:meander,5
P1_image,efficientnet_b0,2,PD:0235,1,0.9443970918655396,True,handpd:meander,5
P1_image,efficientnet_b0,2,PD:0241,1,0.9239606261253357,True,handpd:meander,5
P1_image,efficientnet_b0,2,PD:0242,1,0.8961436748504639,True,handpd:meander,5
P1_image,efficientnet_b0,2,PD:0242,1,0.8490170240402222,True,handpd:meander,5
P1_image,efficientnet_b0,2,PD:0246,1,0.9721043109893799,True,handpd:meander,5
P1_image,efficientnet_b0,2,PD:0247,1,0.858481228351593,True,handpd:meander,5
P1_image,efficientnet_b0,2,PD:0253,1,0.7061766386032104,True,handpd:meander,5
P1_image,efficientnet_b0,2,PD:0253,1,0.7391504049301147,True,handpd:meander,5
P1_image,efficientnet_b0,2,PD:0254,1,0.7758669257164001,True,handpd:meander,5
P1_image,efficientnet_b0,2,PD:0261,1,0.7531519532203674,True,handpd:meander,5
P1_image,efficientnet_b0,2,PD:0261,1,0.6216566562652588,True,handpd:meander,5
P1_image,efficientnet_b0,2,PD:0268,1,0.9006238579750061,True,handpd:meander,5
P1_image,efficientnet_b0,2,PD:0268,1,0.8749783039093018,True,handpd:meander,5
P1_image,efficientnet_b0,2,PD:0269,1,0.7792007327079773,True,handpd:meander,5
P1_image,efficientnet_b0,2,PD:0269,1,0.7857223749160767,True,handpd:meander,5
P1_image,efficientnet_b0,2,PD:0273,1,0.7806395292282104,True,handpd:meander,5
P1_image,efficientnet_b0,2,PD:0274,1,0.8900474309921265,True,handpd:meander,5
P1_image,efficientnet_b0,2,PD:0281,1,0.889079213142395,True,handpd:meander,5
P1_image,efficientnet_b0,2,PD:0281,1,0.7793968915939331,True,handpd:meander,5
P2_subject,efficientnet_b0,0,HC:0068,0,0.6072428226470947,False,handpd:meander,5
P2_subject,efficientnet_b0,0,HC:0068,0,0.5606666207313538,False,handpd:meander,5
P2_subject,efficientnet_b0,0,HC:0068,0,0.6048895120620728,False,handpd:meander,5
P2_subject,efficientnet_b0,0,HC:0068,0,0.6311452388763428,False,handpd:meander,5
P2_subject,efficientnet_b0,0,HC:0100,0,0.7589000463485718,False,handpd:meander,5
P2_subject,efficientnet_b0,0,HC:0100,0,0.6614744067192078,False,handpd:meander,5
P2_subject,efficientnet_b0,0,HC:0100,0,0.6271917819976807,False,handpd:meander,5
P2_subject,efficientnet_b0,0,HC:0100,0,0.7364771366119385,False,handpd:meander,5
P2_subject,efficientnet_b0,0,HC:0116,0,0.7008031010627747,False,handpd:meander,5
P2_subject,efficientnet_b0,0,HC:0116,0,0.5326806902885437,False,handpd:meander,5
P2_subject,efficientnet_b0,0,HC:0116,0,0.6396830081939697,False,handpd:meander,5
P2_subject,efficientnet_b0,0,HC:0116,0,0.6913939118385315,False,handpd:meander,5
P2_subject,efficientnet_b0,0,HC:0129,0,0.6622856855392456,False,handpd:meander,5
P2_subject,efficientnet_b0,0,HC:0129,0,0.6300113797187805,False,handpd:meander,5
P2_subject,efficientnet_b0,0,HC:0129,0,0.5598272085189819,False,handpd:meander,5
P2_subject,efficientnet_b0,0,HC:0129,0,0.7187093496322632,False,handpd:meander,5
P2_subject,efficientnet_b0,0,HC:0289,0,0.5782596468925476,False,handpd:meander,5
P2_subject,efficientnet_b0,0,HC:0289,0,0.7076311707496643,False,handpd:meander,5
P2_subject,efficientnet_b0,0,HC:0289,0,0.4947427213191986,False,handpd:meander,5
P2_subject,efficientnet_b0,0,HC:0289,0,0.605038583278656,False,handpd:meander,5
P2_subject,efficientnet_b0,0,HC:0295,0,0.7194934487342834,False,handpd:meander,5
P2_subject,efficientnet_b0,0,HC:0295,0,0.8163040280342102,False,handpd:meander,5
P2_subject,efficientnet_b0,0,HC:0295,0,0.6709912419319153,False,handpd:meander,5
P2_subject,efficientnet_b0,0,HC:0295,0,0.8002485036849976,False,handpd:meander,5
P2_subject,efficientnet_b0,0,PD:0003,1,0.806106686592102,False,handpd:meander,5
P2_subject,efficientnet_b0,0,PD:0003,1,0.8442484736442566,False,handpd:meander,5
P2_subject,efficientnet_b0,0,PD:0003,1,0.8993055820465088,False,handpd:meander,5
P2_subject,efficientnet_b0,0,PD:0003,1,0.9313459396362305,False,handpd:meander,5
P2_subject,efficientnet_b0,0,PD:0005,1,0.8064040541648865,False,handpd:meander,5
P2_subject,efficientnet_b0,0,PD:0005,1,0.7978569269180298,False,handpd:meander,5
P2_subject,efficientnet_b0,0,PD:0005,1,0.7372497320175171,False,handpd:meander,5
P2_subject,efficientnet_b0,0,PD:0005,1,0.6901147365570068,False,handpd:meander,5
P2_subject,efficientnet_b0,0,PD:0009,1,0.789705216884613,False,handpd:meander,5
P2_subject,efficientnet_b0,0,PD:0009,1,0.6621713042259216,False,handpd:meander,5
P2_subject,efficientnet_b0,0,PD:0009,1,0.6950254440307617,False,handpd:meander,5
P2_subject,efficientnet_b0,0,PD:0009,1,0.7643278241157532,False,handpd:meander,5
P2_subject,efficientnet_b0,0,PD:0016,1,0.8436855673789978,False,handpd:meander,5
P2_subject,efficientnet_b0,0,PD:0016,1,0.8458977341651917,False,handpd:meander,5
P2_subject,efficientnet_b0,0,PD:0016,1,0.8713017106056213,False,handpd:meander,5
P2_subject,efficientnet_b0,0,PD:0016,1,0.732566773891449,False,handpd:meander,5
P2_subject,efficientnet_b0,0,PD:0030,1,0.6579979658126831,False,handpd:meander,5
P2_subject,efficientnet_b0,0,PD:0030,1,0.6426359415054321,False,handpd:meander,5
P2_subject,efficientnet_b0,0,PD:0030,1,0.7281292080879211,False,handpd:meander,5
P2_subject,efficientnet_b0,0,PD:0030,1,0.6857028007507324,False,handpd:meander,5
P2_subject,efficientnet_b0,0,PD:0031,1,0.6498197317123413,False,handpd:meander,5
P2_subject,efficientnet_b0,0,PD:0031,1,0.6262733340263367,False,handpd:meander,5
P2_subject,efficientnet_b0,0,PD:0031,1,0.6965346336364746,False,handpd:meander,5
P2_subject,efficientnet_b0,0,PD:0031,1,0.7529540061950684,False,handpd:meander,5
P2_subject,efficientnet_b0,0,PD:0037,1,0.8452066779136658,False,handpd:meander,5
P2_subject,efficientnet_b0,0,PD:0037,1,0.7051997780799866,False,handpd:meander,5
P2_subject,efficientnet_b0,0,PD:0037,1,0.8638888597488403,False,handpd:meander,5
P2_subject,efficientnet_b0,0,PD:0037,1,0.8300233483314514,False,handpd:meander,5
P2_subject,efficientnet_b0,0,PD:0053,1,0.746737003326416,False,handpd:meander,5
P2_subject,efficientnet_b0,0,PD:0053,1,0.6792882680892944,False,handpd:meander,5
P2_subject,efficientnet_b0,0,PD:0053,1,0.6669296622276306,False,handpd:meander,5
P2_subject,efficientnet_b0,0,PD:0053,1,0.7096116542816162,False,handpd:meander,5
P2_subject,efficientnet_b0,0,PD:0054,1,0.7797611355781555,False,handpd:meander,5
P2_subject,efficientnet_b0,0,PD:0054,1,0.6815881133079529,False,handpd:meander,5
P2_subject,efficientnet_b0,0,PD:0054,1,0.7126492857933044,False,handpd:meander,5
P2_subject,efficientnet_b0,0,PD:0054,1,0.8393465280532837,False,handpd:meander,5
P2_subject,efficientnet_b0,0,PD:0139,1,0.7116358280181885,False,handpd:meander,5
P2_subject,efficientnet_b0,0,PD:0139,1,0.7105810046195984,False,handpd:meander,5
P2_subject,efficientnet_b0,0,PD:0139,1,0.7272515296936035,False,handpd:meander,5
P2_subject,efficientnet_b0,0,PD:0139,1,0.7819567322731018,False,handpd:meander,5
P2_subject,efficientnet_b0,0,PD:0149,1,0.7376930117607117,False,handpd:meander,5
P2_subject,efficientnet_b0,0,PD:0149,1,0.8250669836997986,False,handpd:meander,5
P2_subject,efficientnet_b0,0,PD:0149,1,0.9060491323471069,False,handpd:meander,5
P2_subject,efficientnet_b0,0,PD:0149,1,0.7886274456977844,False,handpd:meander,5
P2_subject,efficientnet_b0,0,PD:0153,1,0.6335409283638,False,handpd:meander,5
P2_subject,efficientnet_b0,0,PD:0153,1,0.6599300503730774,False,handpd:meander,5
P2_subject,efficientnet_b0,0,PD:0153,1,0.6224893927574158,False,handpd:meander,5
P2_subject,efficientnet_b0,0,PD:0153,1,0.6704107522964478,False,handpd:meander,5
P2_subject,efficientnet_b0,0,PD:0161,1,0.7817830443382263,False,handpd:meander,5
P2_subject,efficientnet_b0,0,PD:0161,1,0.7480649352073669,False,handpd:meander,5
P2_subject,efficientnet_b0,0,PD:0161,1,0.79667729139328,False,handpd:meander,5
P2_subject,efficientnet_b0,0,PD:0161,1,0.7636045813560486,False,handpd:meander,5
P2_subject,efficientnet_b0,0,PD:0186,1,0.761157214641571,False,handpd:meander,5
P2_subject,efficientnet_b0,0,PD:0186,1,0.7962783575057983,False,handpd:meander,5
P2_subject,efficientnet_b0,0,PD:0186,1,0.7985258102416992,False,handpd:meander,5
P2_subject,efficientnet_b0,0,PD:0186,1,0.8230069875717163,False,handpd:meander,5
P2_subject,efficientnet_b0,0,PD:0187,1,0.7079623937606812,False,handpd:meander,5
P2_subject,efficientnet_b0,0,PD:0187,1,0.7027389407157898,False,handpd:meander,5
P2_subject,efficientnet_b0,0,PD:0187,1,0.8348565697669983,False,handpd:meander,5
P2_subject,efficientnet_b0,0,PD:0187,1,0.814004123210907,False,handpd:meander,5
P2_subject,efficientnet_b0,0,PD:0197,1,0.790604829788208,False,handpd:meander,5
P2_subject,efficientnet_b0,0,PD:0197,1,0.7494495511054993,False,handpd:meander,5
P2_subject,efficientnet_b0,0,PD:0197,1,0.7709972858428955,False,handpd:meander,5
P2_subject,efficientnet_b0,0,PD:0197,1,0.8727320432662964,False,handpd:meander,5
P2_subject,efficientnet_b0,0,PD:0218,1,0.7537978887557983,False,handpd:meander,5
P2_subject,efficientnet_b0,0,PD:0218,1,0.6683096885681152,False,handpd:meander,5
P2_subject,efficientnet_b0,0,PD:0218,1,0.6947774887084961,False,handpd:meander,5
P2_subject,efficientnet_b0,0,PD:0218,1,0.7390657067298889,False,handpd:meander,5
P2_subject,efficientnet_b0,0,PD:0223,1,0.7878393530845642,False,handpd:meander,5
P2_subject,efficientnet_b0,0,PD:0223,1,0.7544513940811157,False,handpd:meander,5
P2_subject,efficientnet_b0,0,PD:0223,1,0.6702937483787537,False,handpd:meander,5
P2_subject,efficientnet_b0,0,PD:0223,1,0.8333351016044617,False,handpd:meander,5
P2_subject,efficientnet_b0,0,PD:0230,1,0.8456781506538391,False,handpd:meander,5
P2_subject,efficientnet_b0,0,PD:0230,1,0.900835394859314,False,handpd:meander,5
P2_subject,efficientnet_b0,0,PD:0230,1,0.8620138168334961,False,handpd:meander,5
P2_subject,efficientnet_b0,0,PD:0230,1,0.8214399218559265,False,handpd:meander,5
P2_subject,efficientnet_b0,0,PD:0235,1,0.8770607709884644,False,handpd:meander,5
P2_subject,efficientnet_b0,0,PD:0235,1,0.763463020324707,False,handpd:meander,5
P2_subject,efficientnet_b0,0,PD:0235,1,0.8797749876976013,False,handpd:meander,5
P2_subject,efficientnet_b0,0,PD:0235,1,0.8682190179824829,False,handpd:meander,5
P2_subject,efficientnet_b0,0,PD:0247,1,0.8257820010185242,False,handpd:meander,5
P2_subject,efficientnet_b0,0,PD:0247,1,0.7591133713722229,False,handpd:meander,5
P2_subject,efficientnet_b0,0,PD:0247,1,0.8601880669593811,False,handpd:meander,5
P2_subject,efficientnet_b0,0,PD:0247,1,0.8106065392494202,False,handpd:meander,5
P2_subject,efficientnet_b0,0,PD:0269,1,0.7481193542480469,False,handpd:meander,5
P2_subject,efficientnet_b0,0,PD:0269,1,0.7312191128730774,False,handpd:meander,5
P2_subject,efficientnet_b0,0,PD:0269,1,0.7887583374977112,False,handpd:meander,5
P2_subject,efficientnet_b0,0,PD:0269,1,0.7372525930404663,False,handpd:meander,5
P2_subject,efficientnet_b0,0,PD:0274,1,0.8061076998710632,False,handpd:meander,5
P2_subject,efficientnet_b0,0,PD:0274,1,0.6994419097900391,False,handpd:meander,5
P2_subject,efficientnet_b0,0,PD:0274,1,0.7075993418693542,False,handpd:meander,5
P2_subject,efficientnet_b0,0,PD:0274,1,0.6524049639701843,False,handpd:meander,5
P2_subject,efficientnet_b0,0,PD:0280,1,0.7775297164916992,False,handpd:meander,5
P2_subject,efficientnet_b0,0,PD:0280,1,0.7536904811859131,False,handpd:meander,5
P2_subject,efficientnet_b0,0,PD:0280,1,0.732481062412262,False,handpd:meander,5
P2_subject,efficientnet_b0,0,PD:0280,1,0.7992166876792908,False,handpd:meander,5
P2_subject,efficientnet_b0,0,PD:0281,1,0.8704911470413208,False,handpd:meander,5
P2_subject,efficientnet_b0,0,PD:0281,1,0.7995599508285522,False,handpd:meander,5
P2_subject,efficientnet_b0,0,PD:0281,1,0.7740176320075989,False,handpd:meander,5
P2_subject,efficientnet_b0,0,PD:0281,1,0.8494304418563843,False,handpd:meander,5
P2_subject,efficientnet_b0,1,HC:0104,0,0.6340429186820984,False,handpd:meander,5
P2_subject,efficientnet_b0,1,HC:0104,0,0.5588092803955078,False,handpd:meander,5
P2_subject,efficientnet_b0,1,HC:0104,0,0.5591588020324707,False,handpd:meander,5
P2_subject,efficientnet_b0,1,HC:0104,0,0.6616399884223938,False,handpd:meander,5
P2_subject,efficientnet_b0,1,HC:0112,0,0.6512846946716309,False,handpd:meander,5
P2_subject,efficientnet_b0,1,HC:0112,0,0.6891316771507263,False,handpd:meander,5
P2_subject,efficientnet_b0,1,HC:0112,0,0.6058539748191833,False,handpd:meander,5
P2_subject,efficientnet_b0,1,HC:0112,0,0.7639313340187073,False,handpd:meander,5
P2_subject,efficientnet_b0,1,HC:0127,0,0.6891559958457947,False,handpd:meander,5
P2_subject,efficientnet_b0,1,HC:0127,0,0.5242012739181519,False,handpd:meander,5
P2_subject,efficientnet_b0,1,HC:0127,0,0.3951551914215088,False,handpd:meander,5
P2_subject,efficientnet_b0,1,HC:0127,0,0.4902409613132477,False,handpd:meander,5
P2_subject,efficientnet_b0,1,HC:0131,0,0.6694374084472656,False,handpd:meander,5
P2_subject,efficientnet_b0,1,HC:0131,0,0.4584248960018158,False,handpd:meander,5
P2_subject,efficientnet_b0,1,HC:0131,0,0.5300247073173523,False,handpd:meander,5
P2_subject,efficientnet_b0,1,HC:0131,0,0.4949570596218109,False,handpd:meander,5
P2_subject,efficientnet_b0,1,HC:0293,0,0.6930986046791077,False,handpd:meander,5
P2_subject,efficientnet_b0,1,HC:0293,0,0.6050917506217957,False,handpd:meander,5
P2_subject,efficientnet_b0,1,HC:0293,0,0.7640592455863953,False,handpd:meander,5
P2_subject,efficientnet_b0,1,HC:0293,0,0.8461840152740479,False,handpd:meander,5
P2_subject,efficientnet_b0,1,HC:0305,0,0.9372598528862,False,handpd:meander,5
P2_subject,efficientnet_b0,1,HC:0305,0,0.889614462852478,False,handpd:meander,5
P2_subject,efficientnet_b0,1,HC:0305,0,0.9224922060966492,False,handpd:meander,5
P2_subject,efficientnet_b0,1,HC:0305,0,0.9478827714920044,False,handpd:meander,5
P2_subject,efficientnet_b0,1,PD:0002,1,0.9914229512214661,False,handpd:meander,5
P2_subject,efficientnet_b0,1,PD:0002,1,0.9304244518280029,False,handpd:meander,5
P2_subject,efficientnet_b0,1,PD:0002,1,0.9808275699615479,False,handpd:meander,5
P2_subject,efficientnet_b0,1,PD:0002,1,0.9913514852523804,False,handpd:meander,5
P2_subject,efficientnet_b0,1,PD:0038,1,0.9453004002571106,False,handpd:meander,5
P2_subject,efficientnet_b0,1,PD:0038,1,0.8980719447135925,False,handpd:meander,5
P2_subject,efficientnet_b0,1,PD:0038,1,0.9555348753929138,False,handpd:meander,5
P2_subject,efficientnet_b0,1,PD:0038,1,0.939744234085083,False,handpd:meander,5
P2_subject,efficientnet_b0,1,PD:0044,1,0.985131561756134,False,handpd:meander,5
P2_subject,efficientnet_b0,1,PD:0044,1,0.966428816318512,False,handpd:meander,5
P2_subject,efficientnet_b0,1,PD:0044,1,0.9820150136947632,False,handpd:meander,5
P2_subject,efficientnet_b0,1,PD:0044,1,0.9480492472648621,False,handpd:meander,5
P2_subject,efficientnet_b0,1,PD:0046,1,0.9676419496536255,False,handpd:meander,5
P2_subject,efficientnet_b0,1,PD:0046,1,0.945572018623352,False,handpd:meander,5
P2_subject,efficientnet_b0,1,PD:0046,1,0.9717522859573364,False,handpd:meander,5
P2_subject,efficientnet_b0,1,PD:0046,1,0.9798535108566284,False,handpd:meander,5
P2_subject,efficientnet_b0,1,PD:0143,1,0.9336575865745544,False,handpd:meander,5
P2_subject,efficientnet_b0,1,PD:0143,1,0.9243749976158142,False,handpd:meander,5
P2_subject,efficientnet_b0,1,PD:0143,1,0.9152541160583496,False,handpd:meander,5
P2_subject,efficientnet_b0,1,PD:0143,1,0.9489426016807556,False,handpd:meander,5
P2_subject,efficientnet_b0,1,PD:0148,1,0.886816680431366,False,handpd:meander,5
P2_subject,efficientnet_b0,1,PD:0148,1,0.9573220014572144,False,handpd:meander,5
P2_subject,efficientnet_b0,1,PD:0148,1,0.9634867310523987,False,handpd:meander,5
P2_subject,efficientnet_b0,1,PD:0148,1,0.9111353158950806,False,handpd:meander,5
P2_subject,efficientnet_b0,1,PD:0157,1,0.9250493049621582,False,handpd:meander,5
P2_subject,efficientnet_b0,1,PD:0157,1,0.9118597507476807,False,handpd:meander,5
P2_subject,efficientnet_b0,1,PD:0157,1,0.8577175736427307,False,handpd:meander,5
P2_subject,efficientnet_b0,1,PD:0157,1,0.9091507792472839,False,handpd:meander,5
P2_subject,efficientnet_b0,1,PD:0165,1,0.8532135486602783,False,handpd:meander,5
P2_subject,efficientnet_b0,1,PD:0165,1,0.6601454615592957,False,handpd:meander,5
P2_subject,efficientnet_b0,1,PD:0165,1,0.5369638800621033,False,handpd:meander,5
P2_subject,efficientnet_b0,1,PD:0165,1,0.6398885846138,False,handpd:meander,5
P2_subject,efficientnet_b0,1,PD:0166,1,0.8132352828979492,False,handpd:meander,5
P2_subject,efficientnet_b0,1,PD:0166,1,0.7746587991714478,False,handpd:meander,5
P2_subject,efficientnet_b0,1,PD:0166,1,0.7415271997451782,False,handpd:meander,5
P2_subject,efficientnet_b0,1,PD:0166,1,0.8737877607345581,False,handpd:meander,5
P2_subject,efficientnet_b0,1,PD:0170,1,0.987159013748169,False,handpd:meander,5
P2_subject,efficientnet_b0,1,PD:0170,1,0.9387062788009644,False,handpd:meander,5
P2_subject,efficientnet_b0,1,PD:0170,1,0.991459846496582,False,handpd:meander,5
P2_subject,efficientnet_b0,1,PD:0170,1,0.9633607268333435,False,handpd:meander,5
P2_subject,efficientnet_b0,1,PD:0174,1,0.9930477738380432,False,handpd:meander,5
P2_subject,efficientnet_b0,1,PD:0174,1,0.9837242364883423,False,handpd:meander,5
P2_subject,efficientnet_b0,1,PD:0174,1,0.9648001194000244,False,handpd:meander,5
P2_subject,efficientnet_b0,1,PD:0174,1,0.9908193945884705,False,handpd:meander,5
P2_subject,efficientnet_b0,1,PD:0176,1,0.9599265456199646,False,handpd:meander,5
P2_subject,efficientnet_b0,1,PD:0176,1,0.9740275740623474,False,handpd:meander,5
P2_subject,efficientnet_b0,1,PD:0176,1,0.9752341508865356,False,handpd:meander,5
P2_subject,efficientnet_b0,1,PD:0176,1,0.9580510854721069,False,handpd:meander,5
P2_subject,efficientnet_b0,1,PD:0181,1,0.8777059316635132,False,handpd:meander,5
P2_subject,efficientnet_b0,1,PD:0181,1,0.6002852320671082,False,handpd:meander,5
P2_subject,efficientnet_b0,1,PD:0181,1,0.8793837428092957,False,handpd:meander,5
P2_subject,efficientnet_b0,1,PD:0181,1,0.9373190402984619,False,handpd:meander,5
P2_subject,efficientnet_b0,1,PD:0182,1,0.8926047086715698,False,handpd:meander,5
P2_subject,efficientnet_b0,1,PD:0182,1,0.712577760219574,False,handpd:meander,5
P2_subject,efficientnet_b0,1,PD:0182,1,0.9287070631980896,False,handpd:meander,5
P2_subject,efficientnet_b0,1,PD:0182,1,0.924258291721344,False,handpd:meander,5
P2_subject,efficientnet_b0,1,PD:0188,1,0.8410028219223022,False,handpd:meander,5
P2_subject,efficientnet_b0,1,PD:0188,1,0.6832453012466431,False,handpd:meander,5
P2_subject,efficientnet_b0,1,PD:0188,1,0.8269297480583191,False,handpd:meander,5
P2_subject,efficientnet_b0,1,PD:0188,1,0.8517550230026245,False,handpd:meander,5
P2_subject,efficientnet_b0,1,PD:0192,1,0.8513141870498657,False,handpd:meander,5
P2_subject,efficientnet_b0,1,PD:0192,1,0.6677426099777222,False,handpd:meander,5
P2_subject,efficientnet_b0,1,PD:0192,1,0.9104467630386353,False,handpd:meander,5
P2_subject,efficientnet_b0,1,PD:0192,1,0.9794039726257324,False,handpd:meander,5
P2_subject,efficientnet_b0,1,PD:0203,1,0.7856423854827881,False,handpd:meander,5
P2_subject,efficientnet_b0,1,PD:0203,1,0.9535583257675171,False,handpd:meander,5
P2_subject,efficientnet_b0,1,PD:0203,1,0.9431894421577454,False,handpd:meander,5
P2_subject,efficientnet_b0,1,PD:0203,1,0.7624765038490295,False,handpd:meander,5
P2_subject,efficientnet_b0,1,PD:0207,1,0.9053589701652527,False,handpd:meander,5
P2_subject,efficientnet_b0,1,PD:0207,1,0.993596076965332,False,handpd:meander,5
P2_subject,efficientnet_b0,1,PD:0207,1,0.7189072966575623,False,handpd:meander,5
P2_subject,efficientnet_b0,1,PD:0207,1,0.742656946182251,False,handpd:meander,5
P2_subject,efficientnet_b0,1,PD:0228,1,0.9877901077270508,False,handpd:meander,5
P2_subject,efficientnet_b0,1,PD:0228,1,0.993070662021637,False,handpd:meander,5
P2_subject,efficientnet_b0,1,PD:0228,1,0.9544593691825867,False,handpd:meander,5
P2_subject,efficientnet_b0,1,PD:0228,1,0.9749584794044495,False,handpd:meander,5
P2_subject,efficientnet_b0,1,PD:0229,1,0.9903542995452881,False,handpd:meander,5
P2_subject,efficientnet_b0,1,PD:0229,1,0.9945479035377502,False,handpd:meander,5
P2_subject,efficientnet_b0,1,PD:0229,1,0.9926841855049133,False,handpd:meander,5
P2_subject,efficientnet_b0,1,PD:0229,1,0.986820638179779,False,handpd:meander,5
P2_subject,efficientnet_b0,1,PD:0236,1,0.9758357405662537,False,handpd:meander,5
P2_subject,efficientnet_b0,1,PD:0236,1,0.9935320615768433,False,handpd:meander,5
P2_subject,efficientnet_b0,1,PD:0236,1,0.9879998564720154,False,handpd:meander,5
P2_subject,efficientnet_b0,1,PD:0236,1,0.9903261065483093,False,handpd:meander,5
P2_subject,efficientnet_b0,1,PD:0240,1,0.929964005947113,False,handpd:meander,5
P2_subject,efficientnet_b0,1,PD:0240,1,0.9546438455581665,False,handpd:meander,5
P2_subject,efficientnet_b0,1,PD:0240,1,0.9109739661216736,False,handpd:meander,5
P2_subject,efficientnet_b0,1,PD:0240,1,0.8905186057090759,False,handpd:meander,5
P2_subject,efficientnet_b0,1,PD:0241,1,0.9884976148605347,False,handpd:meander,5
P2_subject,efficientnet_b0,1,PD:0241,1,0.978671133518219,False,handpd:meander,5
P2_subject,efficientnet_b0,1,PD:0241,1,0.9862063527107239,False,handpd:meander,5
P2_subject,efficientnet_b0,1,PD:0241,1,0.959985077381134,False,handpd:meander,5
P2_subject,efficientnet_b0,1,PD:0253,1,0.9375838041305542,False,handpd:meander,5
P2_subject,efficientnet_b0,1,PD:0253,1,0.9774909019470215,False,handpd:meander,5
P2_subject,efficientnet_b0,1,PD:0253,1,0.9153040647506714,False,handpd:meander,5
P2_subject,efficientnet_b0,1,PD:0253,1,0.9358190298080444,False,handpd:meander,5
P2_subject,efficientnet_b0,1,PD:0261,1,0.8001958131790161,False,handpd:meander,5
P2_subject,efficientnet_b0,1,PD:0261,1,0.8571072220802307,False,handpd:meander,5
P2_subject,efficientnet_b0,1,PD:0261,1,0.5889198184013367,False,handpd:meander,5
P2_subject,efficientnet_b0,1,PD:0261,1,0.8507474660873413,False,handpd:meander,5
P2_subject,efficientnet_b0,2,HC:0092,0,0.4107052683830261,False,handpd:meander,5
P2_subject,efficientnet_b0,2,HC:0092,0,0.46580392122268677,False,handpd:meander,5
P2_subject,efficientnet_b0,2,HC:0092,0,0.4704440236091614,False,handpd:meander,5
P2_subject,efficientnet_b0,2,HC:0092,0,0.5761175751686096,False,handpd:meander,5
P2_subject,efficientnet_b0,2,HC:0098,0,0.6823747158050537,False,handpd:meander,5
P2_subject,efficientnet_b0,2,HC:0098,0,0.5583549737930298,False,handpd:meander,5
P2_subject,efficientnet_b0,2,HC:0098,0,0.6084833741188049,False,handpd:meander,5
P2_subject,efficientnet_b0,2,HC:0098,0,0.4878067076206207,False,handpd:meander,5
P2_subject,efficientnet_b0,2,HC:0102,0,0.48334750533103943,False,handpd:meander,5
P2_subject,efficientnet_b0,2,HC:0102,0,0.7200764417648315,False,handpd:meander,5
P2_subject,efficientnet_b0,2,HC:0102,0,0.524124801158905,False,handpd:meander,5
P2_subject,efficientnet_b0,2,HC:0102,0,0.592629611492157,False,handpd:meander,5
P2_subject,efficientnet_b0,2,HC:0106,0,0.5873285531997681,False,handpd:meander,5
P2_subject,efficientnet_b0,2,HC:0106,0,0.5407976508140564,False,handpd:meander,5
P2_subject,efficientnet_b0,2,HC:0106,0,0.48936915397644043,False,handpd:meander,5
P2_subject,efficientnet_b0,2,HC:0106,0,0.6232231259346008,False,handpd:meander,5
P2_subject,efficientnet_b0,2,HC:0287,0,0.6165582537651062,False,handpd:meander,5
P2_subject,efficientnet_b0,2,HC:0287,0,0.7407644987106323,False,handpd:meander,5
P2_subject,efficientnet_b0,2,HC:0287,0,0.7715189456939697,False,handpd:meander,5
P2_subject,efficientnet_b0,2,HC:0287,0,0.698468804359436,False,handpd:meander,5
P2_subject,efficientnet_b0,2,HC:0297,0,0.7757261991500854,False,handpd:meander,5
P2_subject,efficientnet_b0,2,HC:0297,0,0.6956691145896912,False,handpd:meander,5
P2_subject,efficientnet_b0,2,HC:0297,0,0.7614997625350952,False,handpd:meander,5
P2_subject,efficientnet_b0,2,HC:0297,0,0.5917259454727173,False,handpd:meander,5
P2_subject,efficientnet_b0,2,PD:0004,1,0.7727012038230896,False,handpd:meander,5
P2_subject,efficientnet_b0,2,PD:0004,1,0.9275132417678833,False,handpd:meander,5
P2_subject,efficientnet_b0,2,PD:0004,1,0.7832362055778503,False,handpd:meander,5
P2_subject,efficientnet_b0,2,PD:0004,1,0.8997400999069214,False,handpd:meander,5
P2_subject,efficientnet_b0,2,PD:0010,1,0.9561706185340881,False,handpd:meander,5
P2_subject,efficientnet_b0,2,PD:0010,1,0.9428787231445312,False,handpd:meander,5
P2_subject,efficientnet_b0,2,PD:0010,1,0.781306803226471,False,handpd:meander,5
P2_subject,efficientnet_b0,2,PD:0010,1,0.8430460095405579,False,handpd:meander,5
P2_subject,efficientnet_b0,2,PD:0023,1,0.9271035194396973,False,handpd:meander,5
P2_subject,efficientnet_b0,2,PD:0023,1,0.6945708990097046,False,handpd:meander,5
P2_subject,efficientnet_b0,2,PD:0023,1,0.6641584634780884,False,handpd:meander,5
P2_subject,efficientnet_b0,2,PD:0023,1,0.8447876572608948,False,handpd:meander,5
P2_subject,efficientnet_b0,2,PD:0024,1,0.773703932762146,False,handpd:meander,5
P2_subject,efficientnet_b0,2,PD:0024,1,0.48954182863235474,False,handpd:meander,5
P2_subject,efficientnet_b0,2,PD:0024,1,0.5997214913368225,False,handpd:meander,5
P2_subject,efficientnet_b0,2,PD:0024,1,0.9498019218444824,False,handpd:meander,5
P2_subject,efficientnet_b0,2,PD:0045,1,0.9711489677429199,False,handpd:meander,5
P2_subject,efficientnet_b0,2,PD:0045,1,0.8782030940055847,False,handpd:meander,5
P2_subject,efficientnet_b0,2,PD:0045,1,0.9082127213478088,False,handpd:meander,5
P2_subject,efficientnet_b0,2,PD:0045,1,0.9684059023857117,False,handpd:meander,5
P2_subject,efficientnet_b0,2,PD:0051,1,0.7841531038284302,False,handpd:meander,5
P2_subject,efficientnet_b0,2,PD:0051,1,0.8547630906105042,False,handpd:meander,5
P2_subject,efficientnet_b0,2,PD:0051,1,0.8859869837760925,False,handpd:meander,5
P2_subject,efficientnet_b0,2,PD:0051,1,0.636497974395752,False,handpd:meander,5
P2_subject,efficientnet_b0,2,PD:0052,1,0.8478292226791382,False,handpd:meander,5
P2_subject,efficientnet_b0,2,PD:0052,1,0.7935407161712646,False,handpd:meander,5
P2_subject,efficientnet_b0,2,PD:0052,1,0.8029486536979675,False,handpd:meander,5
P2_subject,efficientnet_b0,2,PD:0052,1,0.9126176238059998,False,handpd:meander,5
P2_subject,efficientnet_b0,2,PD:0134,1,0.916159451007843,False,handpd:meander,5
P2_subject,efficientnet_b0,2,PD:0134,1,0.9581504464149475,False,handpd:meander,5
P2_subject,efficientnet_b0,2,PD:0134,1,0.9543994665145874,False,handpd:meander,5
P2_subject,efficientnet_b0,2,PD:0134,1,0.9217127561569214,False,handpd:meander,5
P2_subject,efficientnet_b0,2,PD:0136,1,0.9564072489738464,False,handpd:meander,5
P2_subject,efficientnet_b0,2,PD:0136,1,0.8344709873199463,False,handpd:meander,5
P2_subject,efficientnet_b0,2,PD:0136,1,0.8671668767929077,False,handpd:meander,5
P2_subject,efficientnet_b0,2,PD:0136,1,0.9049071669578552,False,handpd:meander,5
P2_subject,efficientnet_b0,2,PD:0138,1,0.8308272957801819,False,handpd:meander,5
P2_subject,efficientnet_b0,2,PD:0138,1,0.755896806716919,False,handpd:meander,5
P2_subject,efficientnet_b0,2,PD:0138,1,0.8056819438934326,False,handpd:meander,5
P2_subject,efficientnet_b0,2,PD:0138,1,0.8894267678260803,False,handpd:meander,5
P2_subject,efficientnet_b0,2,PD:0177,1,0.8299882411956787,False,handpd:meander,5
P2_subject,efficientnet_b0,2,PD:0177,1,0.7190362811088562,False,handpd:meander,5
P2_subject,efficientnet_b0,2,PD:0177,1,0.7968657612800598,False,handpd:meander,5
P2_subject,efficientnet_b0,2,PD:0177,1,0.9184867143630981,False,handpd:meander,5
P2_subject,efficientnet_b0,2,PD:0196,1,0.9224689602851868,False,handpd:meander,5
P2_subject,efficientnet_b0,2,PD:0196,1,0.9444611668586731,False,handpd:meander,5
P2_subject,efficientnet_b0,2,PD:0196,1,0.6321929097175598,False,handpd:meander,5
P2_subject,efficientnet_b0,2,PD:0196,1,0.9747185111045837,False,handpd:meander,5
P2_subject,efficientnet_b0,2,PD:0198,1,0.859036386013031,False,handpd:meander,5
P2_subject,efficientnet_b0,2,PD:0198,1,0.7606011629104614,False,handpd:meander,5
P2_subject,efficientnet_b0,2,PD:0198,1,0.8116413354873657,False,handpd:meander,5
P2_subject,efficientnet_b0,2,PD:0198,1,0.9624112248420715,False,handpd:meander,5
P2_subject,efficientnet_b0,2,PD:0202,1,0.733639121055603,False,handpd:meander,5
P2_subject,efficientnet_b0,2,PD:0202,1,0.6071106195449829,False,handpd:meander,5
P2_subject,efficientnet_b0,2,PD:0202,1,0.8158571124076843,False,handpd:meander,5
P2_subject,efficientnet_b0,2,PD:0202,1,0.6628973484039307,False,handpd:meander,5
P2_subject,efficientnet_b0,2,PD:0208,1,0.6182355284690857,False,handpd:meander,5
P2_subject,efficientnet_b0,2,PD:0208,1,0.5529525279998779,False,handpd:meander,5
P2_subject,efficientnet_b0,2,PD:0208,1,0.8597571849822998,False,handpd:meander,5
P2_subject,efficientnet_b0,2,PD:0208,1,0.9282377362251282,False,handpd:meander,5
P2_subject,efficientnet_b0,2,PD:0213,1,0.9759749174118042,False,handpd:meander,5
P2_subject,efficientnet_b0,2,PD:0213,1,0.95947265625,False,handpd:meander,5
P2_subject,efficientnet_b0,2,PD:0213,1,0.8873252868652344,False,handpd:meander,5
P2_subject,efficientnet_b0,2,PD:0213,1,0.9443515539169312,False,handpd:meander,5
P2_subject,efficientnet_b0,2,PD:0214,1,0.9200857877731323,False,handpd:meander,5
P2_subject,efficientnet_b0,2,PD:0214,1,0.8801602125167847,False,handpd:meander,5
P2_subject,efficientnet_b0,2,PD:0214,1,0.9310014843940735,False,handpd:meander,5
P2_subject,efficientnet_b0,2,PD:0214,1,0.675056517124176,False,handpd:meander,5
P2_subject,efficientnet_b0,2,PD:0219,1,0.8105570673942566,False,handpd:meander,5
P2_subject,efficientnet_b0,2,PD:0219,1,0.7473892569541931,False,handpd:meander,5
P2_subject,efficientnet_b0,2,PD:0219,1,0.7498267292976379,False,handpd:meander,5
P2_subject,efficientnet_b0,2,PD:0219,1,0.8570815920829773,False,handpd:meander,5
P2_subject,efficientnet_b0,2,PD:0234,1,0.9119173288345337,False,handpd:meander,5
P2_subject,efficientnet_b0,2,PD:0234,1,0.9076839089393616,False,handpd:meander,5
P2_subject,efficientnet_b0,2,PD:0234,1,0.9904292821884155,False,handpd:meander,5
P2_subject,efficientnet_b0,2,PD:0234,1,0.9259282350540161,False,handpd:meander,5
P2_subject,efficientnet_b0,2,PD:0242,1,0.9280509352684021,False,handpd:meander,5
P2_subject,efficientnet_b0,2,PD:0242,1,0.9177106022834778,False,handpd:meander,5
P2_subject,efficientnet_b0,2,PD:0242,1,0.9776105284690857,False,handpd:meander,5
P2_subject,efficientnet_b0,2,PD:0242,1,0.9161275625228882,False,handpd:meander,5
P2_subject,efficientnet_b0,2,PD:0246,1,0.9944959282875061,False,handpd:meander,5
P2_subject,efficientnet_b0,2,PD:0246,1,0.9735532402992249,False,handpd:meander,5
P2_subject,efficientnet_b0,2,PD:0246,1,0.9444775581359863,False,handpd:meander,5
P2_subject,efficientnet_b0,2,PD:0246,1,0.9570725560188293,False,handpd:meander,5
P2_subject,efficientnet_b0,2,PD:0254,1,0.8453449606895447,False,handpd:meander,5
P2_subject,efficientnet_b0,2,PD:0254,1,0.8692532181739807,False,handpd:meander,5
P2_subject,efficientnet_b0,2,PD:0254,1,0.7944120168685913,False,handpd:meander,5
P2_subject,efficientnet_b0,2,PD:0254,1,0.9335205554962158,False,handpd:meander,5
P2_subject,efficientnet_b0,2,PD:0268,1,0.9505457282066345,False,handpd:meander,5
P2_subject,efficientnet_b0,2,PD:0268,1,0.8743018507957458,False,handpd:meander,5
P2_subject,efficientnet_b0,2,PD:0268,1,0.8456069827079773,False,handpd:meander,5
P2_subject,efficientnet_b0,2,PD:0268,1,0.8690363764762878,False,handpd:meander,5
P2_subject,efficientnet_b0,2,PD:0273,1,0.8481924533843994,False,handpd:meander,5
P2_subject,efficientnet_b0,2,PD:0273,1,0.8477344512939453,False,handpd:meander,5
P2_subject,efficientnet_b0,2,PD:0273,1,0.886978805065155,False,handpd:meander,5
P2_subject,efficientnet_b0,2,PD:0273,1,0.9209495186805725,False,handpd:meander,5
