model,subject,y_true,y_prob,train,test,seed
vgg16,HC:0068,0,0.46244096755981445,kaggle_spiral,handpd_spiral,1
vgg16,HC:0068,0,0.44327959418296814,kaggle_spiral,handpd_spiral,1
vgg16,HC:0068,0,0.4409070312976837,kaggle_spiral,handpd_spiral,1
vgg16,HC:0068,0,0.4742910861968994,kaggle_spiral,handpd_spiral,1
vgg16,HC:0092,0,0.4355185627937317,kaggle_spiral,handpd_spiral,1
vgg16,HC:0092,0,0.4274181127548218,kaggle_spiral,handpd_spiral,1
vgg16,HC:0092,0,0.4498852491378784,kaggle_spiral,handpd_spiral,1
vgg16,HC:0092,0,0.4505176842212677,kaggle_spiral,handpd_spiral,1
vgg16,HC:0098,0,0.4671890437602997,kaggle_spiral,handpd_spiral,1
vgg16,HC:0098,0,0.5007892847061157,kaggle_spiral,handpd_spiral,1
vgg16,HC:0098,0,0.4705081880092621,kaggle_spiral,handpd_spiral,1
vgg16,HC:0098,0,0.44160282611846924,kaggle_spiral,handpd_spiral,1
vgg16,HC:0100,0,0.4795575737953186,kaggle_spiral,handpd_spiral,1
vgg16,HC:0100,0,0.49471765756607056,kaggle_spiral,handpd_spiral,1
vgg16,HC:0100,0,0.4952586591243744,kaggle_spiral,handpd_spiral,1
vgg16,HC:0100,0,0.47433993220329285,kaggle_spiral,handpd_spiral,1
vgg16,HC:0102,0,0.45653724670410156,kaggle_spiral,handpd_spiral,1
vgg16,HC:0102,0,0.4496527910232544,kaggle_spiral,handpd_spiral,1
vgg16,HC:0102,0,0.45905816555023193,kaggle_spiral,handpd_spiral,1
vgg16,HC:0102,0,0.448164701461792,kaggle_spiral,handpd_spiral,1
vgg16,HC:0104,0,0.46436747908592224,kaggle_spiral,handpd_spiral,1
vgg16,HC:0104,0,0.45869678258895874,kaggle_spiral,handpd_spiral,1
vgg16,HC:0104,0,0.447849303483963,kaggle_spiral,handpd_spiral,1
vgg16,HC:0104,0,0.4219091236591339,kaggle_spiral,handpd_spiral,1
vgg16,HC:0106,0,0.48733028769493103,kaggle_spiral,handpd_spiral,1
vgg16,HC:0106,0,0.49741044640541077,kaggle_spiral,handpd_spiral,1
vgg16,HC:0106,0,0.49414512515068054,kaggle_spiral,handpd_spiral,1
vgg16,HC:0106,0,0.46532905101776123,kaggle_spiral,handpd_spiral,1
vgg16,HC:0112,0,0.48283839225769043,kaggle_spiral,handpd_spiral,1
vgg16,HC:0112,0,0.45705491304397583,kaggle_spiral,handpd_spiral,1
vgg16,HC:0112,0,0.4511500298976898,kaggle_spiral,handpd_spiral,1
vgg16,HC:0112,0,0.4653632640838623,kaggle_spiral,handpd_spiral,1
vgg16,HC:0116,0,0.5105293393135071,kaggle_spiral,handpd_spiral,1
vgg16,HC:0116,0,0.47495192289352417,kaggle_spiral,handpd_spiral,1
vgg16,HC:0116,0,0.46064338088035583,kaggle_spiral,handpd_spiral,1
vgg16,HC:0116,0,0.4629717469215393,kaggle_spiral,handpd_spiral,1
vgg16,HC:0127,0,0.4704486131668091,kaggle_spiral,handpd_spiral,1
vgg16,HC:0127,0,0.4712509214878082,kaggle_spiral,handpd_spiral,1
vgg16,HC:0127,0,0.4686715602874756,kaggle_spiral,handpd_spiral,1
vgg16,HC:0127,0,0.47020405530929565,kaggle_spiral,handpd_spiral,1
vgg16,HC:0129,0,0.4448075294494629,kaggle_spiral,handpd_spiral,1
vgg16,HC:0129,0,0.45093628764152527,kaggle_spiral,handpd_spiral,1
vgg16,HC:0129,0,0.4396217167377472,kaggle_spiral,handpd_spiral,1
vgg16,HC:0129,0,0.44270679354667664,kaggle_spiral,handpd_spiral,1
vgg16,HC:0131,0,0.480025976896286,kaggle_spiral,handpd_spiral,1
vgg16,HC:0131,0,0.4189334213733673,kaggle_spiral,handpd_spiral,1
vgg16,HC:0131,0,0.3971345126628876,kaggle_spiral,handpd_spiral,1
vgg16,HC:0131,0,0.4102526307106018,kaggle_spiral,handpd_spiral,1
vgg16,HC:0287,0,0.5469102263450623,kaggle_spiral,handpd_spiral,1
vgg16,HC:0287,0,0.5367029905319214,kaggle_spiral,handpd_spiral,1
vgg16,HC:0287,0,0.502164363861084,kaggle_spiral,handpd_spiral,1
vgg16,HC:0287,0,0.5168430209159851,kaggle_spiral,handpd_spiral,1
vgg16,HC:0289,0,0.4936208128929138,kaggle_spiral,handpd_spiral,1
vgg16,HC:0289,0,0.46256667375564575,kaggle_spiral,handpd_spiral,1
vgg16,HC:0289,0,0.49048125743865967,kaggle_spiral,handpd_spiral,1
vgg16,HC:0289,0,0.4688832759857178,kaggle_spiral,handpd_spiral,1
vgg16,HC:0293,0,0.4743499457836151,kaggle_spiral,handpd_spiral,1
vgg16,HC:0293,0,0.48100006580352783,kaggle_spiral,handpd_spiral,1
vgg16,HC:0293,0,0.48030775785446167,kaggle_spiral,handpd_spiral,1
vgg16,HC:0293,0,0.46984031796455383,kaggle_spiral,handpd_spiral,1
vgg16,HC:0295,0,0.5302504301071167,kaggle_spiral,handpd_spiral,1
vgg16,HC:0295,0,0.5348874926567078,kaggle_spiral,handpd_spiral,1
vgg16,HC:0295,0,0.5098146796226501,kaggle_spiral,handpd_spiral,1
vgg16,HC:0295,0,0.5301706194877625,kaggle_spiral,handpd_spiral,1
vgg16,HC:0297,0,0.49117398262023926,kaggle_spiral,handpd_spiral,1
vgg16,HC:0297,0,0.45915159583091736,kaggle_spiral,handpd_spiral,1
vgg16,HC:0297,0,0.4652234613895416,kaggle_spiral,handpd_spiral,1
vgg16,HC:0297,0,0.48389342427253723,kaggle_spiral,handpd_spiral,1
vgg16,HC:0305,0,0.5679627656936646,kaggle_spiral,handpd_spiral,1
vgg16,HC:0305,0,0.5253854393959045,kaggle_spiral,handpd_spiral,1
vgg16,HC:0305,0,0.5177969336509705,kaggle_spiral,handpd_spiral,1
vgg16,HC:0305,0,0.5296311974525452,kaggle_spiral,handpd_spiral,1
vgg16,PD:0002,1,0.5667548775672913,kaggle_spiral,handpd_spiral,1
vgg16,PD:0002,1,0.6055877208709717,kaggle_spiral,handpd_spiral,1
vgg16,PD:0002,1,0.5959312915802002,kaggle_spiral,handpd_spiral,1
vgg16,PD:0002,1,0.5348035097122192,kaggle_spiral,handpd_spiral,1
vgg16,PD:0003,1,0.5939300060272217,kaggle_spiral,handpd_spiral,1
vgg16,PD:0003,1,0.5440123081207275,kaggle_spiral,handpd_spiral,1
vgg16,PD:0003,1,0.5733916759490967,kaggle_spiral,handpd_spiral,1
vgg16,PD:0003,1,0.5386958122253418,kaggle_spiral,handpd_spiral,1
vgg16,PD:0004,1,0.5448510050773621,kaggle_spiral,handpd_spiral,1
vgg16,PD:0004,1,0.5693256258964539,kaggle_spiral,handpd_spiral,1
vgg16,PD:0004,1,0.5648053884506226,kaggle_spiral,handpd_spiral,1
vgg16,PD:0004,1,0.5506990551948547,kaggle_spiral,handpd_spiral,1
vgg16,PD:0005,1,0.5086753964424133,kaggle_spiral,handpd_spiral,1
vgg16,PD:0005,1,0.5101166367530823,kaggle_spiral,handpd_spiral,1
vgg16,PD:0005,1,0.4819892346858978,kaggle_spiral,handpd_spiral,1
vgg16,PD:0005,1,0.498038113117218,kaggle_spiral,handpd_spiral,1
vgg16,PD:0009,1,0.5321337580680847,kaggle_spiral,handpd_spiral,1
vgg16,PD:0009,1,0.524443507194519,kaggle_spiral,handpd_spiral,1
vgg16,PD:0009,1,0.5046641826629639,kaggle_spiral,handpd_spiral,1
vgg16,PD:0009,1,0.5139533877372742,kaggle_spiral,handpd_spiral,1
vgg16,PD:0010,1,0.519281268119812,kaggle_spiral,handpd_spiral,1
vgg16,PD:0010,1,0.5178927779197693,kaggle_spiral,handpd_spiral,1
vgg16,PD:0010,1,0.5230713486671448,kaggle_spiral,handpd_spiral,1
vgg16,PD:0010,1,0.5211141109466553,kaggle_spiral,handpd_spiral,1
vgg16,PD:0016,1,0.4942226707935333,kaggle_spiral,handpd_spiral,1
vgg16,PD:0016,1,0.548187255859375,kaggle_spiral,handpd_spiral,1
vgg16,PD:0016,1,0.5103094577789307,kaggle_spiral,handpd_spiral,1
vgg16,PD:0016,1,0.5228886604309082,kaggle_spiral,handpd_spiral,1
vgg16,PD:0023,1,0.49121060967445374,kaggle_spiral,handpd_spiral,1
vgg16,PD:0023,1,0.4730447828769684,kaggle_spiral,handpd_spiral,1
vgg16,PD:0023,1,0.46667444705963135,kaggle_spiral,handpd_spiral,1
vgg16,PD:0023,1,0.4654664397239685,kaggle_spiral,handpd_spiral,1
vgg16,PD:0024,1,0.46366673707962036,kaggle_spiral,handpd_spiral,1
vgg16,PD:0024,1,0.4654274582862854,kaggle_spiral,handpd_spiral,1
vgg16,PD:0024,1,0.4428882598876953,kaggle_spiral,handpd_spiral,1
vgg16,PD:0024,1,0.5084785223007202,kaggle_spiral,handpd_spiral,1
vgg16,PD:0030,1,0.4491182565689087,kaggle_spiral,handpd_spiral,1
vgg16,PD:0030,1,0.4608441889286041,kaggle_spiral,handpd_spiral,1
vgg16,PD:0030,1,0.46469634771347046,kaggle_spiral,handpd_spiral,1
vgg16,PD:0030,1,0.4764711856842041,kaggle_spiral,handpd_spiral,1
vgg16,PD:0031,1,0.465837687253952,kaggle_spiral,handpd_spiral,1
vgg16,PD:0031,1,0.4580559730529785,kaggle_spiral,handpd_spiral,1
vgg16,PD:0031,1,0.4672330617904663,kaggle_spiral,handpd_spiral,1
vgg16,PD:0031,1,0.4656176269054413,kaggle_spiral,handpd_spiral,1
vgg16,PD:0037,1,0.5100109577178955,kaggle_spiral,handpd_spiral,1
vgg16,PD:0037,1,0.5111501216888428,kaggle_spiral,handpd_spiral,1
vgg16,PD:0037,1,0.5148410797119141,kaggle_spiral,handpd_spiral,1
vgg16,PD:0037,1,0.5108032822608948,kaggle_spiral,handpd_spiral,1
vgg16,PD:0038,1,0.567494809627533,kaggle_spiral,handpd_spiral,1
vgg16,PD:0038,1,0.5478824973106384,kaggle_spiral,handpd_spiral,1
vgg16,PD:0038,1,0.582908034324646,kaggle_spiral,handpd_spiral,1
vgg16,PD:0038,1,0.5508322715759277,kaggle_spiral,handpd_spiral,1
vgg16,PD:0044,1,0.4975275695323944,kaggle_spiral,handpd_spiral,1
vgg16,PD:0044,1,0.5207653045654297,kaggle_spiral,handpd_spiral,1
vgg16,PD:0044,1,0.5056061744689941,kaggle_spiral,handpd_spiral,1
vgg16,PD:0044,1,0.5187756419181824,kaggle_spiral,handpd_spiral,1
vgg16,PD:0045,1,0.5358891487121582,kaggle_spiral,handpd_spiral,1
vgg16,PD:0045,1,0.5297085046768188,kaggle_spiral,handpd_spiral,1
vgg16,PD:0045,1,0.5175163745880127,kaggle_spiral,handpd_spiral,1
vgg16,PD:0045,1,0.5462785959243774,kaggle_spiral,handpd_spiral,1
vgg16,PD:0046,1,0.5194782018661499,kaggle_spiral,handpd_spiral,1
vgg16,PD:0046,1,0.5157186985015869,kaggle_spiral,handpd_spiral,1
vgg16,PD:0046,1,0.5100753903388977,kaggle_spiral,handpd_spiral,1
vgg16,PD:0046,1,0.5376445651054382,kaggle_spiral,handpd_spiral,1
vgg16,PD:0051,1,0.47810056805610657,kaggle_spiral,handpd_spiral,1
vgg16,PD:0051,1,0.4860898554325104,kaggle_spiral,handpd_spiral,1
vgg16,PD:0051,1,0.48801323771476746,kaggle_spiral,handpd_spiral,1
vgg16,PD:0051,1,0.49843859672546387,kaggle_spiral,handpd_spiral,1
vgg16,PD:0052,1,0.49201393127441406,kaggle_spiral,handpd_spiral,1
vgg16,PD:0052,1,0.4887365698814392,kaggle_spiral,handpd_spiral,1
vgg16,PD:0052,1,0.5304638743400574,kaggle_spiral,handpd_spiral,1
vgg16,PD:0052,1,0.512235164642334,kaggle_spiral,handpd_spiral,1
vgg16,PD:0053,1,0.5123372673988342,kaggle_spiral,handpd_spiral,1
vgg16,PD:0053,1,0.5055697560310364,kaggle_spiral,handpd_spiral,1
vgg16,PD:0053,1,0.5121024250984192,kaggle_spiral,handpd_spiral,1
vgg16,PD:0053,1,0.5291030406951904,kaggle_spiral,handpd_spiral,1
vgg16,PD:0054,1,0.5191792845726013,kaggle_spiral,handpd_spiral,1
vgg16,PD:0054,1,0.49366241693496704,kaggle_spiral,handpd_spiral,1
vgg16,PD:0054,1,0.49355629086494446,kaggle_spiral,handpd_spiral,1
vgg16,PD:0054,1,0.5080716013908386,kaggle_spiral,handpd_spiral,1
vgg16,PD:0134,1,0.5254926085472107,kaggle_spiral,handpd_spiral,1
vgg16,PD:0134,1,0.506769597530365,kaggle_spiral,handpd_spiral,1
vgg16,PD:0134,1,0.5105006098747253,kaggle_spiral,handpd_spiral,1
vgg16,PD:0134,1,0.514621913433075,kaggle_spiral,handpd_spiral,1
vgg16,PD:0136,1,0.5081670880317688,kaggle_spiral,handpd_spiral,1
vgg16,PD:0136,1,0.4854028522968292,kaggle_spiral,handpd_spiral,1
vgg16,PD:0136,1,0.4948555827140808,kaggle_spiral,handpd_spiral,1
vgg16,PD:0136,1,0.506354808807373,kaggle_spiral,handpd_spiral,1
vgg16,PD:0138,1,0.46955764293670654,kaggle_spiral,handpd_spiral,1
vgg16,PD:0138,1,0.45541825890541077,kaggle_spiral,handpd_spiral,1
vgg16,PD:0138,1,0.48527711629867554,kaggle_spiral,handpd_spiral,1
vgg16,PD:0138,1,0.4645792841911316,kaggle_spiral,handpd_spiral,1
vgg16,PD:0139,1,0.4826638698577881,kaggle_spiral,handpd_spiral,1
vgg16,PD:0139,1,0.48339903354644775,kaggle_spiral,handpd_spiral,1
vgg16,PD:0139,1,0.476494163274765,kaggle_spiral,handpd_spiral,1
vgg16,PD:0139,1,0.4837660789489746,kaggle_spiral,handpd_spiral,1
vgg16,PD:0143,1,0.5090036988258362,kaggle_spiral,handpd_spiral,1
vgg16,PD:0143,1,0.4870406687259674,kaggle_spiral,handpd_spiral,1
vgg16,PD:0143,1,0.5070818662643433,kaggle_spiral,handpd_spiral,1
vgg16,PD:0143,1,0.5367279052734375,kaggle_spiral,handpd_spiral,1
vgg16,PD:0148,1,0.5297386646270752,kaggle_spiral,handpd_spiral,1
vgg16,PD:0148,1,0.5302088856697083,kaggle_spiral,handpd_spiral,1
vgg16,PD:0148,1,0.5228959321975708,kaggle_spiral,handpd_spiral,1
vgg16,PD:0148,1,0.5057103633880615,kaggle_spiral,handpd_spiral,1
vgg16,PD:0149,1,0.5533355474472046,kaggle_spiral,handpd_spiral,1
vgg16,PD:0149,1,0.5366343855857849,kaggle_spiral,handpd_spiral,1
vgg16,PD:0149,1,0.5370242595672607,kaggle_spiral,handpd_spiral,1
vgg16,PD:0149,1,0.5495657324790955,kaggle_spiral,handpd_spiral,1
vgg16,PD:0153,1,0.45020875334739685,kaggle_spiral,handpd_spiral,1
vgg16,PD:0153,1,0.45784053206443787,kaggle_spiral,handpd_spiral,1
vgg16,PD:0153,1,0.4569692015647888,kaggle_spiral,handpd_spiral,1
vgg16,PD:0153,1,0.4490366578102112,kaggle_spiral,handpd_spiral,1
vgg16,PD:0157,1,0.5068906545639038,kaggle_spiral,handpd_spiral,1
vgg16,PD:0157,1,0.4792528450489044,kaggle_spiral,handpd_spiral,1
vgg16,PD:0157,1,0.49596720933914185,kaggle_spiral,handpd_spiral,1
vgg16,PD:0157,1,0.5063887238502502,kaggle_spiral,handpd_spiral,1
vgg16,PD:0161,1,0.5235615968704224,kaggle_spiral,handpd_spiral,1
vgg16,PD:0161,1,0.5370771288871765,kaggle_spiral,handpd_spiral,1
vgg16,PD:0161,1,0.5097106695175171,kaggle_spiral,handpd_spiral,1
vgg16,PD:0161,1,0.5074019432067871,kaggle_spiral,handpd_spiral,1
vgg16,PD:0165,1,0.45083847641944885,kaggle_spiral,handpd_spiral,1
vgg16,PD:0165,1,0.45391449332237244,kaggle_spiral,handpd_spiral,1
vgg16,PD:0165,1,0.4516669511795044,kaggle_spiral,handpd_spiral,1
vgg16,PD:0165,1,0.455118328332901,kaggle_spiral,handpd_spiral,1
vgg16,PD:0166,1,0.5019444823265076,kaggle_spiral,handpd_spiral,1
vgg16,PD:0166,1,0.48146989941596985,kaggle_spiral,handpd_spiral,1
vgg16,PD:0166,1,0.4591972827911377,kaggle_spiral,handpd_spiral,1
vgg16,PD:0166,1,0.4830155670642853,kaggle_spiral,handpd_spiral,1
vgg16,PD:0170,1,0.531839907169342,kaggle_spiral,handpd_spiral,1
vgg16,PD:0170,1,0.5061861276626587,kaggle_spiral,handpd_spiral,1
vgg16,PD:0170,1,0.5465718507766724,kaggle_spiral,handpd_spiral,1
vgg16,PD:0170,1,0.5590792298316956,kaggle_spiral,handpd_spiral,1
vgg16,PD:0174,1,0.5313792824745178,kaggle_spiral,handpd_spiral,1
vgg16,PD:0174,1,0.5371977686882019,kaggle_spiral,handpd_spiral,1
vgg16,PD:0174,1,0.552632212638855,kaggle_spiral,handpd_spiral,1
vgg16,PD:0174,1,0.5513253211975098,kaggle_spiral,handpd_spiral,1
vgg16,PD:0176,1,0.5464373230934143,kaggle_spiral,handpd_spiral,1
vgg16,PD:0176,1,0.49998903274536133,kaggle_spiral,handpd_spiral,1
vgg16,PD:0176,1,0.5282959938049316,kaggle_spiral,handpd_spiral,1
vgg16,PD:0176,1,0.5107528567314148,kaggle_spiral,handpd_spiral,1
vgg16,PD:0177,1,0.5518897175788879,kaggle_spiral,handpd_spiral,1
vgg16,PD:0177,1,0.47257763147354126,kaggle_spiral,handpd_spiral,1
vgg16,PD:0177,1,0.4920949339866638,kaggle_spiral,handpd_spiral,1
vgg16,PD:0177,1,0.5150935053825378,kaggle_spiral,handpd_spiral,1
vgg16,PD:0181,1,0.505023717880249,kaggle_spiral,handpd_spiral,1
vgg16,PD:0181,1,0.4983070194721222,kaggle_spiral,handpd_spiral,1
vgg16,PD:0181,1,0.48097091913223267,kaggle_spiral,handpd_spiral,1
vgg16,PD:0181,1,0.5014349818229675,kaggle_spiral,handpd_spiral,1
vgg16,PD:0182,1,0.5053843259811401,kaggle_spiral,handpd_spiral,1
vgg16,PD:0182,1,0.5240073204040527,kaggle_spiral,handpd_spiral,1
vgg16,PD:0182,1,0.532573938369751,kaggle_spiral,handpd_spiral,1
vgg16,PD:0182,1,0.5061656832695007,kaggle_spiral,handpd_spiral,1
vgg16,PD:0186,1,0.504948079586029,kaggle_spiral,handpd_spiral,1
vgg16,PD:0186,1,0.5317409634590149,kaggle_spiral,handpd_spiral,1
vgg16,PD:0186,1,0.5138211250305176,kaggle_spiral,handpd_spiral,1
vgg16,PD:0186,1,0.5369663238525391,kaggle_spiral,handpd_spiral,1
vgg16,PD:0187,1,0.47133293747901917,kaggle_spiral,handpd_spiral,1
vgg16,PD:0187,1,0.4909304976463318,kaggle_spiral,handpd_spiral,1
vgg16,PD:0187,1,0.46792611479759216,kaggle_spiral,handpd_spiral,1
vgg16,PD:0187,1,0.48312827944755554,kaggle_spiral,handpd_spiral,1
vgg16,PD:0188,1,0.4808984398841858,kaggle_spiral,handpd_spiral,1
vgg16,PD:0188,1,0.44348782300949097,kaggle_spiral,handpd_spiral,1
vgg16,PD:0188,1,0.5033635497093201,kaggle_spiral,handpd_spiral,1
vgg16,PD:0188,1,0.48737889528274536,kaggle_spiral,handpd_spiral,1
vgg16,PD:0192,1,0.5344200134277344,kaggle_spiral,handpd_spiral,1
vgg16,PD:0192,1,0.5143132209777832,kaggle_spiral,handpd_spiral,1
vgg16,PD:0192,1,0.5189233422279358,kaggle_spiral,handpd_spiral,1
vgg16,PD:0192,1,0.5299962162971497,kaggle_spiral,handpd_spiral,1
vgg16,PD:0196,1,0.48790231347084045,kaggle_spiral,handpd_spiral,1
vgg16,PD:0196,1,0.5275545120239258,kaggle_spiral,handpd_spiral,1
vgg16,PD:0196,1,0.47630956768989563,kaggle_spiral,handpd_spiral,1
vgg16,PD:0196,1,0.47810348868370056,kaggle_spiral,handpd_spiral,1
vgg16,PD:0197,1,0.4712526798248291,kaggle_spiral,handpd_spiral,1
vgg16,PD:0197,1,0.45362475514411926,kaggle_spiral,handpd_spiral,1
vgg16,PD:0197,1,0.4597645103931427,kaggle_spiral,handpd_spiral,1
vgg16,PD:0197,1,0.49189338088035583,kaggle_spiral,handpd_spiral,1
vgg16,PD:0198,1,0.4983818829059601,kaggle_spiral,handpd_spiral,1
vgg16,PD:0198,1,0.49724116921424866,kaggle_spiral,handpd_spiral,1
vgg16,PD:0198,1,0.4936928451061249,kaggle_spiral,handpd_spiral,1
vgg16,PD:0198,1,0.5060226917266846,kaggle_spiral,handpd_spiral,1
vgg16,PD:0202,1,0.45238327980041504,kaggle_spiral,handpd_spiral,1
vgg16,PD:0202,1,0.4735105633735657,kaggle_spiral,handpd_spiral,1
vgg16,PD:0202,1,0.4474324584007263,kaggle_spiral,handpd_spiral,1
vgg16,PD:0202,1,0.4873979091644287,kaggle_spiral,handpd_spiral,1
vgg16,PD:0203,1,0.49615612626075745,kaggle_spiral,handpd_spiral,1
vgg16,PD:0203,1,0.497003972530365,kaggle_spiral,handpd_spiral,1
vgg16,PD:0203,1,0.48050522804260254,kaggle_spiral,handpd_spiral,1
vgg16,PD:0203,1,0.5186440348625183,kaggle_spiral,handpd_spiral,1
vgg16,PD:0207,1,0.49616390466690063,kaggle_spiral,handpd_spiral,1
vgg16,PD:0207,1,0.4988139569759369,kaggle_spiral,handpd_spiral,1
vgg16,PD:0207,1,0.48631078004837036,kaggle_spiral,handpd_spiral,1
vgg16,PD:0207,1,0.5913752913475037,kaggle_spiral,handpd_spiral,1
vgg16,PD:0208,1,0.5328538417816162,kaggle_spiral,handpd_spiral,1
vgg16,PD:0208,1,0.5181875824928284,kaggle_spiral,handpd_spiral,1
vgg16,PD:0208,1,0.48628857731819153,kaggle_spiral,handpd_spiral,1
vgg16,PD:0208,1,0.5049497485160828,kaggle_spiral,handpd_spiral,1
vgg16,PD:0213,1,0.5763019919395447,kaggle_spiral,handpd_spiral,1
vgg16,PD:0213,1,0.51319420337677,kaggle_spiral,handpd_spiral,1
vgg16,PD:0213,1,0.542212963104248,kaggle_spiral,handpd_spiral,1
vgg16,PD:0213,1,0.5542765259742737,kaggle_spiral,handpd_spiral,1
vgg16,PD:0214,1,0.5824029445648193,kaggle_spiral,handpd_spiral,1
vgg16,PD:0214,1,0.5493455529212952,kaggle_spiral,handpd_spiral,1
vgg16,PD:0214,1,0.5736016035079956,kaggle_spiral,handpd_spiral,1
vgg16,PD:0214,1,0.5822015404701233,kaggle_spiral,handpd_spiral,1
vgg16,PD:0218,1,0.4745655059814453,kaggle_spiral,handpd_spiral,1
vgg16,PD:0218,1,0.4964061975479126,kaggle_spiral,handpd_spiral,1
vgg16,PD:0218,1,0.4512755274772644,kaggle_spiral,handpd_spiral,1
vgg16,PD:0218,1,0.49295490980148315,kaggle_spiral,handpd_spiral,1
vgg16,PD:0219,1,0.5233830213546753,kaggle_spiral,handpd_spiral,1
vgg16,PD:0219,1,0.47721385955810547,kaggle_spiral,handpd_spiral,1
vgg16,PD:0219,1,0.4839332401752472,kaggle_spiral,handpd_spiral,1
vgg16,PD:0219,1,0.4854767918586731,kaggle_spiral,handpd_spiral,1
vgg16,PD:0223,1,0.5127052068710327,kaggle_spiral,handpd_spiral,1
vgg16,PD:0223,1,0.5048982501029968,kaggle_spiral,handpd_spiral,1
vgg16,PD:0223,1,0.4945926368236542,kaggle_spiral,handpd_spiral,1
vgg16,PD:0223,1,0.5221529603004456,kaggle_spiral,handpd_spiral,1
vgg16,PD:0228,1,0.5265507102012634,kaggle_spiral,handpd_spiral,1
vgg16,PD:0228,1,0.550495445728302,kaggle_spiral,handpd_spiral,1
vgg16,PD:0228,1,0.5617451667785645,kaggle_spiral,handpd_spiral,1
vgg16,PD:0228,1,0.547042727470398,kaggle_spiral,handpd_spiral,1
vgg16,PD:0229,1,0.5506668090820312,kaggle_spiral,handpd_spiral,1
vgg16,PD:0229,1,0.5463321805000305,kaggle_spiral,handpd_spiral,1
vgg16,PD:0229,1,0.5594995617866516,kaggle_spiral,handpd_spiral,1
vgg16,PD:0229,1,0.540139377117157,kaggle_spiral,handpd_spiral,1
vgg16,PD:0230,1,0.5959054231643677,kaggle_spiral,handpd_spiral,1
vgg16,PD:0230,1,0.5390206575393677,kaggle_spiral,handpd_spiral,1
vgg16,PD:0230,1,0.5974035263061523,kaggle_spiral,handpd_spiral,1
vgg16,PD:0230,1,0.5510982275009155,kaggle_spiral,handpd_spiral,1
vgg16,PD:0234,1,0.5132809281349182,kaggle_spiral,handpd_spiral,1
vgg16,PD:0234,1,0.5413548350334167,kaggle_spiral,handpd_spiral,1
vgg16,PD:0234,1,0.4955165386199951,kaggle_spiral,handpd_spiral,1
vgg16,PD:0234,1,0.5494063496589661,kaggle_spiral,handpd_spiral,1
vgg16,PD:0235,1,0.5799340605735779,kaggle_spiral,handpd_spiral,1
vgg16,PD:0235,1,0.5591000914573669,kaggle_spiral,handpd_spiral,1
vgg16,PD:0235,1,0.5063866972923279,kaggle_spiral,handpd_spiral,1
vgg16,PD:0235,1,0.5428707599639893,kaggle_spiral,handpd_spiral,1
vgg16,PD:0236,1,0.5301044583320618,kaggle_spiral,handpd_spiral,1
vgg16,PD:0236,1,0.550990104675293,kaggle_spiral,handpd_spiral,1
vgg16,PD:0236,1,0.5399848222732544,kaggle_spiral,handpd_spiral,1
vgg16,PD:0236,1,0.5461433529853821,kaggle_spiral,handpd_spiral,1
vgg16,PD:0240,1,0.5556111931800842,kaggle_spiral,handpd_spiral,1
vgg16,PD:0240,1,0.5365747809410095,kaggle_spiral,handpd_spiral,1
vgg16,PD:0240,1,0.520868182182312,kaggle_spiral,handpd_spiral,1
vgg16,PD:0240,1,0.5064513087272644,kaggle_spiral,handpd_spiral,1
vgg16,PD:0241,1,0.532123327255249,kaggle_spiral,handpd_spiral,1
vgg16,PD:0241,1,0.5401372313499451,kaggle_spiral,handpd_spiral,1
vgg16,PD:0241,1,0.5314010381698608,kaggle_spiral,handpd_spiral,1
vgg16,PD:0241,1,0.5383575558662415,kaggle_spiral,handpd_spiral,1
vgg16,PD:0242,1,0.526534914970398,kaggle_spiral,handpd_spiral,1
vgg16,PD:0242,1,0.5199037194252014,kaggle_spiral,handpd_spiral,1
vgg16,PD:0242,1,0.5076255202293396,kaggle_spiral,handpd_spiral,1
vgg16,PD:0242,1,0.5321306586265564,kaggle_spiral,handpd_spiral,1
vgg16,PD:0246,1,0.5342625379562378,kaggle_spiral,handpd_spiral,1
vgg16,PD:0246,1,0.5284770727157593,kaggle_spiral,handpd_spiral,1
vgg16,PD:0246,1,0.5272377133369446,kaggle_spiral,handpd_spiral,1
vgg16,PD:0246,1,0.5228273868560791,kaggle_spiral,handpd_spiral,1
vgg16,PD:0247,1,0.5523416996002197,kaggle_spiral,handpd_spiral,1
vgg16,PD:0247,1,0.5560040473937988,kaggle_spiral,handpd_spiral,1
vgg16,PD:0247,1,0.5572755336761475,kaggle_spiral,handpd_spiral,1
vgg16,PD:0247,1,0.5332138538360596,kaggle_spiral,handpd_spiral,1
vgg16,PD:0253,1,0.49324479699134827,kaggle_spiral,handpd_spiral,1
vgg16,PD:0253,1,0.46028655767440796,kaggle_spiral,handpd_spiral,1
vgg16,PD:0253,1,0.4873477518558502,kaggle_spiral,handpd_spiral,1
vgg16,PD:0253,1,0.48484572768211365,kaggle_spiral,handpd_spiral,1
vgg16,PD:0254,1,0.4915347099304199,kaggle_spiral,handpd_spiral,1
vgg16,PD:0254,1,0.4785935580730438,kaggle_spiral,handpd_spiral,1
vgg16,PD:0254,1,0.4736037850379944,kaggle_spiral,handpd_spiral,1
vgg16,PD:0254,1,0.478224515914917,kaggle_spiral,handpd_spiral,1
vgg16,PD:0261,1,0.47298452258110046,kaggle_spiral,handpd_spiral,1
vgg16,PD:0261,1,0.47392192482948303,kaggle_spiral,handpd_spiral,1
vgg16,PD:0261,1,0.4723799526691437,kaggle_spiral,handpd_spiral,1
vgg16,PD:0261,1,0.4877969026565552,kaggle_spiral,handpd_spiral,1
vgg16,PD:0268,1,0.5197118520736694,kaggle_spiral,handpd_spiral,1
vgg16,PD:0268,1,0.501281201839447,kaggle_spiral,handpd_spiral,1
vgg16,PD:0268,1,0.4976828098297119,kaggle_spiral,handpd_spiral,1
vgg16,PD:0268,1,0.5324780941009521,kaggle_spiral,handpd_spiral,1
vgg16,PD:0269,1,0.48934122920036316,kaggle_spiral,handpd_spiral,1
vgg16,PD:0269,1,0.47931525111198425,kaggle_spiral,handpd_spiral,1
vgg16,PD:0269,1,0.4951881766319275,kaggle_spiral,handpd_spiral,1
vgg16,PD:0269,1,0.5155889391899109,kaggle_spiral,handpd_spiral,1
vgg16,PD:0273,1,0.5148128867149353,kaggle_spiral,handpd_spiral,1
vgg16,PD:0273,1,0.4989510178565979,kaggle_spiral,handpd_spiral,1
vgg16,PD:0273,1,0.5181408524513245,kaggle_spiral,handpd_spiral,1
vgg16,PD:0273,1,0.5110634565353394,kaggle_spiral,handpd_spiral,1
vgg16,PD:0274,1,0.5107553601264954,kaggle_spiral,handpd_spiral,1
vgg16,PD:0274,1,0.5154240727424622,kaggle_spiral,handpd_spiral,1
vgg16,PD:0274,1,0.486195832490921,kaggle_spiral,handpd_spiral,1
vgg16,PD:0274,1,0.525955855846405,kaggle_spiral,handpd_spiral,1
vgg16,PD:0280,1,0.4899155795574188,kaggle_spiral,handpd_spiral,1
vgg16,PD:0280,1,0.48302510380744934,kaggle_spiral,handpd_spiral,1
vgg16,PD:0280,1,0.509148120880127,kaggle_spiral,handpd_spiral,1
vgg16,PD:0280,1,0.5036280155181885,kaggle_spiral,handpd_spiral,1
vgg16,PD:0281,1,0.49174222350120544,kaggle_spiral,handpd_spiral,1
vgg16,PD:0281,1,0.4981452226638794,kaggle_spiral,handpd_spiral,1
vgg16,PD:0281,1,0.5039762854576111,kaggle_spiral,handpd_spiral,1
vgg16,PD:0281,1,0.5122153162956238,kaggle_spiral,handpd_spiral,1
resnet50,HC:0068,0,0.3983011841773987,kaggle_spiral,handpd_spiral,1
resnet50,HC:0068,0,0.40012887120246887,kaggle_spiral,handpd_spiral,1
resnet50,HC:0068,0,0.3810015320777893,kaggle_spiral,handpd_spiral,1
resnet50,HC:0068,0,0.3691045939922333,kaggle_spiral,handpd_spiral,1
resnet50,HC:0092,0,0.3768620491027832,kaggle_spiral,handpd_spiral,1
resnet50,HC:0092,0,0.3918288052082062,kaggle_spiral,handpd_spiral,1
resnet50,HC:0092,0,0.45528021454811096,kaggle_spiral,handpd_spiral,1
resnet50,HC:0092,0,0.35334861278533936,kaggle_spiral,handpd_spiral,1
resnet50,HC:0098,0,0.40161988139152527,kaggle_spiral,handpd_spiral,1
resnet50,HC:0098,0,0.4465894401073456,kaggle_spiral,handpd_spiral,1
resnet50,HC:0098,0,0.4338303506374359,kaggle_spiral,handpd_spiral,1
resnet50,HC:0098,0,0.38440996408462524,kaggle_spiral,handpd_spiral,1
resnet50,HC:0100,0,0.41804996132850647,kaggle_spiral,handpd_spiral,1
resnet50,HC:0100,0,0.43425238132476807,kaggle_spiral,handpd_spiral,1
resnet50,HC:0100,0,0.44837287068367004,kaggle_spiral,handpd_spiral,1
resnet50,HC:0100,0,0.387620210647583,kaggle_spiral,handpd_spiral,1
resnet50,HC:0102,0,0.45710891485214233,kaggle_spiral,handpd_spiral,1
resnet50,HC:0102,0,0.3843945264816284,kaggle_spiral,handpd_spiral,1
resnet50,HC:0102,0,0.39936280250549316,kaggle_spiral,handpd_spiral,1
resnet50,HC:0102,0,0.3891255557537079,kaggle_spiral,handpd_spiral,1
resnet50,HC:0104,0,0.39687663316726685,kaggle_spiral,handpd_spiral,1
resnet50,HC:0104,0,0.41669830679893494,kaggle_spiral,handpd_spiral,1
resnet50,HC:0104,0,0.40902405977249146,kaggle_spiral,handpd_spiral,1
resnet50,HC:0104,0,0.42156052589416504,kaggle_spiral,handpd_spiral,1
resnet50,HC:0106,0,0.3863365054130554,kaggle_spiral,handpd_spiral,1
resnet50,HC:0106,0,0.40487512946128845,kaggle_spiral,handpd_spiral,1
resnet50,HC:0106,0,0.4331478178501129,kaggle_spiral,handpd_spiral,1
resnet50,HC:0106,0,0.4178377687931061,kaggle_spiral,handpd_spiral,1
resnet50,HC:0112,0,0.3662235140800476,kaggle_spiral,handpd_spiral,1
resnet50,HC:0112,0,0.3950430750846863,kaggle_spiral,handpd_spiral,1
resnet50,HC:0112,0,0.38128209114074707,kaggle_spiral,handpd_spiral,1
resnet50,HC:0112,0,0.3923405706882477,kaggle_spiral,handpd_spiral,1
resnet50,HC:0116,0,0.4035135805606842,kaggle_spiral,handpd_spiral,1
resnet50,HC:0116,0,0.3751055896282196,kaggle_spiral,handpd_spiral,1
resnet50,HC:0116,0,0.4045995771884918,kaggle_spiral,handpd_spiral,1
resnet50,HC:0116,0,0.3879232108592987,kaggle_spiral,handpd_spiral,1
resnet50,HC:0127,0,0.3819698095321655,kaggle_spiral,handpd_spiral,1
resnet50,HC:0127,0,0.33946457505226135,kaggle_spiral,handpd_spiral,1
resnet50,HC:0127,0,0.4024070203304291,kaggle_spiral,handpd_spiral,1
resnet50,HC:0127,0,0.3578413724899292,kaggle_spiral,handpd_spiral,1
resnet50,HC:0129,0,0.37196072936058044,kaggle_spiral,handpd_spiral,1
resnet50,HC:0129,0,0.3710535168647766,kaggle_spiral,handpd_spiral,1
resnet50,HC:0129,0,0.36742082238197327,kaggle_spiral,handpd_spiral,1
resnet50,HC:0129,0,0.391041100025177,kaggle_spiral,handpd_spiral,1
resnet50,HC:0131,0,0.4090287685394287,kaggle_spiral,handpd_spiral,1
resnet50,HC:0131,0,0.40474364161491394,kaggle_spiral,handpd_spiral,1
resnet50,HC:0131,0,0.40728843212127686,kaggle_spiral,handpd_spiral,1
resnet50,HC:0131,0,0.38496285676956177,kaggle_spiral,handpd_spiral,1
resnet50,HC:0287,0,0.4057033956050873,kaggle_spiral,handpd_spiral,1
resnet50,HC:0287,0,0.4270901083946228,kaggle_spiral,handpd_spiral,1
resnet50,HC:0287,0,0.41960078477859497,kaggle_spiral,handpd_spiral,1
resnet50,HC:0287,0,0.4441165328025818,kaggle_spiral,handpd_spiral,1
resnet50,HC:0289,0,0.37125715613365173,kaggle_spiral,handpd_spiral,1
resnet50,HC:0289,0,0.41468456387519836,kaggle_spiral,handpd_spiral,1
resnet50,HC:0289,0,0.4137977957725525,kaggle_spiral,handpd_spiral,1
resnet50,HC:0289,0,0.3967854976654053,kaggle_spiral,handpd_spiral,1
resnet50,HC:0293,0,0.3832588493824005,kaggle_spiral,handpd_spiral,1
resnet50,HC:0293,0,0.3936449885368347,kaggle_spiral,handpd_spiral,1
resnet50,HC:0293,0,0.3617304265499115,kaggle_spiral,handpd_spiral,1
resnet50,HC:0293,0,0.3542034327983856,kaggle_spiral,handpd_spiral,1
resnet50,HC:0295,0,0.48139631748199463,kaggle_spiral,handpd_spiral,1
resnet50,HC:0295,0,0.5188377499580383,kaggle_spiral,handpd_spiral,1
resnet50,HC:0295,0,0.4127149283885956,kaggle_spiral,handpd_spiral,1
resnet50,HC:0295,0,0.4758511483669281,kaggle_spiral,handpd_spiral,1
resnet50,HC:0297,0,0.37759947776794434,kaggle_spiral,handpd_spiral,1
resnet50,HC:0297,0,0.3740087151527405,kaggle_spiral,handpd_spiral,1
resnet50,HC:0297,0,0.40960434079170227,kaggle_spiral,handpd_spiral,1
resnet50,HC:0297,0,0.40625953674316406,kaggle_spiral,handpd_spiral,1
resnet50,HC:0305,0,0.46958157420158386,kaggle_spiral,handpd_spiral,1
resnet50,HC:0305,0,0.4414791166782379,kaggle_spiral,handpd_spiral,1
resnet50,HC:0305,0,0.4317328631877899,kaggle_spiral,handpd_spiral,1
resnet50,HC:0305,0,0.4460349678993225,kaggle_spiral,handpd_spiral,1
resnet50,PD:0002,1,0.45646530389785767,kaggle_spiral,handpd_spiral,1
resnet50,PD:0002,1,0.4939807057380676,kaggle_spiral,handpd_spiral,1
resnet50,PD:0002,1,0.47268202900886536,kaggle_spiral,handpd_spiral,1
resnet50,PD:0002,1,0.5321993231773376,kaggle_spiral,handpd_spiral,1
resnet50,PD:0003,1,0.4713248908519745,kaggle_spiral,handpd_spiral,1
resnet50,PD:0003,1,0.40072396397590637,kaggle_spiral,handpd_spiral,1
resnet50,PD:0003,1,0.4240219295024872,kaggle_spiral,handpd_spiral,1
resnet50,PD:0003,1,0.4240952134132385,kaggle_spiral,handpd_spiral,1
resnet50,PD:0004,1,0.4337482452392578,kaggle_spiral,handpd_spiral,1
resnet50,PD:0004,1,0.4175300598144531,kaggle_spiral,handpd_spiral,1
resnet50,PD:0004,1,0.4293193221092224,kaggle_spiral,handpd_spiral,1
resnet50,PD:0004,1,0.4106602072715759,kaggle_spiral,handpd_spiral,1
resnet50,PD:0005,1,0.355491042137146,kaggle_spiral,handpd_spiral,1
resnet50,PD:0005,1,0.37337726354599,kaggle_spiral,handpd_spiral,1
resnet50,PD:0005,1,0.3991035223007202,kaggle_spiral,handpd_spiral,1
resnet50,PD:0005,1,0.3525669574737549,kaggle_spiral,handpd_spiral,1
resnet50,PD:0009,1,0.44727152585983276,kaggle_spiral,handpd_spiral,1
resnet50,PD:0009,1,0.41536158323287964,kaggle_spiral,handpd_spiral,1
resnet50,PD:0009,1,0.39759594202041626,kaggle_spiral,handpd_spiral,1
resnet50,PD:0009,1,0.4117962419986725,kaggle_spiral,handpd_spiral,1
resnet50,PD:0010,1,0.4189402163028717,kaggle_spiral,handpd_spiral,1
resnet50,PD:0010,1,0.37386322021484375,kaggle_spiral,handpd_spiral,1
resnet50,PD:0010,1,0.3633404076099396,kaggle_spiral,handpd_spiral,1
resnet50,PD:0010,1,0.3666149377822876,kaggle_spiral,handpd_spiral,1
resnet50,PD:0016,1,0.414609432220459,kaggle_spiral,handpd_spiral,1
resnet50,PD:0016,1,0.450648695230484,kaggle_spiral,handpd_spiral,1
resnet50,PD:0016,1,0.4348902702331543,kaggle_spiral,handpd_spiral,1
resnet50,PD:0016,1,0.43500983715057373,kaggle_spiral,handpd_spiral,1
resnet50,PD:0023,1,0.37010452151298523,kaggle_spiral,handpd_spiral,1
resnet50,PD:0023,1,0.3250482380390167,kaggle_spiral,handpd_spiral,1
resnet50,PD:0023,1,0.3842684328556061,kaggle_spiral,handpd_spiral,1
resnet50,PD:0023,1,0.353748083114624,kaggle_spiral,handpd_spiral,1
resnet50,PD:0024,1,0.32362833619117737,kaggle_spiral,handpd_spiral,1
resnet50,PD:0024,1,0.36769258975982666,kaggle_spiral,handpd_spiral,1
resnet50,PD:0024,1,0.3785683810710907,kaggle_spiral,handpd_spiral,1
resnet50,PD:0024,1,0.34271666407585144,kaggle_spiral,handpd_spiral,1
resnet50,PD:0030,1,0.3455847501754761,kaggle_spiral,handpd_spiral,1
resnet50,PD:0030,1,0.36735811829566956,kaggle_spiral,handpd_spiral,1
resnet50,PD:0030,1,0.37301841378211975,kaggle_spiral,handpd_spiral,1
resnet50,PD:0030,1,0.3845294713973999,kaggle_spiral,handpd_spiral,1
resnet50,PD:0031,1,0.3310984969139099,kaggle_spiral,handpd_spiral,1
resnet50,PD:0031,1,0.34010469913482666,kaggle_spiral,handpd_spiral,1
resnet50,PD:0031,1,0.3460800051689148,kaggle_spiral,handpd_spiral,1
resnet50,PD:0031,1,0.3344562351703644,kaggle_spiral,handpd_spiral,1
resnet50,PD:0037,1,0.4111565351486206,kaggle_spiral,handpd_spiral,1
resnet50,PD:0037,1,0.38751181960105896,kaggle_spiral,handpd_spiral,1
resnet50,PD:0037,1,0.4562305510044098,kaggle_spiral,handpd_spiral,1
resnet50,PD:0037,1,0.4252758324146271,kaggle_spiral,handpd_spiral,1
resnet50,PD:0038,1,0.5273032188415527,kaggle_spiral,handpd_spiral,1
resnet50,PD:0038,1,0.4315057694911957,kaggle_spiral,handpd_spiral,1
resnet50,PD:0038,1,0.4744730293750763,kaggle_spiral,handpd_spiral,1
resnet50,PD:0038,1,0.4164958894252777,kaggle_spiral,handpd_spiral,1
resnet50,PD:0044,1,0.4276808500289917,kaggle_spiral,handpd_spiral,1
resnet50,PD:0044,1,0.4120488464832306,kaggle_spiral,handpd_spiral,1
resnet50,PD:0044,1,0.41997480392456055,kaggle_spiral,handpd_spiral,1
resnet50,PD:0044,1,0.44761213660240173,kaggle_spiral,handpd_spiral,1
resnet50,PD:0045,1,0.4838506877422333,kaggle_spiral,handpd_spiral,1
resnet50,PD:0045,1,0.4484347999095917,kaggle_spiral,handpd_spiral,1
resnet50,PD:0045,1,0.4812391698360443,kaggle_spiral,handpd_spiral,1
resnet50,PD:0045,1,0.5286005735397339,kaggle_spiral,handpd_spiral,1
resnet50,PD:0046,1,0.4381784200668335,kaggle_spiral,handpd_spiral,1
resnet50,PD:0046,1,0.4167310893535614,kaggle_spiral,handpd_spiral,1
resnet50,PD:0046,1,0.4293097257614136,kaggle_spiral,handpd_spiral,1
resnet50,PD:0046,1,0.4475175440311432,kaggle_spiral,handpd_spiral,1
resnet50,PD:0051,1,0.38242438435554504,kaggle_spiral,handpd_spiral,1
resnet50,PD:0051,1,0.3687862455844879,kaggle_spiral,handpd_spiral,1
resnet50,PD:0051,1,0.42170780897140503,kaggle_spiral,handpd_spiral,1
resnet50,PD:0051,1,0.3855365812778473,kaggle_spiral,handpd_spiral,1
resnet50,PD:0052,1,0.43161818385124207,kaggle_spiral,handpd_spiral,1
resnet50,PD:0052,1,0.4209281802177429,kaggle_spiral,handpd_spiral,1
resnet50,PD:0052,1,0.4520152509212494,kaggle_spiral,handpd_spiral,1
resnet50,PD:0052,1,0.4088253080844879,kaggle_spiral,handpd_spiral,1
resnet50,PD:0053,1,0.4330293536186218,kaggle_spiral,handpd_spiral,1
resnet50,PD:0053,1,0.40964338183403015,kaggle_spiral,handpd_spiral,1
resnet50,PD:0053,1,0.4268243908882141,kaggle_spiral,handpd_spiral,1
resnet50,PD:0053,1,0.42486098408699036,kaggle_spiral,handpd_spiral,1
resnet50,PD:0054,1,0.44714686274528503,kaggle_spiral,handpd_spiral,1
resnet50,PD:0054,1,0.38208210468292236,kaggle_spiral,handpd_spiral,1
resnet50,PD:0054,1,0.4172893166542053,kaggle_spiral,handpd_spiral,1
resnet50,PD:0054,1,0.43106427788734436,kaggle_spiral,handpd_spiral,1
resnet50,PD:0134,1,0.4011252522468567,kaggle_spiral,handpd_spiral,1
resnet50,PD:0134,1,0.3464130163192749,kaggle_spiral,handpd_spiral,1
resnet50,PD:0134,1,0.3904418647289276,kaggle_spiral,handpd_spiral,1
resnet50,PD:0134,1,0.39957016706466675,kaggle_spiral,handpd_spiral,1
resnet50,PD:0136,1,0.5049632787704468,kaggle_spiral,handpd_spiral,1
resnet50,PD:0136,1,0.345578134059906,kaggle_spiral,handpd_spiral,1
resnet50,PD:0136,1,0.45269033312797546,kaggle_spiral,handpd_spiral,1
resnet50,PD:0136,1,0.4222736656665802,kaggle_spiral,handpd_spiral,1
resnet50,PD:0138,1,0.44128745794296265,kaggle_spiral,handpd_spiral,1
resnet50,PD:0138,1,0.41508591175079346,kaggle_spiral,handpd_spiral,1
resnet50,PD:0138,1,0.39872732758522034,kaggle_spiral,handpd_spiral,1
resnet50,PD:0138,1,0.3714776039123535,kaggle_spiral,handpd_spiral,1
resnet50,PD:0139,1,0.42079779505729675,kaggle_spiral,handpd_spiral,1
resnet50,PD:0139,1,0.4515911042690277,kaggle_spiral,handpd_spiral,1
resnet50,PD:0139,1,0.4276626706123352,kaggle_spiral,handpd_spiral,1
resnet50,PD:0139,1,0.3653826117515564,kaggle_spiral,handpd_spiral,1
resnet50,PD:0143,1,0.3169877231121063,kaggle_spiral,handpd_spiral,1
resnet50,PD:0143,1,0.36589571833610535,kaggle_spiral,handpd_spiral,1
resnet50,PD:0143,1,0.32762575149536133,kaggle_spiral,handpd_spiral,1
resnet50,PD:0143,1,0.3534339666366577,kaggle_spiral,handpd_spiral,1
resnet50,PD:0148,1,0.43680694699287415,kaggle_spiral,handpd_spiral,1
resnet50,PD:0148,1,0.4144182503223419,kaggle_spiral,handpd_spiral,1
resnet50,PD:0148,1,0.40424326062202454,kaggle_spiral,handpd_spiral,1
resnet50,PD:0148,1,0.39038074016571045,kaggle_spiral,handpd_spiral,1
resnet50,PD:0149,1,0.3847923278808594,kaggle_spiral,handpd_spiral,1
resnet50,PD:0149,1,0.35946694016456604,kaggle_spiral,handpd_spiral,1
resnet50,PD:0149,1,0.3984193801879883,kaggle_spiral,handpd_spiral,1
resnet50,PD:0149,1,0.4065812826156616,kaggle_spiral,handpd_spiral,1
resnet50,PD:0153,1,0.4385751783847809,kaggle_spiral,handpd_spiral,1
resnet50,PD:0153,1,0.41583529114723206,kaggle_spiral,handpd_spiral,1
resnet50,PD:0153,1,0.4128781855106354,kaggle_spiral,handpd_spiral,1
resnet50,PD:0153,1,0.3944493234157562,kaggle_spiral,handpd_spiral,1
resnet50,PD:0157,1,0.4234714210033417,kaggle_spiral,handpd_spiral,1
resnet50,PD:0157,1,0.3990498483181,kaggle_spiral,handpd_spiral,1
resnet50,PD:0157,1,0.3656977117061615,kaggle_spiral,handpd_spiral,1
resnet50,PD:0157,1,0.3472108244895935,kaggle_spiral,handpd_spiral,1
resnet50,PD:0161,1,0.4156431555747986,kaggle_spiral,handpd_spiral,1
resnet50,PD:0161,1,0.440688818693161,kaggle_spiral,handpd_spiral,1
resnet50,PD:0161,1,0.3699117600917816,kaggle_spiral,handpd_spiral,1
resnet50,PD:0161,1,0.4609283208847046,kaggle_spiral,handpd_spiral,1
resnet50,PD:0165,1,0.397621214389801,kaggle_spiral,handpd_spiral,1
resnet50,PD:0165,1,0.3940223753452301,kaggle_spiral,handpd_spiral,1
resnet50,PD:0165,1,0.4281885623931885,kaggle_spiral,handpd_spiral,1
resnet50,PD:0165,1,0.3588201403617859,kaggle_spiral,handpd_spiral,1
resnet50,PD:0166,1,0.4153169095516205,kaggle_spiral,handpd_spiral,1
resnet50,PD:0166,1,0.3675595819950104,kaggle_spiral,handpd_spiral,1
resnet50,PD:0166,1,0.3364991247653961,kaggle_spiral,handpd_spiral,1
resnet50,PD:0166,1,0.38682129979133606,kaggle_spiral,handpd_spiral,1
resnet50,PD:0170,1,0.4569128453731537,kaggle_spiral,handpd_spiral,1
resnet50,PD:0170,1,0.444001168012619,kaggle_spiral,handpd_spiral,1
resnet50,PD:0170,1,0.47816765308380127,kaggle_spiral,handpd_spiral,1
resnet50,PD:0170,1,0.47120898962020874,kaggle_spiral,handpd_spiral,1
resnet50,PD:0174,1,0.5056338906288147,kaggle_spiral,handpd_spiral,1
resnet50,PD:0174,1,0.49362558126449585,kaggle_spiral,handpd_spiral,1
resnet50,PD:0174,1,0.5063908100128174,kaggle_spiral,handpd_spiral,1
resnet50,PD:0174,1,0.5153445601463318,kaggle_spiral,handpd_spiral,1
resnet50,PD:0176,1,0.47258052229881287,kaggle_spiral,handpd_spiral,1
resnet50,PD:0176,1,0.4120854139328003,kaggle_spiral,handpd_spiral,1
resnet50,PD:0176,1,0.39050325751304626,kaggle_spiral,handpd_spiral,1
resnet50,PD:0176,1,0.4181922376155853,kaggle_spiral,handpd_spiral,1
resnet50,PD:0177,1,0.5096797943115234,kaggle_spiral,handpd_spiral,1
resnet50,PD:0177,1,0.4057079255580902,kaggle_spiral,handpd_spiral,1
resnet50,PD:0177,1,0.3880668878555298,kaggle_spiral,handpd_spiral,1
resnet50,PD:0177,1,0.33141782879829407,kaggle_spiral,handpd_spiral,1
resnet50,PD:0181,1,0.3899970054626465,kaggle_spiral,handpd_spiral,1
resnet50,PD:0181,1,0.4030354917049408,kaggle_spiral,handpd_spiral,1
resnet50,PD:0181,1,0.36005833745002747,kaggle_spiral,handpd_spiral,1
resnet50,PD:0181,1,0.40505602955818176,kaggle_spiral,handpd_spiral,1
resnet50,PD:0182,1,0.36679807305336,kaggle_spiral,handpd_spiral,1
resnet50,PD:0182,1,0.36110612750053406,kaggle_spiral,handpd_spiral,1
resnet50,PD:0182,1,0.35462719202041626,kaggle_spiral,handpd_spiral,1
resnet50,PD:0182,1,0.37214162945747375,kaggle_spiral,handpd_spiral,1
resnet50,PD:0186,1,0.3956049978733063,kaggle_spiral,handpd_spiral,1
resnet50,PD:0186,1,0.43950048089027405,kaggle_spiral,handpd_spiral,1
resnet50,PD:0186,1,0.40905964374542236,kaggle_spiral,handpd_spiral,1
resnet50,PD:0186,1,0.39866194128990173,kaggle_spiral,handpd_spiral,1
resnet50,PD:0187,1,0.3252744972705841,kaggle_spiral,handpd_spiral,1
resnet50,PD:0187,1,0.3682725727558136,kaggle_spiral,handpd_spiral,1
resnet50,PD:0187,1,0.33475616574287415,kaggle_spiral,handpd_spiral,1
resnet50,PD:0187,1,0.35903120040893555,kaggle_spiral,handpd_spiral,1
resnet50,PD:0188,1,0.3247893750667572,kaggle_spiral,handpd_spiral,1
resnet50,PD:0188,1,0.3645942211151123,kaggle_spiral,handpd_spiral,1
resnet50,PD:0188,1,0.3448827564716339,kaggle_spiral,handpd_spiral,1
resnet50,PD:0188,1,0.3293016850948334,kaggle_spiral,handpd_spiral,1
resnet50,PD:0192,1,0.4305358827114105,kaggle_spiral,handpd_spiral,1
resnet50,PD:0192,1,0.45534375309944153,kaggle_spiral,handpd_spiral,1
resnet50,PD:0192,1,0.43534719944000244,kaggle_spiral,handpd_spiral,1
resnet50,PD:0192,1,0.39733341336250305,kaggle_spiral,handpd_spiral,1
resnet50,PD:0196,1,0.37931281328201294,kaggle_spiral,handpd_spiral,1
resnet50,PD:0196,1,0.4116242229938507,kaggle_spiral,handpd_spiral,1
resnet50,PD:0196,1,0.40700283646583557,kaggle_spiral,handpd_spiral,1
resnet50,PD:0196,1,0.4197913706302643,kaggle_spiral,handpd_spiral,1
resnet50,PD:0197,1,0.3792416453361511,kaggle_spiral,handpd_spiral,1
resnet50,PD:0197,1,0.42555737495422363,kaggle_spiral,handpd_spiral,1
resnet50,PD:0197,1,0.38125142455101013,kaggle_spiral,handpd_spiral,1
resnet50,PD:0197,1,0.3480038046836853,kaggle_spiral,handpd_spiral,1
resnet50,PD:0198,1,0.42659980058670044,kaggle_spiral,handpd_spiral,1
resnet50,PD:0198,1,0.40089088678359985,kaggle_spiral,handpd_spiral,1
resnet50,PD:0198,1,0.3785109519958496,kaggle_spiral,handpd_spiral,1
resnet50,PD:0198,1,0.3682120442390442,kaggle_spiral,handpd_spiral,1
resnet50,PD:0202,1,0.4204677641391754,kaggle_spiral,handpd_spiral,1
resnet50,PD:0202,1,0.4011526107788086,kaggle_spiral,handpd_spiral,1
resnet50,PD:0202,1,0.41650551557540894,kaggle_spiral,handpd_spiral,1
resnet50,PD:0202,1,0.3588932156562805,kaggle_spiral,handpd_spiral,1
resnet50,PD:0203,1,0.4326097071170807,kaggle_spiral,handpd_spiral,1
resnet50,PD:0203,1,0.3848857581615448,kaggle_spiral,handpd_spiral,1
resnet50,PD:0203,1,0.4125014543533325,kaggle_spiral,handpd_spiral,1
resnet50,PD:0203,1,0.3813383877277374,kaggle_spiral,handpd_spiral,1
resnet50,PD:0207,1,0.42875292897224426,kaggle_spiral,handpd_spiral,1
resnet50,PD:0207,1,0.39826852083206177,kaggle_spiral,handpd_spiral,1
resnet50,PD:0207,1,0.3857410252094269,kaggle_spiral,handpd_spiral,1
resnet50,PD:0207,1,0.402842253446579,kaggle_spiral,handpd_spiral,1
resnet50,PD:0208,1,0.41893887519836426,kaggle_spiral,handpd_spiral,1
resnet50,PD:0208,1,0.3802284002304077,kaggle_spiral,handpd_spiral,1
resnet50,PD:0208,1,0.41181814670562744,kaggle_spiral,handpd_spiral,1
resnet50,PD:0208,1,0.4029107391834259,kaggle_spiral,handpd_spiral,1
resnet50,PD:0213,1,0.4827740490436554,kaggle_spiral,handpd_spiral,1
resnet50,PD:0213,1,0.391262412071228,kaggle_spiral,handpd_spiral,1
resnet50,PD:0213,1,0.45834797620773315,kaggle_spiral,handpd_spiral,1
resnet50,PD:0213,1,0.4360998868942261,kaggle_spiral,handpd_spiral,1
resnet50,PD:0214,1,0.5245519876480103,kaggle_spiral,handpd_spiral,1
resnet50,PD:0214,1,0.49551868438720703,kaggle_spiral,handpd_spiral,1
resnet50,PD:0214,1,0.47096338868141174,kaggle_spiral,handpd_spiral,1
resnet50,PD:0214,1,0.4937828481197357,kaggle_spiral,handpd_spiral,1
resnet50,PD:0218,1,0.39368128776550293,kaggle_spiral,handpd_spiral,1
resnet50,PD:0218,1,0.42364490032196045,kaggle_spiral,handpd_spiral,1
resnet50,PD:0218,1,0.3879398703575134,kaggle_spiral,handpd_spiral,1
resnet50,PD:0218,1,0.37973758578300476,kaggle_spiral,handpd_spiral,1
resnet50,PD:0219,1,0.4301217794418335,kaggle_spiral,handpd_spiral,1
resnet50,PD:0219,1,0.392337828874588,kaggle_spiral,handpd_spiral,1
resnet50,PD:0219,1,0.42322152853012085,kaggle_spiral,handpd_spiral,1
resnet50,PD:0219,1,0.3383190333843231,kaggle_spiral,handpd_spiral,1
resnet50,PD:0223,1,0.41577720642089844,kaggle_spiral,handpd_spiral,1
resnet50,PD:0223,1,0.348015695810318,kaggle_spiral,handpd_spiral,1
resnet50,PD:0223,1,0.3945862948894501,kaggle_spiral,handpd_spiral,1
resnet50,PD:0223,1,0.3497353792190552,kaggle_spiral,handpd_spiral,1
resnet50,PD:0228,1,0.4905671775341034,kaggle_spiral,handpd_spiral,1
resnet50,PD:0228,1,0.4744797945022583,kaggle_spiral,handpd_spiral,1
resnet50,PD:0228,1,0.46642768383026123,kaggle_spiral,handpd_spiral,1
resnet50,PD:0228,1,0.49437323212623596,kaggle_spiral,handpd_spiral,1
resnet50,PD:0229,1,0.4614582061767578,kaggle_spiral,handpd_spiral,1
resnet50,PD:0229,1,0.4514782726764679,kaggle_spiral,handpd_spiral,1
resnet50,PD:0229,1,0.44610005617141724,kaggle_spiral,handpd_spiral,1
resnet50,PD:0229,1,0.4406421482563019,kaggle_spiral,handpd_spiral,1
resnet50,PD:0230,1,0.5635924935340881,kaggle_spiral,handpd_spiral,1
resnet50,PD:0230,1,0.5372310876846313,kaggle_spiral,handpd_spiral,1
resnet50,PD:0230,1,0.5042116045951843,kaggle_spiral,handpd_spiral,1
resnet50,PD:0230,1,0.547660231590271,kaggle_spiral,handpd_spiral,1
resnet50,PD:0234,1,0.4115362763404846,kaggle_spiral,handpd_spiral,1
resnet50,PD:0234,1,0.45355120301246643,kaggle_spiral,handpd_spiral,1
resnet50,PD:0234,1,0.47735580801963806,kaggle_spiral,handpd_spiral,1
resnet50,PD:0234,1,0.4636441767215729,kaggle_spiral,handpd_spiral,1
resnet50,PD:0235,1,0.5532481074333191,kaggle_spiral,handpd_spiral,1
resnet50,PD:0235,1,0.4890631139278412,kaggle_spiral,handpd_spiral,1
resnet50,PD:0235,1,0.5000052452087402,kaggle_spiral,handpd_spiral,1
resnet50,PD:0235,1,0.4403395652770996,kaggle_spiral,handpd_spiral,1
resnet50,PD:0236,1,0.42408087849617004,kaggle_spiral,handpd_spiral,1
resnet50,PD:0236,1,0.4495922029018402,kaggle_spiral,handpd_spiral,1
resnet50,PD:0236,1,0.48895785212516785,kaggle_spiral,handpd_spiral,1
resnet50,PD:0236,1,0.4932892620563507,kaggle_spiral,handpd_spiral,1
resnet50,PD:0240,1,0.4327268898487091,kaggle_spiral,handpd_spiral,1
resnet50,PD:0240,1,0.4409933090209961,kaggle_spiral,handpd_spiral,1
resnet50,PD:0240,1,0.37424543499946594,kaggle_spiral,handpd_spiral,1
resnet50,PD:0240,1,0.41176143288612366,kaggle_spiral,handpd_spiral,1
resnet50,PD:0241,1,0.39960384368896484,kaggle_spiral,handpd_spiral,1
resnet50,PD:0241,1,0.41267162561416626,kaggle_spiral,handpd_spiral,1
resnet50,PD:0241,1,0.46473994851112366,kaggle_spiral,handpd_spiral,1
resnet50,PD:0241,1,0.3963891267776489,kaggle_spiral,handpd_spiral,1
resnet50,PD:0242,1,0.43463584780693054,kaggle_spiral,handpd_spiral,1
resnet50,PD:0242,1,0.4553377032279968,kaggle_spiral,handpd_spiral,1
resnet50,PD:0242,1,0.45538806915283203,kaggle_spiral,handpd_spiral,1
resnet50,PD:0242,1,0.49243688583374023,kaggle_spiral,handpd_spiral,1
resnet50,PD:0246,1,0.42381206154823303,kaggle_spiral,handpd_spiral,1
resnet50,PD:0246,1,0.4117186367511749,kaggle_spiral,handpd_spiral,1
resnet50,PD:0246,1,0.4510379135608673,kaggle_spiral,handpd_spiral,1
resnet50,PD:0246,1,0.4386923313140869,kaggle_spiral,handpd_spiral,1
resnet50,PD:0247,1,0.5457863211631775,kaggle_spiral,handpd_spiral,1
resnet50,PD:0247,1,0.5028420686721802,kaggle_spiral,handpd_spiral,1
resnet50,PD:0247,1,0.5210761427879333,kaggle_spiral,handpd_spiral,1
resnet50,PD:0247,1,0.516743540763855,kaggle_spiral,handpd_spiral,1
resnet50,PD:0253,1,0.3785313069820404,kaggle_spiral,handpd_spiral,1
resnet50,PD:0253,1,0.400054931640625,kaggle_spiral,handpd_spiral,1
resnet50,PD:0253,1,0.42968660593032837,kaggle_spiral,handpd_spiral,1
resnet50,PD:0253,1,0.4317396581172943,kaggle_spiral,handpd_spiral,1
resnet50,PD:0254,1,0.40430521965026855,kaggle_spiral,handpd_spiral,1
resnet50,PD:0254,1,0.4040091335773468,kaggle_spiral,handpd_spiral,1
resnet50,PD:0254,1,0.4226399064064026,kaggle_spiral,handpd_spiral,1
resnet50,PD:0254,1,0.4060925841331482,kaggle_spiral,handpd_spiral,1
resnet50,PD:0261,1,0.3649006187915802,kaggle_spiral,handpd_spiral,1
resnet50,PD:0261,1,0.3519027531147003,kaggle_spiral,handpd_spiral,1
resnet50,PD:0261,1,0.3500881791114807,kaggle_spiral,handpd_spiral,1
resnet50,PD:0261,1,0.3584763705730438,kaggle_spiral,handpd_spiral,1
resnet50,PD:0268,1,0.3964669406414032,kaggle_spiral,handpd_spiral,1
resnet50,PD:0268,1,0.40194177627563477,kaggle_spiral,handpd_spiral,1
resnet50,PD:0268,1,0.4301513731479645,kaggle_spiral,handpd_spiral,1
resnet50,PD:0268,1,0.41994571685791016,kaggle_spiral,handpd_spiral,1
resnet50,PD:0269,1,0.40164443850517273,kaggle_spiral,handpd_spiral,1
resnet50,PD:0269,1,0.33346548676490784,kaggle_spiral,handpd_spiral,1
resnet50,PD:0269,1,0.39095109701156616,kaggle_spiral,handpd_spiral,1
resnet50,PD:0269,1,0.41316208243370056,kaggle_spiral,handpd_spiral,1
resnet50,PD:0273,1,0.40902993083000183,kaggle_spiral,handpd_spiral,1
resnet50,PD:0273,1,0.38542768359184265,kaggle_spiral,handpd_spiral,1
resnet50,PD:0273,1,0.4264058768749237,kaggle_spiral,handpd_spiral,1
resnet50,PD:0273,1,0.38190585374832153,kaggle_spiral,handpd_spiral,1
resnet50,PD:0274,1,0.4482945501804352,kaggle_spiral,handpd_spiral,1
resnet50,PD:0274,1,0.39737018942832947,kaggle_spiral,handpd_spiral,1
resnet50,PD:0274,1,0.42733314633369446,kaggle_spiral,handpd_spiral,1
resnet50,PD:0274,1,0.38679206371307373,kaggle_spiral,handpd_spiral,1
resnet50,PD:0280,1,0.3370179235935211,kaggle_spiral,handpd_spiral,1
resnet50,PD:0280,1,0.3559529483318329,kaggle_spiral,handpd_spiral,1
resnet50,PD:0280,1,0.3654966652393341,kaggle_spiral,handpd_spiral,1
resnet50,PD:0280,1,0.33655232191085815,kaggle_spiral,handpd_spiral,1
resnet50,PD:0281,1,0.3645915687084198,kaggle_spiral,handpd_spiral,1
resnet50,PD:0281,1,0.3436872661113739,kaggle_spiral,handpd_spiral,1
resnet50,PD:0281,1,0.41394948959350586,kaggle_spiral,handpd_spiral,1
resnet50,PD:0281,1,0.3528713285923004,kaggle_spiral,handpd_spiral,1
efficientnet_b0,HC:0068,0,0.38736480474472046,kaggle_spiral,handpd_spiral,1
efficientnet_b0,HC:0068,0,0.34764355421066284,kaggle_spiral,handpd_spiral,1
efficientnet_b0,HC:0068,0,0.3609365224838257,kaggle_spiral,handpd_spiral,1
efficientnet_b0,HC:0068,0,0.3998546004295349,kaggle_spiral,handpd_spiral,1
efficientnet_b0,HC:0092,0,0.3786637783050537,kaggle_spiral,handpd_spiral,1
efficientnet_b0,HC:0092,0,0.41310909390449524,kaggle_spiral,handpd_spiral,1
efficientnet_b0,HC:0092,0,0.4340762794017792,kaggle_spiral,handpd_spiral,1
efficientnet_b0,HC:0092,0,0.34668177366256714,kaggle_spiral,handpd_spiral,1
efficientnet_b0,HC:0098,0,0.4522501230239868,kaggle_spiral,handpd_spiral,1
efficientnet_b0,HC:0098,0,0.43397337198257446,kaggle_spiral,handpd_spiral,1
efficientnet_b0,HC:0098,0,0.46616560220718384,kaggle_spiral,handpd_spiral,1
efficientnet_b0,HC:0098,0,0.39133942127227783,kaggle_spiral,handpd_spiral,1
efficientnet_b0,HC:0100,0,0.4182165563106537,kaggle_spiral,handpd_spiral,1
efficientnet_b0,HC:0100,0,0.4249209761619568,kaggle_spiral,handpd_spiral,1
efficientnet_b0,HC:0100,0,0.4225180149078369,kaggle_spiral,handpd_spiral,1
efficientnet_b0,HC:0100,0,0.4555187225341797,kaggle_spiral,handpd_spiral,1
efficientnet_b0,HC:0102,0,0.45901626348495483,kaggle_spiral,handpd_spiral,1
efficientnet_b0,HC:0102,0,0.45575159788131714,kaggle_spiral,handpd_spiral,1
efficientnet_b0,HC:0102,0,0.4489523768424988,kaggle_spiral,handpd_spiral,1
efficientnet_b0,HC:0102,0,0.4031960666179657,kaggle_spiral,handpd_spiral,1
efficientnet_b0,HC:0104,0,0.4743620753288269,kaggle_spiral,handpd_spiral,1
efficientnet_b0,HC:0104,0,0.4247552752494812,kaggle_spiral,handpd_spiral,1
efficientnet_b0,HC:0104,0,0.3968358337879181,kaggle_spiral,handpd_spiral,1
efficientnet_b0,HC:0104,0,0.39322561025619507,kaggle_spiral,handpd_spiral,1
efficientnet_b0,HC:0106,0,0.44677475094795227,kaggle_spiral,handpd_spiral,1
efficientnet_b0,HC:0106,0,0.39781349897384644,kaggle_spiral,handpd_spiral,1
efficientnet_b0,HC:0106,0,0.42350077629089355,kaggle_spiral,handpd_spiral,1
efficientnet_b0,HC:0106,0,0.3679018020629883,kaggle_spiral,handpd_spiral,1
efficientnet_b0,HC:0112,0,0.40626004338264465,kaggle_spiral,handpd_spiral,1
efficientnet_b0,HC:0112,0,0.45888322591781616,kaggle_spiral,handpd_spiral,1
efficientnet_b0,HC:0112,0,0.3738355040550232,kaggle_spiral,handpd_spiral,1
efficientnet_b0,HC:0112,0,0.3855557441711426,kaggle_spiral,handpd_spiral,1
efficientnet_b0,HC:0116,0,0.49311912059783936,kaggle_spiral,handpd_spiral,1
efficientnet_b0,HC:0116,0,0.3597019612789154,kaggle_spiral,handpd_spiral,1
efficientnet_b0,HC:0116,0,0.4378244876861572,kaggle_spiral,handpd_spiral,1
efficientnet_b0,HC:0116,0,0.46055343747138977,kaggle_spiral,handpd_spiral,1
efficientnet_b0,HC:0127,0,0.43523892760276794,kaggle_spiral,handpd_spiral,1
efficientnet_b0,HC:0127,0,0.39151903986930847,kaggle_spiral,handpd_spiral,1
efficientnet_b0,HC:0127,0,0.34661948680877686,kaggle_spiral,handpd_spiral,1
efficientnet_b0,HC:0127,0,0.3295692205429077,kaggle_spiral,handpd_spiral,1
efficientnet_b0,HC:0129,0,0.4061013162136078,kaggle_spiral,handpd_spiral,1
efficientnet_b0,HC:0129,0,0.3976517915725708,kaggle_spiral,handpd_spiral,1
efficientnet_b0,HC:0129,0,0.39666444063186646,kaggle_spiral,handpd_spiral,1
efficientnet_b0,HC:0129,0,0.38820502161979675,kaggle_spiral,handpd_spiral,1
efficientnet_b0,HC:0131,0,0.3916948437690735,kaggle_spiral,handpd_spiral,1
efficientnet_b0,HC:0131,0,0.3723350763320923,kaggle_spiral,handpd_spiral,1
efficientnet_b0,HC:0131,0,0.37588751316070557,kaggle_spiral,handpd_spiral,1
efficientnet_b0,HC:0131,0,0.3797729015350342,kaggle_spiral,handpd_spiral,1
efficientnet_b0,HC:0287,0,0.45154255628585815,kaggle_spiral,handpd_spiral,1
efficientnet_b0,HC:0287,0,0.45112237334251404,kaggle_spiral,handpd_spiral,1
efficientnet_b0,HC:0287,0,0.4061746597290039,kaggle_spiral,handpd_spiral,1
efficientnet_b0,HC:0287,0,0.4455641806125641,kaggle_spiral,handpd_spiral,1
efficientnet_b0,HC:0289,0,0.4594316780567169,kaggle_spiral,handpd_spiral,1
efficientnet_b0,HC:0289,0,0.47905460000038147,kaggle_spiral,handpd_spiral,1
efficientnet_b0,HC:0289,0,0.4535938501358032,kaggle_spiral,handpd_spiral,1
efficientnet_b0,HC:0289,0,0.3833047151565552,kaggle_spiral,handpd_spiral,1
efficientnet_b0,HC:0293,0,0.38924577832221985,kaggle_spiral,handpd_spiral,1
efficientnet_b0,HC:0293,0,0.36223307251930237,kaggle_spiral,handpd_spiral,1
efficientnet_b0,HC:0293,0,0.35108140110969543,kaggle_spiral,handpd_spiral,1
efficientnet_b0,HC:0293,0,0.3997199237346649,kaggle_spiral,handpd_spiral,1
efficientnet_b0,HC:0295,0,0.4874900281429291,kaggle_spiral,handpd_spiral,1
efficientnet_b0,HC:0295,0,0.44764000177383423,kaggle_spiral,handpd_spiral,1
efficientnet_b0,HC:0295,0,0.38222208619117737,kaggle_spiral,handpd_spiral,1
efficientnet_b0,HC:0295,0,0.4172235429286957,kaggle_spiral,handpd_spiral,1
efficientnet_b0,HC:0297,0,0.42705151438713074,kaggle_spiral,handpd_spiral,1
efficientnet_b0,HC:0297,0,0.44453465938568115,kaggle_spiral,handpd_spiral,1
efficientnet_b0,HC:0297,0,0.439856618642807,kaggle_spiral,handpd_spiral,1
efficientnet_b0,HC:0297,0,0.42402687668800354,kaggle_spiral,handpd_spiral,1
efficientnet_b0,HC:0305,0,0.4669591188430786,kaggle_spiral,handpd_spiral,1
efficientnet_b0,HC:0305,0,0.3648150861263275,kaggle_spiral,handpd_spiral,1
efficientnet_b0,HC:0305,0,0.37189462780952454,kaggle_spiral,handpd_spiral,1
efficientnet_b0,HC:0305,0,0.39652112126350403,kaggle_spiral,handpd_spiral,1
efficientnet_b0,PD:0002,1,0.3964945077896118,kaggle_spiral,handpd_spiral,1
efficientnet_b0,PD:0002,1,0.3916999399662018,kaggle_spiral,handpd_spiral,1
efficientnet_b0,PD:0002,1,0.40892481803894043,kaggle_spiral,handpd_spiral,1
efficientnet_b0,PD:0002,1,0.4132910370826721,kaggle_spiral,handpd_spiral,1
efficientnet_b0,PD:0003,1,0.4218595623970032,kaggle_spiral,handpd_spiral,1
efficientnet_b0,PD:0003,1,0.39752328395843506,kaggle_spiral,handpd_spiral,1
efficientnet_b0,PD:0003,1,0.4138680100440979,kaggle_spiral,handpd_spiral,1
efficientnet_b0,PD:0003,1,0.3549790382385254,kaggle_spiral,handpd_spiral,1
efficientnet_b0,PD:0004,1,0.4059874415397644,kaggle_spiral,handpd_spiral,1
efficientnet_b0,PD:0004,1,0.36935335397720337,kaggle_spiral,handpd_spiral,1
efficientnet_b0,PD:0004,1,0.433249294757843,kaggle_spiral,handpd_spiral,1
efficientnet_b0,PD:0004,1,0.36535876989364624,kaggle_spiral,handpd_spiral,1
efficientnet_b0,PD:0005,1,0.35082969069480896,kaggle_spiral,handpd_spiral,1
efficientnet_b0,PD:0005,1,0.35255828499794006,kaggle_spiral,handpd_spiral,1
efficientnet_b0,PD:0005,1,0.3798008859157562,kaggle_spiral,handpd_spiral,1
efficientnet_b0,PD:0005,1,0.3650091886520386,kaggle_spiral,handpd_spiral,1
efficientnet_b0,PD:0009,1,0.4164697229862213,kaggle_spiral,handpd_spiral,1
efficientnet_b0,PD:0009,1,0.40737515687942505,kaggle_spiral,handpd_spiral,1
efficientnet_b0,PD:0009,1,0.40466728806495667,kaggle_spiral,handpd_spiral,1
efficientnet_b0,PD:0009,1,0.43510663509368896,kaggle_spiral,handpd_spiral,1
efficientnet_b0,PD:0010,1,0.4135454297065735,kaggle_spiral,handpd_spiral,1
efficientnet_b0,PD:0010,1,0.41718462109565735,kaggle_spiral,handpd_spiral,1
efficientnet_b0,PD:0010,1,0.42864635586738586,kaggle_spiral,handpd_spiral,1
efficientnet_b0,PD:0010,1,0.42409548163414,kaggle_spiral,handpd_spiral,1
efficientnet_b0,PD:0016,1,0.44872918725013733,kaggle_spiral,handpd_spiral,1
efficientnet_b0,PD:0016,1,0.4630632698535919,kaggle_spiral,handpd_spiral,1
efficientnet_b0,PD:0016,1,0.479189932346344,kaggle_spiral,handpd_spiral,1
efficientnet_b0,PD:0016,1,0.4299691617488861,kaggle_spiral,handpd_spiral,1
efficientnet_b0,PD:0023,1,0.3806995749473572,kaggle_spiral,handpd_spiral,1
efficientnet_b0,PD:0023,1,0.35930559039115906,kaggle_spiral,handpd_spiral,1
efficientnet_b0,PD:0023,1,0.364929735660553,kaggle_spiral,handpd_spiral,1
efficientnet_b0,PD:0023,1,0.37799710035324097,kaggle_spiral,handpd_spiral,1
efficientnet_b0,PD:0024,1,0.35488787293434143,kaggle_spiral,handpd_spiral,1
efficientnet_b0,PD:0024,1,0.3443746864795685,kaggle_spiral,handpd_spiral,1
efficientnet_b0,PD:0024,1,0.3768285810947418,kaggle_spiral,handpd_spiral,1
efficientnet_b0,PD:0024,1,0.41001108288764954,kaggle_spiral,handpd_spiral,1
efficientnet_b0,PD:0030,1,0.40557870268821716,kaggle_spiral,handpd_spiral,1
efficientnet_b0,PD:0030,1,0.3636559844017029,kaggle_spiral,handpd_spiral,1
efficientnet_b0,PD:0030,1,0.37852415442466736,kaggle_spiral,handpd_spiral,1
efficientnet_b0,PD:0030,1,0.3994560241699219,kaggle_spiral,handpd_spiral,1
efficientnet_b0,PD:0031,1,0.42749133706092834,kaggle_spiral,handpd_spiral,1
efficientnet_b0,PD:0031,1,0.37105533480644226,kaggle_spiral,handpd_spiral,1
efficientnet_b0,PD:0031,1,0.3701976239681244,kaggle_spiral,handpd_spiral,1
efficientnet_b0,PD:0031,1,0.35970351099967957,kaggle_spiral,handpd_spiral,1
efficientnet_b0,PD:0037,1,0.42019370198249817,kaggle_spiral,handpd_spiral,1
efficientnet_b0,PD:0037,1,0.4184629023075104,kaggle_spiral,handpd_spiral,1
efficientnet_b0,PD:0037,1,0.4394178092479706,kaggle_spiral,handpd_spiral,1
efficientnet_b0,PD:0037,1,0.42473575472831726,kaggle_spiral,handpd_spiral,1
efficientnet_b0,PD:0038,1,0.4334060251712799,kaggle_spiral,handpd_spiral,1
efficientnet_b0,PD:0038,1,0.47128650546073914,kaggle_spiral,handpd_spiral,1
efficientnet_b0,PD:0038,1,0.3948015570640564,kaggle_spiral,handpd_spiral,1
efficientnet_b0,PD:0038,1,0.4262005388736725,kaggle_spiral,handpd_spiral,1
efficientnet_b0,PD:0044,1,0.3983307480812073,kaggle_spiral,handpd_spiral,1
efficientnet_b0,PD:0044,1,0.4023675322532654,kaggle_spiral,handpd_spiral,1
efficientnet_b0,PD:0044,1,0.40086793899536133,kaggle_spiral,handpd_spiral,1
efficientnet_b0,PD:0044,1,0.3817998766899109,kaggle_spiral,handpd_spiral,1
efficientnet_b0,PD:0045,1,0.41243118047714233,kaggle_spiral,handpd_spiral,1
efficientnet_b0,PD:0045,1,0.4592224359512329,kaggle_spiral,handpd_spiral,1
efficientnet_b0,PD:0045,1,0.47907665371894836,kaggle_spiral,handpd_spiral,1
efficientnet_b0,PD:0045,1,0.3466815650463104,kaggle_spiral,handpd_spiral,1
efficientnet_b0,PD:0046,1,0.32417094707489014,kaggle_spiral,handpd_spiral,1
efficientnet_b0,PD:0046,1,0.37082743644714355,kaggle_spiral,handpd_spiral,1
efficientnet_b0,PD:0046,1,0.4037286639213562,kaggle_spiral,handpd_spiral,1
efficientnet_b0,PD:0046,1,0.43709784746170044,kaggle_spiral,handpd_spiral,1
efficientnet_b0,PD:0051,1,0.3818035125732422,kaggle_spiral,handpd_spiral,1
efficientnet_b0,PD:0051,1,0.42050430178642273,kaggle_spiral,handpd_spiral,1
efficientnet_b0,PD:0051,1,0.4245988130569458,kaggle_spiral,handpd_spiral,1
efficientnet_b0,PD:0051,1,0.4531404376029968,kaggle_spiral,handpd_spiral,1
efficientnet_b0,PD:0052,1,0.41963616013526917,kaggle_spiral,handpd_spiral,1
efficientnet_b0,PD:0052,1,0.4108971655368805,kaggle_spiral,handpd_spiral,1
efficientnet_b0,PD:0052,1,0.4541517198085785,kaggle_spiral,handpd_spiral,1
efficientnet_b0,PD:0052,1,0.45341816544532776,kaggle_spiral,handpd_spiral,1
efficientnet_b0,PD:0053,1,0.4641270041465759,kaggle_spiral,handpd_spiral,1
efficientnet_b0,PD:0053,1,0.38157185912132263,kaggle_spiral,handpd_spiral,1
efficientnet_b0,PD:0053,1,0.3709210157394409,kaggle_spiral,handpd_spiral,1
efficientnet_b0,PD:0053,1,0.434098482131958,kaggle_spiral,handpd_spiral,1
efficientnet_b0,PD:0054,1,0.4264506995677948,kaggle_spiral,handpd_spiral,1
efficientnet_b0,PD:0054,1,0.3971935510635376,kaggle_spiral,handpd_spiral,1
efficientnet_b0,PD:0054,1,0.4274556338787079,kaggle_spiral,handpd_spiral,1
efficientnet_b0,PD:0054,1,0.4759637713432312,kaggle_spiral,handpd_spiral,1
efficientnet_b0,PD:0134,1,0.4104922413825989,kaggle_spiral,handpd_spiral,1
efficientnet_b0,PD:0134,1,0.4098140001296997,kaggle_spiral,handpd_spiral,1
efficientnet_b0,PD:0134,1,0.35308781266212463,kaggle_spiral,handpd_spiral,1
efficientnet_b0,PD:0134,1,0.3584548234939575,kaggle_spiral,handpd_spiral,1
efficientnet_b0,PD:0136,1,0.3957499563694,kaggle_spiral,handpd_spiral,1
efficientnet_b0,PD:0136,1,0.4165012836456299,kaggle_spiral,handpd_spiral,1
efficientnet_b0,PD:0136,1,0.30550050735473633,kaggle_spiral,handpd_spiral,1
efficientnet_b0,PD:0136,1,0.4641212522983551,kaggle_spiral,handpd_spiral,1
efficientnet_b0,PD:0138,1,0.43224015831947327,kaggle_spiral,handpd_spiral,1
efficientnet_b0,PD:0138,1,0.4493730068206787,kaggle_spiral,handpd_spiral,1
efficientnet_b0,PD:0138,1,0.4549635946750641,kaggle_spiral,handpd_spiral,1
efficientnet_b0,PD:0138,1,0.4668195843696594,kaggle_spiral,handpd_spiral,1
efficientnet_b0,PD:0139,1,0.4161399304866791,kaggle_spiral,handpd_spiral,1
efficientnet_b0,PD:0139,1,0.412280410528183,kaggle_spiral,handpd_spiral,1
efficientnet_b0,PD:0139,1,0.3812240660190582,kaggle_spiral,handpd_spiral,1
efficientnet_b0,PD:0139,1,0.3986433744430542,kaggle_spiral,handpd_spiral,1
efficientnet_b0,PD:0143,1,0.4360477030277252,kaggle_spiral,handpd_spiral,1
efficientnet_b0,PD:0143,1,0.4211108088493347,kaggle_spiral,handpd_spiral,1
efficientnet_b0,PD:0143,1,0.370585173368454,kaggle_spiral,handpd_spiral,1
efficientnet_b0,PD:0143,1,0.3902232348918915,kaggle_spiral,handpd_spiral,1
efficientnet_b0,PD:0148,1,0.3539999723434448,kaggle_spiral,handpd_spiral,1
efficientnet_b0,PD:0148,1,0.3998682200908661,kaggle_spiral,handpd_spiral,1
efficientnet_b0,PD:0148,1,0.3620910942554474,kaggle_spiral,handpd_spiral,1
efficientnet_b0,PD:0148,1,0.43057212233543396,kaggle_spiral,handpd_spiral,1
efficientnet_b0,PD:0149,1,0.4201774299144745,kaggle_spiral,handpd_spiral,1
efficientnet_b0,PD:0149,1,0.40665799379348755,kaggle_spiral,handpd_spiral,1
efficientnet_b0,PD:0149,1,0.4326580762863159,kaggle_spiral,handpd_spiral,1
efficientnet_b0,PD:0149,1,0.4210771322250366,kaggle_spiral,handpd_spiral,1
efficientnet_b0,PD:0153,1,0.40349647402763367,kaggle_spiral,handpd_spiral,1
efficientnet_b0,PD:0153,1,0.42325228452682495,kaggle_spiral,handpd_spiral,1
efficientnet_b0,PD:0153,1,0.4473777115345001,kaggle_spiral,handpd_spiral,1
efficientnet_b0,PD:0153,1,0.439581036567688,kaggle_spiral,handpd_spiral,1
efficientnet_b0,PD:0157,1,0.42851734161376953,kaggle_spiral,handpd_spiral,1
efficientnet_b0,PD:0157,1,0.38784676790237427,kaggle_spiral,handpd_spiral,1
efficientnet_b0,PD:0157,1,0.3912254571914673,kaggle_spiral,handpd_spiral,1
efficientnet_b0,PD:0157,1,0.39101386070251465,kaggle_spiral,handpd_spiral,1
efficientnet_b0,PD:0161,1,0.48265185952186584,kaggle_spiral,handpd_spiral,1
efficientnet_b0,PD:0161,1,0.4391038119792938,kaggle_spiral,handpd_spiral,1
efficientnet_b0,PD:0161,1,0.4797142744064331,kaggle_spiral,handpd_spiral,1
efficientnet_b0,PD:0161,1,0.4235067665576935,kaggle_spiral,handpd_spiral,1
efficientnet_b0,PD:0165,1,0.38934311270713806,kaggle_spiral,handpd_spiral,1
efficientnet_b0,PD:0165,1,0.4265872836112976,kaggle_spiral,handpd_spiral,1
efficientnet_b0,PD:0165,1,0.3730655014514923,kaggle_spiral,handpd_spiral,1
efficientnet_b0,PD:0165,1,0.33501744270324707,kaggle_spiral,handpd_spiral,1
efficientnet_b0,PD:0166,1,0.38075727224349976,kaggle_spiral,handpd_spiral,1
efficientnet_b0,PD:0166,1,0.38165566325187683,kaggle_spiral,handpd_spiral,1
efficientnet_b0,PD:0166,1,0.37662801146507263,kaggle_spiral,handpd_spiral,1
efficientnet_b0,PD:0166,1,0.41797032952308655,kaggle_spiral,handpd_spiral,1
efficientnet_b0,PD:0170,1,0.4449804723262787,kaggle_spiral,handpd_spiral,1
efficientnet_b0,PD:0170,1,0.39453428983688354,kaggle_spiral,handpd_spiral,1
efficientnet_b0,PD:0170,1,0.3548016846179962,kaggle_spiral,handpd_spiral,1
efficientnet_b0,PD:0170,1,0.436931848526001,kaggle_spiral,handpd_spiral,1
efficientnet_b0,PD:0174,1,0.3467925786972046,kaggle_spiral,handpd_spiral,1
efficientnet_b0,PD:0174,1,0.41459208726882935,kaggle_spiral,handpd_spiral,1
efficientnet_b0,PD:0174,1,0.37326672673225403,kaggle_spiral,handpd_spiral,1
efficientnet_b0,PD:0174,1,0.4009418785572052,kaggle_spiral,handpd_spiral,1
efficientnet_b0,PD:0176,1,0.448229044675827,kaggle_spiral,handpd_spiral,1
efficientnet_b0,PD:0176,1,0.4216262996196747,kaggle_spiral,handpd_spiral,1
efficientnet_b0,PD:0176,1,0.46434837579727173,kaggle_spiral,handpd_spiral,1
efficientnet_b0,PD:0176,1,0.4447871148586273,kaggle_spiral,handpd_spiral,1
efficientnet_b0,PD:0177,1,0.38867074251174927,kaggle_spiral,handpd_spiral,1
efficientnet_b0,PD:0177,1,0.39265942573547363,kaggle_spiral,handpd_spiral,1
efficientnet_b0,PD:0177,1,0.37744277715682983,kaggle_spiral,handpd_spiral,1
efficientnet_b0,PD:0177,1,0.3730863630771637,kaggle_spiral,handpd_spiral,1
efficientnet_b0,PD:0181,1,0.4374719560146332,kaggle_spiral,handpd_spiral,1
efficientnet_b0,PD:0181,1,0.44333788752555847,kaggle_spiral,handpd_spiral,1
efficientnet_b0,PD:0181,1,0.3995983600616455,kaggle_spiral,handpd_spiral,1
efficientnet_b0,PD:0181,1,0.414865106344223,kaggle_spiral,handpd_spiral,1
efficientnet_b0,PD:0182,1,0.3837011158466339,kaggle_spiral,handpd_spiral,1
efficientnet_b0,PD:0182,1,0.3969799280166626,kaggle_spiral,handpd_spiral,1
efficientnet_b0,PD:0182,1,0.42473122477531433,kaggle_spiral,handpd_spiral,1
efficientnet_b0,PD:0182,1,0.39092791080474854,kaggle_spiral,handpd_spiral,1
efficientnet_b0,PD:0186,1,0.43319442868232727,kaggle_spiral,handpd_spiral,1
efficientnet_b0,PD:0186,1,0.44353586435317993,kaggle_spiral,handpd_spiral,1
efficientnet_b0,PD:0186,1,0.3742515444755554,kaggle_spiral,handpd_spiral,1
efficientnet_b0,PD:0186,1,0.36901238560676575,kaggle_spiral,handpd_spiral,1
efficientnet_b0,PD:0187,1,0.4212811291217804,kaggle_spiral,handpd_spiral,1
efficientnet_b0,PD:0187,1,0.3599424660205841,kaggle_spiral,handpd_spiral,1
efficientnet_b0,PD:0187,1,0.3459932506084442,kaggle_spiral,handpd_spiral,1
efficientnet_b0,PD:0187,1,0.3391564190387726,kaggle_spiral,handpd_spiral,1
efficientnet_b0,PD:0188,1,0.3956672251224518,kaggle_spiral,handpd_spiral,1
efficientnet_b0,PD:0188,1,0.3725792467594147,kaggle_spiral,handpd_spiral,1
efficientnet_b0,PD:0188,1,0.35211142897605896,kaggle_spiral,handpd_spiral,1
efficientnet_b0,PD:0188,1,0.32915687561035156,kaggle_spiral,handpd_spiral,1
efficientnet_b0,PD:0192,1,0.3982710540294647,kaggle_spiral,handpd_spiral,1
efficientnet_b0,PD:0192,1,0.4496205747127533,kaggle_spiral,handpd_spiral,1
efficientnet_b0,PD:0192,1,0.4593585729598999,kaggle_spiral,handpd_spiral,1
efficientnet_b0,PD:0192,1,0.4221939742565155,kaggle_spiral,handpd_spiral,1
efficientnet_b0,PD:0196,1,0.4589521884918213,kaggle_spiral,handpd_spiral,1
efficientnet_b0,PD:0196,1,0.5133785009384155,kaggle_spiral,handpd_spiral,1
efficientnet_b0,PD:0196,1,0.48786166310310364,kaggle_spiral,handpd_spiral,1
efficientnet_b0,PD:0196,1,0.47732165455818176,kaggle_spiral,handpd_spiral,1
efficientnet_b0,PD:0197,1,0.4285907745361328,kaggle_spiral,handpd_spiral,1
efficientnet_b0,PD:0197,1,0.3541542589664459,kaggle_spiral,handpd_spiral,1
efficientnet_b0,PD:0197,1,0.45232608914375305,kaggle_spiral,handpd_spiral,1
efficientnet_b0,PD:0197,1,0.4382475018501282,kaggle_spiral,handpd_spiral,1
efficientnet_b0,PD:0198,1,0.38587409257888794,kaggle_spiral,handpd_spiral,1
efficientnet_b0,PD:0198,1,0.44652047753334045,kaggle_spiral,handpd_spiral,1
efficientnet_b0,PD:0198,1,0.3619539141654968,kaggle_spiral,handpd_spiral,1
efficientnet_b0,PD:0198,1,0.43179789185523987,kaggle_spiral,handpd_spiral,1
efficientnet_b0,PD:0202,1,0.4054318368434906,kaggle_spiral,handpd_spiral,1
efficientnet_b0,PD:0202,1,0.36285513639450073,kaggle_spiral,handpd_spiral,1
efficientnet_b0,PD:0202,1,0.40313521027565,kaggle_spiral,handpd_spiral,1
efficientnet_b0,PD:0202,1,0.41789814829826355,kaggle_spiral,handpd_spiral,1
efficientnet_b0,PD:0203,1,0.45899638533592224,kaggle_spiral,handpd_spiral,1
efficientnet_b0,PD:0203,1,0.46015429496765137,kaggle_spiral,handpd_spiral,1
efficientnet_b0,PD:0203,1,0.41003113985061646,kaggle_spiral,handpd_spiral,1
efficientnet_b0,PD:0203,1,0.48608702421188354,kaggle_spiral,handpd_spiral,1
efficientnet_b0,PD:0207,1,0.3730924427509308,kaggle_spiral,handpd_spiral,1
efficientnet_b0,PD:0207,1,0.41295576095581055,kaggle_spiral,handpd_spiral,1
efficientnet_b0,PD:0207,1,0.40910810232162476,kaggle_spiral,handpd_spiral,1
efficientnet_b0,PD:0207,1,0.42602699995040894,kaggle_spiral,handpd_spiral,1
efficientnet_b0,PD:0208,1,0.41605284810066223,kaggle_spiral,handpd_spiral,1
efficientnet_b0,PD:0208,1,0.4348585605621338,kaggle_spiral,handpd_spiral,1
efficientnet_b0,PD:0208,1,0.41073736548423767,kaggle_spiral,handpd_spiral,1
efficientnet_b0,PD:0208,1,0.41813814640045166,kaggle_spiral,handpd_spiral,1
efficientnet_b0,PD:0213,1,0.42174798250198364,kaggle_spiral,handpd_spiral,1
efficientnet_b0,PD:0213,1,0.4074118733406067,kaggle_spiral,handpd_spiral,1
efficientnet_b0,PD:0213,1,0.4148363471031189,kaggle_spiral,handpd_spiral,1
efficientnet_b0,PD:0213,1,0.42915958166122437,kaggle_spiral,handpd_spiral,1
efficientnet_b0,PD:0214,1,0.42863336205482483,kaggle_spiral,handpd_spiral,1
efficientnet_b0,PD:0214,1,0.445699006319046,kaggle_spiral,handpd_spiral,1
efficientnet_b0,PD:0214,1,0.4162639081478119,kaggle_spiral,handpd_spiral,1
efficientnet_b0,PD:0214,1,0.3618244230747223,kaggle_spiral,handpd_spiral,1
efficientnet_b0,PD:0218,1,0.3496592044830322,kaggle_spiral,handpd_spiral,1
efficientnet_b0,PD:0218,1,0.45247524976730347,kaggle_spiral,handpd_spiral,1
efficientnet_b0,PD:0218,1,0.3860476016998291,kaggle_spiral,handpd_spiral,1
efficientnet_b0,PD:0218,1,0.3921351730823517,kaggle_spiral,handpd_spiral,1
efficientnet_b0,PD:0219,1,0.42996343970298767,kaggle_spiral,handpd_spiral,1
efficientnet_b0,PD:0219,1,0.4000438451766968,kaggle_spiral,handpd_spiral,1
efficientnet_b0,PD:0219,1,0.40795841813087463,kaggle_spiral,handpd_spiral,1
efficientnet_b0,PD:0219,1,0.44810447096824646,kaggle_spiral,handpd_spiral,1
efficientnet_b0,PD:0223,1,0.4021981358528137,kaggle_spiral,handpd_spiral,1
efficientnet_b0,PD:0223,1,0.39764082431793213,kaggle_spiral,handpd_spiral,1
efficientnet_b0,PD:0223,1,0.4165922999382019,kaggle_spiral,handpd_spiral,1
efficientnet_b0,PD:0223,1,0.4193558692932129,kaggle_spiral,handpd_spiral,1
efficientnet_b0,PD:0228,1,0.3674861490726471,kaggle_spiral,handpd_spiral,1
efficientnet_b0,PD:0228,1,0.38203877210617065,kaggle_spiral,handpd_spiral,1
efficientnet_b0,PD:0228,1,0.4147111177444458,kaggle_spiral,handpd_spiral,1
efficientnet_b0,PD:0228,1,0.39986708760261536,kaggle_spiral,handpd_spiral,1
efficientnet_b0,PD:0229,1,0.3942004144191742,kaggle_spiral,handpd_spiral,1
efficientnet_b0,PD:0229,1,0.41417908668518066,kaggle_spiral,handpd_spiral,1
efficientnet_b0,PD:0229,1,0.4197286069393158,kaggle_spiral,handpd_spiral,1
efficientnet_b0,PD:0229,1,0.39464250206947327,kaggle_spiral,handpd_spiral,1
efficientnet_b0,PD:0230,1,0.5194551348686218,kaggle_spiral,handpd_spiral,1
efficientnet_b0,PD:0230,1,0.49808526039123535,kaggle_spiral,handpd_spiral,1
efficientnet_b0,PD:0230,1,0.4849246144294739,kaggle_spiral,handpd_spiral,1
efficientnet_b0,PD:0230,1,0.5094260573387146,kaggle_spiral,handpd_spiral,1
efficientnet_b0,PD:0234,1,0.4218711256980896,kaggle_spiral,handpd_spiral,1
efficientnet_b0,PD:0234,1,0.4228518605232239,kaggle_spiral,handpd_spiral,1
efficientnet_b0,PD:0234,1,0.38196128606796265,kaggle_spiral,handpd_spiral,1
efficientnet_b0,PD:0234,1,0.4068375825881958,kaggle_spiral,handpd_spiral,1
efficientnet_b0,PD:0235,1,0.47031286358833313,kaggle_spiral,handpd_spiral,1
efficientnet_b0,PD:0235,1,0.35711899399757385,kaggle_spiral,handpd_spiral,1
efficientnet_b0,PD:0235,1,0.44812026619911194,kaggle_spiral,handpd_spiral,1
efficientnet_b0,PD:0235,1,0.4234403073787689,kaggle_spiral,handpd_spiral,1
efficientnet_b0,PD:0236,1,0.3998239040374756,kaggle_spiral,handpd_spiral,1
efficientnet_b0,PD:0236,1,0.4182213544845581,kaggle_spiral,handpd_spiral,1
efficientnet_b0,PD:0236,1,0.44381895661354065,kaggle_spiral,handpd_spiral,1
efficientnet_b0,PD:0236,1,0.40368494391441345,kaggle_spiral,handpd_spiral,1
efficientnet_b0,PD:0240,1,0.3998265266418457,kaggle_spiral,handpd_spiral,1
efficientnet_b0,PD:0240,1,0.45289087295532227,kaggle_spiral,handpd_spiral,1
efficientnet_b0,PD:0240,1,0.43084901571273804,kaggle_spiral,handpd_spiral,1
efficientnet_b0,PD:0240,1,0.4453124403953552,kaggle_spiral,handpd_spiral,1
efficientnet_b0,PD:0241,1,0.4093717038631439,kaggle_spiral,handpd_spiral,1
efficientnet_b0,PD:0241,1,0.36111539602279663,kaggle_spiral,handpd_spiral,1
efficientnet_b0,PD:0241,1,0.39522144198417664,kaggle_spiral,handpd_spiral,1
efficientnet_b0,PD:0241,1,0.3866168260574341,kaggle_spiral,handpd_spiral,1
efficientnet_b0,PD:0242,1,0.40503257513046265,kaggle_spiral,handpd_spiral,1
efficientnet_b0,PD:0242,1,0.4306658208370209,kaggle_spiral,handpd_spiral,1
efficientnet_b0,PD:0242,1,0.40240201354026794,kaggle_spiral,handpd_spiral,1
efficientnet_b0,PD:0242,1,0.4236733019351959,kaggle_spiral,handpd_spiral,1
efficientnet_b0,PD:0246,1,0.3670808672904968,kaggle_spiral,handpd_spiral,1
efficientnet_b0,PD:0246,1,0.4310761094093323,kaggle_spiral,handpd_spiral,1
efficientnet_b0,PD:0246,1,0.46447157859802246,kaggle_spiral,handpd_spiral,1
efficientnet_b0,PD:0246,1,0.3875758945941925,kaggle_spiral,handpd_spiral,1
efficientnet_b0,PD:0247,1,0.4050622880458832,kaggle_spiral,handpd_spiral,1
efficientnet_b0,PD:0247,1,0.43699562549591064,kaggle_spiral,handpd_spiral,1
efficientnet_b0,PD:0247,1,0.44656115770339966,kaggle_spiral,handpd_spiral,1
efficientnet_b0,PD:0247,1,0.3987365663051605,kaggle_spiral,handpd_spiral,1
efficientnet_b0,PD:0253,1,0.3924734592437744,kaggle_spiral,handpd_spiral,1
efficientnet_b0,PD:0253,1,0.46360281109809875,kaggle_spiral,handpd_spiral,1
efficientnet_b0,PD:0253,1,0.4467877149581909,kaggle_spiral,handpd_spiral,1
efficientnet_b0,PD:0253,1,0.3754567801952362,kaggle_spiral,handpd_spiral,1
efficientnet_b0,PD:0254,1,0.3945119380950928,kaggle_spiral,handpd_spiral,1
efficientnet_b0,PD:0254,1,0.35819876194000244,kaggle_spiral,handpd_spiral,1
efficientnet_b0,PD:0254,1,0.4249887764453888,kaggle_spiral,handpd_spiral,1
efficientnet_b0,PD:0254,1,0.4072464108467102,kaggle_spiral,handpd_spiral,1
efficientnet_b0,PD:0261,1,0.4305227994918823,kaggle_spiral,handpd_spiral,1
efficientnet_b0,PD:0261,1,0.3612533509731293,kaggle_spiral,handpd_spiral,1
efficientnet_b0,PD:0261,1,0.38043466210365295,kaggle_spiral,handpd_spiral,1
efficientnet_b0,PD:0261,1,0.3612072169780731,kaggle_spiral,handpd_spiral,1
efficientnet_b0,PD:0268,1,0.4262422025203705,kaggle_spiral,handpd_spiral,1
efficientnet_b0,PD:0268,1,0.41632720828056335,kaggle_spiral,handpd_spiral,1
efficientnet_b0,PD:0268,1,0.4005979001522064,kaggle_spiral,handpd_spiral,1
efficientnet_b0,PD:0268,1,0.4232295751571655,kaggle_spiral,handpd_spiral,1
efficientnet_b0,PD:0269,1,0.45688381791114807,kaggle_spiral,handpd_spiral,1
efficientnet_b0,PD:0269,1,0.40891963243484497,kaggle_spiral,handpd_spiral,1
efficientnet_b0,PD:0269,1,0.4776984751224518,kaggle_spiral,handpd_spiral,1
efficientnet_b0,PD:0269,1,0.44174715876579285,kaggle_spiral,handpd_spiral,1
efficientnet_b0,PD:0273,1,0.4471525549888611,kaggle_spiral,handpd_spiral,1
efficientnet_b0,PD:0273,1,0.42447128891944885,kaggle_spiral,handpd_spiral,1
efficientnet_b0,PD:0273,1,0.4891049265861511,kaggle_spiral,handpd_spiral,1
efficientnet_b0,PD:0273,1,0.44755885004997253,kaggle_spiral,handpd_spiral,1
efficientnet_b0,PD:0274,1,0.3905436396598816,kaggle_spiral,handpd_spiral,1
efficientnet_b0,PD:0274,1,0.4156641364097595,kaggle_spiral,handpd_spiral,1
efficientnet_b0,PD:0274,1,0.39321279525756836,kaggle_spiral,handpd_spiral,1
efficientnet_b0,PD:0274,1,0.3709508776664734,kaggle_spiral,handpd_spiral,1
efficientnet_b0,PD:0280,1,0.38841646909713745,kaggle_spiral,handpd_spiral,1
efficientnet_b0,PD:0280,1,0.39512524008750916,kaggle_spiral,handpd_spiral,1
efficientnet_b0,PD:0280,1,0.4070647060871124,kaggle_spiral,handpd_spiral,1
efficientnet_b0,PD:0280,1,0.397006630897522,kaggle_spiral,handpd_spiral,1
efficientnet_b0,PD:0281,1,0.33304405212402344,kaggle_spiral,handpd_spiral,1
efficientnet_b0,PD:0281,1,0.4352138638496399,kaggle_spiral,handpd_spiral,1
efficientnet_b0,PD:0281,1,0.3460130989551544,kaggle_spiral,handpd_spiral,1
efficientnet_b0,PD:0281,1,0.43342074751853943,kaggle_spiral,handpd_spiral,1
vgg16,HC:0068,0,0.2526259124279022,kaggle_spiral,handpd_spiral,2
vgg16,HC:0068,0,0.2654922306537628,kaggle_spiral,handpd_spiral,2
vgg16,HC:0068,0,0.25470730662345886,kaggle_spiral,handpd_spiral,2
vgg16,HC:0068,0,0.253063440322876,kaggle_spiral,handpd_spiral,2
vgg16,HC:0092,0,0.2647942900657654,kaggle_spiral,handpd_spiral,2
vgg16,HC:0092,0,0.26176363229751587,kaggle_spiral,handpd_spiral,2
vgg16,HC:0092,0,0.31554800271987915,kaggle_spiral,handpd_spiral,2
vgg16,HC:0092,0,0.24117431044578552,kaggle_spiral,handpd_spiral,2
vgg16,HC:0098,0,0.31326648592948914,kaggle_spiral,handpd_spiral,2
vgg16,HC:0098,0,0.2868514358997345,kaggle_spiral,handpd_spiral,2
vgg16,HC:0098,0,0.33254361152648926,kaggle_spiral,handpd_spiral,2
vgg16,HC:0098,0,0.27446871995925903,kaggle_spiral,handpd_spiral,2
vgg16,HC:0100,0,0.29340437054634094,kaggle_spiral,handpd_spiral,2
vgg16,HC:0100,0,0.27773135900497437,kaggle_spiral,handpd_spiral,2
vgg16,HC:0100,0,0.3124309778213501,kaggle_spiral,handpd_spiral,2
vgg16,HC:0100,0,0.2797163426876068,kaggle_spiral,handpd_spiral,2
vgg16,HC:0102,0,0.29151079058647156,kaggle_spiral,handpd_spiral,2
vgg16,HC:0102,0,0.28615638613700867,kaggle_spiral,handpd_spiral,2
vgg16,HC:0102,0,0.3084946870803833,kaggle_spiral,handpd_spiral,2
vgg16,HC:0102,0,0.29162636399269104,kaggle_spiral,handpd_spiral,2
vgg16,HC:0104,0,0.2766778767108917,kaggle_spiral,handpd_spiral,2
vgg16,HC:0104,0,0.23238560557365417,kaggle_spiral,handpd_spiral,2
vgg16,HC:0104,0,0.25056809186935425,kaggle_spiral,handpd_spiral,2
vgg16,HC:0104,0,0.29069656133651733,kaggle_spiral,handpd_spiral,2
vgg16,HC:0106,0,0.2940608859062195,kaggle_spiral,handpd_spiral,2
vgg16,HC:0106,0,0.29141464829444885,kaggle_spiral,handpd_spiral,2
vgg16,HC:0106,0,0.25664377212524414,kaggle_spiral,handpd_spiral,2
vgg16,HC:0106,0,0.26764586567878723,kaggle_spiral,handpd_spiral,2
vgg16,HC:0112,0,0.2704627215862274,kaggle_spiral,handpd_spiral,2
vgg16,HC:0112,0,0.2862626612186432,kaggle_spiral,handpd_spiral,2
vgg16,HC:0112,0,0.29796504974365234,kaggle_spiral,handpd_spiral,2
vgg16,HC:0112,0,0.27423667907714844,kaggle_spiral,handpd_spiral,2
vgg16,HC:0116,0,0.27700963616371155,kaggle_spiral,handpd_spiral,2
vgg16,HC:0116,0,0.2762780487537384,kaggle_spiral,handpd_spiral,2
vgg16,HC:0116,0,0.2727320194244385,kaggle_spiral,handpd_spiral,2
vgg16,HC:0116,0,0.3007189929485321,kaggle_spiral,handpd_spiral,2
vgg16,HC:0127,0,0.3022814989089966,kaggle_spiral,handpd_spiral,2
vgg16,HC:0127,0,0.2382810413837433,kaggle_spiral,handpd_spiral,2
vgg16,HC:0127,0,0.25539201498031616,kaggle_spiral,handpd_spiral,2
vgg16,HC:0127,0,0.23761555552482605,kaggle_spiral,handpd_spiral,2
vgg16,HC:0129,0,0.23517540097236633,kaggle_spiral,handpd_spiral,2
vgg16,HC:0129,0,0.26012343168258667,kaggle_spiral,handpd_spiral,2
vgg16,HC:0129,0,0.2848788797855377,kaggle_spiral,handpd_spiral,2
vgg16,HC:0129,0,0.21805636584758759,kaggle_spiral,handpd_spiral,2
vgg16,HC:0131,0,0.2719147801399231,kaggle_spiral,handpd_spiral,2
vgg16,HC:0131,0,0.2782706618309021,kaggle_spiral,handpd_spiral,2
vgg16,HC:0131,0,0.2697545289993286,kaggle_spiral,handpd_spiral,2
vgg16,HC:0131,0,0.25291985273361206,kaggle_spiral,handpd_spiral,2
vgg16,HC:0287,0,0.17175506055355072,kaggle_spiral,handpd_spiral,2
vgg16,HC:0287,0,0.22964157164096832,kaggle_spiral,handpd_spiral,2
vgg16,HC:0287,0,0.22046531736850739,kaggle_spiral,handpd_spiral,2
vgg16,HC:0287,0,0.2595246434211731,kaggle_spiral,handpd_spiral,2
vgg16,HC:0289,0,0.24461326003074646,kaggle_spiral,handpd_spiral,2
vgg16,HC:0289,0,0.2834160029888153,kaggle_spiral,handpd_spiral,2
vgg16,HC:0289,0,0.25336316227912903,kaggle_spiral,handpd_spiral,2
vgg16,HC:0289,0,0.2693956792354584,kaggle_spiral,handpd_spiral,2
vgg16,HC:0293,0,0.31228145956993103,kaggle_spiral,handpd_spiral,2
vgg16,HC:0293,0,0.29122307896614075,kaggle_spiral,handpd_spiral,2
vgg16,HC:0293,0,0.2582283020019531,kaggle_spiral,handpd_spiral,2
vgg16,HC:0293,0,0.2720850110054016,kaggle_spiral,handpd_spiral,2
vgg16,HC:0295,0,0.21839390695095062,kaggle_spiral,handpd_spiral,2
vgg16,HC:0295,0,0.24987146258354187,kaggle_spiral,handpd_spiral,2
vgg16,HC:0295,0,0.24603277444839478,kaggle_spiral,handpd_spiral,2
vgg16,HC:0295,0,0.29338565468788147,kaggle_spiral,handpd_spiral,2
vgg16,HC:0297,0,0.2120429277420044,kaggle_spiral,handpd_spiral,2
vgg16,HC:0297,0,0.2995109558105469,kaggle_spiral,handpd_spiral,2
vgg16,HC:0297,0,0.24806106090545654,kaggle_spiral,handpd_spiral,2
vgg16,HC:0297,0,0.28254058957099915,kaggle_spiral,handpd_spiral,2
vgg16,HC:0305,0,0.2584558427333832,kaggle_spiral,handpd_spiral,2
vgg16,HC:0305,0,0.2174910604953766,kaggle_spiral,handpd_spiral,2
vgg16,HC:0305,0,0.25733479857444763,kaggle_spiral,handpd_spiral,2
vgg16,HC:0305,0,0.2671762704849243,kaggle_spiral,handpd_spiral,2
vgg16,PD:0002,1,0.2360764592885971,kaggle_spiral,handpd_spiral,2
vgg16,PD:0002,1,0.19895127415657043,kaggle_spiral,handpd_spiral,2
vgg16,PD:0002,1,0.2094653695821762,kaggle_spiral,handpd_spiral,2
vgg16,PD:0002,1,0.2611924707889557,kaggle_spiral,handpd_spiral,2
vgg16,PD:0003,1,0.23017075657844543,kaggle_spiral,handpd_spiral,2
vgg16,PD:0003,1,0.22296975553035736,kaggle_spiral,handpd_spiral,2
vgg16,PD:0003,1,0.2244269847869873,kaggle_spiral,handpd_spiral,2
vgg16,PD:0003,1,0.22973056137561798,kaggle_spiral,handpd_spiral,2
vgg16,PD:0004,1,0.20888569951057434,kaggle_spiral,handpd_spiral,2
vgg16,PD:0004,1,0.20141127705574036,kaggle_spiral,handpd_spiral,2
vgg16,PD:0004,1,0.20821401476860046,kaggle_spiral,handpd_spiral,2
vgg16,PD:0004,1,0.22783024609088898,kaggle_spiral,handpd_spiral,2
vgg16,PD:0005,1,0.204191654920578,kaggle_spiral,handpd_spiral,2
vgg16,PD:0005,1,0.2468823492527008,kaggle_spiral,handpd_spiral,2
vgg16,PD:0005,1,0.20472167432308197,kaggle_spiral,handpd_spiral,2
vgg16,PD:0005,1,0.23450006544589996,kaggle_spiral,handpd_spiral,2
vgg16,PD:0009,1,0.293078750371933,kaggle_spiral,handpd_spiral,2
vgg16,PD:0009,1,0.2618720531463623,kaggle_spiral,handpd_spiral,2
vgg16,PD:0009,1,0.26975393295288086,kaggle_spiral,handpd_spiral,2
vgg16,PD:0009,1,0.2766590416431427,kaggle_spiral,handpd_spiral,2
vgg16,PD:0010,1,0.2600567638874054,kaggle_spiral,handpd_spiral,2
vgg16,PD:0010,1,0.2240258753299713,kaggle_spiral,handpd_spiral,2
vgg16,PD:0010,1,0.23606641590595245,kaggle_spiral,handpd_spiral,2
vgg16,PD:0010,1,0.23398686945438385,kaggle_spiral,handpd_spiral,2
vgg16,PD:0016,1,0.17730286717414856,kaggle_spiral,handpd_spiral,2
vgg16,PD:0016,1,0.17902478575706482,kaggle_spiral,handpd_spiral,2
vgg16,PD:0016,1,0.19411949813365936,kaggle_spiral,handpd_spiral,2
vgg16,PD:0016,1,0.19664530456066132,kaggle_spiral,handpd_spiral,2
vgg16,PD:0023,1,0.22609074413776398,kaggle_spiral,handpd_spiral,2
vgg16,PD:0023,1,0.26462313532829285,kaggle_spiral,handpd_spiral,2
vgg16,PD:0023,1,0.22362695634365082,kaggle_spiral,handpd_spiral,2
vgg16,PD:0023,1,0.23055459558963776,kaggle_spiral,handpd_spiral,2
vgg16,PD:0024,1,0.22642575204372406,kaggle_spiral,handpd_spiral,2
vgg16,PD:0024,1,0.2399255782365799,kaggle_spiral,handpd_spiral,2
vgg16,PD:0024,1,0.26023784279823303,kaggle_spiral,handpd_spiral,2
vgg16,PD:0024,1,0.25059524178504944,kaggle_spiral,handpd_spiral,2
vgg16,PD:0030,1,0.23082002997398376,kaggle_spiral,handpd_spiral,2
vgg16,PD:0030,1,0.23880216479301453,kaggle_spiral,handpd_spiral,2
vgg16,PD:0030,1,0.24479442834854126,kaggle_spiral,handpd_spiral,2
vgg16,PD:0030,1,0.26383358240127563,kaggle_spiral,handpd_spiral,2
vgg16,PD:0031,1,0.2344316691160202,kaggle_spiral,handpd_spiral,2
vgg16,PD:0031,1,0.2659253776073456,kaggle_spiral,handpd_spiral,2
vgg16,PD:0031,1,0.2568286061286926,kaggle_spiral,handpd_spiral,2
vgg16,PD:0031,1,0.2689981460571289,kaggle_spiral,handpd_spiral,2
vgg16,PD:0037,1,0.22400636970996857,kaggle_spiral,handpd_spiral,2
vgg16,PD:0037,1,0.25417274236679077,kaggle_spiral,handpd_spiral,2
vgg16,PD:0037,1,0.20496386289596558,kaggle_spiral,handpd_spiral,2
vgg16,PD:0037,1,0.24028679728507996,kaggle_spiral,handpd_spiral,2
vgg16,PD:0038,1,0.19510400295257568,kaggle_spiral,handpd_spiral,2
vgg16,PD:0038,1,0.2373231202363968,kaggle_spiral,handpd_spiral,2
vgg16,PD:0038,1,0.20393982529640198,kaggle_spiral,handpd_spiral,2
vgg16,PD:0038,1,0.24600744247436523,kaggle_spiral,handpd_spiral,2
vgg16,PD:0044,1,0.2417011708021164,kaggle_spiral,handpd_spiral,2
vgg16,PD:0044,1,0.2452542930841446,kaggle_spiral,handpd_spiral,2
vgg16,PD:0044,1,0.2640719413757324,kaggle_spiral,handpd_spiral,2
vgg16,PD:0044,1,0.25828424096107483,kaggle_spiral,handpd_spiral,2
vgg16,PD:0045,1,0.2595585584640503,kaggle_spiral,handpd_spiral,2
vgg16,PD:0045,1,0.2627168297767639,kaggle_spiral,handpd_spiral,2
vgg16,PD:0045,1,0.2645692825317383,kaggle_spiral,handpd_spiral,2
vgg16,PD:0045,1,0.2297731190919876,kaggle_spiral,handpd_spiral,2
vgg16,PD:0046,1,0.2484574317932129,kaggle_spiral,handpd_spiral,2
vgg16,PD:0046,1,0.23903219401836395,kaggle_spiral,handpd_spiral,2
vgg16,PD:0046,1,0.24324870109558105,kaggle_spiral,handpd_spiral,2
vgg16,PD:0046,1,0.2828923761844635,kaggle_spiral,handpd_spiral,2
vgg16,PD:0051,1,0.261627197265625,kaggle_spiral,handpd_spiral,2
vgg16,PD:0051,1,0.26092052459716797,kaggle_spiral,handpd_spiral,2
vgg16,PD:0051,1,0.25712311267852783,kaggle_spiral,handpd_spiral,2
vgg16,PD:0051,1,0.26063695549964905,kaggle_spiral,handpd_spiral,2
vgg16,PD:0052,1,0.24866421520709991,kaggle_spiral,handpd_spiral,2
vgg16,PD:0052,1,0.26829585433006287,kaggle_spiral,handpd_spiral,2
vgg16,PD:0052,1,0.3473833501338959,kaggle_spiral,handpd_spiral,2
vgg16,PD:0052,1,0.2905409038066864,kaggle_spiral,handpd_spiral,2
vgg16,PD:0053,1,0.22942838072776794,kaggle_spiral,handpd_spiral,2
vgg16,PD:0053,1,0.2607901394367218,kaggle_spiral,handpd_spiral,2
vgg16,PD:0053,1,0.27238884568214417,kaggle_spiral,handpd_spiral,2
vgg16,PD:0053,1,0.28011423349380493,kaggle_spiral,handpd_spiral,2
vgg16,PD:0054,1,0.25500231981277466,kaggle_spiral,handpd_spiral,2
vgg16,PD:0054,1,0.32949838042259216,kaggle_spiral,handpd_spiral,2
vgg16,PD:0054,1,0.2592243552207947,kaggle_spiral,handpd_spiral,2
vgg16,PD:0054,1,0.2683103382587433,kaggle_spiral,handpd_spiral,2
vgg16,PD:0134,1,0.26963794231414795,kaggle_spiral,handpd_spiral,2
vgg16,PD:0134,1,0.2612462341785431,kaggle_spiral,handpd_spiral,2
vgg16,PD:0134,1,0.25905275344848633,kaggle_spiral,handpd_spiral,2
vgg16,PD:0134,1,0.24384146928787231,kaggle_spiral,handpd_spiral,2
vgg16,PD:0136,1,0.23886404931545258,kaggle_spiral,handpd_spiral,2
vgg16,PD:0136,1,0.25238311290740967,kaggle_spiral,handpd_spiral,2
vgg16,PD:0136,1,0.20128726959228516,kaggle_spiral,handpd_spiral,2
vgg16,PD:0136,1,0.19630172848701477,kaggle_spiral,handpd_spiral,2
vgg16,PD:0138,1,0.27246779203414917,kaggle_spiral,handpd_spiral,2
vgg16,PD:0138,1,0.29708391427993774,kaggle_spiral,handpd_spiral,2
vgg16,PD:0138,1,0.2968098521232605,kaggle_spiral,handpd_spiral,2
vgg16,PD:0138,1,0.33221152424812317,kaggle_spiral,handpd_spiral,2
vgg16,PD:0139,1,0.30854442715644836,kaggle_spiral,handpd_spiral,2
vgg16,PD:0139,1,0.2883186936378479,kaggle_spiral,handpd_spiral,2
vgg16,PD:0139,1,0.2905060648918152,kaggle_spiral,handpd_spiral,2
vgg16,PD:0139,1,0.27338460087776184,kaggle_spiral,handpd_spiral,2
vgg16,PD:0143,1,0.26164567470550537,kaggle_spiral,handpd_spiral,2
vgg16,PD:0143,1,0.23083707690238953,kaggle_spiral,handpd_spiral,2
vgg16,PD:0143,1,0.30171698331832886,kaggle_spiral,handpd_spiral,2
vgg16,PD:0143,1,0.2747485935688019,kaggle_spiral,handpd_spiral,2
vgg16,PD:0148,1,0.240474134683609,kaggle_spiral,handpd_spiral,2
vgg16,PD:0148,1,0.2202080488204956,kaggle_spiral,handpd_spiral,2
vgg16,PD:0148,1,0.2157956063747406,kaggle_spiral,handpd_spiral,2
vgg16,PD:0148,1,0.25434720516204834,kaggle_spiral,handpd_spiral,2
vgg16,PD:0149,1,0.241404727101326,kaggle_spiral,handpd_spiral,2
vgg16,PD:0149,1,0.2368079572916031,kaggle_spiral,handpd_spiral,2
vgg16,PD:0149,1,0.26752790808677673,kaggle_spiral,handpd_spiral,2
vgg16,PD:0149,1,0.25080934166908264,kaggle_spiral,handpd_spiral,2
vgg16,PD:0153,1,0.29151713848114014,kaggle_spiral,handpd_spiral,2
vgg16,PD:0153,1,0.321365088224411,kaggle_spiral,handpd_spiral,2
vgg16,PD:0153,1,0.31420400738716125,kaggle_spiral,handpd_spiral,2
vgg16,PD:0153,1,0.286067932844162,kaggle_spiral,handpd_spiral,2
vgg16,PD:0157,1,0.25983673334121704,kaggle_spiral,handpd_spiral,2
vgg16,PD:0157,1,0.2880058288574219,kaggle_spiral,handpd_spiral,2
vgg16,PD:0157,1,0.26137015223503113,kaggle_spiral,handpd_spiral,2
vgg16,PD:0157,1,0.2553666830062866,kaggle_spiral,handpd_spiral,2
vgg16,PD:0161,1,0.2551209032535553,kaggle_spiral,handpd_spiral,2
vgg16,PD:0161,1,0.32826554775238037,kaggle_spiral,handpd_spiral,2
vgg16,PD:0161,1,0.25799137353897095,kaggle_spiral,handpd_spiral,2
vgg16,PD:0161,1,0.25556397438049316,kaggle_spiral,handpd_spiral,2
vgg16,PD:0165,1,0.23440679907798767,kaggle_spiral,handpd_spiral,2
vgg16,PD:0165,1,0.28577250242233276,kaggle_spiral,handpd_spiral,2
vgg16,PD:0165,1,0.2686486840248108,kaggle_spiral,handpd_spiral,2
vgg16,PD:0165,1,0.2721250057220459,kaggle_spiral,handpd_spiral,2
vgg16,PD:0166,1,0.22312703728675842,kaggle_spiral,handpd_spiral,2
vgg16,PD:0166,1,0.2436332255601883,kaggle_spiral,handpd_spiral,2
vgg16,PD:0166,1,0.23994432389736176,kaggle_spiral,handpd_spiral,2
vgg16,PD:0166,1,0.26312750577926636,kaggle_spiral,handpd_spiral,2
vgg16,PD:0170,1,0.20066635310649872,kaggle_spiral,handpd_spiral,2
vgg16,PD:0170,1,0.17866984009742737,kaggle_spiral,handpd_spiral,2
vgg16,PD:0170,1,0.20221567153930664,kaggle_spiral,handpd_spiral,2
vgg16,PD:0170,1,0.17124196887016296,kaggle_spiral,handpd_spiral,2
vgg16,PD:0174,1,0.25664132833480835,kaggle_spiral,handpd_spiral,2
vgg16,PD:0174,1,0.27671054005622864,kaggle_spiral,handpd_spiral,2
vgg16,PD:0174,1,0.27129849791526794,kaggle_spiral,handpd_spiral,2
vgg16,PD:0174,1,0.2287398725748062,kaggle_spiral,handpd_spiral,2
vgg16,PD:0176,1,0.2752965986728668,kaggle_spiral,handpd_spiral,2
vgg16,PD:0176,1,0.23203247785568237,kaggle_spiral,handpd_spiral,2
vgg16,PD:0176,1,0.27786558866500854,kaggle_spiral,handpd_spiral,2
vgg16,PD:0176,1,0.22526676952838898,kaggle_spiral,handpd_spiral,2
vgg16,PD:0177,1,0.2684207260608673,kaggle_spiral,handpd_spiral,2
vgg16,PD:0177,1,0.2547746002674103,kaggle_spiral,handpd_spiral,2
vgg16,PD:0177,1,0.2134501338005066,kaggle_spiral,handpd_spiral,2
vgg16,PD:0177,1,0.27389025688171387,kaggle_spiral,handpd_spiral,2
vgg16,PD:0181,1,0.24704957008361816,kaggle_spiral,handpd_spiral,2
vgg16,PD:0181,1,0.2582332491874695,kaggle_spiral,handpd_spiral,2
vgg16,PD:0181,1,0.22407513856887817,kaggle_spiral,handpd_spiral,2
vgg16,PD:0181,1,0.23409751057624817,kaggle_spiral,handpd_spiral,2
vgg16,PD:0182,1,0.1989603489637375,kaggle_spiral,handpd_spiral,2
vgg16,PD:0182,1,0.1853114813566208,kaggle_spiral,handpd_spiral,2
vgg16,PD:0182,1,0.22969447076320648,kaggle_spiral,handpd_spiral,2
vgg16,PD:0182,1,0.16987377405166626,kaggle_spiral,handpd_spiral,2
vgg16,PD:0186,1,0.2888109087944031,kaggle_spiral,handpd_spiral,2
vgg16,PD:0186,1,0.2894001305103302,kaggle_spiral,handpd_spiral,2
vgg16,PD:0186,1,0.23740340769290924,kaggle_spiral,handpd_spiral,2
vgg16,PD:0186,1,0.2671206295490265,kaggle_spiral,handpd_spiral,2
vgg16,PD:0187,1,0.23860451579093933,kaggle_spiral,handpd_spiral,2
vgg16,PD:0187,1,0.265253484249115,kaggle_spiral,handpd_spiral,2
vgg16,PD:0187,1,0.26146456599235535,kaggle_spiral,handpd_spiral,2
vgg16,PD:0187,1,0.26197928190231323,kaggle_spiral,handpd_spiral,2
vgg16,PD:0188,1,0.22294169664382935,kaggle_spiral,handpd_spiral,2
vgg16,PD:0188,1,0.2748570740222931,kaggle_spiral,handpd_spiral,2
vgg16,PD:0188,1,0.21614736318588257,kaggle_spiral,handpd_spiral,2
vgg16,PD:0188,1,0.2258724421262741,kaggle_spiral,handpd_spiral,2
vgg16,PD:0192,1,0.2384699583053589,kaggle_spiral,handpd_spiral,2
vgg16,PD:0192,1,0.2732442617416382,kaggle_spiral,handpd_spiral,2
vgg16,PD:0192,1,0.24971573054790497,kaggle_spiral,handpd_spiral,2
vgg16,PD:0192,1,0.2473089098930359,kaggle_spiral,handpd_spiral,2
vgg16,PD:0196,1,0.23986253142356873,kaggle_spiral,handpd_spiral,2
vgg16,PD:0196,1,0.24749910831451416,kaggle_spiral,handpd_spiral,2
vgg16,PD:0196,1,0.2851572632789612,kaggle_spiral,handpd_spiral,2
vgg16,PD:0196,1,0.28291910886764526,kaggle_spiral,handpd_spiral,2
vgg16,PD:0197,1,0.2970506250858307,kaggle_spiral,handpd_spiral,2
vgg16,PD:0197,1,0.2759666442871094,kaggle_spiral,handpd_spiral,2
vgg16,PD:0197,1,0.3116510212421417,kaggle_spiral,handpd_spiral,2
vgg16,PD:0197,1,0.2663273811340332,kaggle_spiral,handpd_spiral,2
vgg16,PD:0198,1,0.23626871407032013,kaggle_spiral,handpd_spiral,2
vgg16,PD:0198,1,0.27672749757766724,kaggle_spiral,handpd_spiral,2
vgg16,PD:0198,1,0.23343491554260254,kaggle_spiral,handpd_spiral,2
vgg16,PD:0198,1,0.2799021601676941,kaggle_spiral,handpd_spiral,2
vgg16,PD:0202,1,0.2577527165412903,kaggle_spiral,handpd_spiral,2
vgg16,PD:0202,1,0.25202059745788574,kaggle_spiral,handpd_spiral,2
vgg16,PD:0202,1,0.30340707302093506,kaggle_spiral,handpd_spiral,2
vgg16,PD:0202,1,0.31559649109840393,kaggle_spiral,handpd_spiral,2
vgg16,PD:0203,1,0.31873583793640137,kaggle_spiral,handpd_spiral,2
vgg16,PD:0203,1,0.31244033575057983,kaggle_spiral,handpd_spiral,2
vgg16,PD:0203,1,0.31842684745788574,kaggle_spiral,handpd_spiral,2
vgg16,PD:0203,1,0.3326932191848755,kaggle_spiral,handpd_spiral,2
vgg16,PD:0207,1,0.2785138487815857,kaggle_spiral,handpd_spiral,2
vgg16,PD:0207,1,0.24983784556388855,kaggle_spiral,handpd_spiral,2
vgg16,PD:0207,1,0.23324602842330933,kaggle_spiral,handpd_spiral,2
vgg16,PD:0207,1,0.2555929720401764,kaggle_spiral,handpd_spiral,2
vgg16,PD:0208,1,0.22554101049900055,kaggle_spiral,handpd_spiral,2
vgg16,PD:0208,1,0.21251700818538666,kaggle_spiral,handpd_spiral,2
vgg16,PD:0208,1,0.22340670228004456,kaggle_spiral,handpd_spiral,2
vgg16,PD:0208,1,0.2111956626176834,kaggle_spiral,handpd_spiral,2
vgg16,PD:0213,1,0.25062301754951477,kaggle_spiral,handpd_spiral,2
vgg16,PD:0213,1,0.22010944783687592,kaggle_spiral,handpd_spiral,2
vgg16,PD:0213,1,0.2900293171405792,kaggle_spiral,handpd_spiral,2
vgg16,PD:0213,1,0.29873326420783997,kaggle_spiral,handpd_spiral,2
vgg16,PD:0214,1,0.23382915556430817,kaggle_spiral,handpd_spiral,2
vgg16,PD:0214,1,0.25125652551651,kaggle_spiral,handpd_spiral,2
vgg16,PD:0214,1,0.22031548619270325,kaggle_spiral,handpd_spiral,2
vgg16,PD:0214,1,0.20394158363342285,kaggle_spiral,handpd_spiral,2
vgg16,PD:0218,1,0.31073153018951416,kaggle_spiral,handpd_spiral,2
vgg16,PD:0218,1,0.3294396996498108,kaggle_spiral,handpd_spiral,2
vgg16,PD:0218,1,0.29943156242370605,kaggle_spiral,handpd_spiral,2
vgg16,PD:0218,1,0.2641497552394867,kaggle_spiral,handpd_spiral,2
vgg16,PD:0219,1,0.26281455159187317,kaggle_spiral,handpd_spiral,2
vgg16,PD:0219,1,0.2707821726799011,kaggle_spiral,handpd_spiral,2
vgg16,PD:0219,1,0.244968444108963,kaggle_spiral,handpd_spiral,2
vgg16,PD:0219,1,0.24615156650543213,kaggle_spiral,handpd_spiral,2
vgg16,PD:0223,1,0.30702781677246094,kaggle_spiral,handpd_spiral,2
vgg16,PD:0223,1,0.27372339367866516,kaggle_spiral,handpd_spiral,2
vgg16,PD:0223,1,0.26309826970100403,kaggle_spiral,handpd_spiral,2
vgg16,PD:0223,1,0.27926820516586304,kaggle_spiral,handpd_spiral,2
vgg16,PD:0228,1,0.2449033260345459,kaggle_spiral,handpd_spiral,2
vgg16,PD:0228,1,0.21569596230983734,kaggle_spiral,handpd_spiral,2
vgg16,PD:0228,1,0.20102059841156006,kaggle_spiral,handpd_spiral,2
vgg16,PD:0228,1,0.20882382988929749,kaggle_spiral,handpd_spiral,2
vgg16,PD:0229,1,0.20580166578292847,kaggle_spiral,handpd_spiral,2
vgg16,PD:0229,1,0.16732484102249146,kaggle_spiral,handpd_spiral,2
vgg16,PD:0229,1,0.22539496421813965,kaggle_spiral,handpd_spiral,2
vgg16,PD:0229,1,0.19607411324977875,kaggle_spiral,handpd_spiral,2
vgg16,PD:0230,1,0.24329699575901031,kaggle_spiral,handpd_spiral,2
vgg16,PD:0230,1,0.1845746487379074,kaggle_spiral,handpd_spiral,2
vgg16,PD:0230,1,0.2276982218027115,kaggle_spiral,handpd_spiral,2
vgg16,PD:0230,1,0.22574451565742493,kaggle_spiral,handpd_spiral,2
vgg16,PD:0234,1,0.25435513257980347,kaggle_spiral,handpd_spiral,2
vgg16,PD:0234,1,0.2509952187538147,kaggle_spiral,handpd_spiral,2
vgg16,PD:0234,1,0.2195461392402649,kaggle_spiral,handpd_spiral,2
vgg16,PD:0234,1,0.2499852031469345,kaggle_spiral,handpd_spiral,2
vgg16,PD:0235,1,0.26430705189704895,kaggle_spiral,handpd_spiral,2
vgg16,PD:0235,1,0.2491905242204666,kaggle_spiral,handpd_spiral,2
vgg16,PD:0235,1,0.19416996836662292,kaggle_spiral,handpd_spiral,2
vgg16,PD:0235,1,0.2275148630142212,kaggle_spiral,handpd_spiral,2
vgg16,PD:0236,1,0.23266714811325073,kaggle_spiral,handpd_spiral,2
vgg16,PD:0236,1,0.2070687860250473,kaggle_spiral,handpd_spiral,2
vgg16,PD:0236,1,0.276945561170578,kaggle_spiral,handpd_spiral,2
vgg16,PD:0236,1,0.21975959837436676,kaggle_spiral,handpd_spiral,2
vgg16,PD:0240,1,0.2330663800239563,kaggle_spiral,handpd_spiral,2
vgg16,PD:0240,1,0.25726839900016785,kaggle_spiral,handpd_spiral,2
vgg16,PD:0240,1,0.2654357850551605,kaggle_spiral,handpd_spiral,2
vgg16,PD:0240,1,0.2501092851161957,kaggle_spiral,handpd_spiral,2
vgg16,PD:0241,1,0.2180558294057846,kaggle_spiral,handpd_spiral,2
vgg16,PD:0241,1,0.20746803283691406,kaggle_spiral,handpd_spiral,2
vgg16,PD:0241,1,0.20073428750038147,kaggle_spiral,handpd_spiral,2
vgg16,PD:0241,1,0.19071441888809204,kaggle_spiral,handpd_spiral,2
vgg16,PD:0242,1,0.26240572333335876,kaggle_spiral,handpd_spiral,2
vgg16,PD:0242,1,0.23235280811786652,kaggle_spiral,handpd_spiral,2
vgg16,PD:0242,1,0.20292556285858154,kaggle_spiral,handpd_spiral,2
vgg16,PD:0242,1,0.20939677953720093,kaggle_spiral,handpd_spiral,2
vgg16,PD:0246,1,0.200018510222435,kaggle_spiral,handpd_spiral,2
vgg16,PD:0246,1,0.27814292907714844,kaggle_spiral,handpd_spiral,2
vgg16,PD:0246,1,0.2157185673713684,kaggle_spiral,handpd_spiral,2
vgg16,PD:0246,1,0.2645263671875,kaggle_spiral,handpd_spiral,2
vgg16,PD:0247,1,0.26630890369415283,kaggle_spiral,handpd_spiral,2
vgg16,PD:0247,1,0.22538651525974274,kaggle_spiral,handpd_spiral,2
vgg16,PD:0247,1,0.2449919581413269,kaggle_spiral,handpd_spiral,2
vgg16,PD:0247,1,0.23592813313007355,kaggle_spiral,handpd_spiral,2
vgg16,PD:0253,1,0.2824108600616455,kaggle_spiral,handpd_spiral,2
vgg16,PD:0253,1,0.2809355556964874,kaggle_spiral,handpd_spiral,2
vgg16,PD:0253,1,0.2933180034160614,kaggle_spiral,handpd_spiral,2
vgg16,PD:0253,1,0.28814205527305603,kaggle_spiral,handpd_spiral,2
vgg16,PD:0254,1,0.2131156325340271,kaggle_spiral,handpd_spiral,2
vgg16,PD:0254,1,0.2745302617549896,kaggle_spiral,handpd_spiral,2
vgg16,PD:0254,1,0.26425495743751526,kaggle_spiral,handpd_spiral,2
vgg16,PD:0254,1,0.27477431297302246,kaggle_spiral,handpd_spiral,2
vgg16,PD:0261,1,0.3044922351837158,kaggle_spiral,handpd_spiral,2
vgg16,PD:0261,1,0.32155150175094604,kaggle_spiral,handpd_spiral,2
vgg16,PD:0261,1,0.2919704020023346,kaggle_spiral,handpd_spiral,2
vgg16,PD:0261,1,0.31158408522605896,kaggle_spiral,handpd_spiral,2
vgg16,PD:0268,1,0.23527511954307556,kaggle_spiral,handpd_spiral,2
vgg16,PD:0268,1,0.2908758819103241,kaggle_spiral,handpd_spiral,2
vgg16,PD:0268,1,0.25045809149742126,kaggle_spiral,handpd_spiral,2
vgg16,PD:0268,1,0.3159238398075104,kaggle_spiral,handpd_spiral,2
vgg16,PD:0269,1,0.2531821131706238,kaggle_spiral,handpd_spiral,2
vgg16,PD:0269,1,0.2371244579553604,kaggle_spiral,handpd_spiral,2
vgg16,PD:0269,1,0.2630865275859833,kaggle_spiral,handpd_spiral,2
vgg16,PD:0269,1,0.2921319305896759,kaggle_spiral,handpd_spiral,2
vgg16,PD:0273,1,0.26128196716308594,kaggle_spiral,handpd_spiral,2
vgg16,PD:0273,1,0.31326693296432495,kaggle_spiral,handpd_spiral,2
vgg16,PD:0273,1,0.27289527654647827,kaggle_spiral,handpd_spiral,2
vgg16,PD:0273,1,0.2613636553287506,kaggle_spiral,handpd_spiral,2
vgg16,PD:0274,1,0.23810678720474243,kaggle_spiral,handpd_spiral,2
vgg16,PD:0274,1,0.22629958391189575,kaggle_spiral,handpd_spiral,2
vgg16,PD:0274,1,0.26591169834136963,kaggle_spiral,handpd_spiral,2
vgg16,PD:0274,1,0.28123411536216736,kaggle_spiral,handpd_spiral,2
vgg16,PD:0280,1,0.2798232138156891,kaggle_spiral,handpd_spiral,2
vgg16,PD:0280,1,0.2566991150379181,kaggle_spiral,handpd_spiral,2
vgg16,PD:0280,1,0.2491379976272583,kaggle_spiral,handpd_spiral,2
vgg16,PD:0280,1,0.2532537579536438,kaggle_spiral,handpd_spiral,2
vgg16,PD:0281,1,0.30597320199012756,kaggle_spiral,handpd_spiral,2
vgg16,PD:0281,1,0.26965492963790894,kaggle_spiral,handpd_spiral,2
vgg16,PD:0281,1,0.2251179814338684,kaggle_spiral,handpd_spiral,2
vgg16,PD:0281,1,0.28171050548553467,kaggle_spiral,handpd_spiral,2
resnet50,HC:0068,0,0.38921841979026794,kaggle_spiral,handpd_spiral,2
resnet50,HC:0068,0,0.3743176758289337,kaggle_spiral,handpd_spiral,2
resnet50,HC:0068,0,0.3753454089164734,kaggle_spiral,handpd_spiral,2
resnet50,HC:0068,0,0.4097469449043274,kaggle_spiral,handpd_spiral,2
resnet50,HC:0092,0,0.4125307500362396,kaggle_spiral,handpd_spiral,2
resnet50,HC:0092,0,0.35382896661758423,kaggle_spiral,handpd_spiral,2
resnet50,HC:0092,0,0.4046403467655182,kaggle_spiral,handpd_spiral,2
resnet50,HC:0092,0,0.3071769177913666,kaggle_spiral,handpd_spiral,2
resnet50,HC:0098,0,0.4029257297515869,kaggle_spiral,handpd_spiral,2
resnet50,HC:0098,0,0.42021381855010986,kaggle_spiral,handpd_spiral,2
resnet50,HC:0098,0,0.3873865008354187,kaggle_spiral,handpd_spiral,2
resnet50,HC:0098,0,0.3592904210090637,kaggle_spiral,handpd_spiral,2
resnet50,HC:0100,0,0.4237460196018219,kaggle_spiral,handpd_spiral,2
resnet50,HC:0100,0,0.41799384355545044,kaggle_spiral,handpd_spiral,2
resnet50,HC:0100,0,0.4037025272846222,kaggle_spiral,handpd_spiral,2
resnet50,HC:0100,0,0.38317883014678955,kaggle_spiral,handpd_spiral,2
resnet50,HC:0102,0,0.4117800295352936,kaggle_spiral,handpd_spiral,2
resnet50,HC:0102,0,0.4124767780303955,kaggle_spiral,handpd_spiral,2
resnet50,HC:0102,0,0.38668957352638245,kaggle_spiral,handpd_spiral,2
resnet50,HC:0102,0,0.3859451115131378,kaggle_spiral,handpd_spiral,2
resnet50,HC:0104,0,0.36649101972579956,kaggle_spiral,handpd_spiral,2
resnet50,HC:0104,0,0.46137678623199463,kaggle_spiral,handpd_spiral,2
resnet50,HC:0104,0,0.41955795884132385,kaggle_spiral,handpd_spiral,2
resnet50,HC:0104,0,0.37053269147872925,kaggle_spiral,handpd_spiral,2
resnet50,HC:0106,0,0.3974367678165436,kaggle_spiral,handpd_spiral,2
resnet50,HC:0106,0,0.4594450294971466,kaggle_spiral,handpd_spiral,2
resnet50,HC:0106,0,0.4341636598110199,kaggle_spiral,handpd_spiral,2
resnet50,HC:0106,0,0.3817247748374939,kaggle_spiral,handpd_spiral,2
resnet50,HC:0112,0,0.38625022768974304,kaggle_spiral,handpd_spiral,2
resnet50,HC:0112,0,0.367998868227005,kaggle_spiral,handpd_spiral,2
resnet50,HC:0112,0,0.34799522161483765,kaggle_spiral,handpd_spiral,2
resnet50,HC:0112,0,0.41123977303504944,kaggle_spiral,handpd_spiral,2
resnet50,HC:0116,0,0.45179471373558044,kaggle_spiral,handpd_spiral,2
resnet50,HC:0116,0,0.4311556816101074,kaggle_spiral,handpd_spiral,2
resnet50,HC:0116,0,0.38016730546951294,kaggle_spiral,handpd_spiral,2
resnet50,HC:0116,0,0.38705506920814514,kaggle_spiral,handpd_spiral,2
resnet50,HC:0127,0,0.3774133026599884,kaggle_spiral,handpd_spiral,2
resnet50,HC:0127,0,0.3938511312007904,kaggle_spiral,handpd_spiral,2
resnet50,HC:0127,0,0.38916558027267456,kaggle_spiral,handpd_spiral,2
resnet50,HC:0127,0,0.3873354196548462,kaggle_spiral,handpd_spiral,2
resnet50,HC:0129,0,0.3832888603210449,kaggle_spiral,handpd_spiral,2
resnet50,HC:0129,0,0.368818998336792,kaggle_spiral,handpd_spiral,2
resnet50,HC:0129,0,0.38520804047584534,kaggle_spiral,handpd_spiral,2
resnet50,HC:0129,0,0.39978575706481934,kaggle_spiral,handpd_spiral,2
resnet50,HC:0131,0,0.39385488629341125,kaggle_spiral,handpd_spiral,2
resnet50,HC:0131,0,0.3902755379676819,kaggle_spiral,handpd_spiral,2
resnet50,HC:0131,0,0.4147729277610779,kaggle_spiral,handpd_spiral,2
resnet50,HC:0131,0,0.422464519739151,kaggle_spiral,handpd_spiral,2
resnet50,HC:0287,0,0.4832517206668854,kaggle_spiral,handpd_spiral,2
resnet50,HC:0287,0,0.4387660622596741,kaggle_spiral,handpd_spiral,2
resnet50,HC:0287,0,0.4364621043205261,kaggle_spiral,handpd_spiral,2
resnet50,HC:0287,0,0.48117995262145996,kaggle_spiral,handpd_spiral,2
resnet50,HC:0289,0,0.418950617313385,kaggle_spiral,handpd_spiral,2
resnet50,HC:0289,0,0.3999951481819153,kaggle_spiral,handpd_spiral,2
resnet50,HC:0289,0,0.4282098710536957,kaggle_spiral,handpd_spiral,2
resnet50,HC:0289,0,0.4388406276702881,kaggle_spiral,handpd_spiral,2
resnet50,HC:0293,0,0.4006858766078949,kaggle_spiral,handpd_spiral,2
resnet50,HC:0293,0,0.36927521228790283,kaggle_spiral,handpd_spiral,2
resnet50,HC:0293,0,0.363046258687973,kaggle_spiral,handpd_spiral,2
resnet50,HC:0293,0,0.39054444432258606,kaggle_spiral,handpd_spiral,2
resnet50,HC:0295,0,0.5371028780937195,kaggle_spiral,handpd_spiral,2
resnet50,HC:0295,0,0.46956053376197815,kaggle_spiral,handpd_spiral,2
resnet50,HC:0295,0,0.49228134751319885,kaggle_spiral,handpd_spiral,2
resnet50,HC:0295,0,0.45865297317504883,kaggle_spiral,handpd_spiral,2
resnet50,HC:0297,0,0.39405182003974915,kaggle_spiral,handpd_spiral,2
resnet50,HC:0297,0,0.4100301265716553,kaggle_spiral,handpd_spiral,2
resnet50,HC:0297,0,0.3744664490222931,kaggle_spiral,handpd_spiral,2
resnet50,HC:0297,0,0.39004164934158325,kaggle_spiral,handpd_spiral,2
resnet50,HC:0305,0,0.5294550061225891,kaggle_spiral,handpd_spiral,2
resnet50,HC:0305,0,0.4476163387298584,kaggle_spiral,handpd_spiral,2
resnet50,HC:0305,0,0.4397266209125519,kaggle_spiral,handpd_spiral,2
resnet50,HC:0305,0,0.4471093416213989,kaggle_spiral,handpd_spiral,2
resnet50,PD:0002,1,0.5004459619522095,kaggle_spiral,handpd_spiral,2
resnet50,PD:0002,1,0.47844088077545166,kaggle_spiral,handpd_spiral,2
resnet50,PD:0002,1,0.491985023021698,kaggle_spiral,handpd_spiral,2
resnet50,PD:0002,1,0.521040678024292,kaggle_spiral,handpd_spiral,2
resnet50,PD:0003,1,0.46785998344421387,kaggle_spiral,handpd_spiral,2
resnet50,PD:0003,1,0.40401309728622437,kaggle_spiral,handpd_spiral,2
resnet50,PD:0003,1,0.4565897583961487,kaggle_spiral,handpd_spiral,2
resnet50,PD:0003,1,0.4009817838668823,kaggle_spiral,handpd_spiral,2
resnet50,PD:0004,1,0.35780656337738037,kaggle_spiral,handpd_spiral,2
resnet50,PD:0004,1,0.40843263268470764,kaggle_spiral,handpd_spiral,2
resnet50,PD:0004,1,0.4586355686187744,kaggle_spiral,handpd_spiral,2
resnet50,PD:0004,1,0.3656216263771057,kaggle_spiral,handpd_spiral,2
resnet50,PD:0005,1,0.45727527141571045,kaggle_spiral,handpd_spiral,2
resnet50,PD:0005,1,0.39804086089134216,kaggle_spiral,handpd_spiral,2
resnet50,PD:0005,1,0.4204883277416229,kaggle_spiral,handpd_spiral,2
resnet50,PD:0005,1,0.4259241223335266,kaggle_spiral,handpd_spiral,2
resnet50,PD:0009,1,0.4186423718929291,kaggle_spiral,handpd_spiral,2
resnet50,PD:0009,1,0.3966836631298065,kaggle_spiral,handpd_spiral,2
resnet50,PD:0009,1,0.4297102689743042,kaggle_spiral,handpd_spiral,2
resnet50,PD:0009,1,0.4045662581920624,kaggle_spiral,handpd_spiral,2
resnet50,PD:0010,1,0.4029240906238556,kaggle_spiral,handpd_spiral,2
resnet50,PD:0010,1,0.4228063225746155,kaggle_spiral,handpd_spiral,2
resnet50,PD:0010,1,0.41455695033073425,kaggle_spiral,handpd_spiral,2
resnet50,PD:0010,1,0.3985472619533539,kaggle_spiral,handpd_spiral,2
resnet50,PD:0016,1,0.46088558435440063,kaggle_spiral,handpd_spiral,2
resnet50,PD:0016,1,0.49956825375556946,kaggle_spiral,handpd_spiral,2
resnet50,PD:0016,1,0.5080692172050476,kaggle_spiral,handpd_spiral,2
resnet50,PD:0016,1,0.536943256855011,kaggle_spiral,handpd_spiral,2
resnet50,PD:0023,1,0.3945266604423523,kaggle_spiral,handpd_spiral,2
resnet50,PD:0023,1,0.33884263038635254,kaggle_spiral,handpd_spiral,2
resnet50,PD:0023,1,0.4105902910232544,kaggle_spiral,handpd_spiral,2
resnet50,PD:0023,1,0.3515589237213135,kaggle_spiral,handpd_spiral,2
resnet50,PD:0024,1,0.3775879740715027,kaggle_spiral,handpd_spiral,2
resnet50,PD:0024,1,0.4185791611671448,kaggle_spiral,handpd_spiral,2
resnet50,PD:0024,1,0.3333560526371002,kaggle_spiral,handpd_spiral,2
resnet50,PD:0024,1,0.39111819863319397,kaggle_spiral,handpd_spiral,2
resnet50,PD:0030,1,0.3813287615776062,kaggle_spiral,handpd_spiral,2
resnet50,PD:0030,1,0.36361968517303467,kaggle_spiral,handpd_spiral,2
resnet50,PD:0030,1,0.3919127583503723,kaggle_spiral,handpd_spiral,2
resnet50,PD:0030,1,0.41531458497047424,kaggle_spiral,handpd_spiral,2
resnet50,PD:0031,1,0.3419148623943329,kaggle_spiral,handpd_spiral,2
resnet50,PD:0031,1,0.37471526861190796,kaggle_spiral,handpd_spiral,2
resnet50,PD:0031,1,0.39346078038215637,kaggle_spiral,handpd_spiral,2
resnet50,PD:0031,1,0.4120679497718811,kaggle_spiral,handpd_spiral,2
resnet50,PD:0037,1,0.3905875086784363,kaggle_spiral,handpd_spiral,2
resnet50,PD:0037,1,0.3934114873409271,kaggle_spiral,handpd_spiral,2
resnet50,PD:0037,1,0.4297960698604584,kaggle_spiral,handpd_spiral,2
resnet50,PD:0037,1,0.42632052302360535,kaggle_spiral,handpd_spiral,2
resnet50,PD:0038,1,0.4831414222717285,kaggle_spiral,handpd_spiral,2
resnet50,PD:0038,1,0.4907655119895935,kaggle_spiral,handpd_spiral,2
resnet50,PD:0038,1,0.4405887722969055,kaggle_spiral,handpd_spiral,2
resnet50,PD:0038,1,0.4201354384422302,kaggle_spiral,handpd_spiral,2
resnet50,PD:0044,1,0.4485152065753937,kaggle_spiral,handpd_spiral,2
resnet50,PD:0044,1,0.3813377320766449,kaggle_spiral,handpd_spiral,2
resnet50,PD:0044,1,0.41813963651657104,kaggle_spiral,handpd_spiral,2
resnet50,PD:0044,1,0.42257070541381836,kaggle_spiral,handpd_spiral,2
resnet50,PD:0045,1,0.46233734488487244,kaggle_spiral,handpd_spiral,2
resnet50,PD:0045,1,0.4727621376514435,kaggle_spiral,handpd_spiral,2
resnet50,PD:0045,1,0.44227221608161926,kaggle_spiral,handpd_spiral,2
resnet50,PD:0045,1,0.46708181500434875,kaggle_spiral,handpd_spiral,2
resnet50,PD:0046,1,0.48036840558052063,kaggle_spiral,handpd_spiral,2
resnet50,PD:0046,1,0.4354642629623413,kaggle_spiral,handpd_spiral,2
resnet50,PD:0046,1,0.4178963303565979,kaggle_spiral,handpd_spiral,2
resnet50,PD:0046,1,0.43568116426467896,kaggle_spiral,handpd_spiral,2
resnet50,PD:0051,1,0.42337027192115784,kaggle_spiral,handpd_spiral,2
resnet50,PD:0051,1,0.40814971923828125,kaggle_spiral,handpd_spiral,2
resnet50,PD:0051,1,0.38372480869293213,kaggle_spiral,handpd_spiral,2
resnet50,PD:0051,1,0.42176586389541626,kaggle_spiral,handpd_spiral,2
resnet50,PD:0052,1,0.40931740403175354,kaggle_spiral,handpd_spiral,2
resnet50,PD:0052,1,0.46088531613349915,kaggle_spiral,handpd_spiral,2
resnet50,PD:0052,1,0.49845317006111145,kaggle_spiral,handpd_spiral,2
resnet50,PD:0052,1,0.387126624584198,kaggle_spiral,handpd_spiral,2
resnet50,PD:0053,1,0.46285954117774963,kaggle_spiral,handpd_spiral,2
resnet50,PD:0053,1,0.4294964671134949,kaggle_spiral,handpd_spiral,2
resnet50,PD:0053,1,0.4451480805873871,kaggle_spiral,handpd_spiral,2
resnet50,PD:0053,1,0.4470488429069519,kaggle_spiral,handpd_spiral,2
resnet50,PD:0054,1,0.4626999795436859,kaggle_spiral,handpd_spiral,2
resnet50,PD:0054,1,0.4131354093551636,kaggle_spiral,handpd_spiral,2
resnet50,PD:0054,1,0.4546772241592407,kaggle_spiral,handpd_spiral,2
resnet50,PD:0054,1,0.42599281668663025,kaggle_spiral,handpd_spiral,2
resnet50,PD:0134,1,0.4386376440525055,kaggle_spiral,handpd_spiral,2
resnet50,PD:0134,1,0.36046102643013,kaggle_spiral,handpd_spiral,2
resnet50,PD:0134,1,0.4333611726760864,kaggle_spiral,handpd_spiral,2
resnet50,PD:0134,1,0.4433692991733551,kaggle_spiral,handpd_spiral,2
resnet50,PD:0136,1,0.4642009139060974,kaggle_spiral,handpd_spiral,2
resnet50,PD:0136,1,0.40761807560920715,kaggle_spiral,handpd_spiral,2
resnet50,PD:0136,1,0.4281426668167114,kaggle_spiral,handpd_spiral,2
resnet50,PD:0136,1,0.5210965871810913,kaggle_spiral,handpd_spiral,2
resnet50,PD:0138,1,0.43790677189826965,kaggle_spiral,handpd_spiral,2
resnet50,PD:0138,1,0.46831125020980835,kaggle_spiral,handpd_spiral,2
resnet50,PD:0138,1,0.373256117105484,kaggle_spiral,handpd_spiral,2
resnet50,PD:0138,1,0.39382630586624146,kaggle_spiral,handpd_spiral,2
resnet50,PD:0139,1,0.39796727895736694,kaggle_spiral,handpd_spiral,2
resnet50,PD:0139,1,0.41697514057159424,kaggle_spiral,handpd_spiral,2
resnet50,PD:0139,1,0.38681215047836304,kaggle_spiral,handpd_spiral,2
resnet50,PD:0139,1,0.4064960777759552,kaggle_spiral,handpd_spiral,2
resnet50,PD:0143,1,0.40129637718200684,kaggle_spiral,handpd_spiral,2
resnet50,PD:0143,1,0.38962799310684204,kaggle_spiral,handpd_spiral,2
resnet50,PD:0143,1,0.4055227041244507,kaggle_spiral,handpd_spiral,2
resnet50,PD:0143,1,0.42484143376350403,kaggle_spiral,handpd_spiral,2
resnet50,PD:0148,1,0.42796117067337036,kaggle_spiral,handpd_spiral,2
resnet50,PD:0148,1,0.3915889263153076,kaggle_spiral,handpd_spiral,2
resnet50,PD:0148,1,0.43976131081581116,kaggle_spiral,handpd_spiral,2
resnet50,PD:0148,1,0.41910678148269653,kaggle_spiral,handpd_spiral,2
resnet50,PD:0149,1,0.37570616602897644,kaggle_spiral,handpd_spiral,2
resnet50,PD:0149,1,0.38670429587364197,kaggle_spiral,handpd_spiral,2
resnet50,PD:0149,1,0.3972712755203247,kaggle_spiral,handpd_spiral,2
resnet50,PD:0149,1,0.3793024718761444,kaggle_spiral,handpd_spiral,2
resnet50,PD:0153,1,0.3849599063396454,kaggle_spiral,handpd_spiral,2
resnet50,PD:0153,1,0.381253182888031,kaggle_spiral,handpd_spiral,2
resnet50,PD:0153,1,0.4158174693584442,kaggle_spiral,handpd_spiral,2
resnet50,PD:0153,1,0.37285229563713074,kaggle_spiral,handpd_spiral,2
resnet50,PD:0157,1,0.38353079557418823,kaggle_spiral,handpd_spiral,2
resnet50,PD:0157,1,0.37379026412963867,kaggle_spiral,handpd_spiral,2
resnet50,PD:0157,1,0.4742271900177002,kaggle_spiral,handpd_spiral,2
resnet50,PD:0157,1,0.4100370705127716,kaggle_spiral,handpd_spiral,2
resnet50,PD:0161,1,0.46136102080345154,kaggle_spiral,handpd_spiral,2
resnet50,PD:0161,1,0.45040035247802734,kaggle_spiral,handpd_spiral,2
resnet50,PD:0161,1,0.4197700321674347,kaggle_spiral,handpd_spiral,2
resnet50,PD:0161,1,0.49287596344947815,kaggle_spiral,handpd_spiral,2
resnet50,PD:0165,1,0.3564014732837677,kaggle_spiral,handpd_spiral,2
resnet50,PD:0165,1,0.3924465477466583,kaggle_spiral,handpd_spiral,2
resnet50,PD:0165,1,0.35955095291137695,kaggle_spiral,handpd_spiral,2
resnet50,PD:0165,1,0.34377363324165344,kaggle_spiral,handpd_spiral,2
resnet50,PD:0166,1,0.40748995542526245,kaggle_spiral,handpd_spiral,2
resnet50,PD:0166,1,0.4340013265609741,kaggle_spiral,handpd_spiral,2
resnet50,PD:0166,1,0.38483089208602905,kaggle_spiral,handpd_spiral,2
resnet50,PD:0166,1,0.40731510519981384,kaggle_spiral,handpd_spiral,2
resnet50,PD:0170,1,0.446439266204834,kaggle_spiral,handpd_spiral,2
resnet50,PD:0170,1,0.49943435192108154,kaggle_spiral,handpd_spiral,2
resnet50,PD:0170,1,0.48967790603637695,kaggle_spiral,handpd_spiral,2
resnet50,PD:0170,1,0.5248720049858093,kaggle_spiral,handpd_spiral,2
resnet50,PD:0174,1,0.4749155640602112,kaggle_spiral,handpd_spiral,2
resnet50,PD:0174,1,0.43741315603256226,kaggle_spiral,handpd_spiral,2
resnet50,PD:0174,1,0.4072616398334503,kaggle_spiral,handpd_spiral,2
resnet50,PD:0174,1,0.44744789600372314,kaggle_spiral,handpd_spiral,2
resnet50,PD:0176,1,0.5019499659538269,kaggle_spiral,handpd_spiral,2
resnet50,PD:0176,1,0.45088139176368713,kaggle_spiral,handpd_spiral,2
resnet50,PD:0176,1,0.40675774216651917,kaggle_spiral,handpd_spiral,2
resnet50,PD:0176,1,0.45366525650024414,kaggle_spiral,handpd_spiral,2
resnet50,PD:0177,1,0.47942835092544556,kaggle_spiral,handpd_spiral,2
resnet50,PD:0177,1,0.42473506927490234,kaggle_spiral,handpd_spiral,2
resnet50,PD:0177,1,0.40429988503456116,kaggle_spiral,handpd_spiral,2
resnet50,PD:0177,1,0.4129370450973511,kaggle_spiral,handpd_spiral,2
resnet50,PD:0181,1,0.4333408772945404,kaggle_spiral,handpd_spiral,2
resnet50,PD:0181,1,0.37644413113594055,kaggle_spiral,handpd_spiral,2
resnet50,PD:0181,1,0.36936891078948975,kaggle_spiral,handpd_spiral,2
resnet50,PD:0181,1,0.45431607961654663,kaggle_spiral,handpd_spiral,2
resnet50,PD:0182,1,0.44494086503982544,kaggle_spiral,handpd_spiral,2
resnet50,PD:0182,1,0.4495598077774048,kaggle_spiral,handpd_spiral,2
resnet50,PD:0182,1,0.4303300678730011,kaggle_spiral,handpd_spiral,2
resnet50,PD:0182,1,0.47402089834213257,kaggle_spiral,handpd_spiral,2
resnet50,PD:0186,1,0.48648297786712646,kaggle_spiral,handpd_spiral,2
resnet50,PD:0186,1,0.478238582611084,kaggle_spiral,handpd_spiral,2
resnet50,PD:0186,1,0.4841211140155792,kaggle_spiral,handpd_spiral,2
resnet50,PD:0186,1,0.3821205198764801,kaggle_spiral,handpd_spiral,2
resnet50,PD:0187,1,0.3985177278518677,kaggle_spiral,handpd_spiral,2
resnet50,PD:0187,1,0.35928499698638916,kaggle_spiral,handpd_spiral,2
resnet50,PD:0187,1,0.3947935104370117,kaggle_spiral,handpd_spiral,2
resnet50,PD:0187,1,0.3806377649307251,kaggle_spiral,handpd_spiral,2
resnet50,PD:0188,1,0.4390772581100464,kaggle_spiral,handpd_spiral,2
resnet50,PD:0188,1,0.3818528354167938,kaggle_spiral,handpd_spiral,2
resnet50,PD:0188,1,0.4021819829940796,kaggle_spiral,handpd_spiral,2
resnet50,PD:0188,1,0.36646291613578796,kaggle_spiral,handpd_spiral,2
resnet50,PD:0192,1,0.3853345513343811,kaggle_spiral,handpd_spiral,2
resnet50,PD:0192,1,0.3951107859611511,kaggle_spiral,handpd_spiral,2
resnet50,PD:0192,1,0.46971872448921204,kaggle_spiral,handpd_spiral,2
resnet50,PD:0192,1,0.3595578372478485,kaggle_spiral,handpd_spiral,2
resnet50,PD:0196,1,0.39569807052612305,kaggle_spiral,handpd_spiral,2
resnet50,PD:0196,1,0.4562680423259735,kaggle_spiral,handpd_spiral,2
resnet50,PD:0196,1,0.4180753827095032,kaggle_spiral,handpd_spiral,2
resnet50,PD:0196,1,0.36404556035995483,kaggle_spiral,handpd_spiral,2
resnet50,PD:0197,1,0.4027913808822632,kaggle_spiral,handpd_spiral,2
resnet50,PD:0197,1,0.46158766746520996,kaggle_spiral,handpd_spiral,2
resnet50,PD:0197,1,0.35167744755744934,kaggle_spiral,handpd_spiral,2
resnet50,PD:0197,1,0.4191104471683502,kaggle_spiral,handpd_spiral,2
resnet50,PD:0198,1,0.4347913861274719,kaggle_spiral,handpd_spiral,2
resnet50,PD:0198,1,0.41597893834114075,kaggle_spiral,handpd_spiral,2
resnet50,PD:0198,1,0.37257441878318787,kaggle_spiral,handpd_spiral,2
resnet50,PD:0198,1,0.4361025094985962,kaggle_spiral,handpd_spiral,2
resnet50,PD:0202,1,0.3576889932155609,kaggle_spiral,handpd_spiral,2
resnet50,PD:0202,1,0.35230541229248047,kaggle_spiral,handpd_spiral,2
resnet50,PD:0202,1,0.36580339074134827,kaggle_spiral,handpd_spiral,2
resnet50,PD:0202,1,0.41155770421028137,kaggle_spiral,handpd_spiral,2
resnet50,PD:0203,1,0.48112159967422485,kaggle_spiral,handpd_spiral,2
resnet50,PD:0203,1,0.410680890083313,kaggle_spiral,handpd_spiral,2
resnet50,PD:0203,1,0.42882850766181946,kaggle_spiral,handpd_spiral,2
resnet50,PD:0203,1,0.41101616621017456,kaggle_spiral,handpd_spiral,2
resnet50,PD:0207,1,0.4178227186203003,kaggle_spiral,handpd_spiral,2
resnet50,PD:0207,1,0.39579716324806213,kaggle_spiral,handpd_spiral,2
resnet50,PD:0207,1,0.3948616087436676,kaggle_spiral,handpd_spiral,2
resnet50,PD:0207,1,0.43333899974823,kaggle_spiral,handpd_spiral,2
resnet50,PD:0208,1,0.4574337601661682,kaggle_spiral,handpd_spiral,2
resnet50,PD:0208,1,0.44182896614074707,kaggle_spiral,handpd_spiral,2
resnet50,PD:0208,1,0.4549330174922943,kaggle_spiral,handpd_spiral,2
resnet50,PD:0208,1,0.4017612338066101,kaggle_spiral,handpd_spiral,2
resnet50,PD:0213,1,0.4623432755470276,kaggle_spiral,handpd_spiral,2
resnet50,PD:0213,1,0.4319968819618225,kaggle_spiral,handpd_spiral,2
resnet50,PD:0213,1,0.49118292331695557,kaggle_spiral,handpd_spiral,2
resnet50,PD:0213,1,0.416809618473053,kaggle_spiral,handpd_spiral,2
resnet50,PD:0214,1,0.4779394567012787,kaggle_spiral,handpd_spiral,2
resnet50,PD:0214,1,0.46603959798812866,kaggle_spiral,handpd_spiral,2
resnet50,PD:0214,1,0.4871140122413635,kaggle_spiral,handpd_spiral,2
resnet50,PD:0214,1,0.4709011912345886,kaggle_spiral,handpd_spiral,2
resnet50,PD:0218,1,0.38134676218032837,kaggle_spiral,handpd_spiral,2
resnet50,PD:0218,1,0.4258790612220764,kaggle_spiral,handpd_spiral,2
resnet50,PD:0218,1,0.4410669803619385,kaggle_spiral,handpd_spiral,2
resnet50,PD:0218,1,0.38507136702537537,kaggle_spiral,handpd_spiral,2
resnet50,PD:0219,1,0.4512197971343994,kaggle_spiral,handpd_spiral,2
resnet50,PD:0219,1,0.4270230233669281,kaggle_spiral,handpd_spiral,2
resnet50,PD:0219,1,0.40629005432128906,kaggle_spiral,handpd_spiral,2
resnet50,PD:0219,1,0.3966938853263855,kaggle_spiral,handpd_spiral,2
resnet50,PD:0223,1,0.3996623456478119,kaggle_spiral,handpd_spiral,2
resnet50,PD:0223,1,0.38723182678222656,kaggle_spiral,handpd_spiral,2
resnet50,PD:0223,1,0.4203929603099823,kaggle_spiral,handpd_spiral,2
resnet50,PD:0223,1,0.3740568459033966,kaggle_spiral,handpd_spiral,2
resnet50,PD:0228,1,0.396315336227417,kaggle_spiral,handpd_spiral,2
resnet50,PD:0228,1,0.41513386368751526,kaggle_spiral,handpd_spiral,2
resnet50,PD:0228,1,0.42610055208206177,kaggle_spiral,handpd_spiral,2
resnet50,PD:0228,1,0.4414437711238861,kaggle_spiral,handpd_spiral,2
resnet50,PD:0229,1,0.41584035754203796,kaggle_spiral,handpd_spiral,2
resnet50,PD:0229,1,0.41742220520973206,kaggle_spiral,handpd_spiral,2
resnet50,PD:0229,1,0.4264628291130066,kaggle_spiral,handpd_spiral,2
resnet50,PD:0229,1,0.4062098264694214,kaggle_spiral,handpd_spiral,2
resnet50,PD:0230,1,0.5516089200973511,kaggle_spiral,handpd_spiral,2
resnet50,PD:0230,1,0.5041235685348511,kaggle_spiral,handpd_spiral,2
resnet50,PD:0230,1,0.5046979784965515,kaggle_spiral,handpd_spiral,2
resnet50,PD:0230,1,0.5539616346359253,kaggle_spiral,handpd_spiral,2
resnet50,PD:0234,1,0.47383981943130493,kaggle_spiral,handpd_spiral,2
resnet50,PD:0234,1,0.46868452429771423,kaggle_spiral,handpd_spiral,2
resnet50,PD:0234,1,0.4993239641189575,kaggle_spiral,handpd_spiral,2
resnet50,PD:0234,1,0.4970419108867645,kaggle_spiral,handpd_spiral,2
resnet50,PD:0235,1,0.5558846592903137,kaggle_spiral,handpd_spiral,2
resnet50,PD:0235,1,0.5049079060554504,kaggle_spiral,handpd_spiral,2
resnet50,PD:0235,1,0.5392019152641296,kaggle_spiral,handpd_spiral,2
resnet50,PD:0235,1,0.47696223855018616,kaggle_spiral,handpd_spiral,2
resnet50,PD:0236,1,0.43697673082351685,kaggle_spiral,handpd_spiral,2
resnet50,PD:0236,1,0.4498913884162903,kaggle_spiral,handpd_spiral,2
resnet50,PD:0236,1,0.5329572558403015,kaggle_spiral,handpd_spiral,2
resnet50,PD:0236,1,0.46936488151550293,kaggle_spiral,handpd_spiral,2
resnet50,PD:0240,1,0.4498898684978485,kaggle_spiral,handpd_spiral,2
resnet50,PD:0240,1,0.4286024570465088,kaggle_spiral,handpd_spiral,2
resnet50,PD:0240,1,0.390622079372406,kaggle_spiral,handpd_spiral,2
resnet50,PD:0240,1,0.40874385833740234,kaggle_spiral,handpd_spiral,2
resnet50,PD:0241,1,0.4551236927509308,kaggle_spiral,handpd_spiral,2
resnet50,PD:0241,1,0.4421543776988983,kaggle_spiral,handpd_spiral,2
resnet50,PD:0241,1,0.42094993591308594,kaggle_spiral,handpd_spiral,2
resnet50,PD:0241,1,0.4591349959373474,kaggle_spiral,handpd_spiral,2
resnet50,PD:0242,1,0.42987948656082153,kaggle_spiral,handpd_spiral,2
resnet50,PD:0242,1,0.47846144437789917,kaggle_spiral,handpd_spiral,2
resnet50,PD:0242,1,0.43913084268569946,kaggle_spiral,handpd_spiral,2
resnet50,PD:0242,1,0.4757537841796875,kaggle_spiral,handpd_spiral,2
resnet50,PD:0246,1,0.41440051794052124,kaggle_spiral,handpd_spiral,2
resnet50,PD:0246,1,0.42144396901130676,kaggle_spiral,handpd_spiral,2
resnet50,PD:0246,1,0.41438448429107666,kaggle_spiral,handpd_spiral,2
resnet50,PD:0246,1,0.4355785548686981,kaggle_spiral,handpd_spiral,2
resnet50,PD:0247,1,0.5211864709854126,kaggle_spiral,handpd_spiral,2
resnet50,PD:0247,1,0.4397048056125641,kaggle_spiral,handpd_spiral,2
resnet50,PD:0247,1,0.46119818091392517,kaggle_spiral,handpd_spiral,2
resnet50,PD:0247,1,0.48303306102752686,kaggle_spiral,handpd_spiral,2
resnet50,PD:0253,1,0.43019887804985046,kaggle_spiral,handpd_spiral,2
resnet50,PD:0253,1,0.3443848490715027,kaggle_spiral,handpd_spiral,2
resnet50,PD:0253,1,0.3924260139465332,kaggle_spiral,handpd_spiral,2
resnet50,PD:0253,1,0.44733741879463196,kaggle_spiral,handpd_spiral,2
resnet50,PD:0254,1,0.47548288106918335,kaggle_spiral,handpd_spiral,2
resnet50,PD:0254,1,0.3701601028442383,kaggle_spiral,handpd_spiral,2
resnet50,PD:0254,1,0.413918673992157,kaggle_spiral,handpd_spiral,2
resnet50,PD:0254,1,0.4010617136955261,kaggle_spiral,handpd_spiral,2
resnet50,PD:0261,1,0.39522215723991394,kaggle_spiral,handpd_spiral,2
resnet50,PD:0261,1,0.38468489050865173,kaggle_spiral,handpd_spiral,2
resnet50,PD:0261,1,0.39095452427864075,kaggle_spiral,handpd_spiral,2
resnet50,PD:0261,1,0.41878536343574524,kaggle_spiral,handpd_spiral,2
resnet50,PD:0268,1,0.419381320476532,kaggle_spiral,handpd_spiral,2
resnet50,PD:0268,1,0.40665575861930847,kaggle_spiral,handpd_spiral,2
resnet50,PD:0268,1,0.38366901874542236,kaggle_spiral,handpd_spiral,2
resnet50,PD:0268,1,0.4036625921726227,kaggle_spiral,handpd_spiral,2
resnet50,PD:0269,1,0.42227599024772644,kaggle_spiral,handpd_spiral,2
resnet50,PD:0269,1,0.4019871950149536,kaggle_spiral,handpd_spiral,2
resnet50,PD:0269,1,0.36906710267066956,kaggle_spiral,handpd_spiral,2
resnet50,PD:0269,1,0.3371136486530304,kaggle_spiral,handpd_spiral,2
resnet50,PD:0273,1,0.37810999155044556,kaggle_spiral,handpd_spiral,2
resnet50,PD:0273,1,0.42840856313705444,kaggle_spiral,handpd_spiral,2
resnet50,PD:0273,1,0.46286022663116455,kaggle_spiral,handpd_spiral,2
resnet50,PD:0273,1,0.3853576183319092,kaggle_spiral,handpd_spiral,2
resnet50,PD:0274,1,0.49339884519577026,kaggle_spiral,handpd_spiral,2
resnet50,PD:0274,1,0.3956871032714844,kaggle_spiral,handpd_spiral,2
resnet50,PD:0274,1,0.44287073612213135,kaggle_spiral,handpd_spiral,2
resnet50,PD:0274,1,0.3876449167728424,kaggle_spiral,handpd_spiral,2
resnet50,PD:0280,1,0.41074204444885254,kaggle_spiral,handpd_spiral,2
resnet50,PD:0280,1,0.39069420099258423,kaggle_spiral,handpd_spiral,2
resnet50,PD:0280,1,0.4182818830013275,kaggle_spiral,handpd_spiral,2
resnet50,PD:0280,1,0.43013009428977966,kaggle_spiral,handpd_spiral,2
resnet50,PD:0281,1,0.3728756606578827,kaggle_spiral,handpd_spiral,2
resnet50,PD:0281,1,0.4070565402507782,kaggle_spiral,handpd_spiral,2
resnet50,PD:0281,1,0.35600802302360535,kaggle_spiral,handpd_spiral,2
resnet50,PD:0281,1,0.3419499099254608,kaggle_spiral,handpd_spiral,2
efficientnet_b0,HC:0068,0,0.2991314232349396,kaggle_spiral,handpd_spiral,2
efficientnet_b0,HC:0068,0,0.28204208612442017,kaggle_spiral,handpd_spiral,2
efficientnet_b0,HC:0068,0,0.41650423407554626,kaggle_spiral,handpd_spiral,2
efficientnet_b0,HC:0068,0,0.35817158222198486,kaggle_spiral,handpd_spiral,2
efficientnet_b0,HC:0092,0,0.3186021149158478,kaggle_spiral,handpd_spiral,2
efficientnet_b0,HC:0092,0,0.32764047384262085,kaggle_spiral,handpd_spiral,2
efficientnet_b0,HC:0092,0,0.3963943421840668,kaggle_spiral,handpd_spiral,2
efficientnet_b0,HC:0092,0,0.3175677955150604,kaggle_spiral,handpd_spiral,2
efficientnet_b0,HC:0098,0,0.4579053819179535,kaggle_spiral,handpd_spiral,2
efficientnet_b0,HC:0098,0,0.4736635982990265,kaggle_spiral,handpd_spiral,2
efficientnet_b0,HC:0098,0,0.5020950436592102,kaggle_spiral,handpd_spiral,2
efficientnet_b0,HC:0098,0,0.4241872727870941,kaggle_spiral,handpd_spiral,2
efficientnet_b0,HC:0100,0,0.4371565878391266,kaggle_spiral,handpd_spiral,2
efficientnet_b0,HC:0100,0,0.4236685037612915,kaggle_spiral,handpd_spiral,2
efficientnet_b0,HC:0100,0,0.36173713207244873,kaggle_spiral,handpd_spiral,2
efficientnet_b0,HC:0100,0,0.3633594214916229,kaggle_spiral,handpd_spiral,2
efficientnet_b0,HC:0102,0,0.4844965934753418,kaggle_spiral,handpd_spiral,2
efficientnet_b0,HC:0102,0,0.4283686578273773,kaggle_spiral,handpd_spiral,2
efficientnet_b0,HC:0102,0,0.3618584871292114,kaggle_spiral,handpd_spiral,2
efficientnet_b0,HC:0102,0,0.3204370141029358,kaggle_spiral,handpd_spiral,2
efficientnet_b0,HC:0104,0,0.3982997536659241,kaggle_spiral,handpd_spiral,2
efficientnet_b0,HC:0104,0,0.4509814381599426,kaggle_spiral,handpd_spiral,2
efficientnet_b0,HC:0104,0,0.30771422386169434,kaggle_spiral,handpd_spiral,2
efficientnet_b0,HC:0104,0,0.23804649710655212,kaggle_spiral,handpd_spiral,2
efficientnet_b0,HC:0106,0,0.4285077154636383,kaggle_spiral,handpd_spiral,2
efficientnet_b0,HC:0106,0,0.4219070374965668,kaggle_spiral,handpd_spiral,2
efficientnet_b0,HC:0106,0,0.38755831122398376,kaggle_spiral,handpd_spiral,2
efficientnet_b0,HC:0106,0,0.2534662187099457,kaggle_spiral,handpd_spiral,2
efficientnet_b0,HC:0112,0,0.326246052980423,kaggle_spiral,handpd_spiral,2
efficientnet_b0,HC:0112,0,0.3936132490634918,kaggle_spiral,handpd_spiral,2
efficientnet_b0,HC:0112,0,0.32124754786491394,kaggle_spiral,handpd_spiral,2
efficientnet_b0,HC:0112,0,0.29980236291885376,kaggle_spiral,handpd_spiral,2
efficientnet_b0,HC:0116,0,0.5028281807899475,kaggle_spiral,handpd_spiral,2
efficientnet_b0,HC:0116,0,0.33918920159339905,kaggle_spiral,handpd_spiral,2
efficientnet_b0,HC:0116,0,0.3257395029067993,kaggle_spiral,handpd_spiral,2
efficientnet_b0,HC:0116,0,0.4044210612773895,kaggle_spiral,handpd_spiral,2
efficientnet_b0,HC:0127,0,0.40202805399894714,kaggle_spiral,handpd_spiral,2
efficientnet_b0,HC:0127,0,0.30653586983680725,kaggle_spiral,handpd_spiral,2
efficientnet_b0,HC:0127,0,0.4006144404411316,kaggle_spiral,handpd_spiral,2
efficientnet_b0,HC:0127,0,0.2644174098968506,kaggle_spiral,handpd_spiral,2
efficientnet_b0,HC:0129,0,0.330743670463562,kaggle_spiral,handpd_spiral,2
efficientnet_b0,HC:0129,0,0.3081113398075104,kaggle_spiral,handpd_spiral,2
efficientnet_b0,HC:0129,0,0.2908079922199249,kaggle_spiral,handpd_spiral,2
efficientnet_b0,HC:0129,0,0.26626473665237427,kaggle_spiral,handpd_spiral,2
efficientnet_b0,HC:0131,0,0.44314661622047424,kaggle_spiral,handpd_spiral,2
efficientnet_b0,HC:0131,0,0.3479330837726593,kaggle_spiral,handpd_spiral,2
efficientnet_b0,HC:0131,0,0.38931986689567566,kaggle_spiral,handpd_spiral,2
efficientnet_b0,HC:0131,0,0.4261649549007416,kaggle_spiral,handpd_spiral,2
efficientnet_b0,HC:0287,0,0.6148155927658081,kaggle_spiral,handpd_spiral,2
efficientnet_b0,HC:0287,0,0.4371291399002075,kaggle_spiral,handpd_spiral,2
efficientnet_b0,HC:0287,0,0.5092096328735352,kaggle_spiral,handpd_spiral,2
efficientnet_b0,HC:0287,0,0.508354902267456,kaggle_spiral,handpd_spiral,2
efficientnet_b0,HC:0289,0,0.3849046230316162,kaggle_spiral,handpd_spiral,2
efficientnet_b0,HC:0289,0,0.3559589087963104,kaggle_spiral,handpd_spiral,2
efficientnet_b0,HC:0289,0,0.39974600076675415,kaggle_spiral,handpd_spiral,2
efficientnet_b0,HC:0289,0,0.42592111229896545,kaggle_spiral,handpd_spiral,2
efficientnet_b0,HC:0293,0,0.3424803912639618,kaggle_spiral,handpd_spiral,2
efficientnet_b0,HC:0293,0,0.37325918674468994,kaggle_spiral,handpd_spiral,2
efficientnet_b0,HC:0293,0,0.3683282732963562,kaggle_spiral,handpd_spiral,2
efficientnet_b0,HC:0293,0,0.29598468542099,kaggle_spiral,handpd_spiral,2
efficientnet_b0,HC:0295,0,0.5324552655220032,kaggle_spiral,handpd_spiral,2
efficientnet_b0,HC:0295,0,0.5620485544204712,kaggle_spiral,handpd_spiral,2
efficientnet_b0,HC:0295,0,0.3485919237136841,kaggle_spiral,handpd_spiral,2
efficientnet_b0,HC:0295,0,0.48992669582366943,kaggle_spiral,handpd_spiral,2
efficientnet_b0,HC:0297,0,0.4702634811401367,kaggle_spiral,handpd_spiral,2
efficientnet_b0,HC:0297,0,0.3710292875766754,kaggle_spiral,handpd_spiral,2
efficientnet_b0,HC:0297,0,0.48226282000541687,kaggle_spiral,handpd_spiral,2
efficientnet_b0,HC:0297,0,0.37711095809936523,kaggle_spiral,handpd_spiral,2
efficientnet_b0,HC:0305,0,0.8131852746009827,kaggle_spiral,handpd_spiral,2
efficientnet_b0,HC:0305,0,0.6696594953536987,kaggle_spiral,handpd_spiral,2
efficientnet_b0,HC:0305,0,0.5834887027740479,kaggle_spiral,handpd_spiral,2
efficientnet_b0,HC:0305,0,0.6515473127365112,kaggle_spiral,handpd_spiral,2
efficientnet_b0,PD:0002,1,0.6777865886688232,kaggle_spiral,handpd_spiral,2
efficientnet_b0,PD:0002,1,0.6305851936340332,kaggle_spiral,handpd_spiral,2
efficientnet_b0,PD:0002,1,0.7300345301628113,kaggle_spiral,handpd_spiral,2
efficientnet_b0,PD:0002,1,0.7380545139312744,kaggle_spiral,handpd_spiral,2
efficientnet_b0,PD:0003,1,0.689612865447998,kaggle_spiral,handpd_spiral,2
efficientnet_b0,PD:0003,1,0.41526544094085693,kaggle_spiral,handpd_spiral,2
efficientnet_b0,PD:0003,1,0.5567246079444885,kaggle_spiral,handpd_spiral,2
efficientnet_b0,PD:0003,1,0.4718972444534302,kaggle_spiral,handpd_spiral,2
efficientnet_b0,PD:0004,1,0.583858847618103,kaggle_spiral,handpd_spiral,2
efficientnet_b0,PD:0004,1,0.5157209634780884,kaggle_spiral,handpd_spiral,2
efficientnet_b0,PD:0004,1,0.5059630870819092,kaggle_spiral,handpd_spiral,2
efficientnet_b0,PD:0004,1,0.6296805739402771,kaggle_spiral,handpd_spiral,2
efficientnet_b0,PD:0005,1,0.33321434259414673,kaggle_spiral,handpd_spiral,2
efficientnet_b0,PD:0005,1,0.25645822286605835,kaggle_spiral,handpd_spiral,2
efficientnet_b0,PD:0005,1,0.34113407135009766,kaggle_spiral,handpd_spiral,2
efficientnet_b0,PD:0005,1,0.2949202060699463,kaggle_spiral,handpd_spiral,2
efficientnet_b0,PD:0009,1,0.4522339701652527,kaggle_spiral,handpd_spiral,2
efficientnet_b0,PD:0009,1,0.41534876823425293,kaggle_spiral,handpd_spiral,2
efficientnet_b0,PD:0009,1,0.4305651783943176,kaggle_spiral,handpd_spiral,2
efficientnet_b0,PD:0009,1,0.4132855534553528,kaggle_spiral,handpd_spiral,2
efficientnet_b0,PD:0010,1,0.4102039039134979,kaggle_spiral,handpd_spiral,2
efficientnet_b0,PD:0010,1,0.4635789394378662,kaggle_spiral,handpd_spiral,2
efficientnet_b0,PD:0010,1,0.3141852617263794,kaggle_spiral,handpd_spiral,2
efficientnet_b0,PD:0010,1,0.37172913551330566,kaggle_spiral,handpd_spiral,2
efficientnet_b0,PD:0016,1,0.6304469108581543,kaggle_spiral,handpd_spiral,2
efficientnet_b0,PD:0016,1,0.7342417240142822,kaggle_spiral,handpd_spiral,2
efficientnet_b0,PD:0016,1,0.687993049621582,kaggle_spiral,handpd_spiral,2
efficientnet_b0,PD:0016,1,0.6354066133499146,kaggle_spiral,handpd_spiral,2
efficientnet_b0,PD:0023,1,0.4330846071243286,kaggle_spiral,handpd_spiral,2
efficientnet_b0,PD:0023,1,0.3741709291934967,kaggle_spiral,handpd_spiral,2
efficientnet_b0,PD:0023,1,0.3947536051273346,kaggle_spiral,handpd_spiral,2
efficientnet_b0,PD:0023,1,0.3061714470386505,kaggle_spiral,handpd_spiral,2
efficientnet_b0,PD:0024,1,0.270745187997818,kaggle_spiral,handpd_spiral,2
efficientnet_b0,PD:0024,1,0.3698975145816803,kaggle_spiral,handpd_spiral,2
efficientnet_b0,PD:0024,1,0.3149949312210083,kaggle_spiral,handpd_spiral,2
efficientnet_b0,PD:0024,1,0.4147630035877228,kaggle_spiral,handpd_spiral,2
efficientnet_b0,PD:0030,1,0.34500208497047424,kaggle_spiral,handpd_spiral,2
efficientnet_b0,PD:0030,1,0.317735880613327,kaggle_spiral,handpd_spiral,2
efficientnet_b0,PD:0030,1,0.3177296221256256,kaggle_spiral,handpd_spiral,2
efficientnet_b0,PD:0030,1,0.350767582654953,kaggle_spiral,handpd_spiral,2
efficientnet_b0,PD:0031,1,0.3528500199317932,kaggle_spiral,handpd_spiral,2
efficientnet_b0,PD:0031,1,0.31463193893432617,kaggle_spiral,handpd_spiral,2
efficientnet_b0,PD:0031,1,0.25650593638420105,kaggle_spiral,handpd_spiral,2
efficientnet_b0,PD:0031,1,0.2526852488517761,kaggle_spiral,handpd_spiral,2
efficientnet_b0,PD:0037,1,0.5393581390380859,kaggle_spiral,handpd_spiral,2
efficientnet_b0,PD:0037,1,0.4726243019104004,kaggle_spiral,handpd_spiral,2
efficientnet_b0,PD:0037,1,0.5658031105995178,kaggle_spiral,handpd_spiral,2
efficientnet_b0,PD:0037,1,0.4791070818901062,kaggle_spiral,handpd_spiral,2
efficientnet_b0,PD:0038,1,0.662517249584198,kaggle_spiral,handpd_spiral,2
efficientnet_b0,PD:0038,1,0.5532733201980591,kaggle_spiral,handpd_spiral,2
efficientnet_b0,PD:0038,1,0.6763744354248047,kaggle_spiral,handpd_spiral,2
efficientnet_b0,PD:0038,1,0.40547147393226624,kaggle_spiral,handpd_spiral,2
efficientnet_b0,PD:0044,1,0.5890669822692871,kaggle_spiral,handpd_spiral,2
efficientnet_b0,PD:0044,1,0.5654525756835938,kaggle_spiral,handpd_spiral,2
efficientnet_b0,PD:0044,1,0.5263588428497314,kaggle_spiral,handpd_spiral,2
efficientnet_b0,PD:0044,1,0.48994630575180054,kaggle_spiral,handpd_spiral,2
efficientnet_b0,PD:0045,1,0.5634332299232483,kaggle_spiral,handpd_spiral,2
efficientnet_b0,PD:0045,1,0.5392410755157471,kaggle_spiral,handpd_spiral,2
efficientnet_b0,PD:0045,1,0.6873795390129089,kaggle_spiral,handpd_spiral,2
efficientnet_b0,PD:0045,1,0.5558831691741943,kaggle_spiral,handpd_spiral,2
efficientnet_b0,PD:0046,1,0.6808555126190186,kaggle_spiral,handpd_spiral,2
efficientnet_b0,PD:0046,1,0.6276322603225708,kaggle_spiral,handpd_spiral,2
efficientnet_b0,PD:0046,1,0.6025018692016602,kaggle_spiral,handpd_spiral,2
efficientnet_b0,PD:0046,1,0.6740238666534424,kaggle_spiral,handpd_spiral,2
efficientnet_b0,PD:0051,1,0.3447226881980896,kaggle_spiral,handpd_spiral,2
efficientnet_b0,PD:0051,1,0.3974229693412781,kaggle_spiral,handpd_spiral,2
efficientnet_b0,PD:0051,1,0.34438061714172363,kaggle_spiral,handpd_spiral,2
efficientnet_b0,PD:0051,1,0.4809218645095825,kaggle_spiral,handpd_spiral,2
efficientnet_b0,PD:0052,1,0.4922701418399811,kaggle_spiral,handpd_spiral,2
efficientnet_b0,PD:0052,1,0.5595082640647888,kaggle_spiral,handpd_spiral,2
efficientnet_b0,PD:0052,1,0.5594760179519653,kaggle_spiral,handpd_spiral,2
efficientnet_b0,PD:0052,1,0.49397557973861694,kaggle_spiral,handpd_spiral,2
efficientnet_b0,PD:0053,1,0.5412008166313171,kaggle_spiral,handpd_spiral,2
efficientnet_b0,PD:0053,1,0.549668550491333,kaggle_spiral,handpd_spiral,2
efficientnet_b0,PD:0053,1,0.6028439402580261,kaggle_spiral,handpd_spiral,2
efficientnet_b0,PD:0053,1,0.5110905766487122,kaggle_spiral,handpd_spiral,2
efficientnet_b0,PD:0054,1,0.682977557182312,kaggle_spiral,handpd_spiral,2
efficientnet_b0,PD:0054,1,0.43895795941352844,kaggle_spiral,handpd_spiral,2
efficientnet_b0,PD:0054,1,0.5098850727081299,kaggle_spiral,handpd_spiral,2
efficientnet_b0,PD:0054,1,0.4921950697898865,kaggle_spiral,handpd_spiral,2
efficientnet_b0,PD:0134,1,0.5561218857765198,kaggle_spiral,handpd_spiral,2
efficientnet_b0,PD:0134,1,0.5569309592247009,kaggle_spiral,handpd_spiral,2
efficientnet_b0,PD:0134,1,0.5095446705818176,kaggle_spiral,handpd_spiral,2
efficientnet_b0,PD:0134,1,0.43955984711647034,kaggle_spiral,handpd_spiral,2
efficientnet_b0,PD:0136,1,0.6294877529144287,kaggle_spiral,handpd_spiral,2
efficientnet_b0,PD:0136,1,0.536865770816803,kaggle_spiral,handpd_spiral,2
efficientnet_b0,PD:0136,1,0.47605985403060913,kaggle_spiral,handpd_spiral,2
efficientnet_b0,PD:0136,1,0.5732541680335999,kaggle_spiral,handpd_spiral,2
efficientnet_b0,PD:0138,1,0.5600511431694031,kaggle_spiral,handpd_spiral,2
efficientnet_b0,PD:0138,1,0.4455362558364868,kaggle_spiral,handpd_spiral,2
efficientnet_b0,PD:0138,1,0.5268573760986328,kaggle_spiral,handpd_spiral,2
efficientnet_b0,PD:0138,1,0.5200384855270386,kaggle_spiral,handpd_spiral,2
efficientnet_b0,PD:0139,1,0.5487639904022217,kaggle_spiral,handpd_spiral,2
efficientnet_b0,PD:0139,1,0.4483608305454254,kaggle_spiral,handpd_spiral,2
efficientnet_b0,PD:0139,1,0.36763179302215576,kaggle_spiral,handpd_spiral,2
efficientnet_b0,PD:0139,1,0.4318974018096924,kaggle_spiral,handpd_spiral,2
efficientnet_b0,PD:0143,1,0.40818682312965393,kaggle_spiral,handpd_spiral,2
efficientnet_b0,PD:0143,1,0.388365238904953,kaggle_spiral,handpd_spiral,2
efficientnet_b0,PD:0143,1,0.43402087688446045,kaggle_spiral,handpd_spiral,2
efficientnet_b0,PD:0143,1,0.49347183108329773,kaggle_spiral,handpd_spiral,2
efficientnet_b0,PD:0148,1,0.501252293586731,kaggle_spiral,handpd_spiral,2
efficientnet_b0,PD:0148,1,0.45960745215415955,kaggle_spiral,handpd_spiral,2
efficientnet_b0,PD:0148,1,0.49228906631469727,kaggle_spiral,handpd_spiral,2
efficientnet_b0,PD:0148,1,0.5113157033920288,kaggle_spiral,handpd_spiral,2
efficientnet_b0,PD:0149,1,0.5149427652359009,kaggle_spiral,handpd_spiral,2
efficientnet_b0,PD:0149,1,0.4551359713077545,kaggle_spiral,handpd_spiral,2
efficientnet_b0,PD:0149,1,0.5767871141433716,kaggle_spiral,handpd_spiral,2
efficientnet_b0,PD:0149,1,0.6337050795555115,kaggle_spiral,handpd_spiral,2
efficientnet_b0,PD:0153,1,0.40220722556114197,kaggle_spiral,handpd_spiral,2
efficientnet_b0,PD:0153,1,0.43819472193717957,kaggle_spiral,handpd_spiral,2
efficientnet_b0,PD:0153,1,0.5328118801116943,kaggle_spiral,handpd_spiral,2
efficientnet_b0,PD:0153,1,0.4065554141998291,kaggle_spiral,handpd_spiral,2
efficientnet_b0,PD:0157,1,0.6406506896018982,kaggle_spiral,handpd_spiral,2
efficientnet_b0,PD:0157,1,0.3616175949573517,kaggle_spiral,handpd_spiral,2
efficientnet_b0,PD:0157,1,0.45527955889701843,kaggle_spiral,handpd_spiral,2
efficientnet_b0,PD:0157,1,0.33296769857406616,kaggle_spiral,handpd_spiral,2
efficientnet_b0,PD:0161,1,0.6713144779205322,kaggle_spiral,handpd_spiral,2
efficientnet_b0,PD:0161,1,0.6101495623588562,kaggle_spiral,handpd_spiral,2
efficientnet_b0,PD:0161,1,0.5714830756187439,kaggle_spiral,handpd_spiral,2
efficientnet_b0,PD:0161,1,0.5332748293876648,kaggle_spiral,handpd_spiral,2
efficientnet_b0,PD:0165,1,0.3588308095932007,kaggle_spiral,handpd_spiral,2
efficientnet_b0,PD:0165,1,0.38937726616859436,kaggle_spiral,handpd_spiral,2
efficientnet_b0,PD:0165,1,0.3739315867424011,kaggle_spiral,handpd_spiral,2
efficientnet_b0,PD:0165,1,0.3346700966358185,kaggle_spiral,handpd_spiral,2
efficientnet_b0,PD:0166,1,0.39646637439727783,kaggle_spiral,handpd_spiral,2
efficientnet_b0,PD:0166,1,0.3457299470901489,kaggle_spiral,handpd_spiral,2
efficientnet_b0,PD:0166,1,0.27950519323349,kaggle_spiral,handpd_spiral,2
efficientnet_b0,PD:0166,1,0.3041590750217438,kaggle_spiral,handpd_spiral,2
efficientnet_b0,PD:0170,1,0.6591587066650391,kaggle_spiral,handpd_spiral,2
efficientnet_b0,PD:0170,1,0.6204058527946472,kaggle_spiral,handpd_spiral,2
efficientnet_b0,PD:0170,1,0.7263991832733154,kaggle_spiral,handpd_spiral,2
efficientnet_b0,PD:0170,1,0.7220405340194702,kaggle_spiral,handpd_spiral,2
efficientnet_b0,PD:0174,1,0.4901401102542877,kaggle_spiral,handpd_spiral,2
efficientnet_b0,PD:0174,1,0.6023300290107727,kaggle_spiral,handpd_spiral,2
efficientnet_b0,PD:0174,1,0.5923633575439453,kaggle_spiral,handpd_spiral,2
efficientnet_b0,PD:0174,1,0.7359147667884827,kaggle_spiral,handpd_spiral,2
efficientnet_b0,PD:0176,1,0.7411812543869019,kaggle_spiral,handpd_spiral,2
efficientnet_b0,PD:0176,1,0.6195142269134521,kaggle_spiral,handpd_spiral,2
efficientnet_b0,PD:0176,1,0.5835301876068115,kaggle_spiral,handpd_spiral,2
efficientnet_b0,PD:0176,1,0.6388200521469116,kaggle_spiral,handpd_spiral,2
efficientnet_b0,PD:0177,1,0.7267264723777771,kaggle_spiral,handpd_spiral,2
efficientnet_b0,PD:0177,1,0.5328500866889954,kaggle_spiral,handpd_spiral,2
efficientnet_b0,PD:0177,1,0.5347884893417358,kaggle_spiral,handpd_spiral,2
efficientnet_b0,PD:0177,1,0.45063984394073486,kaggle_spiral,handpd_spiral,2
efficientnet_b0,PD:0181,1,0.46478885412216187,kaggle_spiral,handpd_spiral,2
efficientnet_b0,PD:0181,1,0.5559596419334412,kaggle_spiral,handpd_spiral,2
efficientnet_b0,PD:0181,1,0.3658141493797302,kaggle_spiral,handpd_spiral,2
efficientnet_b0,PD:0181,1,0.5248146057128906,kaggle_spiral,handpd_spiral,2
efficientnet_b0,PD:0182,1,0.43922725319862366,kaggle_spiral,handpd_spiral,2
efficientnet_b0,PD:0182,1,0.538393497467041,kaggle_spiral,handpd_spiral,2
efficientnet_b0,PD:0182,1,0.3706772029399872,kaggle_spiral,handpd_spiral,2
efficientnet_b0,PD:0182,1,0.5672258734703064,kaggle_spiral,handpd_spiral,2
efficientnet_b0,PD:0186,1,0.6058332920074463,kaggle_spiral,handpd_spiral,2
efficientnet_b0,PD:0186,1,0.5403667092323303,kaggle_spiral,handpd_spiral,2
efficientnet_b0,PD:0186,1,0.42085859179496765,kaggle_spiral,handpd_spiral,2
efficientnet_b0,PD:0186,1,0.3636645972728729,kaggle_spiral,handpd_spiral,2
efficientnet_b0,PD:0187,1,0.3424883484840393,kaggle_spiral,handpd_spiral,2
efficientnet_b0,PD:0187,1,0.30249422788619995,kaggle_spiral,handpd_spiral,2
efficientnet_b0,PD:0187,1,0.2881143391132355,kaggle_spiral,handpd_spiral,2
efficientnet_b0,PD:0187,1,0.27089178562164307,kaggle_spiral,handpd_spiral,2
efficientnet_b0,PD:0188,1,0.37135669589042664,kaggle_spiral,handpd_spiral,2
efficientnet_b0,PD:0188,1,0.3156970143318176,kaggle_spiral,handpd_spiral,2
efficientnet_b0,PD:0188,1,0.2946346402168274,kaggle_spiral,handpd_spiral,2
efficientnet_b0,PD:0188,1,0.3443930745124817,kaggle_spiral,handpd_spiral,2
efficientnet_b0,PD:0192,1,0.3380245566368103,kaggle_spiral,handpd_spiral,2
efficientnet_b0,PD:0192,1,0.577954888343811,kaggle_spiral,handpd_spiral,2
efficientnet_b0,PD:0192,1,0.49290844798088074,kaggle_spiral,handpd_spiral,2
efficientnet_b0,PD:0192,1,0.4807194471359253,kaggle_spiral,handpd_spiral,2
efficientnet_b0,PD:0196,1,0.4560004770755768,kaggle_spiral,handpd_spiral,2
efficientnet_b0,PD:0196,1,0.5085945725440979,kaggle_spiral,handpd_spiral,2
efficientnet_b0,PD:0196,1,0.49224749207496643,kaggle_spiral,handpd_spiral,2
efficientnet_b0,PD:0196,1,0.46804922819137573,kaggle_spiral,handpd_spiral,2
efficientnet_b0,PD:0197,1,0.3889113664627075,kaggle_spiral,handpd_spiral,2
efficientnet_b0,PD:0197,1,0.32943519949913025,kaggle_spiral,handpd_spiral,2
efficientnet_b0,PD:0197,1,0.5111353397369385,kaggle_spiral,handpd_spiral,2
efficientnet_b0,PD:0197,1,0.4101319909095764,kaggle_spiral,handpd_spiral,2
efficientnet_b0,PD:0198,1,0.4756135046482086,kaggle_spiral,handpd_spiral,2
efficientnet_b0,PD:0198,1,0.46372976899147034,kaggle_spiral,handpd_spiral,2
efficientnet_b0,PD:0198,1,0.49061375856399536,kaggle_spiral,handpd_spiral,2
efficientnet_b0,PD:0198,1,0.486784964799881,kaggle_spiral,handpd_spiral,2
efficientnet_b0,PD:0202,1,0.4174516499042511,kaggle_spiral,handpd_spiral,2
efficientnet_b0,PD:0202,1,0.4367763102054596,kaggle_spiral,handpd_spiral,2
efficientnet_b0,PD:0202,1,0.39252880215644836,kaggle_spiral,handpd_spiral,2
efficientnet_b0,PD:0202,1,0.37437114119529724,kaggle_spiral,handpd_spiral,2
efficientnet_b0,PD:0203,1,0.5892744660377502,kaggle_spiral,handpd_spiral,2
efficientnet_b0,PD:0203,1,0.5220392942428589,kaggle_spiral,handpd_spiral,2
efficientnet_b0,PD:0203,1,0.45134344696998596,kaggle_spiral,handpd_spiral,2
efficientnet_b0,PD:0203,1,0.43082574009895325,kaggle_spiral,handpd_spiral,2
efficientnet_b0,PD:0207,1,0.4736422598361969,kaggle_spiral,handpd_spiral,2
efficientnet_b0,PD:0207,1,0.4308348596096039,kaggle_spiral,handpd_spiral,2
efficientnet_b0,PD:0207,1,0.45660877227783203,kaggle_spiral,handpd_spiral,2
efficientnet_b0,PD:0207,1,0.5676477551460266,kaggle_spiral,handpd_spiral,2
efficientnet_b0,PD:0208,1,0.5116207003593445,kaggle_spiral,handpd_spiral,2
efficientnet_b0,PD:0208,1,0.31452152132987976,kaggle_spiral,handpd_spiral,2
efficientnet_b0,PD:0208,1,0.3093057870864868,kaggle_spiral,handpd_spiral,2
efficientnet_b0,PD:0208,1,0.2917132079601288,kaggle_spiral,handpd_spiral,2
efficientnet_b0,PD:0213,1,0.6949319243431091,kaggle_spiral,handpd_spiral,2
efficientnet_b0,PD:0213,1,0.5939250588417053,kaggle_spiral,handpd_spiral,2
efficientnet_b0,PD:0213,1,0.7172609567642212,kaggle_spiral,handpd_spiral,2
efficientnet_b0,PD:0213,1,0.6422019600868225,kaggle_spiral,handpd_spiral,2
efficientnet_b0,PD:0214,1,0.5547014474868774,kaggle_spiral,handpd_spiral,2
efficientnet_b0,PD:0214,1,0.6550869941711426,kaggle_spiral,handpd_spiral,2
efficientnet_b0,PD:0214,1,0.5760579705238342,kaggle_spiral,handpd_spiral,2
efficientnet_b0,PD:0214,1,0.7353866100311279,kaggle_spiral,handpd_spiral,2
efficientnet_b0,PD:0218,1,0.4755617082118988,kaggle_spiral,handpd_spiral,2
efficientnet_b0,PD:0218,1,0.4323904514312744,kaggle_spiral,handpd_spiral,2
efficientnet_b0,PD:0218,1,0.36877045035362244,kaggle_spiral,handpd_spiral,2
efficientnet_b0,PD:0218,1,0.3282865583896637,kaggle_spiral,handpd_spiral,2
efficientnet_b0,PD:0219,1,0.4026000201702118,kaggle_spiral,handpd_spiral,2
efficientnet_b0,PD:0219,1,0.3932039737701416,kaggle_spiral,handpd_spiral,2
efficientnet_b0,PD:0219,1,0.354735404253006,kaggle_spiral,handpd_spiral,2
efficientnet_b0,PD:0219,1,0.27926671504974365,kaggle_spiral,handpd_spiral,2
efficientnet_b0,PD:0223,1,0.48773816227912903,kaggle_spiral,handpd_spiral,2
efficientnet_b0,PD:0223,1,0.4170081317424774,kaggle_spiral,handpd_spiral,2
efficientnet_b0,PD:0223,1,0.4233899414539337,kaggle_spiral,handpd_spiral,2
efficientnet_b0,PD:0223,1,0.3373919427394867,kaggle_spiral,handpd_spiral,2
efficientnet_b0,PD:0228,1,0.5843114256858826,kaggle_spiral,handpd_spiral,2
efficientnet_b0,PD:0228,1,0.47640421986579895,kaggle_spiral,handpd_spiral,2
efficientnet_b0,PD:0228,1,0.5252621173858643,kaggle_spiral,handpd_spiral,2
efficientnet_b0,PD:0228,1,0.568018913269043,kaggle_spiral,handpd_spiral,2
efficientnet_b0,PD:0229,1,0.48575592041015625,kaggle_spiral,handpd_spiral,2
efficientnet_b0,PD:0229,1,0.606501579284668,kaggle_spiral,handpd_spiral,2
efficientnet_b0,PD:0229,1,0.6105477213859558,kaggle_spiral,handpd_spiral,2
efficientnet_b0,PD:0229,1,0.484173446893692,kaggle_spiral,handpd_spiral,2
efficientnet_b0,PD:0230,1,0.773856520652771,kaggle_spiral,handpd_spiral,2
efficientnet_b0,PD:0230,1,0.7386419177055359,kaggle_spiral,handpd_spiral,2
efficientnet_b0,PD:0230,1,0.744051456451416,kaggle_spiral,handpd_spiral,2
efficientnet_b0,PD:0230,1,0.8742122054100037,kaggle_spiral,handpd_spiral,2
efficientnet_b0,PD:0234,1,0.5625430941581726,kaggle_spiral,handpd_spiral,2
efficientnet_b0,PD:0234,1,0.6619929671287537,kaggle_spiral,handpd_spiral,2
efficientnet_b0,PD:0234,1,0.6491723656654358,kaggle_spiral,handpd_spiral,2
efficientnet_b0,PD:0234,1,0.6236024498939514,kaggle_spiral,handpd_spiral,2
efficientnet_b0,PD:0235,1,0.8290242552757263,kaggle_spiral,handpd_spiral,2
efficientnet_b0,PD:0235,1,0.7485060095787048,kaggle_spiral,handpd_spiral,2
efficientnet_b0,PD:0235,1,0.7427413463592529,kaggle_spiral,handpd_spiral,2
efficientnet_b0,PD:0235,1,0.6418735384941101,kaggle_spiral,handpd_spiral,2
efficientnet_b0,PD:0236,1,0.6738347411155701,kaggle_spiral,handpd_spiral,2
efficientnet_b0,PD:0236,1,0.5704290866851807,kaggle_spiral,handpd_spiral,2
efficientnet_b0,PD:0236,1,0.7520763874053955,kaggle_spiral,handpd_spiral,2
efficientnet_b0,PD:0236,1,0.7163883447647095,kaggle_spiral,handpd_spiral,2
efficientnet_b0,PD:0240,1,0.5913434028625488,kaggle_spiral,handpd_spiral,2
efficientnet_b0,PD:0240,1,0.5392857789993286,kaggle_spiral,handpd_spiral,2
efficientnet_b0,PD:0240,1,0.5179694890975952,kaggle_spiral,handpd_spiral,2
efficientnet_b0,PD:0240,1,0.5209982991218567,kaggle_spiral,handpd_spiral,2
efficientnet_b0,PD:0241,1,0.6063526272773743,kaggle_spiral,handpd_spiral,2
efficientnet_b0,PD:0241,1,0.4902292490005493,kaggle_spiral,handpd_spiral,2
efficientnet_b0,PD:0241,1,0.6218106150627136,kaggle_spiral,handpd_spiral,2
efficientnet_b0,PD:0241,1,0.5323747992515564,kaggle_spiral,handpd_spiral,2
efficientnet_b0,PD:0242,1,0.6405866146087646,kaggle_spiral,handpd_spiral,2
efficientnet_b0,PD:0242,1,0.7124033570289612,kaggle_spiral,handpd_spiral,2
efficientnet_b0,PD:0242,1,0.6787657737731934,kaggle_spiral,handpd_spiral,2
efficientnet_b0,PD:0242,1,0.7070068717002869,kaggle_spiral,handpd_spiral,2
efficientnet_b0,PD:0246,1,0.49251997470855713,kaggle_spiral,handpd_spiral,2
efficientnet_b0,PD:0246,1,0.5223881006240845,kaggle_spiral,handpd_spiral,2
efficientnet_b0,PD:0246,1,0.47099995613098145,kaggle_spiral,handpd_spiral,2
efficientnet_b0,PD:0246,1,0.5643087029457092,kaggle_spiral,handpd_spiral,2
efficientnet_b0,PD:0247,1,0.6115695834159851,kaggle_spiral,handpd_spiral,2
efficientnet_b0,PD:0247,1,0.5887367725372314,kaggle_spiral,handpd_spiral,2
efficientnet_b0,PD:0247,1,0.6104810833930969,kaggle_spiral,handpd_spiral,2
efficientnet_b0,PD:0247,1,0.5063808560371399,kaggle_spiral,handpd_spiral,2
efficientnet_b0,PD:0253,1,0.48640209436416626,kaggle_spiral,handpd_spiral,2
efficientnet_b0,PD:0253,1,0.5269281268119812,kaggle_spiral,handpd_spiral,2
efficientnet_b0,PD:0253,1,0.46232688426971436,kaggle_spiral,handpd_spiral,2
efficientnet_b0,PD:0253,1,0.4329935312271118,kaggle_spiral,handpd_spiral,2
efficientnet_b0,PD:0254,1,0.5445001125335693,kaggle_spiral,handpd_spiral,2
efficientnet_b0,PD:0254,1,0.39028510451316833,kaggle_spiral,handpd_spiral,2
efficientnet_b0,PD:0254,1,0.40819698572158813,kaggle_spiral,handpd_spiral,2
efficientnet_b0,PD:0254,1,0.46712014079093933,kaggle_spiral,handpd_spiral,2
efficientnet_b0,PD:0261,1,0.45663052797317505,kaggle_spiral,handpd_spiral,2
efficientnet_b0,PD:0261,1,0.31693997979164124,kaggle_spiral,handpd_spiral,2
efficientnet_b0,PD:0261,1,0.33193936944007874,kaggle_spiral,handpd_spiral,2
efficientnet_b0,PD:0261,1,0.31669923663139343,kaggle_spiral,handpd_spiral,2
efficientnet_b0,PD:0268,1,0.6092415452003479,kaggle_spiral,handpd_spiral,2
efficientnet_b0,PD:0268,1,0.4956522285938263,kaggle_spiral,handpd_spiral,2
efficientnet_b0,PD:0268,1,0.5058139562606812,kaggle_spiral,handpd_spiral,2
efficientnet_b0,PD:0268,1,0.5344610810279846,kaggle_spiral,handpd_spiral,2
efficientnet_b0,PD:0269,1,0.39647698402404785,kaggle_spiral,handpd_spiral,2
efficientnet_b0,PD:0269,1,0.38093411922454834,kaggle_spiral,handpd_spiral,2
efficientnet_b0,PD:0269,1,0.44564491510391235,kaggle_spiral,handpd_spiral,2
efficientnet_b0,PD:0269,1,0.3678065836429596,kaggle_spiral,handpd_spiral,2
efficientnet_b0,PD:0273,1,0.5230558514595032,kaggle_spiral,handpd_spiral,2
efficientnet_b0,PD:0273,1,0.5370871424674988,kaggle_spiral,handpd_spiral,2
efficientnet_b0,PD:0273,1,0.6273379921913147,kaggle_spiral,handpd_spiral,2
efficientnet_b0,PD:0273,1,0.4610649347305298,kaggle_spiral,handpd_spiral,2
efficientnet_b0,PD:0274,1,0.5871425867080688,kaggle_spiral,handpd_spiral,2
efficientnet_b0,PD:0274,1,0.42767134308815,kaggle_spiral,handpd_spiral,2
efficientnet_b0,PD:0274,1,0.48523321747779846,kaggle_spiral,handpd_spiral,2
efficientnet_b0,PD:0274,1,0.27962514758110046,kaggle_spiral,handpd_spiral,2
efficientnet_b0,PD:0280,1,0.4791068136692047,kaggle_spiral,handpd_spiral,2
efficientnet_b0,PD:0280,1,0.3795067369937897,kaggle_spiral,handpd_spiral,2
efficientnet_b0,PD:0280,1,0.43743738532066345,kaggle_spiral,handpd_spiral,2
efficientnet_b0,PD:0280,1,0.4035509526729584,kaggle_spiral,handpd_spiral,2
efficientnet_b0,PD:0281,1,0.43449240922927856,kaggle_spiral,handpd_spiral,2
efficientnet_b0,PD:0281,1,0.42508259415626526,kaggle_spiral,handpd_spiral,2
efficientnet_b0,PD:0281,1,0.4552357792854309,kaggle_spiral,handpd_spiral,2
efficientnet_b0,PD:0281,1,0.510776162147522,kaggle_spiral,handpd_spiral,2
vgg16,HC:0068,0,0.5179947018623352,kaggle_spiral,handpd_spiral,3
vgg16,HC:0068,0,0.519980251789093,kaggle_spiral,handpd_spiral,3
vgg16,HC:0068,0,0.5097199082374573,kaggle_spiral,handpd_spiral,3
vgg16,HC:0068,0,0.5079969167709351,kaggle_spiral,handpd_spiral,3
vgg16,HC:0092,0,0.5117939114570618,kaggle_spiral,handpd_spiral,3
vgg16,HC:0092,0,0.5125249624252319,kaggle_spiral,handpd_spiral,3
vgg16,HC:0092,0,0.51348477602005,kaggle_spiral,handpd_spiral,3
vgg16,HC:0092,0,0.5236791968345642,kaggle_spiral,handpd_spiral,3
vgg16,HC:0098,0,0.507779598236084,kaggle_spiral,handpd_spiral,3
vgg16,HC:0098,0,0.5257747173309326,kaggle_spiral,handpd_spiral,3
vgg16,HC:0098,0,0.5255275964736938,kaggle_spiral,handpd_spiral,3
vgg16,HC:0098,0,0.5187844634056091,kaggle_spiral,handpd_spiral,3
vgg16,HC:0100,0,0.515265941619873,kaggle_spiral,handpd_spiral,3
vgg16,HC:0100,0,0.5147848129272461,kaggle_spiral,handpd_spiral,3
vgg16,HC:0100,0,0.5158893465995789,kaggle_spiral,handpd_spiral,3
vgg16,HC:0100,0,0.51479572057724,kaggle_spiral,handpd_spiral,3
vgg16,HC:0102,0,0.5118948817253113,kaggle_spiral,handpd_spiral,3
vgg16,HC:0102,0,0.5139262676239014,kaggle_spiral,handpd_spiral,3
vgg16,HC:0102,0,0.5002743601799011,kaggle_spiral,handpd_spiral,3
vgg16,HC:0102,0,0.5142064094543457,kaggle_spiral,handpd_spiral,3
vgg16,HC:0104,0,0.5066794753074646,kaggle_spiral,handpd_spiral,3
vgg16,HC:0104,0,0.50712651014328,kaggle_spiral,handpd_spiral,3
vgg16,HC:0104,0,0.5178694725036621,kaggle_spiral,handpd_spiral,3
vgg16,HC:0104,0,0.5059177875518799,kaggle_spiral,handpd_spiral,3
vgg16,HC:0106,0,0.5048874616622925,kaggle_spiral,handpd_spiral,3
vgg16,HC:0106,0,0.5100471377372742,kaggle_spiral,handpd_spiral,3
vgg16,HC:0106,0,0.5138604044914246,kaggle_spiral,handpd_spiral,3
vgg16,HC:0106,0,0.513673722743988,kaggle_spiral,handpd_spiral,3
vgg16,HC:0112,0,0.5165236592292786,kaggle_spiral,handpd_spiral,3
vgg16,HC:0112,0,0.5131821632385254,kaggle_spiral,handpd_spiral,3
vgg16,HC:0112,0,0.5221108198165894,kaggle_spiral,handpd_spiral,3
vgg16,HC:0112,0,0.5143237113952637,kaggle_spiral,handpd_spiral,3
vgg16,HC:0116,0,0.5271440148353577,kaggle_spiral,handpd_spiral,3
vgg16,HC:0116,0,0.5093094706535339,kaggle_spiral,handpd_spiral,3
vgg16,HC:0116,0,0.5117868185043335,kaggle_spiral,handpd_spiral,3
vgg16,HC:0116,0,0.5017300844192505,kaggle_spiral,handpd_spiral,3
vgg16,HC:0127,0,0.5181093811988831,kaggle_spiral,handpd_spiral,3
vgg16,HC:0127,0,0.5183878540992737,kaggle_spiral,handpd_spiral,3
vgg16,HC:0127,0,0.5149660706520081,kaggle_spiral,handpd_spiral,3
vgg16,HC:0127,0,0.527360737323761,kaggle_spiral,handpd_spiral,3
vgg16,HC:0129,0,0.508738100528717,kaggle_spiral,handpd_spiral,3
vgg16,HC:0129,0,0.5026499032974243,kaggle_spiral,handpd_spiral,3
vgg16,HC:0129,0,0.5027105808258057,kaggle_spiral,handpd_spiral,3
vgg16,HC:0129,0,0.5207249522209167,kaggle_spiral,handpd_spiral,3
vgg16,HC:0131,0,0.5142229795455933,kaggle_spiral,handpd_spiral,3
vgg16,HC:0131,0,0.5088188052177429,kaggle_spiral,handpd_spiral,3
vgg16,HC:0131,0,0.5210798382759094,kaggle_spiral,handpd_spiral,3
vgg16,HC:0131,0,0.5130295753479004,kaggle_spiral,handpd_spiral,3
vgg16,HC:0287,0,0.5139422416687012,kaggle_spiral,handpd_spiral,3
vgg16,HC:0287,0,0.5057709813117981,kaggle_spiral,handpd_spiral,3
vgg16,HC:0287,0,0.5125479698181152,kaggle_spiral,handpd_spiral,3
vgg16,HC:0287,0,0.5027164220809937,kaggle_spiral,handpd_spiral,3
vgg16,HC:0289,0,0.5117540955543518,kaggle_spiral,handpd_spiral,3
vgg16,HC:0289,0,0.5068991184234619,kaggle_spiral,handpd_spiral,3
vgg16,HC:0289,0,0.5028858780860901,kaggle_spiral,handpd_spiral,3
vgg16,HC:0289,0,0.5072303414344788,kaggle_spiral,handpd_spiral,3
vgg16,HC:0293,0,0.5077565908432007,kaggle_spiral,handpd_spiral,3
vgg16,HC:0293,0,0.5167101621627808,kaggle_spiral,handpd_spiral,3
vgg16,HC:0293,0,0.5213859677314758,kaggle_spiral,handpd_spiral,3
vgg16,HC:0293,0,0.5127108097076416,kaggle_spiral,handpd_spiral,3
vgg16,HC:0295,0,0.5077623724937439,kaggle_spiral,handpd_spiral,3
vgg16,HC:0295,0,0.5058208703994751,kaggle_spiral,handpd_spiral,3
vgg16,HC:0295,0,0.5045803189277649,kaggle_spiral,handpd_spiral,3
vgg16,HC:0295,0,0.5006792545318604,kaggle_spiral,handpd_spiral,3
vgg16,HC:0297,0,0.5117908120155334,kaggle_spiral,handpd_spiral,3
vgg16,HC:0297,0,0.513146698474884,kaggle_spiral,handpd_spiral,3
vgg16,HC:0297,0,0.5088444352149963,kaggle_spiral,handpd_spiral,3
vgg16,HC:0297,0,0.5130714178085327,kaggle_spiral,handpd_spiral,3
vgg16,HC:0305,0,0.5056663155555725,kaggle_spiral,handpd_spiral,3
vgg16,HC:0305,0,0.5030285120010376,kaggle_spiral,handpd_spiral,3
vgg16,HC:0305,0,0.5088310837745667,kaggle_spiral,handpd_spiral,3
vgg16,HC:0305,0,0.5079260468482971,kaggle_spiral,handpd_spiral,3
vgg16,PD:0002,1,0.5174440145492554,kaggle_spiral,handpd_spiral,3
vgg16,PD:0002,1,0.5193305611610413,kaggle_spiral,handpd_spiral,3
vgg16,PD:0002,1,0.5144458413124084,kaggle_spiral,handpd_spiral,3
vgg16,PD:0002,1,0.5277103781700134,kaggle_spiral,handpd_spiral,3
vgg16,PD:0003,1,0.5092905759811401,kaggle_spiral,handpd_spiral,3
vgg16,PD:0003,1,0.5151706337928772,kaggle_spiral,handpd_spiral,3
vgg16,PD:0003,1,0.5083298087120056,kaggle_spiral,handpd_spiral,3
vgg16,PD:0003,1,0.5149775147438049,kaggle_spiral,handpd_spiral,3
vgg16,PD:0004,1,0.5042445659637451,kaggle_spiral,handpd_spiral,3
vgg16,PD:0004,1,0.5044171214103699,kaggle_spiral,handpd_spiral,3
vgg16,PD:0004,1,0.5157365798950195,kaggle_spiral,handpd_spiral,3
vgg16,PD:0004,1,0.5098822116851807,kaggle_spiral,handpd_spiral,3
vgg16,PD:0005,1,0.5146386623382568,kaggle_spiral,handpd_spiral,3
vgg16,PD:0005,1,0.5167787671089172,kaggle_spiral,handpd_spiral,3
vgg16,PD:0005,1,0.5108943581581116,kaggle_spiral,handpd_spiral,3
vgg16,PD:0005,1,0.5129087567329407,kaggle_spiral,handpd_spiral,3
vgg16,PD:0009,1,0.5282556414604187,kaggle_spiral,handpd_spiral,3
vgg16,PD:0009,1,0.510887086391449,kaggle_spiral,handpd_spiral,3
vgg16,PD:0009,1,0.5298852920532227,kaggle_spiral,handpd_spiral,3
vgg16,PD:0009,1,0.5277906656265259,kaggle_spiral,handpd_spiral,3
vgg16,PD:0010,1,0.5163211226463318,kaggle_spiral,handpd_spiral,3
vgg16,PD:0010,1,0.5011601448059082,kaggle_spiral,handpd_spiral,3
vgg16,PD:0010,1,0.5121024250984192,kaggle_spiral,handpd_spiral,3
vgg16,PD:0010,1,0.5099239349365234,kaggle_spiral,handpd_spiral,3
vgg16,PD:0016,1,0.5236660242080688,kaggle_spiral,handpd_spiral,3
vgg16,PD:0016,1,0.5119312405586243,kaggle_spiral,handpd_spiral,3
vgg16,PD:0016,1,0.5256097316741943,kaggle_spiral,handpd_spiral,3
vgg16,PD:0016,1,0.5409885048866272,kaggle_spiral,handpd_spiral,3
vgg16,PD:0023,1,0.5173938274383545,kaggle_spiral,handpd_spiral,3
vgg16,PD:0023,1,0.5061345100402832,kaggle_spiral,handpd_spiral,3
vgg16,PD:0023,1,0.5178266763687134,kaggle_spiral,handpd_spiral,3
vgg16,PD:0023,1,0.5169198513031006,kaggle_spiral,handpd_spiral,3
vgg16,PD:0024,1,0.5125102400779724,kaggle_spiral,handpd_spiral,3
vgg16,PD:0024,1,0.5080890655517578,kaggle_spiral,handpd_spiral,3
vgg16,PD:0024,1,0.5077999234199524,kaggle_spiral,handpd_spiral,3
vgg16,PD:0024,1,0.5039602518081665,kaggle_spiral,handpd_spiral,3
vgg16,PD:0030,1,0.5041718482971191,kaggle_spiral,handpd_spiral,3
vgg16,PD:0030,1,0.5155875086784363,kaggle_spiral,handpd_spiral,3
vgg16,PD:0030,1,0.5167916417121887,kaggle_spiral,handpd_spiral,3
vgg16,PD:0030,1,0.5117145776748657,kaggle_spiral,handpd_spiral,3
vgg16,PD:0031,1,0.5044448971748352,kaggle_spiral,handpd_spiral,3
vgg16,PD:0031,1,0.5143284201622009,kaggle_spiral,handpd_spiral,3
vgg16,PD:0031,1,0.5049929618835449,kaggle_spiral,handpd_spiral,3
vgg16,PD:0031,1,0.5043832063674927,kaggle_spiral,handpd_spiral,3
vgg16,PD:0037,1,0.5168554186820984,kaggle_spiral,handpd_spiral,3
vgg16,PD:0037,1,0.5124673247337341,kaggle_spiral,handpd_spiral,3
vgg16,PD:0037,1,0.5040079951286316,kaggle_spiral,handpd_spiral,3
vgg16,PD:0037,1,0.4932602047920227,kaggle_spiral,handpd_spiral,3
vgg16,PD:0038,1,0.5149142742156982,kaggle_spiral,handpd_spiral,3
vgg16,PD:0038,1,0.5019773244857788,kaggle_spiral,handpd_spiral,3
vgg16,PD:0038,1,0.4989219009876251,kaggle_spiral,handpd_spiral,3
vgg16,PD:0038,1,0.5120110511779785,kaggle_spiral,handpd_spiral,3
vgg16,PD:0044,1,0.5097526907920837,kaggle_spiral,handpd_spiral,3
vgg16,PD:0044,1,0.5046705007553101,kaggle_spiral,handpd_spiral,3
vgg16,PD:0044,1,0.5076809525489807,kaggle_spiral,handpd_spiral,3
vgg16,PD:0044,1,0.5030393004417419,kaggle_spiral,handpd_spiral,3
vgg16,PD:0045,1,0.5094015002250671,kaggle_spiral,handpd_spiral,3
vgg16,PD:0045,1,0.5012868642807007,kaggle_spiral,handpd_spiral,3
vgg16,PD:0045,1,0.502335786819458,kaggle_spiral,handpd_spiral,3
vgg16,PD:0045,1,0.5061290860176086,kaggle_spiral,handpd_spiral,3
vgg16,PD:0046,1,0.513340175151825,kaggle_spiral,handpd_spiral,3
vgg16,PD:0046,1,0.5168353319168091,kaggle_spiral,handpd_spiral,3
vgg16,PD:0046,1,0.5074297785758972,kaggle_spiral,handpd_spiral,3
vgg16,PD:0046,1,0.5200352668762207,kaggle_spiral,handpd_spiral,3
vgg16,PD:0051,1,0.49641063809394836,kaggle_spiral,handpd_spiral,3
vgg16,PD:0051,1,0.5095083117485046,kaggle_spiral,handpd_spiral,3
vgg16,PD:0051,1,0.5110471248626709,kaggle_spiral,handpd_spiral,3
vgg16,PD:0051,1,0.5105145573616028,kaggle_spiral,handpd_spiral,3
vgg16,PD:0052,1,0.5125641822814941,kaggle_spiral,handpd_spiral,3
vgg16,PD:0052,1,0.4972288906574249,kaggle_spiral,handpd_spiral,3
vgg16,PD:0052,1,0.5186319351196289,kaggle_spiral,handpd_spiral,3
vgg16,PD:0052,1,0.5156428217887878,kaggle_spiral,handpd_spiral,3
vgg16,PD:0053,1,0.5034945607185364,kaggle_spiral,handpd_spiral,3
vgg16,PD:0053,1,0.5023406147956848,kaggle_spiral,handpd_spiral,3
vgg16,PD:0053,1,0.5136305689811707,kaggle_spiral,handpd_spiral,3
vgg16,PD:0053,1,0.5043559670448303,kaggle_spiral,handpd_spiral,3
vgg16,PD:0054,1,0.5111327171325684,kaggle_spiral,handpd_spiral,3
vgg16,PD:0054,1,0.512310266494751,kaggle_spiral,handpd_spiral,3
vgg16,PD:0054,1,0.5016485452651978,kaggle_spiral,handpd_spiral,3
vgg16,PD:0054,1,0.5177850127220154,kaggle_spiral,handpd_spiral,3
vgg16,PD:0134,1,0.516462504863739,kaggle_spiral,handpd_spiral,3
vgg16,PD:0134,1,0.5088796615600586,kaggle_spiral,handpd_spiral,3
vgg16,PD:0134,1,0.5068973898887634,kaggle_spiral,handpd_spiral,3
vgg16,PD:0134,1,0.5116523504257202,kaggle_spiral,handpd_spiral,3
vgg16,PD:0136,1,0.506436288356781,kaggle_spiral,handpd_spiral,3
vgg16,PD:0136,1,0.5031296610832214,kaggle_spiral,handpd_spiral,3
vgg16,PD:0136,1,0.5202952027320862,kaggle_spiral,handpd_spiral,3
vgg16,PD:0136,1,0.5216137766838074,kaggle_spiral,handpd_spiral,3
vgg16,PD:0138,1,0.506001353263855,kaggle_spiral,handpd_spiral,3
vgg16,PD:0138,1,0.5194452404975891,kaggle_spiral,handpd_spiral,3
vgg16,PD:0138,1,0.5219705104827881,kaggle_spiral,handpd_spiral,3
vgg16,PD:0138,1,0.5192998051643372,kaggle_spiral,handpd_spiral,3
vgg16,PD:0139,1,0.5155690312385559,kaggle_spiral,handpd_spiral,3
vgg16,PD:0139,1,0.5074977278709412,kaggle_spiral,handpd_spiral,3
vgg16,PD:0139,1,0.515403151512146,kaggle_spiral,handpd_spiral,3
vgg16,PD:0139,1,0.5156127214431763,kaggle_spiral,handpd_spiral,3
vgg16,PD:0143,1,0.5054856538772583,kaggle_spiral,handpd_spiral,3
vgg16,PD:0143,1,0.5112202763557434,kaggle_spiral,handpd_spiral,3
vgg16,PD:0143,1,0.5045600533485413,kaggle_spiral,handpd_spiral,3
vgg16,PD:0143,1,0.5019943118095398,kaggle_spiral,handpd_spiral,3
vgg16,PD:0148,1,0.5138031244277954,kaggle_spiral,handpd_spiral,3
vgg16,PD:0148,1,0.5124831199645996,kaggle_spiral,handpd_spiral,3
vgg16,PD:0148,1,0.5076701641082764,kaggle_spiral,handpd_spiral,3
vgg16,PD:0148,1,0.5025207996368408,kaggle_spiral,handpd_spiral,3
vgg16,PD:0149,1,0.5027356147766113,kaggle_spiral,handpd_spiral,3
vgg16,PD:0149,1,0.4970284402370453,kaggle_spiral,handpd_spiral,3
vgg16,PD:0149,1,0.4979352653026581,kaggle_spiral,handpd_spiral,3
vgg16,PD:0149,1,0.5087181925773621,kaggle_spiral,handpd_spiral,3
vgg16,PD:0153,1,0.5155508518218994,kaggle_spiral,handpd_spiral,3
vgg16,PD:0153,1,0.5207090377807617,kaggle_spiral,handpd_spiral,3
vgg16,PD:0153,1,0.5082764625549316,kaggle_spiral,handpd_spiral,3
vgg16,PD:0153,1,0.5186217427253723,kaggle_spiral,handpd_spiral,3
vgg16,PD:0157,1,0.5062974095344543,kaggle_spiral,handpd_spiral,3
vgg16,PD:0157,1,0.5199235677719116,kaggle_spiral,handpd_spiral,3
vgg16,PD:0157,1,0.513664960861206,kaggle_spiral,handpd_spiral,3
vgg16,PD:0157,1,0.5028308629989624,kaggle_spiral,handpd_spiral,3
vgg16,PD:0161,1,0.519723653793335,kaggle_spiral,handpd_spiral,3
vgg16,PD:0161,1,0.508845329284668,kaggle_spiral,handpd_spiral,3
vgg16,PD:0161,1,0.5196459889411926,kaggle_spiral,handpd_spiral,3
vgg16,PD:0161,1,0.5176306366920471,kaggle_spiral,handpd_spiral,3
vgg16,PD:0165,1,0.5099305510520935,kaggle_spiral,handpd_spiral,3
vgg16,PD:0165,1,0.514913022518158,kaggle_spiral,handpd_spiral,3
vgg16,PD:0165,1,0.5043443441390991,kaggle_spiral,handpd_spiral,3
vgg16,PD:0165,1,0.5134614706039429,kaggle_spiral,handpd_spiral,3
vgg16,PD:0166,1,0.5215217471122742,kaggle_spiral,handpd_spiral,3
vgg16,PD:0166,1,0.5109419822692871,kaggle_spiral,handpd_spiral,3
vgg16,PD:0166,1,0.5126437544822693,kaggle_spiral,handpd_spiral,3
vgg16,PD:0166,1,0.5097900032997131,kaggle_spiral,handpd_spiral,3
vgg16,PD:0170,1,0.5381053686141968,kaggle_spiral,handpd_spiral,3
vgg16,PD:0170,1,0.5231615900993347,kaggle_spiral,handpd_spiral,3
vgg16,PD:0170,1,0.5295551419258118,kaggle_spiral,handpd_spiral,3
vgg16,PD:0170,1,0.5362178683280945,kaggle_spiral,handpd_spiral,3
vgg16,PD:0174,1,0.5170198678970337,kaggle_spiral,handpd_spiral,3
vgg16,PD:0174,1,0.5160019993782043,kaggle_spiral,handpd_spiral,3
vgg16,PD:0174,1,0.4979325234889984,kaggle_spiral,handpd_spiral,3
vgg16,PD:0174,1,0.510404646396637,kaggle_spiral,handpd_spiral,3
vgg16,PD:0176,1,0.5332721471786499,kaggle_spiral,handpd_spiral,3
vgg16,PD:0176,1,0.5086480975151062,kaggle_spiral,handpd_spiral,3
vgg16,PD:0176,1,0.5157160758972168,kaggle_spiral,handpd_spiral,3
vgg16,PD:0176,1,0.5234589576721191,kaggle_spiral,handpd_spiral,3
vgg16,PD:0177,1,0.49111464619636536,kaggle_spiral,handpd_spiral,3
vgg16,PD:0177,1,0.5065906643867493,kaggle_spiral,handpd_spiral,3
vgg16,PD:0177,1,0.5088564157485962,kaggle_spiral,handpd_spiral,3
vgg16,PD:0177,1,0.5094308853149414,kaggle_spiral,handpd_spiral,3
vgg16,PD:0181,1,0.5134437084197998,kaggle_spiral,handpd_spiral,3
vgg16,PD:0181,1,0.5055987238883972,kaggle_spiral,handpd_spiral,3
vgg16,PD:0181,1,0.5161521434783936,kaggle_spiral,handpd_spiral,3
vgg16,PD:0181,1,0.5079895853996277,kaggle_spiral,handpd_spiral,3
vgg16,PD:0182,1,0.5226932764053345,kaggle_spiral,handpd_spiral,3
vgg16,PD:0182,1,0.5169172286987305,kaggle_spiral,handpd_spiral,3
vgg16,PD:0182,1,0.5050237774848938,kaggle_spiral,handpd_spiral,3
vgg16,PD:0182,1,0.5219886898994446,kaggle_spiral,handpd_spiral,3
vgg16,PD:0186,1,0.5313045978546143,kaggle_spiral,handpd_spiral,3
vgg16,PD:0186,1,0.5233381390571594,kaggle_spiral,handpd_spiral,3
vgg16,PD:0186,1,0.5155701041221619,kaggle_spiral,handpd_spiral,3
vgg16,PD:0186,1,0.5279028415679932,kaggle_spiral,handpd_spiral,3
vgg16,PD:0187,1,0.5112670063972473,kaggle_spiral,handpd_spiral,3
vgg16,PD:0187,1,0.5225309133529663,kaggle_spiral,handpd_spiral,3
vgg16,PD:0187,1,0.5170682668685913,kaggle_spiral,handpd_spiral,3
vgg16,PD:0187,1,0.5176653265953064,kaggle_spiral,handpd_spiral,3
vgg16,PD:0188,1,0.5245715379714966,kaggle_spiral,handpd_spiral,3
vgg16,PD:0188,1,0.5043502449989319,kaggle_spiral,handpd_spiral,3
vgg16,PD:0188,1,0.5206635594367981,kaggle_spiral,handpd_spiral,3
vgg16,PD:0188,1,0.5169923901557922,kaggle_spiral,handpd_spiral,3
vgg16,PD:0192,1,0.5091736316680908,kaggle_spiral,handpd_spiral,3
vgg16,PD:0192,1,0.5030645132064819,kaggle_spiral,handpd_spiral,3
vgg16,PD:0192,1,0.5007897019386292,kaggle_spiral,handpd_spiral,3
vgg16,PD:0192,1,0.501815915107727,kaggle_spiral,handpd_spiral,3
vgg16,PD:0196,1,0.5228103399276733,kaggle_spiral,handpd_spiral,3
vgg16,PD:0196,1,0.517307460308075,kaggle_spiral,handpd_spiral,3
vgg16,PD:0196,1,0.5126910209655762,kaggle_spiral,handpd_spiral,3
vgg16,PD:0196,1,0.5184949040412903,kaggle_spiral,handpd_spiral,3
vgg16,PD:0197,1,0.5248733162879944,kaggle_spiral,handpd_spiral,3
vgg16,PD:0197,1,0.5114218592643738,kaggle_spiral,handpd_spiral,3
vgg16,PD:0197,1,0.5167612433433533,kaggle_spiral,handpd_spiral,3
vgg16,PD:0197,1,0.5141900181770325,kaggle_spiral,handpd_spiral,3
vgg16,PD:0198,1,0.5193705558776855,kaggle_spiral,handpd_spiral,3
vgg16,PD:0198,1,0.5122931003570557,kaggle_spiral,handpd_spiral,3
vgg16,PD:0198,1,0.5087294578552246,kaggle_spiral,handpd_spiral,3
vgg16,PD:0198,1,0.5094984769821167,kaggle_spiral,handpd_spiral,3
vgg16,PD:0202,1,0.529135525226593,kaggle_spiral,handpd_spiral,3
vgg16,PD:0202,1,0.5257604122161865,kaggle_spiral,handpd_spiral,3
vgg16,PD:0202,1,0.5215673446655273,kaggle_spiral,handpd_spiral,3
vgg16,PD:0202,1,0.5253667831420898,kaggle_spiral,handpd_spiral,3
vgg16,PD:0203,1,0.5086916089057922,kaggle_spiral,handpd_spiral,3
vgg16,PD:0203,1,0.5159981846809387,kaggle_spiral,handpd_spiral,3
vgg16,PD:0203,1,0.5122360587120056,kaggle_spiral,handpd_spiral,3
vgg16,PD:0203,1,0.5088040828704834,kaggle_spiral,handpd_spiral,3
vgg16,PD:0207,1,0.49497732520103455,kaggle_spiral,handpd_spiral,3
vgg16,PD:0207,1,0.5146692991256714,kaggle_spiral,handpd_spiral,3
vgg16,PD:0207,1,0.5162599086761475,kaggle_spiral,handpd_spiral,3
vgg16,PD:0207,1,0.522498369216919,kaggle_spiral,handpd_spiral,3
vgg16,PD:0208,1,0.5009626150131226,kaggle_spiral,handpd_spiral,3
vgg16,PD:0208,1,0.4916858971118927,kaggle_spiral,handpd_spiral,3
vgg16,PD:0208,1,0.4986861050128937,kaggle_spiral,handpd_spiral,3
vgg16,PD:0208,1,0.48659172654151917,kaggle_spiral,handpd_spiral,3
vgg16,PD:0213,1,0.5108866691589355,kaggle_spiral,handpd_spiral,3
vgg16,PD:0213,1,0.5266635417938232,kaggle_spiral,handpd_spiral,3
vgg16,PD:0213,1,0.5033971667289734,kaggle_spiral,handpd_spiral,3
vgg16,PD:0213,1,0.5120435953140259,kaggle_spiral,handpd_spiral,3
vgg16,PD:0214,1,0.5073797106742859,kaggle_spiral,handpd_spiral,3
vgg16,PD:0214,1,0.504794716835022,kaggle_spiral,handpd_spiral,3
vgg16,PD:0214,1,0.49850744009017944,kaggle_spiral,handpd_spiral,3
vgg16,PD:0214,1,0.4957931339740753,kaggle_spiral,handpd_spiral,3
vgg16,PD:0218,1,0.5251999497413635,kaggle_spiral,handpd_spiral,3
vgg16,PD:0218,1,0.5222765207290649,kaggle_spiral,handpd_spiral,3
vgg16,PD:0218,1,0.5276387929916382,kaggle_spiral,handpd_spiral,3
vgg16,PD:0218,1,0.5118238925933838,kaggle_spiral,handpd_spiral,3
vgg16,PD:0219,1,0.5018085837364197,kaggle_spiral,handpd_spiral,3
vgg16,PD:0219,1,0.5188326239585876,kaggle_spiral,handpd_spiral,3
vgg16,PD:0219,1,0.5080788135528564,kaggle_spiral,handpd_spiral,3
vgg16,PD:0219,1,0.5083504915237427,kaggle_spiral,handpd_spiral,3
vgg16,PD:0223,1,0.5107311010360718,kaggle_spiral,handpd_spiral,3
vgg16,PD:0223,1,0.5100698471069336,kaggle_spiral,handpd_spiral,3
vgg16,PD:0223,1,0.5075662136077881,kaggle_spiral,handpd_spiral,3
vgg16,PD:0223,1,0.5003746747970581,kaggle_spiral,handpd_spiral,3
vgg16,PD:0228,1,0.5111488699913025,kaggle_spiral,handpd_spiral,3
vgg16,PD:0228,1,0.5090785026550293,kaggle_spiral,handpd_spiral,3
vgg16,PD:0228,1,0.5100629925727844,kaggle_spiral,handpd_spiral,3
vgg16,PD:0228,1,0.5177792310714722,kaggle_spiral,handpd_spiral,3
vgg16,PD:0229,1,0.5252511501312256,kaggle_spiral,handpd_spiral,3
vgg16,PD:0229,1,0.5131888389587402,kaggle_spiral,handpd_spiral,3
vgg16,PD:0229,1,0.5086097717285156,kaggle_spiral,handpd_spiral,3
vgg16,PD:0229,1,0.5202680230140686,kaggle_spiral,handpd_spiral,3
vgg16,PD:0230,1,0.53303062915802,kaggle_spiral,handpd_spiral,3
vgg16,PD:0230,1,0.5533751845359802,kaggle_spiral,handpd_spiral,3
vgg16,PD:0230,1,0.5149955749511719,kaggle_spiral,handpd_spiral,3
vgg16,PD:0230,1,0.5370858311653137,kaggle_spiral,handpd_spiral,3
vgg16,PD:0234,1,0.5070306062698364,kaggle_spiral,handpd_spiral,3
vgg16,PD:0234,1,0.5153220295906067,kaggle_spiral,handpd_spiral,3
vgg16,PD:0234,1,0.5156699419021606,kaggle_spiral,handpd_spiral,3
vgg16,PD:0234,1,0.5137125849723816,kaggle_spiral,handpd_spiral,3
vgg16,PD:0235,1,0.5244506597518921,kaggle_spiral,handpd_spiral,3
vgg16,PD:0235,1,0.5260971784591675,kaggle_spiral,handpd_spiral,3
vgg16,PD:0235,1,0.5300583243370056,kaggle_spiral,handpd_spiral,3
vgg16,PD:0235,1,0.5352729558944702,kaggle_spiral,handpd_spiral,3
vgg16,PD:0236,1,0.5070299506187439,kaggle_spiral,handpd_spiral,3
vgg16,PD:0236,1,0.5407679677009583,kaggle_spiral,handpd_spiral,3
vgg16,PD:0236,1,0.5296303033828735,kaggle_spiral,handpd_spiral,3
vgg16,PD:0236,1,0.5259602665901184,kaggle_spiral,handpd_spiral,3
vgg16,PD:0240,1,0.5183989405632019,kaggle_spiral,handpd_spiral,3
vgg16,PD:0240,1,0.5027138590812683,kaggle_spiral,handpd_spiral,3
vgg16,PD:0240,1,0.5069588422775269,kaggle_spiral,handpd_spiral,3
vgg16,PD:0240,1,0.5051656365394592,kaggle_spiral,handpd_spiral,3
vgg16,PD:0241,1,0.5013325214385986,kaggle_spiral,handpd_spiral,3
vgg16,PD:0241,1,0.53062903881073,kaggle_spiral,handpd_spiral,3
vgg16,PD:0241,1,0.5183786153793335,kaggle_spiral,handpd_spiral,3
vgg16,PD:0241,1,0.5294405221939087,kaggle_spiral,handpd_spiral,3
vgg16,PD:0242,1,0.507404088973999,kaggle_spiral,handpd_spiral,3
vgg16,PD:0242,1,0.5090128779411316,kaggle_spiral,handpd_spiral,3
vgg16,PD:0242,1,0.5109977126121521,kaggle_spiral,handpd_spiral,3
vgg16,PD:0242,1,0.5383901000022888,kaggle_spiral,handpd_spiral,3
vgg16,PD:0246,1,0.505588948726654,kaggle_spiral,handpd_spiral,3
vgg16,PD:0246,1,0.4957673251628876,kaggle_spiral,handpd_spiral,3
vgg16,PD:0246,1,0.48714128136634827,kaggle_spiral,handpd_spiral,3
vgg16,PD:0246,1,0.5036044716835022,kaggle_spiral,handpd_spiral,3
vgg16,PD:0247,1,0.48740947246551514,kaggle_spiral,handpd_spiral,3
vgg16,PD:0247,1,0.49736398458480835,kaggle_spiral,handpd_spiral,3
vgg16,PD:0247,1,0.5051118731498718,kaggle_spiral,handpd_spiral,3
vgg16,PD:0247,1,0.5136743187904358,kaggle_spiral,handpd_spiral,3
vgg16,PD:0253,1,0.5037811994552612,kaggle_spiral,handpd_spiral,3
vgg16,PD:0253,1,0.4985366463661194,kaggle_spiral,handpd_spiral,3
vgg16,PD:0253,1,0.5090582370758057,kaggle_spiral,handpd_spiral,3
vgg16,PD:0253,1,0.4977186620235443,kaggle_spiral,handpd_spiral,3
vgg16,PD:0254,1,0.5112772583961487,kaggle_spiral,handpd_spiral,3
vgg16,PD:0254,1,0.5105472207069397,kaggle_spiral,handpd_spiral,3
vgg16,PD:0254,1,0.5194801688194275,kaggle_spiral,handpd_spiral,3
vgg16,PD:0254,1,0.5060701966285706,kaggle_spiral,handpd_spiral,3
vgg16,PD:0261,1,0.5218653082847595,kaggle_spiral,handpd_spiral,3
vgg16,PD:0261,1,0.5185629725456238,kaggle_spiral,handpd_spiral,3
vgg16,PD:0261,1,0.5089969038963318,kaggle_spiral,handpd_spiral,3
vgg16,PD:0261,1,0.5083780288696289,kaggle_spiral,handpd_spiral,3
vgg16,PD:0268,1,0.5183399319648743,kaggle_spiral,handpd_spiral,3
vgg16,PD:0268,1,0.5209261178970337,kaggle_spiral,handpd_spiral,3
vgg16,PD:0268,1,0.5193492770195007,kaggle_spiral,handpd_spiral,3
vgg16,PD:0268,1,0.5089945793151855,kaggle_spiral,handpd_spiral,3
vgg16,PD:0269,1,0.5201234221458435,kaggle_spiral,handpd_spiral,3
vgg16,PD:0269,1,0.5123409032821655,kaggle_spiral,handpd_spiral,3
vgg16,PD:0269,1,0.5167612433433533,kaggle_spiral,handpd_spiral,3
vgg16,PD:0269,1,0.5021284222602844,kaggle_spiral,handpd_spiral,3
vgg16,PD:0273,1,0.5098555684089661,kaggle_spiral,handpd_spiral,3
vgg16,PD:0273,1,0.5044523477554321,kaggle_spiral,handpd_spiral,3
vgg16,PD:0273,1,0.5050573348999023,kaggle_spiral,handpd_spiral,3
vgg16,PD:0273,1,0.5099775195121765,kaggle_spiral,handpd_spiral,3
vgg16,PD:0274,1,0.5179667472839355,kaggle_spiral,handpd_spiral,3
vgg16,PD:0274,1,0.4964240491390228,kaggle_spiral,handpd_spiral,3
vgg16,PD:0274,1,0.4970315396785736,kaggle_spiral,handpd_spiral,3
vgg16,PD:0274,1,0.5002912282943726,kaggle_spiral,handpd_spiral,3
vgg16,PD:0280,1,0.5071748495101929,kaggle_spiral,handpd_spiral,3
vgg16,PD:0280,1,0.5000066161155701,kaggle_spiral,handpd_spiral,3
vgg16,PD:0280,1,0.5023844838142395,kaggle_spiral,handpd_spiral,3
vgg16,PD:0280,1,0.5022853016853333,kaggle_spiral,handpd_spiral,3
vgg16,PD:0281,1,0.5160835385322571,kaggle_spiral,handpd_spiral,3
vgg16,PD:0281,1,0.5149742364883423,kaggle_spiral,handpd_spiral,3
vgg16,PD:0281,1,0.5087011456489563,kaggle_spiral,handpd_spiral,3
vgg16,PD:0281,1,0.5107427835464478,kaggle_spiral,handpd_spiral,3
resnet50,HC:0068,0,0.4522763192653656,kaggle_spiral,handpd_spiral,3
resnet50,HC:0068,0,0.4626179039478302,kaggle_spiral,handpd_spiral,3
resnet50,HC:0068,0,0.47542455792427063,kaggle_spiral,handpd_spiral,3
resnet50,HC:0068,0,0.469964861869812,kaggle_spiral,handpd_spiral,3
resnet50,HC:0092,0,0.47676199674606323,kaggle_spiral,handpd_spiral,3
resnet50,HC:0092,0,0.4879380166530609,kaggle_spiral,handpd_spiral,3
resnet50,HC:0092,0,0.498054563999176,kaggle_spiral,handpd_spiral,3
resnet50,HC:0092,0,0.4394555389881134,kaggle_spiral,handpd_spiral,3
resnet50,HC:0098,0,0.466104656457901,kaggle_spiral,handpd_spiral,3
resnet50,HC:0098,0,0.5004711151123047,kaggle_spiral,handpd_spiral,3
resnet50,HC:0098,0,0.4905044138431549,kaggle_spiral,handpd_spiral,3
resnet50,HC:0098,0,0.4592577815055847,kaggle_spiral,handpd_spiral,3
resnet50,HC:0100,0,0.47214803099632263,kaggle_spiral,handpd_spiral,3
resnet50,HC:0100,0,0.45609691739082336,kaggle_spiral,handpd_spiral,3
resnet50,HC:0100,0,0.4526439309120178,kaggle_spiral,handpd_spiral,3
resnet50,HC:0100,0,0.4840691089630127,kaggle_spiral,handpd_spiral,3
resnet50,HC:0102,0,0.4877932667732239,kaggle_spiral,handpd_spiral,3
resnet50,HC:0102,0,0.47495466470718384,kaggle_spiral,handpd_spiral,3
resnet50,HC:0102,0,0.44107547402381897,kaggle_spiral,handpd_spiral,3
resnet50,HC:0102,0,0.4575909674167633,kaggle_spiral,handpd_spiral,3
resnet50,HC:0104,0,0.49052947759628296,kaggle_spiral,handpd_spiral,3
resnet50,HC:0104,0,0.4530332088470459,kaggle_spiral,handpd_spiral,3
resnet50,HC:0104,0,0.44465044140815735,kaggle_spiral,handpd_spiral,3
resnet50,HC:0104,0,0.45304590463638306,kaggle_spiral,handpd_spiral,3
resnet50,HC:0106,0,0.42817890644073486,kaggle_spiral,handpd_spiral,3
resnet50,HC:0106,0,0.4605354070663452,kaggle_spiral,handpd_spiral,3
resnet50,HC:0106,0,0.42733263969421387,kaggle_spiral,handpd_spiral,3
resnet50,HC:0106,0,0.4554198980331421,kaggle_spiral,handpd_spiral,3
resnet50,HC:0112,0,0.4262825846672058,kaggle_spiral,handpd_spiral,3
resnet50,HC:0112,0,0.4624033570289612,kaggle_spiral,handpd_spiral,3
resnet50,HC:0112,0,0.4007415771484375,kaggle_spiral,handpd_spiral,3
resnet50,HC:0112,0,0.46277230978012085,kaggle_spiral,handpd_spiral,3
resnet50,HC:0116,0,0.4562772810459137,kaggle_spiral,handpd_spiral,3
resnet50,HC:0116,0,0.43700677156448364,kaggle_spiral,handpd_spiral,3
resnet50,HC:0116,0,0.45634725689888,kaggle_spiral,handpd_spiral,3
resnet50,HC:0116,0,0.47803282737731934,kaggle_spiral,handpd_spiral,3
resnet50,HC:0127,0,0.41790109872817993,kaggle_spiral,handpd_spiral,3
resnet50,HC:0127,0,0.4322425127029419,kaggle_spiral,handpd_spiral,3
resnet50,HC:0127,0,0.423875093460083,kaggle_spiral,handpd_spiral,3
resnet50,HC:0127,0,0.45102211833000183,kaggle_spiral,handpd_spiral,3
resnet50,HC:0129,0,0.4506723880767822,kaggle_spiral,handpd_spiral,3
resnet50,HC:0129,0,0.4625316262245178,kaggle_spiral,handpd_spiral,3
resnet50,HC:0129,0,0.4454655051231384,kaggle_spiral,handpd_spiral,3
resnet50,HC:0129,0,0.4640999436378479,kaggle_spiral,handpd_spiral,3
resnet50,HC:0131,0,0.46449515223503113,kaggle_spiral,handpd_spiral,3
resnet50,HC:0131,0,0.49374520778656006,kaggle_spiral,handpd_spiral,3
resnet50,HC:0131,0,0.46881040930747986,kaggle_spiral,handpd_spiral,3
resnet50,HC:0131,0,0.4606071710586548,kaggle_spiral,handpd_spiral,3
resnet50,HC:0287,0,0.4874316453933716,kaggle_spiral,handpd_spiral,3
resnet50,HC:0287,0,0.4525468945503235,kaggle_spiral,handpd_spiral,3
resnet50,HC:0287,0,0.4788742959499359,kaggle_spiral,handpd_spiral,3
resnet50,HC:0287,0,0.48060667514801025,kaggle_spiral,handpd_spiral,3
resnet50,HC:0289,0,0.4651992619037628,kaggle_spiral,handpd_spiral,3
resnet50,HC:0289,0,0.5076096653938293,kaggle_spiral,handpd_spiral,3
resnet50,HC:0289,0,0.4844606816768646,kaggle_spiral,handpd_spiral,3
resnet50,HC:0289,0,0.47264519333839417,kaggle_spiral,handpd_spiral,3
resnet50,HC:0293,0,0.45645540952682495,kaggle_spiral,handpd_spiral,3
resnet50,HC:0293,0,0.4869215786457062,kaggle_spiral,handpd_spiral,3
resnet50,HC:0293,0,0.49450117349624634,kaggle_spiral,handpd_spiral,3
resnet50,HC:0293,0,0.47813621163368225,kaggle_spiral,handpd_spiral,3
resnet50,HC:0295,0,0.4874792695045471,kaggle_spiral,handpd_spiral,3
resnet50,HC:0295,0,0.45170143246650696,kaggle_spiral,handpd_spiral,3
resnet50,HC:0295,0,0.4423634111881256,kaggle_spiral,handpd_spiral,3
resnet50,HC:0295,0,0.4491032361984253,kaggle_spiral,handpd_spiral,3
resnet50,HC:0297,0,0.46193069219589233,kaggle_spiral,handpd_spiral,3
resnet50,HC:0297,0,0.4668552279472351,kaggle_spiral,handpd_spiral,3
resnet50,HC:0297,0,0.4369151294231415,kaggle_spiral,handpd_spiral,3
resnet50,HC:0297,0,0.4609870910644531,kaggle_spiral,handpd_spiral,3
resnet50,HC:0305,0,0.4775274991989136,kaggle_spiral,handpd_spiral,3
resnet50,HC:0305,0,0.4479618966579437,kaggle_spiral,handpd_spiral,3
resnet50,HC:0305,0,0.448548823595047,kaggle_spiral,handpd_spiral,3
resnet50,HC:0305,0,0.4337867796421051,kaggle_spiral,handpd_spiral,3
resnet50,PD:0002,1,0.5241774320602417,kaggle_spiral,handpd_spiral,3
resnet50,PD:0002,1,0.5186012387275696,kaggle_spiral,handpd_spiral,3
resnet50,PD:0002,1,0.5589349865913391,kaggle_spiral,handpd_spiral,3
resnet50,PD:0002,1,0.524482786655426,kaggle_spiral,handpd_spiral,3
resnet50,PD:0003,1,0.5142166614532471,kaggle_spiral,handpd_spiral,3
resnet50,PD:0003,1,0.5104914903640747,kaggle_spiral,handpd_spiral,3
resnet50,PD:0003,1,0.48369207978248596,kaggle_spiral,handpd_spiral,3
resnet50,PD:0003,1,0.508104681968689,kaggle_spiral,handpd_spiral,3
resnet50,PD:0004,1,0.4902847707271576,kaggle_spiral,handpd_spiral,3
resnet50,PD:0004,1,0.45840370655059814,kaggle_spiral,handpd_spiral,3
resnet50,PD:0004,1,0.4930001497268677,kaggle_spiral,handpd_spiral,3
resnet50,PD:0004,1,0.473728746175766,kaggle_spiral,handpd_spiral,3
resnet50,PD:0005,1,0.47561293840408325,kaggle_spiral,handpd_spiral,3
resnet50,PD:0005,1,0.4707886874675751,kaggle_spiral,handpd_spiral,3
resnet50,PD:0005,1,0.4756982624530792,kaggle_spiral,handpd_spiral,3
resnet50,PD:0005,1,0.46689820289611816,kaggle_spiral,handpd_spiral,3
resnet50,PD:0009,1,0.4524776339530945,kaggle_spiral,handpd_spiral,3
resnet50,PD:0009,1,0.4510404169559479,kaggle_spiral,handpd_spiral,3
resnet50,PD:0009,1,0.43669480085372925,kaggle_spiral,handpd_spiral,3
resnet50,PD:0009,1,0.4567374289035797,kaggle_spiral,handpd_spiral,3
resnet50,PD:0010,1,0.45567402243614197,kaggle_spiral,handpd_spiral,3
resnet50,PD:0010,1,0.47561660408973694,kaggle_spiral,handpd_spiral,3
resnet50,PD:0010,1,0.5002837181091309,kaggle_spiral,handpd_spiral,3
resnet50,PD:0010,1,0.4944079518318176,kaggle_spiral,handpd_spiral,3
resnet50,PD:0016,1,0.5008906722068787,kaggle_spiral,handpd_spiral,3
resnet50,PD:0016,1,0.4766497313976288,kaggle_spiral,handpd_spiral,3
resnet50,PD:0016,1,0.5086118578910828,kaggle_spiral,handpd_spiral,3
resnet50,PD:0016,1,0.5514479875564575,kaggle_spiral,handpd_spiral,3
resnet50,PD:0023,1,0.4798154830932617,kaggle_spiral,handpd_spiral,3
resnet50,PD:0023,1,0.415317565202713,kaggle_spiral,handpd_spiral,3
resnet50,PD:0023,1,0.4719896912574768,kaggle_spiral,handpd_spiral,3
resnet50,PD:0023,1,0.4726600646972656,kaggle_spiral,handpd_spiral,3
resnet50,PD:0024,1,0.4789786636829376,kaggle_spiral,handpd_spiral,3
resnet50,PD:0024,1,0.4687514305114746,kaggle_spiral,handpd_spiral,3
resnet50,PD:0024,1,0.4552651345729828,kaggle_spiral,handpd_spiral,3
resnet50,PD:0024,1,0.4966806471347809,kaggle_spiral,handpd_spiral,3
resnet50,PD:0030,1,0.468612402677536,kaggle_spiral,handpd_spiral,3
resnet50,PD:0030,1,0.4559180736541748,kaggle_spiral,handpd_spiral,3
resnet50,PD:0030,1,0.4702085554599762,kaggle_spiral,handpd_spiral,3
resnet50,PD:0030,1,0.489210307598114,kaggle_spiral,handpd_spiral,3
resnet50,PD:0031,1,0.403807669878006,kaggle_spiral,handpd_spiral,3
resnet50,PD:0031,1,0.47036805748939514,kaggle_spiral,handpd_spiral,3
resnet50,PD:0031,1,0.47569459676742554,kaggle_spiral,handpd_spiral,3
resnet50,PD:0031,1,0.45316919684410095,kaggle_spiral,handpd_spiral,3
resnet50,PD:0037,1,0.49277958273887634,kaggle_spiral,handpd_spiral,3
resnet50,PD:0037,1,0.46958816051483154,kaggle_spiral,handpd_spiral,3
resnet50,PD:0037,1,0.4581863284111023,kaggle_spiral,handpd_spiral,3
resnet50,PD:0037,1,0.462215393781662,kaggle_spiral,handpd_spiral,3
resnet50,PD:0038,1,0.4786853492259979,kaggle_spiral,handpd_spiral,3
resnet50,PD:0038,1,0.46600407361984253,kaggle_spiral,handpd_spiral,3
resnet50,PD:0038,1,0.47347524762153625,kaggle_spiral,handpd_spiral,3
resnet50,PD:0038,1,0.4664180874824524,kaggle_spiral,handpd_spiral,3
resnet50,PD:0044,1,0.45130056142807007,kaggle_spiral,handpd_spiral,3
resnet50,PD:0044,1,0.4515778422355652,kaggle_spiral,handpd_spiral,3
resnet50,PD:0044,1,0.45402899384498596,kaggle_spiral,handpd_spiral,3
resnet50,PD:0044,1,0.44629544019699097,kaggle_spiral,handpd_spiral,3
resnet50,PD:0045,1,0.4409881830215454,kaggle_spiral,handpd_spiral,3
resnet50,PD:0045,1,0.44102126359939575,kaggle_spiral,handpd_spiral,3
resnet50,PD:0045,1,0.4361265003681183,kaggle_spiral,handpd_spiral,3
resnet50,PD:0045,1,0.4836454391479492,kaggle_spiral,handpd_spiral,3
resnet50,PD:0046,1,0.4522591531276703,kaggle_spiral,handpd_spiral,3
resnet50,PD:0046,1,0.46807411313056946,kaggle_spiral,handpd_spiral,3
resnet50,PD:0046,1,0.4961671531200409,kaggle_spiral,handpd_spiral,3
resnet50,PD:0046,1,0.48384496569633484,kaggle_spiral,handpd_spiral,3
resnet50,PD:0051,1,0.4160231351852417,kaggle_spiral,handpd_spiral,3
resnet50,PD:0051,1,0.4353233873844147,kaggle_spiral,handpd_spiral,3
resnet50,PD:0051,1,0.44035449624061584,kaggle_spiral,handpd_spiral,3
resnet50,PD:0051,1,0.4586406350135803,kaggle_spiral,handpd_spiral,3
resnet50,PD:0052,1,0.432382732629776,kaggle_spiral,handpd_spiral,3
resnet50,PD:0052,1,0.45541197061538696,kaggle_spiral,handpd_spiral,3
resnet50,PD:0052,1,0.4452391564846039,kaggle_spiral,handpd_spiral,3
resnet50,PD:0052,1,0.450522243976593,kaggle_spiral,handpd_spiral,3
resnet50,PD:0053,1,0.4212718904018402,kaggle_spiral,handpd_spiral,3
resnet50,PD:0053,1,0.4283173680305481,kaggle_spiral,handpd_spiral,3
resnet50,PD:0053,1,0.4416252374649048,kaggle_spiral,handpd_spiral,3
resnet50,PD:0053,1,0.44468769431114197,kaggle_spiral,handpd_spiral,3
resnet50,PD:0054,1,0.4627416133880615,kaggle_spiral,handpd_spiral,3
resnet50,PD:0054,1,0.39993175864219666,kaggle_spiral,handpd_spiral,3
resnet50,PD:0054,1,0.44392141699790955,kaggle_spiral,handpd_spiral,3
resnet50,PD:0054,1,0.427243173122406,kaggle_spiral,handpd_spiral,3
resnet50,PD:0134,1,0.4606330096721649,kaggle_spiral,handpd_spiral,3
resnet50,PD:0134,1,0.41837549209594727,kaggle_spiral,handpd_spiral,3
resnet50,PD:0134,1,0.4467070996761322,kaggle_spiral,handpd_spiral,3
resnet50,PD:0134,1,0.4697318971157074,kaggle_spiral,handpd_spiral,3
resnet50,PD:0136,1,0.41818612813949585,kaggle_spiral,handpd_spiral,3
resnet50,PD:0136,1,0.44611233472824097,kaggle_spiral,handpd_spiral,3
resnet50,PD:0136,1,0.4536362290382385,kaggle_spiral,handpd_spiral,3
resnet50,PD:0136,1,0.46773406863212585,kaggle_spiral,handpd_spiral,3
resnet50,PD:0138,1,0.4836823642253876,kaggle_spiral,handpd_spiral,3
resnet50,PD:0138,1,0.49479538202285767,kaggle_spiral,handpd_spiral,3
resnet50,PD:0138,1,0.4682762026786804,kaggle_spiral,handpd_spiral,3
resnet50,PD:0138,1,0.47334805130958557,kaggle_spiral,handpd_spiral,3
resnet50,PD:0139,1,0.44134199619293213,kaggle_spiral,handpd_spiral,3
resnet50,PD:0139,1,0.48688873648643494,kaggle_spiral,handpd_spiral,3
resnet50,PD:0139,1,0.4960971772670746,kaggle_spiral,handpd_spiral,3
resnet50,PD:0139,1,0.47442901134490967,kaggle_spiral,handpd_spiral,3
resnet50,PD:0143,1,0.48694661259651184,kaggle_spiral,handpd_spiral,3
resnet50,PD:0143,1,0.4857490658760071,kaggle_spiral,handpd_spiral,3
resnet50,PD:0143,1,0.4507581889629364,kaggle_spiral,handpd_spiral,3
resnet50,PD:0143,1,0.47455719113349915,kaggle_spiral,handpd_spiral,3
resnet50,PD:0148,1,0.44886693358421326,kaggle_spiral,handpd_spiral,3
resnet50,PD:0148,1,0.456337034702301,kaggle_spiral,handpd_spiral,3
resnet50,PD:0148,1,0.49850454926490784,kaggle_spiral,handpd_spiral,3
resnet50,PD:0148,1,0.47344449162483215,kaggle_spiral,handpd_spiral,3
resnet50,PD:0149,1,0.4885028600692749,kaggle_spiral,handpd_spiral,3
resnet50,PD:0149,1,0.46014347672462463,kaggle_spiral,handpd_spiral,3
resnet50,PD:0149,1,0.45182234048843384,kaggle_spiral,handpd_spiral,3
resnet50,PD:0149,1,0.4775450527667999,kaggle_spiral,handpd_spiral,3
resnet50,PD:0153,1,0.4635431170463562,kaggle_spiral,handpd_spiral,3
resnet50,PD:0153,1,0.45728039741516113,kaggle_spiral,handpd_spiral,3
resnet50,PD:0153,1,0.47820407152175903,kaggle_spiral,handpd_spiral,3
resnet50,PD:0153,1,0.45692208409309387,kaggle_spiral,handpd_spiral,3
resnet50,PD:0157,1,0.4460895359516144,kaggle_spiral,handpd_spiral,3
resnet50,PD:0157,1,0.44846880435943604,kaggle_spiral,handpd_spiral,3
resnet50,PD:0157,1,0.45005249977111816,kaggle_spiral,handpd_spiral,3
resnet50,PD:0157,1,0.4638891816139221,kaggle_spiral,handpd_spiral,3
resnet50,PD:0161,1,0.4805697500705719,kaggle_spiral,handpd_spiral,3
resnet50,PD:0161,1,0.44425860047340393,kaggle_spiral,handpd_spiral,3
resnet50,PD:0161,1,0.42609748244285583,kaggle_spiral,handpd_spiral,3
resnet50,PD:0161,1,0.4483042061328888,kaggle_spiral,handpd_spiral,3
resnet50,PD:0165,1,0.44894009828567505,kaggle_spiral,handpd_spiral,3
resnet50,PD:0165,1,0.4937537610530853,kaggle_spiral,handpd_spiral,3
resnet50,PD:0165,1,0.47971993684768677,kaggle_spiral,handpd_spiral,3
resnet50,PD:0165,1,0.4572378993034363,kaggle_spiral,handpd_spiral,3
resnet50,PD:0166,1,0.46704262495040894,kaggle_spiral,handpd_spiral,3
resnet50,PD:0166,1,0.48473647236824036,kaggle_spiral,handpd_spiral,3
resnet50,PD:0166,1,0.4476938843727112,kaggle_spiral,handpd_spiral,3
resnet50,PD:0166,1,0.49608492851257324,kaggle_spiral,handpd_spiral,3
resnet50,PD:0170,1,0.4469427466392517,kaggle_spiral,handpd_spiral,3
resnet50,PD:0170,1,0.47553569078445435,kaggle_spiral,handpd_spiral,3
resnet50,PD:0170,1,0.46833547949790955,kaggle_spiral,handpd_spiral,3
resnet50,PD:0170,1,0.48040178418159485,kaggle_spiral,handpd_spiral,3
resnet50,PD:0174,1,0.477937787771225,kaggle_spiral,handpd_spiral,3
resnet50,PD:0174,1,0.4833812117576599,kaggle_spiral,handpd_spiral,3
resnet50,PD:0174,1,0.4996362328529358,kaggle_spiral,handpd_spiral,3
resnet50,PD:0174,1,0.5326879024505615,kaggle_spiral,handpd_spiral,3
resnet50,PD:0176,1,0.4730178415775299,kaggle_spiral,handpd_spiral,3
resnet50,PD:0176,1,0.4723643958568573,kaggle_spiral,handpd_spiral,3
resnet50,PD:0176,1,0.45240846276283264,kaggle_spiral,handpd_spiral,3
resnet50,PD:0176,1,0.4774599075317383,kaggle_spiral,handpd_spiral,3
resnet50,PD:0177,1,0.46237635612487793,kaggle_spiral,handpd_spiral,3
resnet50,PD:0177,1,0.47900891304016113,kaggle_spiral,handpd_spiral,3
resnet50,PD:0177,1,0.45028144121170044,kaggle_spiral,handpd_spiral,3
resnet50,PD:0177,1,0.47396448254585266,kaggle_spiral,handpd_spiral,3
resnet50,PD:0181,1,0.5135789513587952,kaggle_spiral,handpd_spiral,3
resnet50,PD:0181,1,0.4790465533733368,kaggle_spiral,handpd_spiral,3
resnet50,PD:0181,1,0.48498743772506714,kaggle_spiral,handpd_spiral,3
resnet50,PD:0181,1,0.47529542446136475,kaggle_spiral,handpd_spiral,3
resnet50,PD:0182,1,0.48619353771209717,kaggle_spiral,handpd_spiral,3
resnet50,PD:0182,1,0.46838539838790894,kaggle_spiral,handpd_spiral,3
resnet50,PD:0182,1,0.4795568585395813,kaggle_spiral,handpd_spiral,3
resnet50,PD:0182,1,0.500948965549469,kaggle_spiral,handpd_spiral,3
resnet50,PD:0186,1,0.5103965401649475,kaggle_spiral,handpd_spiral,3
resnet50,PD:0186,1,0.4450090229511261,kaggle_spiral,handpd_spiral,3
resnet50,PD:0186,1,0.5084618330001831,kaggle_spiral,handpd_spiral,3
resnet50,PD:0186,1,0.45097577571868896,kaggle_spiral,handpd_spiral,3
resnet50,PD:0187,1,0.4405723214149475,kaggle_spiral,handpd_spiral,3
resnet50,PD:0187,1,0.46074429154396057,kaggle_spiral,handpd_spiral,3
resnet50,PD:0187,1,0.43926262855529785,kaggle_spiral,handpd_spiral,3
resnet50,PD:0187,1,0.44792360067367554,kaggle_spiral,handpd_spiral,3
resnet50,PD:0188,1,0.4669801592826843,kaggle_spiral,handpd_spiral,3
resnet50,PD:0188,1,0.483268141746521,kaggle_spiral,handpd_spiral,3
resnet50,PD:0188,1,0.4542352259159088,kaggle_spiral,handpd_spiral,3
resnet50,PD:0188,1,0.44465160369873047,kaggle_spiral,handpd_spiral,3
resnet50,PD:0192,1,0.44186222553253174,kaggle_spiral,handpd_spiral,3
resnet50,PD:0192,1,0.40460991859436035,kaggle_spiral,handpd_spiral,3
resnet50,PD:0192,1,0.42519232630729675,kaggle_spiral,handpd_spiral,3
resnet50,PD:0192,1,0.435911625623703,kaggle_spiral,handpd_spiral,3
resnet50,PD:0196,1,0.4091307818889618,kaggle_spiral,handpd_spiral,3
resnet50,PD:0196,1,0.4557773768901825,kaggle_spiral,handpd_spiral,3
resnet50,PD:0196,1,0.41904982924461365,kaggle_spiral,handpd_spiral,3
resnet50,PD:0196,1,0.436335951089859,kaggle_spiral,handpd_spiral,3
resnet50,PD:0197,1,0.45241761207580566,kaggle_spiral,handpd_spiral,3
resnet50,PD:0197,1,0.46515554189682007,kaggle_spiral,handpd_spiral,3
resnet50,PD:0197,1,0.4386015236377716,kaggle_spiral,handpd_spiral,3
resnet50,PD:0197,1,0.4265911877155304,kaggle_spiral,handpd_spiral,3
resnet50,PD:0198,1,0.4795113801956177,kaggle_spiral,handpd_spiral,3
resnet50,PD:0198,1,0.4693976640701294,kaggle_spiral,handpd_spiral,3
resnet50,PD:0198,1,0.4394948184490204,kaggle_spiral,handpd_spiral,3
resnet50,PD:0198,1,0.4603523015975952,kaggle_spiral,handpd_spiral,3
resnet50,PD:0202,1,0.4471089839935303,kaggle_spiral,handpd_spiral,3
resnet50,PD:0202,1,0.4716866612434387,kaggle_spiral,handpd_spiral,3
resnet50,PD:0202,1,0.44847285747528076,kaggle_spiral,handpd_spiral,3
resnet50,PD:0202,1,0.48624518513679504,kaggle_spiral,handpd_spiral,3
resnet50,PD:0203,1,0.4523318409919739,kaggle_spiral,handpd_spiral,3
resnet50,PD:0203,1,0.4970654845237732,kaggle_spiral,handpd_spiral,3
resnet50,PD:0203,1,0.4651773273944855,kaggle_spiral,handpd_spiral,3
resnet50,PD:0203,1,0.47218477725982666,kaggle_spiral,handpd_spiral,3
resnet50,PD:0207,1,0.47023090720176697,kaggle_spiral,handpd_spiral,3
resnet50,PD:0207,1,0.478535532951355,kaggle_spiral,handpd_spiral,3
resnet50,PD:0207,1,0.4725494980812073,kaggle_spiral,handpd_spiral,3
resnet50,PD:0207,1,0.43566593527793884,kaggle_spiral,handpd_spiral,3
resnet50,PD:0208,1,0.5097787380218506,kaggle_spiral,handpd_spiral,3
resnet50,PD:0208,1,0.46172723174095154,kaggle_spiral,handpd_spiral,3
resnet50,PD:0208,1,0.4672667384147644,kaggle_spiral,handpd_spiral,3
resnet50,PD:0208,1,0.4521823823451996,kaggle_spiral,handpd_spiral,3
resnet50,PD:0213,1,0.4279402494430542,kaggle_spiral,handpd_spiral,3
resnet50,PD:0213,1,0.44861656427383423,kaggle_spiral,handpd_spiral,3
resnet50,PD:0213,1,0.5095199346542358,kaggle_spiral,handpd_spiral,3
resnet50,PD:0213,1,0.47865092754364014,kaggle_spiral,handpd_spiral,3
resnet50,PD:0214,1,0.49370622634887695,kaggle_spiral,handpd_spiral,3
resnet50,PD:0214,1,0.49472010135650635,kaggle_spiral,handpd_spiral,3
resnet50,PD:0214,1,0.4958938658237457,kaggle_spiral,handpd_spiral,3
resnet50,PD:0214,1,0.5369472503662109,kaggle_spiral,handpd_spiral,3
resnet50,PD:0218,1,0.4489081799983978,kaggle_spiral,handpd_spiral,3
resnet50,PD:0218,1,0.4890301823616028,kaggle_spiral,handpd_spiral,3
resnet50,PD:0218,1,0.45609262585639954,kaggle_spiral,handpd_spiral,3
resnet50,PD:0218,1,0.43155473470687866,kaggle_spiral,handpd_spiral,3
resnet50,PD:0219,1,0.4978245794773102,kaggle_spiral,handpd_spiral,3
resnet50,PD:0219,1,0.47534865140914917,kaggle_spiral,handpd_spiral,3
resnet50,PD:0219,1,0.4872554838657379,kaggle_spiral,handpd_spiral,3
resnet50,PD:0219,1,0.45193353295326233,kaggle_spiral,handpd_spiral,3
resnet50,PD:0223,1,0.48807600140571594,kaggle_spiral,handpd_spiral,3
resnet50,PD:0223,1,0.46576717495918274,kaggle_spiral,handpd_spiral,3
resnet50,PD:0223,1,0.4938000440597534,kaggle_spiral,handpd_spiral,3
resnet50,PD:0223,1,0.44560593366622925,kaggle_spiral,handpd_spiral,3
resnet50,PD:0228,1,0.5089080929756165,kaggle_spiral,handpd_spiral,3
resnet50,PD:0228,1,0.5437523722648621,kaggle_spiral,handpd_spiral,3
resnet50,PD:0228,1,0.4692347049713135,kaggle_spiral,handpd_spiral,3
resnet50,PD:0228,1,0.5075176358222961,kaggle_spiral,handpd_spiral,3
resnet50,PD:0229,1,0.5073229074478149,kaggle_spiral,handpd_spiral,3
resnet50,PD:0229,1,0.5174296498298645,kaggle_spiral,handpd_spiral,3
resnet50,PD:0229,1,0.5076694488525391,kaggle_spiral,handpd_spiral,3
resnet50,PD:0229,1,0.5184588432312012,kaggle_spiral,handpd_spiral,3
resnet50,PD:0230,1,0.524409830570221,kaggle_spiral,handpd_spiral,3
resnet50,PD:0230,1,0.560740053653717,kaggle_spiral,handpd_spiral,3
resnet50,PD:0230,1,0.519315779209137,kaggle_spiral,handpd_spiral,3
resnet50,PD:0230,1,0.5942004323005676,kaggle_spiral,handpd_spiral,3
resnet50,PD:0234,1,0.4982365071773529,kaggle_spiral,handpd_spiral,3
resnet50,PD:0234,1,0.47263631224632263,kaggle_spiral,handpd_spiral,3
resnet50,PD:0234,1,0.48868250846862793,kaggle_spiral,handpd_spiral,3
resnet50,PD:0234,1,0.5180965065956116,kaggle_spiral,handpd_spiral,3
resnet50,PD:0235,1,0.5038447976112366,kaggle_spiral,handpd_spiral,3
resnet50,PD:0235,1,0.5018594264984131,kaggle_spiral,handpd_spiral,3
resnet50,PD:0235,1,0.4748961925506592,kaggle_spiral,handpd_spiral,3
resnet50,PD:0235,1,0.49470043182373047,kaggle_spiral,handpd_spiral,3
resnet50,PD:0236,1,0.46470823884010315,kaggle_spiral,handpd_spiral,3
resnet50,PD:0236,1,0.5012841820716858,kaggle_spiral,handpd_spiral,3
resnet50,PD:0236,1,0.4854865074157715,kaggle_spiral,handpd_spiral,3
resnet50,PD:0236,1,0.4622158110141754,kaggle_spiral,handpd_spiral,3
resnet50,PD:0240,1,0.45988813042640686,kaggle_spiral,handpd_spiral,3
resnet50,PD:0240,1,0.4596969485282898,kaggle_spiral,handpd_spiral,3
resnet50,PD:0240,1,0.45759889483451843,kaggle_spiral,handpd_spiral,3
resnet50,PD:0240,1,0.4608008861541748,kaggle_spiral,handpd_spiral,3
resnet50,PD:0241,1,0.44507071375846863,kaggle_spiral,handpd_spiral,3
resnet50,PD:0241,1,0.4723634421825409,kaggle_spiral,handpd_spiral,3
resnet50,PD:0241,1,0.46765878796577454,kaggle_spiral,handpd_spiral,3
resnet50,PD:0241,1,0.47364431619644165,kaggle_spiral,handpd_spiral,3
resnet50,PD:0242,1,0.49466416239738464,kaggle_spiral,handpd_spiral,3
resnet50,PD:0242,1,0.4562114477157593,kaggle_spiral,handpd_spiral,3
resnet50,PD:0242,1,0.46504268050193787,kaggle_spiral,handpd_spiral,3
resnet50,PD:0242,1,0.4716211259365082,kaggle_spiral,handpd_spiral,3
resnet50,PD:0246,1,0.4846261739730835,kaggle_spiral,handpd_spiral,3
resnet50,PD:0246,1,0.44101354479789734,kaggle_spiral,handpd_spiral,3
resnet50,PD:0246,1,0.4864354729652405,kaggle_spiral,handpd_spiral,3
resnet50,PD:0246,1,0.4785703122615814,kaggle_spiral,handpd_spiral,3
resnet50,PD:0247,1,0.44612815976142883,kaggle_spiral,handpd_spiral,3
resnet50,PD:0247,1,0.48223763704299927,kaggle_spiral,handpd_spiral,3
resnet50,PD:0247,1,0.5302507281303406,kaggle_spiral,handpd_spiral,3
resnet50,PD:0247,1,0.4771426022052765,kaggle_spiral,handpd_spiral,3
resnet50,PD:0253,1,0.4866196811199188,kaggle_spiral,handpd_spiral,3
resnet50,PD:0253,1,0.4560527503490448,kaggle_spiral,handpd_spiral,3
resnet50,PD:0253,1,0.45689114928245544,kaggle_spiral,handpd_spiral,3
resnet50,PD:0253,1,0.47389546036720276,kaggle_spiral,handpd_spiral,3
resnet50,PD:0254,1,0.4952563941478729,kaggle_spiral,handpd_spiral,3
resnet50,PD:0254,1,0.4700869023799896,kaggle_spiral,handpd_spiral,3
resnet50,PD:0254,1,0.45494282245635986,kaggle_spiral,handpd_spiral,3
resnet50,PD:0254,1,0.4937446713447571,kaggle_spiral,handpd_spiral,3
resnet50,PD:0261,1,0.4486035108566284,kaggle_spiral,handpd_spiral,3
resnet50,PD:0261,1,0.46891137957572937,kaggle_spiral,handpd_spiral,3
resnet50,PD:0261,1,0.44006970524787903,kaggle_spiral,handpd_spiral,3
resnet50,PD:0261,1,0.48587608337402344,kaggle_spiral,handpd_spiral,3
resnet50,PD:0268,1,0.488678514957428,kaggle_spiral,handpd_spiral,3
resnet50,PD:0268,1,0.44711706042289734,kaggle_spiral,handpd_spiral,3
resnet50,PD:0268,1,0.46920159459114075,kaggle_spiral,handpd_spiral,3
resnet50,PD:0268,1,0.43639492988586426,kaggle_spiral,handpd_spiral,3
resnet50,PD:0269,1,0.4557628929615021,kaggle_spiral,handpd_spiral,3
resnet50,PD:0269,1,0.4314894378185272,kaggle_spiral,handpd_spiral,3
resnet50,PD:0269,1,0.4643903374671936,kaggle_spiral,handpd_spiral,3
resnet50,PD:0269,1,0.4630056619644165,kaggle_spiral,handpd_spiral,3
resnet50,PD:0273,1,0.4603450298309326,kaggle_spiral,handpd_spiral,3
resnet50,PD:0273,1,0.47161930799484253,kaggle_spiral,handpd_spiral,3
resnet50,PD:0273,1,0.47035694122314453,kaggle_spiral,handpd_spiral,3
resnet50,PD:0273,1,0.44929662346839905,kaggle_spiral,handpd_spiral,3
resnet50,PD:0274,1,0.4328218698501587,kaggle_spiral,handpd_spiral,3
resnet50,PD:0274,1,0.4234822690486908,kaggle_spiral,handpd_spiral,3
resnet50,PD:0274,1,0.46373260021209717,kaggle_spiral,handpd_spiral,3
resnet50,PD:0274,1,0.43926331400871277,kaggle_spiral,handpd_spiral,3
resnet50,PD:0280,1,0.4543365240097046,kaggle_spiral,handpd_spiral,3
resnet50,PD:0280,1,0.46660253405570984,kaggle_spiral,handpd_spiral,3
resnet50,PD:0280,1,0.457849383354187,kaggle_spiral,handpd_spiral,3
resnet50,PD:0280,1,0.46477940678596497,kaggle_spiral,handpd_spiral,3
resnet50,PD:0281,1,0.4463936686515808,kaggle_spiral,handpd_spiral,3
resnet50,PD:0281,1,0.417300820350647,kaggle_spiral,handpd_spiral,3
resnet50,PD:0281,1,0.4680955708026886,kaggle_spiral,handpd_spiral,3
resnet50,PD:0281,1,0.44793349504470825,kaggle_spiral,handpd_spiral,3
efficientnet_b0,HC:0068,0,0.47130581736564636,kaggle_spiral,handpd_spiral,3
efficientnet_b0,HC:0068,0,0.4569816589355469,kaggle_spiral,handpd_spiral,3
efficientnet_b0,HC:0068,0,0.4974135160446167,kaggle_spiral,handpd_spiral,3
efficientnet_b0,HC:0068,0,0.4721594750881195,kaggle_spiral,handpd_spiral,3
efficientnet_b0,HC:0092,0,0.44235214591026306,kaggle_spiral,handpd_spiral,3
efficientnet_b0,HC:0092,0,0.5398575067520142,kaggle_spiral,handpd_spiral,3
efficientnet_b0,HC:0092,0,0.49511390924453735,kaggle_spiral,handpd_spiral,3
efficientnet_b0,HC:0092,0,0.4735362231731415,kaggle_spiral,handpd_spiral,3
efficientnet_b0,HC:0098,0,0.5080507397651672,kaggle_spiral,handpd_spiral,3
efficientnet_b0,HC:0098,0,0.5228732228279114,kaggle_spiral,handpd_spiral,3
efficientnet_b0,HC:0098,0,0.5271116495132446,kaggle_spiral,handpd_spiral,3
efficientnet_b0,HC:0098,0,0.5488011837005615,kaggle_spiral,handpd_spiral,3
efficientnet_b0,HC:0100,0,0.47011780738830566,kaggle_spiral,handpd_spiral,3
efficientnet_b0,HC:0100,0,0.4749828577041626,kaggle_spiral,handpd_spiral,3
efficientnet_b0,HC:0100,0,0.47803542017936707,kaggle_spiral,handpd_spiral,3
efficientnet_b0,HC:0100,0,0.4713729918003082,kaggle_spiral,handpd_spiral,3
efficientnet_b0,HC:0102,0,0.5267564058303833,kaggle_spiral,handpd_spiral,3
efficientnet_b0,HC:0102,0,0.5130842328071594,kaggle_spiral,handpd_spiral,3
efficientnet_b0,HC:0102,0,0.48138850927352905,kaggle_spiral,handpd_spiral,3
efficientnet_b0,HC:0102,0,0.5004268288612366,kaggle_spiral,handpd_spiral,3
efficientnet_b0,HC:0104,0,0.4866087734699249,kaggle_spiral,handpd_spiral,3
efficientnet_b0,HC:0104,0,0.5358832478523254,kaggle_spiral,handpd_spiral,3
efficientnet_b0,HC:0104,0,0.44244980812072754,kaggle_spiral,handpd_spiral,3
efficientnet_b0,HC:0104,0,0.4037277400493622,kaggle_spiral,handpd_spiral,3
efficientnet_b0,HC:0106,0,0.5459601879119873,kaggle_spiral,handpd_spiral,3
efficientnet_b0,HC:0106,0,0.47978124022483826,kaggle_spiral,handpd_spiral,3
efficientnet_b0,HC:0106,0,0.44585251808166504,kaggle_spiral,handpd_spiral,3
efficientnet_b0,HC:0106,0,0.46222516894340515,kaggle_spiral,handpd_spiral,3
efficientnet_b0,HC:0112,0,0.4826844036579132,kaggle_spiral,handpd_spiral,3
efficientnet_b0,HC:0112,0,0.5046751499176025,kaggle_spiral,handpd_spiral,3
efficientnet_b0,HC:0112,0,0.43904006481170654,kaggle_spiral,handpd_spiral,3
efficientnet_b0,HC:0112,0,0.4674849510192871,kaggle_spiral,handpd_spiral,3
efficientnet_b0,HC:0116,0,0.5171136260032654,kaggle_spiral,handpd_spiral,3
efficientnet_b0,HC:0116,0,0.47355154156684875,kaggle_spiral,handpd_spiral,3
efficientnet_b0,HC:0116,0,0.510870099067688,kaggle_spiral,handpd_spiral,3
efficientnet_b0,HC:0116,0,0.5316596627235413,kaggle_spiral,handpd_spiral,3
efficientnet_b0,HC:0127,0,0.5263507962226868,kaggle_spiral,handpd_spiral,3
efficientnet_b0,HC:0127,0,0.5083279609680176,kaggle_spiral,handpd_spiral,3
efficientnet_b0,HC:0127,0,0.5449939966201782,kaggle_spiral,handpd_spiral,3
efficientnet_b0,HC:0127,0,0.4272170960903168,kaggle_spiral,handpd_spiral,3
efficientnet_b0,HC:0129,0,0.5115235447883606,kaggle_spiral,handpd_spiral,3
efficientnet_b0,HC:0129,0,0.49611297249794006,kaggle_spiral,handpd_spiral,3
efficientnet_b0,HC:0129,0,0.4292910695075989,kaggle_spiral,handpd_spiral,3
efficientnet_b0,HC:0129,0,0.4512684941291809,kaggle_spiral,handpd_spiral,3
efficientnet_b0,HC:0131,0,0.4971690773963928,kaggle_spiral,handpd_spiral,3
efficientnet_b0,HC:0131,0,0.5086570382118225,kaggle_spiral,handpd_spiral,3
efficientnet_b0,HC:0131,0,0.50063157081604,kaggle_spiral,handpd_spiral,3
efficientnet_b0,HC:0131,0,0.5261306166648865,kaggle_spiral,handpd_spiral,3
efficientnet_b0,HC:0287,0,0.45176127552986145,kaggle_spiral,handpd_spiral,3
efficientnet_b0,HC:0287,0,0.45292532444000244,kaggle_spiral,handpd_spiral,3
efficientnet_b0,HC:0287,0,0.43410906195640564,kaggle_spiral,handpd_spiral,3
efficientnet_b0,HC:0287,0,0.42910879850387573,kaggle_spiral,handpd_spiral,3
efficientnet_b0,HC:0289,0,0.466731458902359,kaggle_spiral,handpd_spiral,3
efficientnet_b0,HC:0289,0,0.45688170194625854,kaggle_spiral,handpd_spiral,3
efficientnet_b0,HC:0289,0,0.4373776912689209,kaggle_spiral,handpd_spiral,3
efficientnet_b0,HC:0289,0,0.3940095901489258,kaggle_spiral,handpd_spiral,3
efficientnet_b0,HC:0293,0,0.45955342054367065,kaggle_spiral,handpd_spiral,3
efficientnet_b0,HC:0293,0,0.4987410604953766,kaggle_spiral,handpd_spiral,3
efficientnet_b0,HC:0293,0,0.4971117675304413,kaggle_spiral,handpd_spiral,3
efficientnet_b0,HC:0293,0,0.5163566470146179,kaggle_spiral,handpd_spiral,3
efficientnet_b0,HC:0295,0,0.47980448603630066,kaggle_spiral,handpd_spiral,3
efficientnet_b0,HC:0295,0,0.5127026438713074,kaggle_spiral,handpd_spiral,3
efficientnet_b0,HC:0295,0,0.40053877234458923,kaggle_spiral,handpd_spiral,3
efficientnet_b0,HC:0295,0,0.48301222920417786,kaggle_spiral,handpd_spiral,3
efficientnet_b0,HC:0297,0,0.468868225812912,kaggle_spiral,handpd_spiral,3
efficientnet_b0,HC:0297,0,0.44825196266174316,kaggle_spiral,handpd_spiral,3
efficientnet_b0,HC:0297,0,0.49712327122688293,kaggle_spiral,handpd_spiral,3
efficientnet_b0,HC:0297,0,0.47743329405784607,kaggle_spiral,handpd_spiral,3
efficientnet_b0,HC:0305,0,0.6331140398979187,kaggle_spiral,handpd_spiral,3
efficientnet_b0,HC:0305,0,0.4722917079925537,kaggle_spiral,handpd_spiral,3
efficientnet_b0,HC:0305,0,0.48849111795425415,kaggle_spiral,handpd_spiral,3
efficientnet_b0,HC:0305,0,0.4709247648715973,kaggle_spiral,handpd_spiral,3
efficientnet_b0,PD:0002,1,0.5787972211837769,kaggle_spiral,handpd_spiral,3
efficientnet_b0,PD:0002,1,0.5473527908325195,kaggle_spiral,handpd_spiral,3
efficientnet_b0,PD:0002,1,0.6142804026603699,kaggle_spiral,handpd_spiral,3
efficientnet_b0,PD:0002,1,0.5521764159202576,kaggle_spiral,handpd_spiral,3
efficientnet_b0,PD:0003,1,0.5765836238861084,kaggle_spiral,handpd_spiral,3
efficientnet_b0,PD:0003,1,0.4492831826210022,kaggle_spiral,handpd_spiral,3
efficientnet_b0,PD:0003,1,0.5240824222564697,kaggle_spiral,handpd_spiral,3
efficientnet_b0,PD:0003,1,0.43069255352020264,kaggle_spiral,handpd_spiral,3
efficientnet_b0,PD:0004,1,0.5488479733467102,kaggle_spiral,handpd_spiral,3
efficientnet_b0,PD:0004,1,0.49238601326942444,kaggle_spiral,handpd_spiral,3
efficientnet_b0,PD:0004,1,0.508330225944519,kaggle_spiral,handpd_spiral,3
efficientnet_b0,PD:0004,1,0.5104914307594299,kaggle_spiral,handpd_spiral,3
efficientnet_b0,PD:0005,1,0.4738403558731079,kaggle_spiral,handpd_spiral,3
efficientnet_b0,PD:0005,1,0.358136922121048,kaggle_spiral,handpd_spiral,3
efficientnet_b0,PD:0005,1,0.48143908381462097,kaggle_spiral,handpd_spiral,3
efficientnet_b0,PD:0005,1,0.4743480384349823,kaggle_spiral,handpd_spiral,3
efficientnet_b0,PD:0009,1,0.4981560707092285,kaggle_spiral,handpd_spiral,3
efficientnet_b0,PD:0009,1,0.45700883865356445,kaggle_spiral,handpd_spiral,3
efficientnet_b0,PD:0009,1,0.5036680102348328,kaggle_spiral,handpd_spiral,3
efficientnet_b0,PD:0009,1,0.49589118361473083,kaggle_spiral,handpd_spiral,3
efficientnet_b0,PD:0010,1,0.5007885694503784,kaggle_spiral,handpd_spiral,3
efficientnet_b0,PD:0010,1,0.5108837485313416,kaggle_spiral,handpd_spiral,3
efficientnet_b0,PD:0010,1,0.4706099033355713,kaggle_spiral,handpd_spiral,3
efficientnet_b0,PD:0010,1,0.4967258870601654,kaggle_spiral,handpd_spiral,3
efficientnet_b0,PD:0016,1,0.5220310091972351,kaggle_spiral,handpd_spiral,3
efficientnet_b0,PD:0016,1,0.5556156039237976,kaggle_spiral,handpd_spiral,3
efficientnet_b0,PD:0016,1,0.5277805924415588,kaggle_spiral,handpd_spiral,3
efficientnet_b0,PD:0016,1,0.5001407861709595,kaggle_spiral,handpd_spiral,3
efficientnet_b0,PD:0023,1,0.48197227716445923,kaggle_spiral,handpd_spiral,3
efficientnet_b0,PD:0023,1,0.49910664558410645,kaggle_spiral,handpd_spiral,3
efficientnet_b0,PD:0023,1,0.44448956847190857,kaggle_spiral,handpd_spiral,3
efficientnet_b0,PD:0023,1,0.4549087584018707,kaggle_spiral,handpd_spiral,3
efficientnet_b0,PD:0024,1,0.4752413034439087,kaggle_spiral,handpd_spiral,3
efficientnet_b0,PD:0024,1,0.4554256200790405,kaggle_spiral,handpd_spiral,3
efficientnet_b0,PD:0024,1,0.46873149275779724,kaggle_spiral,handpd_spiral,3
efficientnet_b0,PD:0024,1,0.5400464534759521,kaggle_spiral,handpd_spiral,3
efficientnet_b0,PD:0030,1,0.4700455665588379,kaggle_spiral,handpd_spiral,3
efficientnet_b0,PD:0030,1,0.45451080799102783,kaggle_spiral,handpd_spiral,3
efficientnet_b0,PD:0030,1,0.47922900319099426,kaggle_spiral,handpd_spiral,3
efficientnet_b0,PD:0030,1,0.5145860314369202,kaggle_spiral,handpd_spiral,3
efficientnet_b0,PD:0031,1,0.49582013487815857,kaggle_spiral,handpd_spiral,3
efficientnet_b0,PD:0031,1,0.4543823301792145,kaggle_spiral,handpd_spiral,3
efficientnet_b0,PD:0031,1,0.4658932685852051,kaggle_spiral,handpd_spiral,3
efficientnet_b0,PD:0031,1,0.5231677889823914,kaggle_spiral,handpd_spiral,3
efficientnet_b0,PD:0037,1,0.5391406416893005,kaggle_spiral,handpd_spiral,3
efficientnet_b0,PD:0037,1,0.48138272762298584,kaggle_spiral,handpd_spiral,3
efficientnet_b0,PD:0037,1,0.5308400988578796,kaggle_spiral,handpd_spiral,3
efficientnet_b0,PD:0037,1,0.5064734220504761,kaggle_spiral,handpd_spiral,3
efficientnet_b0,PD:0038,1,0.4897896945476532,kaggle_spiral,handpd_spiral,3
efficientnet_b0,PD:0038,1,0.4480538070201874,kaggle_spiral,handpd_spiral,3
efficientnet_b0,PD:0038,1,0.39575615525245667,kaggle_spiral,handpd_spiral,3
efficientnet_b0,PD:0038,1,0.4661552906036377,kaggle_spiral,handpd_spiral,3
efficientnet_b0,PD:0044,1,0.5483080148696899,kaggle_spiral,handpd_spiral,3
efficientnet_b0,PD:0044,1,0.4712819457054138,kaggle_spiral,handpd_spiral,3
efficientnet_b0,PD:0044,1,0.5301823616027832,kaggle_spiral,handpd_spiral,3
efficientnet_b0,PD:0044,1,0.4786083698272705,kaggle_spiral,handpd_spiral,3
efficientnet_b0,PD:0045,1,0.5429165363311768,kaggle_spiral,handpd_spiral,3
efficientnet_b0,PD:0045,1,0.5400674939155579,kaggle_spiral,handpd_spiral,3
efficientnet_b0,PD:0045,1,0.5892500281333923,kaggle_spiral,handpd_spiral,3
efficientnet_b0,PD:0045,1,0.5072821974754333,kaggle_spiral,handpd_spiral,3
efficientnet_b0,PD:0046,1,0.5344755053520203,kaggle_spiral,handpd_spiral,3
efficientnet_b0,PD:0046,1,0.5927674174308777,kaggle_spiral,handpd_spiral,3
efficientnet_b0,PD:0046,1,0.5567604899406433,kaggle_spiral,handpd_spiral,3
efficientnet_b0,PD:0046,1,0.5188630223274231,kaggle_spiral,handpd_spiral,3
efficientnet_b0,PD:0051,1,0.4757341146469116,kaggle_spiral,handpd_spiral,3
efficientnet_b0,PD:0051,1,0.5426938533782959,kaggle_spiral,handpd_spiral,3
efficientnet_b0,PD:0051,1,0.5235642790794373,kaggle_spiral,handpd_spiral,3
efficientnet_b0,PD:0051,1,0.51008540391922,kaggle_spiral,handpd_spiral,3
efficientnet_b0,PD:0052,1,0.5846154689788818,kaggle_spiral,handpd_spiral,3
efficientnet_b0,PD:0052,1,0.5319494605064392,kaggle_spiral,handpd_spiral,3
efficientnet_b0,PD:0052,1,0.5614257454872131,kaggle_spiral,handpd_spiral,3
efficientnet_b0,PD:0052,1,0.4595140516757965,kaggle_spiral,handpd_spiral,3
efficientnet_b0,PD:0053,1,0.539902925491333,kaggle_spiral,handpd_spiral,3
efficientnet_b0,PD:0053,1,0.5163275599479675,kaggle_spiral,handpd_spiral,3
efficientnet_b0,PD:0053,1,0.5033541321754456,kaggle_spiral,handpd_spiral,3
efficientnet_b0,PD:0053,1,0.494112491607666,kaggle_spiral,handpd_spiral,3
efficientnet_b0,PD:0054,1,0.5103403925895691,kaggle_spiral,handpd_spiral,3
efficientnet_b0,PD:0054,1,0.46523648500442505,kaggle_spiral,handpd_spiral,3
efficientnet_b0,PD:0054,1,0.5042943954467773,kaggle_spiral,handpd_spiral,3
efficientnet_b0,PD:0054,1,0.5355209708213806,kaggle_spiral,handpd_spiral,3
efficientnet_b0,PD:0134,1,0.5072486400604248,kaggle_spiral,handpd_spiral,3
efficientnet_b0,PD:0134,1,0.5492098927497864,kaggle_spiral,handpd_spiral,3
efficientnet_b0,PD:0134,1,0.5249981880187988,kaggle_spiral,handpd_spiral,3
efficientnet_b0,PD:0134,1,0.4776587188243866,kaggle_spiral,handpd_spiral,3
efficientnet_b0,PD:0136,1,0.4907808303833008,kaggle_spiral,handpd_spiral,3
efficientnet_b0,PD:0136,1,0.5102108716964722,kaggle_spiral,handpd_spiral,3
efficientnet_b0,PD:0136,1,0.48237088322639465,kaggle_spiral,handpd_spiral,3
efficientnet_b0,PD:0136,1,0.5672549605369568,kaggle_spiral,handpd_spiral,3
efficientnet_b0,PD:0138,1,0.49107298254966736,kaggle_spiral,handpd_spiral,3
efficientnet_b0,PD:0138,1,0.5677783489227295,kaggle_spiral,handpd_spiral,3
efficientnet_b0,PD:0138,1,0.5759634971618652,kaggle_spiral,handpd_spiral,3
efficientnet_b0,PD:0138,1,0.5862987041473389,kaggle_spiral,handpd_spiral,3
efficientnet_b0,PD:0139,1,0.5089453458786011,kaggle_spiral,handpd_spiral,3
efficientnet_b0,PD:0139,1,0.4942004680633545,kaggle_spiral,handpd_spiral,3
efficientnet_b0,PD:0139,1,0.5101335048675537,kaggle_spiral,handpd_spiral,3
efficientnet_b0,PD:0139,1,0.572960615158081,kaggle_spiral,handpd_spiral,3
efficientnet_b0,PD:0143,1,0.5629092454910278,kaggle_spiral,handpd_spiral,3
efficientnet_b0,PD:0143,1,0.4990471601486206,kaggle_spiral,handpd_spiral,3
efficientnet_b0,PD:0143,1,0.5067406892776489,kaggle_spiral,handpd_spiral,3
efficientnet_b0,PD:0143,1,0.5322358012199402,kaggle_spiral,handpd_spiral,3
efficientnet_b0,PD:0148,1,0.4689386785030365,kaggle_spiral,handpd_spiral,3
efficientnet_b0,PD:0148,1,0.5047911405563354,kaggle_spiral,handpd_spiral,3
efficientnet_b0,PD:0148,1,0.4713505804538727,kaggle_spiral,handpd_spiral,3
efficientnet_b0,PD:0148,1,0.546879768371582,kaggle_spiral,handpd_spiral,3
efficientnet_b0,PD:0149,1,0.542910099029541,kaggle_spiral,handpd_spiral,3
efficientnet_b0,PD:0149,1,0.4948651194572449,kaggle_spiral,handpd_spiral,3
efficientnet_b0,PD:0149,1,0.5489783883094788,kaggle_spiral,handpd_spiral,3
efficientnet_b0,PD:0149,1,0.5388179421424866,kaggle_spiral,handpd_spiral,3
efficientnet_b0,PD:0153,1,0.5357905626296997,kaggle_spiral,handpd_spiral,3
efficientnet_b0,PD:0153,1,0.5443500280380249,kaggle_spiral,handpd_spiral,3
efficientnet_b0,PD:0153,1,0.5226736068725586,kaggle_spiral,handpd_spiral,3
efficientnet_b0,PD:0153,1,0.5677172541618347,kaggle_spiral,handpd_spiral,3
efficientnet_b0,PD:0157,1,0.57161945104599,kaggle_spiral,handpd_spiral,3
efficientnet_b0,PD:0157,1,0.47533729672431946,kaggle_spiral,handpd_spiral,3
efficientnet_b0,PD:0157,1,0.5061755776405334,kaggle_spiral,handpd_spiral,3
efficientnet_b0,PD:0157,1,0.4939649999141693,kaggle_spiral,handpd_spiral,3
efficientnet_b0,PD:0161,1,0.5830082893371582,kaggle_spiral,handpd_spiral,3
efficientnet_b0,PD:0161,1,0.5431435704231262,kaggle_spiral,handpd_spiral,3
efficientnet_b0,PD:0161,1,0.5934100151062012,kaggle_spiral,handpd_spiral,3
efficientnet_b0,PD:0161,1,0.5072926878929138,kaggle_spiral,handpd_spiral,3
efficientnet_b0,PD:0165,1,0.5005844235420227,kaggle_spiral,handpd_spiral,3
efficientnet_b0,PD:0165,1,0.5038030743598938,kaggle_spiral,handpd_spiral,3
efficientnet_b0,PD:0165,1,0.48332077264785767,kaggle_spiral,handpd_spiral,3
efficientnet_b0,PD:0165,1,0.4819262623786926,kaggle_spiral,handpd_spiral,3
efficientnet_b0,PD:0166,1,0.5323948264122009,kaggle_spiral,handpd_spiral,3
efficientnet_b0,PD:0166,1,0.44625961780548096,kaggle_spiral,handpd_spiral,3
efficientnet_b0,PD:0166,1,0.42178213596343994,kaggle_spiral,handpd_spiral,3
efficientnet_b0,PD:0166,1,0.5016207098960876,kaggle_spiral,handpd_spiral,3
efficientnet_b0,PD:0170,1,0.5490731596946716,kaggle_spiral,handpd_spiral,3
efficientnet_b0,PD:0170,1,0.49638620018959045,kaggle_spiral,handpd_spiral,3
efficientnet_b0,PD:0170,1,0.5486266613006592,kaggle_spiral,handpd_spiral,3
efficientnet_b0,PD:0170,1,0.5993415713310242,kaggle_spiral,handpd_spiral,3
efficientnet_b0,PD:0174,1,0.4331333339214325,kaggle_spiral,handpd_spiral,3
efficientnet_b0,PD:0174,1,0.498692125082016,kaggle_spiral,handpd_spiral,3
efficientnet_b0,PD:0174,1,0.49131038784980774,kaggle_spiral,handpd_spiral,3
efficientnet_b0,PD:0174,1,0.5777795910835266,kaggle_spiral,handpd_spiral,3
efficientnet_b0,PD:0176,1,0.5785760879516602,kaggle_spiral,handpd_spiral,3
efficientnet_b0,PD:0176,1,0.605598509311676,kaggle_spiral,handpd_spiral,3
efficientnet_b0,PD:0176,1,0.6022008061408997,kaggle_spiral,handpd_spiral,3
efficientnet_b0,PD:0176,1,0.5682799220085144,kaggle_spiral,handpd_spiral,3
efficientnet_b0,PD:0177,1,0.5599043369293213,kaggle_spiral,handpd_spiral,3
efficientnet_b0,PD:0177,1,0.5247687101364136,kaggle_spiral,handpd_spiral,3
efficientnet_b0,PD:0177,1,0.48523440957069397,kaggle_spiral,handpd_spiral,3
efficientnet_b0,PD:0177,1,0.5233996510505676,kaggle_spiral,handpd_spiral,3
efficientnet_b0,PD:0181,1,0.5230761170387268,kaggle_spiral,handpd_spiral,3
efficientnet_b0,PD:0181,1,0.5059443116188049,kaggle_spiral,handpd_spiral,3
efficientnet_b0,PD:0181,1,0.4744839072227478,kaggle_spiral,handpd_spiral,3
efficientnet_b0,PD:0181,1,0.5475401282310486,kaggle_spiral,handpd_spiral,3
efficientnet_b0,PD:0182,1,0.4547792971134186,kaggle_spiral,handpd_spiral,3
efficientnet_b0,PD:0182,1,0.45583927631378174,kaggle_spiral,handpd_spiral,3
efficientnet_b0,PD:0182,1,0.46992459893226624,kaggle_spiral,handpd_spiral,3
efficientnet_b0,PD:0182,1,0.527267336845398,kaggle_spiral,handpd_spiral,3
efficientnet_b0,PD:0186,1,0.5389981865882874,kaggle_spiral,handpd_spiral,3
efficientnet_b0,PD:0186,1,0.47403284907341003,kaggle_spiral,handpd_spiral,3
efficientnet_b0,PD:0186,1,0.4777522683143616,kaggle_spiral,handpd_spiral,3
efficientnet_b0,PD:0186,1,0.4952828288078308,kaggle_spiral,handpd_spiral,3
efficientnet_b0,PD:0187,1,0.46245646476745605,kaggle_spiral,handpd_spiral,3
efficientnet_b0,PD:0187,1,0.47896966338157654,kaggle_spiral,handpd_spiral,3
efficientnet_b0,PD:0187,1,0.4660082459449768,kaggle_spiral,handpd_spiral,3
efficientnet_b0,PD:0187,1,0.4212978184223175,kaggle_spiral,handpd_spiral,3
efficientnet_b0,PD:0188,1,0.5020219087600708,kaggle_spiral,handpd_spiral,3
efficientnet_b0,PD:0188,1,0.5128931403160095,kaggle_spiral,handpd_spiral,3
efficientnet_b0,PD:0188,1,0.47696352005004883,kaggle_spiral,handpd_spiral,3
efficientnet_b0,PD:0188,1,0.5425507426261902,kaggle_spiral,handpd_spiral,3
efficientnet_b0,PD:0192,1,0.464568167924881,kaggle_spiral,handpd_spiral,3
efficientnet_b0,PD:0192,1,0.5219895243644714,kaggle_spiral,handpd_spiral,3
efficientnet_b0,PD:0192,1,0.5359317660331726,kaggle_spiral,handpd_spiral,3
efficientnet_b0,PD:0192,1,0.5005853176116943,kaggle_spiral,handpd_spiral,3
efficientnet_b0,PD:0196,1,0.5131025314331055,kaggle_spiral,handpd_spiral,3
efficientnet_b0,PD:0196,1,0.5319269299507141,kaggle_spiral,handpd_spiral,3
efficientnet_b0,PD:0196,1,0.5173001289367676,kaggle_spiral,handpd_spiral,3
efficientnet_b0,PD:0196,1,0.5461533069610596,kaggle_spiral,handpd_spiral,3
efficientnet_b0,PD:0197,1,0.5051461458206177,kaggle_spiral,handpd_spiral,3
efficientnet_b0,PD:0197,1,0.4750661551952362,kaggle_spiral,handpd_spiral,3
efficientnet_b0,PD:0197,1,0.5581908226013184,kaggle_spiral,handpd_spiral,3
efficientnet_b0,PD:0197,1,0.5677335858345032,kaggle_spiral,handpd_spiral,3
efficientnet_b0,PD:0198,1,0.48798444867134094,kaggle_spiral,handpd_spiral,3
efficientnet_b0,PD:0198,1,0.5234888792037964,kaggle_spiral,handpd_spiral,3
efficientnet_b0,PD:0198,1,0.48890841007232666,kaggle_spiral,handpd_spiral,3
efficientnet_b0,PD:0198,1,0.4798958897590637,kaggle_spiral,handpd_spiral,3
efficientnet_b0,PD:0202,1,0.574149489402771,kaggle_spiral,handpd_spiral,3
efficientnet_b0,PD:0202,1,0.5366740226745605,kaggle_spiral,handpd_spiral,3
efficientnet_b0,PD:0202,1,0.5491483211517334,kaggle_spiral,handpd_spiral,3
efficientnet_b0,PD:0202,1,0.5440163612365723,kaggle_spiral,handpd_spiral,3
efficientnet_b0,PD:0203,1,0.591670572757721,kaggle_spiral,handpd_spiral,3
efficientnet_b0,PD:0203,1,0.5731353759765625,kaggle_spiral,handpd_spiral,3
efficientnet_b0,PD:0203,1,0.5345920324325562,kaggle_spiral,handpd_spiral,3
efficientnet_b0,PD:0203,1,0.5438393354415894,kaggle_spiral,handpd_spiral,3
efficientnet_b0,PD:0207,1,0.4869321882724762,kaggle_spiral,handpd_spiral,3
efficientnet_b0,PD:0207,1,0.5622608661651611,kaggle_spiral,handpd_spiral,3
efficientnet_b0,PD:0207,1,0.5209332704544067,kaggle_spiral,handpd_spiral,3
efficientnet_b0,PD:0207,1,0.5558210015296936,kaggle_spiral,handpd_spiral,3
efficientnet_b0,PD:0208,1,0.4814424514770508,kaggle_spiral,handpd_spiral,3
efficientnet_b0,PD:0208,1,0.43101420998573303,kaggle_spiral,handpd_spiral,3
efficientnet_b0,PD:0208,1,0.43666186928749084,kaggle_spiral,handpd_spiral,3
efficientnet_b0,PD:0208,1,0.41212719678878784,kaggle_spiral,handpd_spiral,3
efficientnet_b0,PD:0213,1,0.5553930401802063,kaggle_spiral,handpd_spiral,3
efficientnet_b0,PD:0213,1,0.5269426107406616,kaggle_spiral,handpd_spiral,3
efficientnet_b0,PD:0213,1,0.593776285648346,kaggle_spiral,handpd_spiral,3
efficientnet_b0,PD:0213,1,0.5338367819786072,kaggle_spiral,handpd_spiral,3
efficientnet_b0,PD:0214,1,0.5100493431091309,kaggle_spiral,handpd_spiral,3
efficientnet_b0,PD:0214,1,0.4562509059906006,kaggle_spiral,handpd_spiral,3
efficientnet_b0,PD:0214,1,0.4560210704803467,kaggle_spiral,handpd_spiral,3
efficientnet_b0,PD:0214,1,0.41851627826690674,kaggle_spiral,handpd_spiral,3
efficientnet_b0,PD:0218,1,0.5486932396888733,kaggle_spiral,handpd_spiral,3
efficientnet_b0,PD:0218,1,0.49481210112571716,kaggle_spiral,handpd_spiral,3
efficientnet_b0,PD:0218,1,0.5005341172218323,kaggle_spiral,handpd_spiral,3
efficientnet_b0,PD:0218,1,0.4962799549102783,kaggle_spiral,handpd_spiral,3
efficientnet_b0,PD:0219,1,0.5343323945999146,kaggle_spiral,handpd_spiral,3
efficientnet_b0,PD:0219,1,0.4549267590045929,kaggle_spiral,handpd_spiral,3
efficientnet_b0,PD:0219,1,0.4402230381965637,kaggle_spiral,handpd_spiral,3
efficientnet_b0,PD:0219,1,0.47288939356803894,kaggle_spiral,handpd_spiral,3
efficientnet_b0,PD:0223,1,0.546847939491272,kaggle_spiral,handpd_spiral,3
efficientnet_b0,PD:0223,1,0.4814492166042328,kaggle_spiral,handpd_spiral,3
efficientnet_b0,PD:0223,1,0.5122004747390747,kaggle_spiral,handpd_spiral,3
efficientnet_b0,PD:0223,1,0.5152848958969116,kaggle_spiral,handpd_spiral,3
efficientnet_b0,PD:0228,1,0.47617340087890625,kaggle_spiral,handpd_spiral,3
efficientnet_b0,PD:0228,1,0.4698387682437897,kaggle_spiral,handpd_spiral,3
efficientnet_b0,PD:0228,1,0.45132917165756226,kaggle_spiral,handpd_spiral,3
efficientnet_b0,PD:0228,1,0.5183017253875732,kaggle_spiral,handpd_spiral,3
efficientnet_b0,PD:0229,1,0.4964681565761566,kaggle_spiral,handpd_spiral,3
efficientnet_b0,PD:0229,1,0.459613174200058,kaggle_spiral,handpd_spiral,3
efficientnet_b0,PD:0229,1,0.4666130542755127,kaggle_spiral,handpd_spiral,3
efficientnet_b0,PD:0229,1,0.4947372376918793,kaggle_spiral,handpd_spiral,3
efficientnet_b0,PD:0230,1,0.6075312495231628,kaggle_spiral,handpd_spiral,3
efficientnet_b0,PD:0230,1,0.5394710302352905,kaggle_spiral,handpd_spiral,3
efficientnet_b0,PD:0230,1,0.6215398907661438,kaggle_spiral,handpd_spiral,3
efficientnet_b0,PD:0230,1,0.6052683591842651,kaggle_spiral,handpd_spiral,3
efficientnet_b0,PD:0234,1,0.47483572363853455,kaggle_spiral,handpd_spiral,3
efficientnet_b0,PD:0234,1,0.5174757838249207,kaggle_spiral,handpd_spiral,3
efficientnet_b0,PD:0234,1,0.5098693370819092,kaggle_spiral,handpd_spiral,3
efficientnet_b0,PD:0234,1,0.5202027559280396,kaggle_spiral,handpd_spiral,3
efficientnet_b0,PD:0235,1,0.672186017036438,kaggle_spiral,handpd_spiral,3
efficientnet_b0,PD:0235,1,0.5275134444236755,kaggle_spiral,handpd_spiral,3
efficientnet_b0,PD:0235,1,0.5642966628074646,kaggle_spiral,handpd_spiral,3
efficientnet_b0,PD:0235,1,0.5352095365524292,kaggle_spiral,handpd_spiral,3
efficientnet_b0,PD:0236,1,0.53336101770401,kaggle_spiral,handpd_spiral,3
efficientnet_b0,PD:0236,1,0.47896239161491394,kaggle_spiral,handpd_spiral,3
efficientnet_b0,PD:0236,1,0.5765182971954346,kaggle_spiral,handpd_spiral,3
efficientnet_b0,PD:0236,1,0.6135971546173096,kaggle_spiral,handpd_spiral,3
efficientnet_b0,PD:0240,1,0.4580269157886505,kaggle_spiral,handpd_spiral,3
efficientnet_b0,PD:0240,1,0.5535333156585693,kaggle_spiral,handpd_spiral,3
efficientnet_b0,PD:0240,1,0.48430636525154114,kaggle_spiral,handpd_spiral,3
efficientnet_b0,PD:0240,1,0.5518614649772644,kaggle_spiral,handpd_spiral,3
efficientnet_b0,PD:0241,1,0.4934575855731964,kaggle_spiral,handpd_spiral,3
efficientnet_b0,PD:0241,1,0.4827158451080322,kaggle_spiral,handpd_spiral,3
efficientnet_b0,PD:0241,1,0.5125533938407898,kaggle_spiral,handpd_spiral,3
efficientnet_b0,PD:0241,1,0.5044304728507996,kaggle_spiral,handpd_spiral,3
efficientnet_b0,PD:0242,1,0.518280029296875,kaggle_spiral,handpd_spiral,3
efficientnet_b0,PD:0242,1,0.5433524250984192,kaggle_spiral,handpd_spiral,3
efficientnet_b0,PD:0242,1,0.4974462687969208,kaggle_spiral,handpd_spiral,3
efficientnet_b0,PD:0242,1,0.505084753036499,kaggle_spiral,handpd_spiral,3
efficientnet_b0,PD:0246,1,0.4739733934402466,kaggle_spiral,handpd_spiral,3
efficientnet_b0,PD:0246,1,0.5571929812431335,kaggle_spiral,handpd_spiral,3
efficientnet_b0,PD:0246,1,0.4738289415836334,kaggle_spiral,handpd_spiral,3
efficientnet_b0,PD:0246,1,0.5586782097816467,kaggle_spiral,handpd_spiral,3
efficientnet_b0,PD:0247,1,0.4286591112613678,kaggle_spiral,handpd_spiral,3
efficientnet_b0,PD:0247,1,0.4704833924770355,kaggle_spiral,handpd_spiral,3
efficientnet_b0,PD:0247,1,0.5547906160354614,kaggle_spiral,handpd_spiral,3
efficientnet_b0,PD:0247,1,0.46897920966148376,kaggle_spiral,handpd_spiral,3
efficientnet_b0,PD:0253,1,0.5003776550292969,kaggle_spiral,handpd_spiral,3
efficientnet_b0,PD:0253,1,0.5410990118980408,kaggle_spiral,handpd_spiral,3
efficientnet_b0,PD:0253,1,0.439940869808197,kaggle_spiral,handpd_spiral,3
efficientnet_b0,PD:0253,1,0.4241144061088562,kaggle_spiral,handpd_spiral,3
efficientnet_b0,PD:0254,1,0.4853146970272064,kaggle_spiral,handpd_spiral,3
efficientnet_b0,PD:0254,1,0.4682309031486511,kaggle_spiral,handpd_spiral,3
efficientnet_b0,PD:0254,1,0.4739258587360382,kaggle_spiral,handpd_spiral,3
efficientnet_b0,PD:0254,1,0.5099125504493713,kaggle_spiral,handpd_spiral,3
efficientnet_b0,PD:0261,1,0.5254502892494202,kaggle_spiral,handpd_spiral,3
efficientnet_b0,PD:0261,1,0.5031253695487976,kaggle_spiral,handpd_spiral,3
efficientnet_b0,PD:0261,1,0.4534994661808014,kaggle_spiral,handpd_spiral,3
efficientnet_b0,PD:0261,1,0.5082767009735107,kaggle_spiral,handpd_spiral,3
efficientnet_b0,PD:0268,1,0.5555959939956665,kaggle_spiral,handpd_spiral,3
efficientnet_b0,PD:0268,1,0.5482231378555298,kaggle_spiral,handpd_spiral,3
efficientnet_b0,PD:0268,1,0.5674039721488953,kaggle_spiral,handpd_spiral,3
efficientnet_b0,PD:0268,1,0.5242289304733276,kaggle_spiral,handpd_spiral,3
efficientnet_b0,PD:0269,1,0.5214457511901855,kaggle_spiral,handpd_spiral,3
efficientnet_b0,PD:0269,1,0.4937089681625366,kaggle_spiral,handpd_spiral,3
efficientnet_b0,PD:0269,1,0.5214442610740662,kaggle_spiral,handpd_spiral,3
efficientnet_b0,PD:0269,1,0.5574296116828918,kaggle_spiral,handpd_spiral,3
efficientnet_b0,PD:0273,1,0.5975991487503052,kaggle_spiral,handpd_spiral,3
efficientnet_b0,PD:0273,1,0.6040741205215454,kaggle_spiral,handpd_spiral,3
efficientnet_b0,PD:0273,1,0.5685661435127258,kaggle_spiral,handpd_spiral,3
efficientnet_b0,PD:0273,1,0.5770003199577332,kaggle_spiral,handpd_spiral,3
efficientnet_b0,PD:0274,1,0.5438446998596191,kaggle_spiral,handpd_spiral,3
efficientnet_b0,PD:0274,1,0.447576642036438,kaggle_spiral,handpd_spiral,3
efficientnet_b0,PD:0274,1,0.48659005761146545,kaggle_spiral,handpd_spiral,3
efficientnet_b0,PD:0274,1,0.44812193512916565,kaggle_spiral,handpd_spiral,3
efficientnet_b0,PD:0280,1,0.5301612615585327,kaggle_spiral,handpd_spiral,3
efficientnet_b0,PD:0280,1,0.4928378760814667,kaggle_spiral,handpd_spiral,3
efficientnet_b0,PD:0280,1,0.527805507183075,kaggle_spiral,handpd_spiral,3
efficientnet_b0,PD:0280,1,0.49987512826919556,kaggle_spiral,handpd_spiral,3
efficientnet_b0,PD:0281,1,0.5136868357658386,kaggle_spiral,handpd_spiral,3
efficientnet_b0,PD:0281,1,0.5618457198143005,kaggle_spiral,handpd_spiral,3
efficientnet_b0,PD:0281,1,0.5101463198661804,kaggle_spiral,handpd_spiral,3
efficientnet_b0,PD:0281,1,0.5993595719337463,kaggle_spiral,handpd_spiral,3
vgg16,HC:0068,0,0.564247727394104,kaggle_spiral,handpd_spiral,4
vgg16,HC:0068,0,0.5874207615852356,kaggle_spiral,handpd_spiral,4
vgg16,HC:0068,0,0.5647585391998291,kaggle_spiral,handpd_spiral,4
vgg16,HC:0068,0,0.5881582498550415,kaggle_spiral,handpd_spiral,4
vgg16,HC:0092,0,0.5508255362510681,kaggle_spiral,handpd_spiral,4
vgg16,HC:0092,0,0.5461189150810242,kaggle_spiral,handpd_spiral,4
vgg16,HC:0092,0,0.5660530924797058,kaggle_spiral,handpd_spiral,4
vgg16,HC:0092,0,0.5615949034690857,kaggle_spiral,handpd_spiral,4
vgg16,HC:0098,0,0.5539924502372742,kaggle_spiral,handpd_spiral,4
vgg16,HC:0098,0,0.5811532735824585,kaggle_spiral,handpd_spiral,4
vgg16,HC:0098,0,0.5462177991867065,kaggle_spiral,handpd_spiral,4
vgg16,HC:0098,0,0.5677818655967712,kaggle_spiral,handpd_spiral,4
vgg16,HC:0100,0,0.57590651512146,kaggle_spiral,handpd_spiral,4
vgg16,HC:0100,0,0.5979286432266235,kaggle_spiral,handpd_spiral,4
vgg16,HC:0100,0,0.5609921216964722,kaggle_spiral,handpd_spiral,4
vgg16,HC:0100,0,0.5703060626983643,kaggle_spiral,handpd_spiral,4
vgg16,HC:0102,0,0.546913206577301,kaggle_spiral,handpd_spiral,4
vgg16,HC:0102,0,0.5637081265449524,kaggle_spiral,handpd_spiral,4
vgg16,HC:0102,0,0.5640798211097717,kaggle_spiral,handpd_spiral,4
vgg16,HC:0102,0,0.5616350173950195,kaggle_spiral,handpd_spiral,4
vgg16,HC:0104,0,0.5671985745429993,kaggle_spiral,handpd_spiral,4
vgg16,HC:0104,0,0.5547621846199036,kaggle_spiral,handpd_spiral,4
vgg16,HC:0104,0,0.5544738173484802,kaggle_spiral,handpd_spiral,4
vgg16,HC:0104,0,0.5494191646575928,kaggle_spiral,handpd_spiral,4
vgg16,HC:0106,0,0.5723057985305786,kaggle_spiral,handpd_spiral,4
vgg16,HC:0106,0,0.5791586637496948,kaggle_spiral,handpd_spiral,4
vgg16,HC:0106,0,0.5816583633422852,kaggle_spiral,handpd_spiral,4
vgg16,HC:0106,0,0.5841071605682373,kaggle_spiral,handpd_spiral,4
vgg16,HC:0112,0,0.5819264054298401,kaggle_spiral,handpd_spiral,4
vgg16,HC:0112,0,0.5628849267959595,kaggle_spiral,handpd_spiral,4
vgg16,HC:0112,0,0.5616422891616821,kaggle_spiral,handpd_spiral,4
vgg16,HC:0112,0,0.5772734880447388,kaggle_spiral,handpd_spiral,4
vgg16,HC:0116,0,0.5731156468391418,kaggle_spiral,handpd_spiral,4
vgg16,HC:0116,0,0.5736872553825378,kaggle_spiral,handpd_spiral,4
vgg16,HC:0116,0,0.5565598607063293,kaggle_spiral,handpd_spiral,4
vgg16,HC:0116,0,0.5824861526489258,kaggle_spiral,handpd_spiral,4
vgg16,HC:0127,0,0.5721360445022583,kaggle_spiral,handpd_spiral,4
vgg16,HC:0127,0,0.5761477947235107,kaggle_spiral,handpd_spiral,4
vgg16,HC:0127,0,0.5853502154350281,kaggle_spiral,handpd_spiral,4
vgg16,HC:0127,0,0.5816163420677185,kaggle_spiral,handpd_spiral,4
vgg16,HC:0129,0,0.5684288740158081,kaggle_spiral,handpd_spiral,4
vgg16,HC:0129,0,0.5568050146102905,kaggle_spiral,handpd_spiral,4
vgg16,HC:0129,0,0.5587450265884399,kaggle_spiral,handpd_spiral,4
vgg16,HC:0129,0,0.5654985308647156,kaggle_spiral,handpd_spiral,4
vgg16,HC:0131,0,0.5730682015419006,kaggle_spiral,handpd_spiral,4
vgg16,HC:0131,0,0.5612930655479431,kaggle_spiral,handpd_spiral,4
vgg16,HC:0131,0,0.5594931840896606,kaggle_spiral,handpd_spiral,4
vgg16,HC:0131,0,0.5435994863510132,kaggle_spiral,handpd_spiral,4
vgg16,HC:0287,0,0.6111849546432495,kaggle_spiral,handpd_spiral,4
vgg16,HC:0287,0,0.5935945510864258,kaggle_spiral,handpd_spiral,4
vgg16,HC:0287,0,0.6063671708106995,kaggle_spiral,handpd_spiral,4
vgg16,HC:0287,0,0.5923516154289246,kaggle_spiral,handpd_spiral,4
vgg16,HC:0289,0,0.5922150015830994,kaggle_spiral,handpd_spiral,4
vgg16,HC:0289,0,0.54655522108078,kaggle_spiral,handpd_spiral,4
vgg16,HC:0289,0,0.5638582110404968,kaggle_spiral,handpd_spiral,4
vgg16,HC:0289,0,0.5780905485153198,kaggle_spiral,handpd_spiral,4
vgg16,HC:0293,0,0.5655832886695862,kaggle_spiral,handpd_spiral,4
vgg16,HC:0293,0,0.5739134550094604,kaggle_spiral,handpd_spiral,4
vgg16,HC:0293,0,0.5607579350471497,kaggle_spiral,handpd_spiral,4
vgg16,HC:0293,0,0.5811769366264343,kaggle_spiral,handpd_spiral,4
vgg16,HC:0295,0,0.5891216397285461,kaggle_spiral,handpd_spiral,4
vgg16,HC:0295,0,0.6179788112640381,kaggle_spiral,handpd_spiral,4
vgg16,HC:0295,0,0.604977548122406,kaggle_spiral,handpd_spiral,4
vgg16,HC:0295,0,0.6312515735626221,kaggle_spiral,handpd_spiral,4
vgg16,HC:0297,0,0.5717698335647583,kaggle_spiral,handpd_spiral,4
vgg16,HC:0297,0,0.5675742626190186,kaggle_spiral,handpd_spiral,4
vgg16,HC:0297,0,0.5627328753471375,kaggle_spiral,handpd_spiral,4
vgg16,HC:0297,0,0.5996077060699463,kaggle_spiral,handpd_spiral,4
vgg16,HC:0305,0,0.6254293918609619,kaggle_spiral,handpd_spiral,4
vgg16,HC:0305,0,0.6099220514297485,kaggle_spiral,handpd_spiral,4
vgg16,HC:0305,0,0.5952446460723877,kaggle_spiral,handpd_spiral,4
vgg16,HC:0305,0,0.6308842301368713,kaggle_spiral,handpd_spiral,4
vgg16,PD:0002,1,0.6246843934059143,kaggle_spiral,handpd_spiral,4
vgg16,PD:0002,1,0.6583386063575745,kaggle_spiral,handpd_spiral,4
vgg16,PD:0002,1,0.6580032110214233,kaggle_spiral,handpd_spiral,4
vgg16,PD:0002,1,0.6606834530830383,kaggle_spiral,handpd_spiral,4
vgg16,PD:0003,1,0.6390498280525208,kaggle_spiral,handpd_spiral,4
vgg16,PD:0003,1,0.6304372549057007,kaggle_spiral,handpd_spiral,4
vgg16,PD:0003,1,0.5980969667434692,kaggle_spiral,handpd_spiral,4
vgg16,PD:0003,1,0.6200541853904724,kaggle_spiral,handpd_spiral,4
vgg16,PD:0004,1,0.6414743065834045,kaggle_spiral,handpd_spiral,4
vgg16,PD:0004,1,0.6178687214851379,kaggle_spiral,handpd_spiral,4
vgg16,PD:0004,1,0.6138988137245178,kaggle_spiral,handpd_spiral,4
vgg16,PD:0004,1,0.611639678478241,kaggle_spiral,handpd_spiral,4
vgg16,PD:0005,1,0.6098302006721497,kaggle_spiral,handpd_spiral,4
vgg16,PD:0005,1,0.6103013753890991,kaggle_spiral,handpd_spiral,4
vgg16,PD:0005,1,0.5904908776283264,kaggle_spiral,handpd_spiral,4
vgg16,PD:0005,1,0.5962710976600647,kaggle_spiral,handpd_spiral,4
vgg16,PD:0009,1,0.5953558683395386,kaggle_spiral,handpd_spiral,4
vgg16,PD:0009,1,0.5732578039169312,kaggle_spiral,handpd_spiral,4
vgg16,PD:0009,1,0.5868245959281921,kaggle_spiral,handpd_spiral,4
vgg16,PD:0009,1,0.5878524780273438,kaggle_spiral,handpd_spiral,4
vgg16,PD:0010,1,0.5985270738601685,kaggle_spiral,handpd_spiral,4
vgg16,PD:0010,1,0.6163594722747803,kaggle_spiral,handpd_spiral,4
vgg16,PD:0010,1,0.5918292999267578,kaggle_spiral,handpd_spiral,4
vgg16,PD:0010,1,0.5869898200035095,kaggle_spiral,handpd_spiral,4
vgg16,PD:0016,1,0.6132762432098389,kaggle_spiral,handpd_spiral,4
vgg16,PD:0016,1,0.5958089232444763,kaggle_spiral,handpd_spiral,4
vgg16,PD:0016,1,0.5942329168319702,kaggle_spiral,handpd_spiral,4
vgg16,PD:0016,1,0.6040983200073242,kaggle_spiral,handpd_spiral,4
vgg16,PD:0023,1,0.6192107796669006,kaggle_spiral,handpd_spiral,4
vgg16,PD:0023,1,0.5930880904197693,kaggle_spiral,handpd_spiral,4
vgg16,PD:0023,1,0.5833131670951843,kaggle_spiral,handpd_spiral,4
vgg16,PD:0023,1,0.593657910823822,kaggle_spiral,handpd_spiral,4
vgg16,PD:0024,1,0.5988017916679382,kaggle_spiral,handpd_spiral,4
vgg16,PD:0024,1,0.6105089783668518,kaggle_spiral,handpd_spiral,4
vgg16,PD:0024,1,0.6213491559028625,kaggle_spiral,handpd_spiral,4
vgg16,PD:0024,1,0.595460057258606,kaggle_spiral,handpd_spiral,4
vgg16,PD:0030,1,0.5602867007255554,kaggle_spiral,handpd_spiral,4
vgg16,PD:0030,1,0.5968983173370361,kaggle_spiral,handpd_spiral,4
vgg16,PD:0030,1,0.5916545391082764,kaggle_spiral,handpd_spiral,4
vgg16,PD:0030,1,0.5873353481292725,kaggle_spiral,handpd_spiral,4
vgg16,PD:0031,1,0.5667867064476013,kaggle_spiral,handpd_spiral,4
vgg16,PD:0031,1,0.5689852237701416,kaggle_spiral,handpd_spiral,4
vgg16,PD:0031,1,0.582974374294281,kaggle_spiral,handpd_spiral,4
vgg16,PD:0031,1,0.5917161107063293,kaggle_spiral,handpd_spiral,4
vgg16,PD:0037,1,0.6110500693321228,kaggle_spiral,handpd_spiral,4
vgg16,PD:0037,1,0.5900665521621704,kaggle_spiral,handpd_spiral,4
vgg16,PD:0037,1,0.6002973318099976,kaggle_spiral,handpd_spiral,4
vgg16,PD:0037,1,0.6069284081459045,kaggle_spiral,handpd_spiral,4
vgg16,PD:0038,1,0.6332617402076721,kaggle_spiral,handpd_spiral,4
vgg16,PD:0038,1,0.6209976673126221,kaggle_spiral,handpd_spiral,4
vgg16,PD:0038,1,0.6078506112098694,kaggle_spiral,handpd_spiral,4
vgg16,PD:0038,1,0.6145049333572388,kaggle_spiral,handpd_spiral,4
vgg16,PD:0044,1,0.6087994575500488,kaggle_spiral,handpd_spiral,4
vgg16,PD:0044,1,0.6262523531913757,kaggle_spiral,handpd_spiral,4
vgg16,PD:0044,1,0.6010981798171997,kaggle_spiral,handpd_spiral,4
vgg16,PD:0044,1,0.6241614818572998,kaggle_spiral,handpd_spiral,4
vgg16,PD:0045,1,0.6300473809242249,kaggle_spiral,handpd_spiral,4
vgg16,PD:0045,1,0.6027496457099915,kaggle_spiral,handpd_spiral,4
vgg16,PD:0045,1,0.6305800676345825,kaggle_spiral,handpd_spiral,4
vgg16,PD:0045,1,0.6333200931549072,kaggle_spiral,handpd_spiral,4
vgg16,PD:0046,1,0.6246744990348816,kaggle_spiral,handpd_spiral,4
vgg16,PD:0046,1,0.6116218566894531,kaggle_spiral,handpd_spiral,4
vgg16,PD:0046,1,0.645845353603363,kaggle_spiral,handpd_spiral,4
vgg16,PD:0046,1,0.6184049248695374,kaggle_spiral,handpd_spiral,4
vgg16,PD:0051,1,0.5977056622505188,kaggle_spiral,handpd_spiral,4
vgg16,PD:0051,1,0.5769774317741394,kaggle_spiral,handpd_spiral,4
vgg16,PD:0051,1,0.5869007110595703,kaggle_spiral,handpd_spiral,4
vgg16,PD:0051,1,0.5949345827102661,kaggle_spiral,handpd_spiral,4
vgg16,PD:0052,1,0.606217622756958,kaggle_spiral,handpd_spiral,4
vgg16,PD:0052,1,0.6099836230278015,kaggle_spiral,handpd_spiral,4
vgg16,PD:0052,1,0.615513026714325,kaggle_spiral,handpd_spiral,4
vgg16,PD:0052,1,0.6023553609848022,kaggle_spiral,handpd_spiral,4
vgg16,PD:0053,1,0.6279686689376831,kaggle_spiral,handpd_spiral,4
vgg16,PD:0053,1,0.6291062235832214,kaggle_spiral,handpd_spiral,4
vgg16,PD:0053,1,0.6307663917541504,kaggle_spiral,handpd_spiral,4
vgg16,PD:0053,1,0.605644166469574,kaggle_spiral,handpd_spiral,4
vgg16,PD:0054,1,0.601468026638031,kaggle_spiral,handpd_spiral,4
vgg16,PD:0054,1,0.5985424518585205,kaggle_spiral,handpd_spiral,4
vgg16,PD:0054,1,0.5935329794883728,kaggle_spiral,handpd_spiral,4
vgg16,PD:0054,1,0.603266716003418,kaggle_spiral,handpd_spiral,4
vgg16,PD:0134,1,0.634186327457428,kaggle_spiral,handpd_spiral,4
vgg16,PD:0134,1,0.6421699523925781,kaggle_spiral,handpd_spiral,4
vgg16,PD:0134,1,0.6298656463623047,kaggle_spiral,handpd_spiral,4
vgg16,PD:0134,1,0.6223013401031494,kaggle_spiral,handpd_spiral,4
vgg16,PD:0136,1,0.6138961911201477,kaggle_spiral,handpd_spiral,4
vgg16,PD:0136,1,0.6115082502365112,kaggle_spiral,handpd_spiral,4
vgg16,PD:0136,1,0.630229115486145,kaggle_spiral,handpd_spiral,4
vgg16,PD:0136,1,0.6102827191352844,kaggle_spiral,handpd_spiral,4
vgg16,PD:0138,1,0.5911029577255249,kaggle_spiral,handpd_spiral,4
vgg16,PD:0138,1,0.578698456287384,kaggle_spiral,handpd_spiral,4
vgg16,PD:0138,1,0.5877350568771362,kaggle_spiral,handpd_spiral,4
vgg16,PD:0138,1,0.5724273920059204,kaggle_spiral,handpd_spiral,4
vgg16,PD:0139,1,0.5928435325622559,kaggle_spiral,handpd_spiral,4
vgg16,PD:0139,1,0.5960069894790649,kaggle_spiral,handpd_spiral,4
vgg16,PD:0139,1,0.5654110312461853,kaggle_spiral,handpd_spiral,4
vgg16,PD:0139,1,0.5907472372055054,kaggle_spiral,handpd_spiral,4
vgg16,PD:0143,1,0.6098102927207947,kaggle_spiral,handpd_spiral,4
vgg16,PD:0143,1,0.6049965620040894,kaggle_spiral,handpd_spiral,4
vgg16,PD:0143,1,0.6180106401443481,kaggle_spiral,handpd_spiral,4
vgg16,PD:0143,1,0.6122682094573975,kaggle_spiral,handpd_spiral,4
vgg16,PD:0148,1,0.6037301421165466,kaggle_spiral,handpd_spiral,4
vgg16,PD:0148,1,0.6011069416999817,kaggle_spiral,handpd_spiral,4
vgg16,PD:0148,1,0.5988538861274719,kaggle_spiral,handpd_spiral,4
vgg16,PD:0148,1,0.617655873298645,kaggle_spiral,handpd_spiral,4
vgg16,PD:0149,1,0.6059699654579163,kaggle_spiral,handpd_spiral,4
vgg16,PD:0149,1,0.6277666091918945,kaggle_spiral,handpd_spiral,4
vgg16,PD:0149,1,0.6070701479911804,kaggle_spiral,handpd_spiral,4
vgg16,PD:0149,1,0.6121874451637268,kaggle_spiral,handpd_spiral,4
vgg16,PD:0153,1,0.5765007138252258,kaggle_spiral,handpd_spiral,4
vgg16,PD:0153,1,0.5499858260154724,kaggle_spiral,handpd_spiral,4
vgg16,PD:0153,1,0.5579031109809875,kaggle_spiral,handpd_spiral,4
vgg16,PD:0153,1,0.5588105320930481,kaggle_spiral,handpd_spiral,4
vgg16,PD:0157,1,0.619722843170166,kaggle_spiral,handpd_spiral,4
vgg16,PD:0157,1,0.6012860536575317,kaggle_spiral,handpd_spiral,4
vgg16,PD:0157,1,0.6030963659286499,kaggle_spiral,handpd_spiral,4
vgg16,PD:0157,1,0.6205939650535583,kaggle_spiral,handpd_spiral,4
vgg16,PD:0161,1,0.6010947823524475,kaggle_spiral,handpd_spiral,4
vgg16,PD:0161,1,0.618414580821991,kaggle_spiral,handpd_spiral,4
vgg16,PD:0161,1,0.5947821140289307,kaggle_spiral,handpd_spiral,4
vgg16,PD:0161,1,0.6128973960876465,kaggle_spiral,handpd_spiral,4
vgg16,PD:0165,1,0.5473344922065735,kaggle_spiral,handpd_spiral,4
vgg16,PD:0165,1,0.5699873566627502,kaggle_spiral,handpd_spiral,4
vgg16,PD:0165,1,0.5494734644889832,kaggle_spiral,handpd_spiral,4
vgg16,PD:0165,1,0.5689554214477539,kaggle_spiral,handpd_spiral,4
vgg16,PD:0166,1,0.5862725973129272,kaggle_spiral,handpd_spiral,4
vgg16,PD:0166,1,0.5881170630455017,kaggle_spiral,handpd_spiral,4
vgg16,PD:0166,1,0.5867952704429626,kaggle_spiral,handpd_spiral,4
vgg16,PD:0166,1,0.5803172588348389,kaggle_spiral,handpd_spiral,4
vgg16,PD:0170,1,0.6222816705703735,kaggle_spiral,handpd_spiral,4
vgg16,PD:0170,1,0.6264739036560059,kaggle_spiral,handpd_spiral,4
vgg16,PD:0170,1,0.6390867829322815,kaggle_spiral,handpd_spiral,4
vgg16,PD:0170,1,0.6448845267295837,kaggle_spiral,handpd_spiral,4
vgg16,PD:0174,1,0.6363951563835144,kaggle_spiral,handpd_spiral,4
vgg16,PD:0174,1,0.6430961489677429,kaggle_spiral,handpd_spiral,4
vgg16,PD:0174,1,0.6268946528434753,kaggle_spiral,handpd_spiral,4
vgg16,PD:0174,1,0.6638878583908081,kaggle_spiral,handpd_spiral,4
vgg16,PD:0176,1,0.6222438812255859,kaggle_spiral,handpd_spiral,4
vgg16,PD:0176,1,0.6106519103050232,kaggle_spiral,handpd_spiral,4
vgg16,PD:0176,1,0.6401728987693787,kaggle_spiral,handpd_spiral,4
vgg16,PD:0176,1,0.6144603490829468,kaggle_spiral,handpd_spiral,4
vgg16,PD:0177,1,0.6280476450920105,kaggle_spiral,handpd_spiral,4
vgg16,PD:0177,1,0.6005488634109497,kaggle_spiral,handpd_spiral,4
vgg16,PD:0177,1,0.6220213174819946,kaggle_spiral,handpd_spiral,4
vgg16,PD:0177,1,0.6239067912101746,kaggle_spiral,handpd_spiral,4
vgg16,PD:0181,1,0.5915879011154175,kaggle_spiral,handpd_spiral,4
vgg16,PD:0181,1,0.5773436427116394,kaggle_spiral,handpd_spiral,4
vgg16,PD:0181,1,0.5791268348693848,kaggle_spiral,handpd_spiral,4
vgg16,PD:0181,1,0.5859419703483582,kaggle_spiral,handpd_spiral,4
vgg16,PD:0182,1,0.6055718064308167,kaggle_spiral,handpd_spiral,4
vgg16,PD:0182,1,0.5961087942123413,kaggle_spiral,handpd_spiral,4
vgg16,PD:0182,1,0.5971229076385498,kaggle_spiral,handpd_spiral,4
vgg16,PD:0182,1,0.5983638763427734,kaggle_spiral,handpd_spiral,4
vgg16,PD:0186,1,0.6162502765655518,kaggle_spiral,handpd_spiral,4
vgg16,PD:0186,1,0.5928979516029358,kaggle_spiral,handpd_spiral,4
vgg16,PD:0186,1,0.6087818145751953,kaggle_spiral,handpd_spiral,4
vgg16,PD:0186,1,0.6046822667121887,kaggle_spiral,handpd_spiral,4
vgg16,PD:0187,1,0.5970763564109802,kaggle_spiral,handpd_spiral,4
vgg16,PD:0187,1,0.597095251083374,kaggle_spiral,handpd_spiral,4
vgg16,PD:0187,1,0.5931224822998047,kaggle_spiral,handpd_spiral,4
vgg16,PD:0187,1,0.6016464233398438,kaggle_spiral,handpd_spiral,4
vgg16,PD:0188,1,0.6019620895385742,kaggle_spiral,handpd_spiral,4
vgg16,PD:0188,1,0.6020247340202332,kaggle_spiral,handpd_spiral,4
vgg16,PD:0188,1,0.5849893689155579,kaggle_spiral,handpd_spiral,4
vgg16,PD:0188,1,0.6007189154624939,kaggle_spiral,handpd_spiral,4
vgg16,PD:0192,1,0.6344995498657227,kaggle_spiral,handpd_spiral,4
vgg16,PD:0192,1,0.6149067282676697,kaggle_spiral,handpd_spiral,4
vgg16,PD:0192,1,0.6195745468139648,kaggle_spiral,handpd_spiral,4
vgg16,PD:0192,1,0.6287252306938171,kaggle_spiral,handpd_spiral,4
vgg16,PD:0196,1,0.5696777105331421,kaggle_spiral,handpd_spiral,4
vgg16,PD:0196,1,0.6081501245498657,kaggle_spiral,handpd_spiral,4
vgg16,PD:0196,1,0.5857222676277161,kaggle_spiral,handpd_spiral,4
vgg16,PD:0196,1,0.5631346702575684,kaggle_spiral,handpd_spiral,4
vgg16,PD:0197,1,0.5863612294197083,kaggle_spiral,handpd_spiral,4
vgg16,PD:0197,1,0.5934650301933289,kaggle_spiral,handpd_spiral,4
vgg16,PD:0197,1,0.5785411596298218,kaggle_spiral,handpd_spiral,4
vgg16,PD:0197,1,0.585793137550354,kaggle_spiral,handpd_spiral,4
vgg16,PD:0198,1,0.5757205486297607,kaggle_spiral,handpd_spiral,4
vgg16,PD:0198,1,0.5858829617500305,kaggle_spiral,handpd_spiral,4
vgg16,PD:0198,1,0.6046989560127258,kaggle_spiral,handpd_spiral,4
vgg16,PD:0198,1,0.5809718370437622,kaggle_spiral,handpd_spiral,4
vgg16,PD:0202,1,0.5915883183479309,kaggle_spiral,handpd_spiral,4
vgg16,PD:0202,1,0.5826280117034912,kaggle_spiral,handpd_spiral,4
vgg16,PD:0202,1,0.5738016963005066,kaggle_spiral,handpd_spiral,4
vgg16,PD:0202,1,0.5716723203659058,kaggle_spiral,handpd_spiral,4
vgg16,PD:0203,1,0.6116738319396973,kaggle_spiral,handpd_spiral,4
vgg16,PD:0203,1,0.5846898555755615,kaggle_spiral,handpd_spiral,4
vgg16,PD:0203,1,0.6093955636024475,kaggle_spiral,handpd_spiral,4
vgg16,PD:0203,1,0.5877692103385925,kaggle_spiral,handpd_spiral,4
vgg16,PD:0207,1,0.5995085835456848,kaggle_spiral,handpd_spiral,4
vgg16,PD:0207,1,0.5837674140930176,kaggle_spiral,handpd_spiral,4
vgg16,PD:0207,1,0.5890387296676636,kaggle_spiral,handpd_spiral,4
vgg16,PD:0207,1,0.5837334990501404,kaggle_spiral,handpd_spiral,4
vgg16,PD:0208,1,0.6006841063499451,kaggle_spiral,handpd_spiral,4
vgg16,PD:0208,1,0.6026373505592346,kaggle_spiral,handpd_spiral,4
vgg16,PD:0208,1,0.5785338282585144,kaggle_spiral,handpd_spiral,4
vgg16,PD:0208,1,0.6039626002311707,kaggle_spiral,handpd_spiral,4
vgg16,PD:0213,1,0.6229172348976135,kaggle_spiral,handpd_spiral,4
vgg16,PD:0213,1,0.6048703193664551,kaggle_spiral,handpd_spiral,4
vgg16,PD:0213,1,0.6072014570236206,kaggle_spiral,handpd_spiral,4
vgg16,PD:0213,1,0.6234820485115051,kaggle_spiral,handpd_spiral,4
vgg16,PD:0214,1,0.6318406462669373,kaggle_spiral,handpd_spiral,4
vgg16,PD:0214,1,0.6507417559623718,kaggle_spiral,handpd_spiral,4
vgg16,PD:0214,1,0.6278440356254578,kaggle_spiral,handpd_spiral,4
vgg16,PD:0214,1,0.6198663711547852,kaggle_spiral,handpd_spiral,4
vgg16,PD:0218,1,0.5923453569412231,kaggle_spiral,handpd_spiral,4
vgg16,PD:0218,1,0.5665359497070312,kaggle_spiral,handpd_spiral,4
vgg16,PD:0218,1,0.5509436130523682,kaggle_spiral,handpd_spiral,4
vgg16,PD:0218,1,0.592505693435669,kaggle_spiral,handpd_spiral,4
vgg16,PD:0219,1,0.6037176251411438,kaggle_spiral,handpd_spiral,4
vgg16,PD:0219,1,0.5909944176673889,kaggle_spiral,handpd_spiral,4
vgg16,PD:0219,1,0.5741138458251953,kaggle_spiral,handpd_spiral,4
vgg16,PD:0219,1,0.5908175706863403,kaggle_spiral,handpd_spiral,4
vgg16,PD:0223,1,0.5960174202919006,kaggle_spiral,handpd_spiral,4
vgg16,PD:0223,1,0.5845175385475159,kaggle_spiral,handpd_spiral,4
vgg16,PD:0223,1,0.5961296558380127,kaggle_spiral,handpd_spiral,4
vgg16,PD:0223,1,0.6008386015892029,kaggle_spiral,handpd_spiral,4
vgg16,PD:0228,1,0.6392554640769958,kaggle_spiral,handpd_spiral,4
vgg16,PD:0228,1,0.6417379379272461,kaggle_spiral,handpd_spiral,4
vgg16,PD:0228,1,0.6383624076843262,kaggle_spiral,handpd_spiral,4
vgg16,PD:0228,1,0.6207239627838135,kaggle_spiral,handpd_spiral,4
vgg16,PD:0229,1,0.655247688293457,kaggle_spiral,handpd_spiral,4
vgg16,PD:0229,1,0.6428569555282593,kaggle_spiral,handpd_spiral,4
vgg16,PD:0229,1,0.6401777863502502,kaggle_spiral,handpd_spiral,4
vgg16,PD:0229,1,0.6361334919929504,kaggle_spiral,handpd_spiral,4
vgg16,PD:0230,1,0.6568554043769836,kaggle_spiral,handpd_spiral,4
vgg16,PD:0230,1,0.6530674695968628,kaggle_spiral,handpd_spiral,4
vgg16,PD:0230,1,0.6327970027923584,kaggle_spiral,handpd_spiral,4
vgg16,PD:0230,1,0.6275303959846497,kaggle_spiral,handpd_spiral,4
vgg16,PD:0234,1,0.633995532989502,kaggle_spiral,handpd_spiral,4
vgg16,PD:0234,1,0.6216471195220947,kaggle_spiral,handpd_spiral,4
vgg16,PD:0234,1,0.6230499148368835,kaggle_spiral,handpd_spiral,4
vgg16,PD:0234,1,0.6556544303894043,kaggle_spiral,handpd_spiral,4
vgg16,PD:0235,1,0.6378706097602844,kaggle_spiral,handpd_spiral,4
vgg16,PD:0235,1,0.6845455169677734,kaggle_spiral,handpd_spiral,4
vgg16,PD:0235,1,0.6254876852035522,kaggle_spiral,handpd_spiral,4
vgg16,PD:0235,1,0.6296226382255554,kaggle_spiral,handpd_spiral,4
vgg16,PD:0236,1,0.6196305751800537,kaggle_spiral,handpd_spiral,4
vgg16,PD:0236,1,0.6383551955223083,kaggle_spiral,handpd_spiral,4
vgg16,PD:0236,1,0.6628963947296143,kaggle_spiral,handpd_spiral,4
vgg16,PD:0236,1,0.6352429986000061,kaggle_spiral,handpd_spiral,4
vgg16,PD:0240,1,0.5985870361328125,kaggle_spiral,handpd_spiral,4
vgg16,PD:0240,1,0.5761744379997253,kaggle_spiral,handpd_spiral,4
vgg16,PD:0240,1,0.57627934217453,kaggle_spiral,handpd_spiral,4
vgg16,PD:0240,1,0.5718282461166382,kaggle_spiral,handpd_spiral,4
vgg16,PD:0241,1,0.6082273125648499,kaggle_spiral,handpd_spiral,4
vgg16,PD:0241,1,0.6263383030891418,kaggle_spiral,handpd_spiral,4
vgg16,PD:0241,1,0.6280477643013,kaggle_spiral,handpd_spiral,4
vgg16,PD:0241,1,0.6148437857627869,kaggle_spiral,handpd_spiral,4
vgg16,PD:0242,1,0.6347283720970154,kaggle_spiral,handpd_spiral,4
vgg16,PD:0242,1,0.6194049119949341,kaggle_spiral,handpd_spiral,4
vgg16,PD:0242,1,0.6231378316879272,kaggle_spiral,handpd_spiral,4
vgg16,PD:0242,1,0.6482388973236084,kaggle_spiral,handpd_spiral,4
vgg16,PD:0246,1,0.6297813057899475,kaggle_spiral,handpd_spiral,4
vgg16,PD:0246,1,0.6248591542243958,kaggle_spiral,handpd_spiral,4
vgg16,PD:0246,1,0.6228020191192627,kaggle_spiral,handpd_spiral,4
vgg16,PD:0246,1,0.60467529296875,kaggle_spiral,handpd_spiral,4
vgg16,PD:0247,1,0.6239511966705322,kaggle_spiral,handpd_spiral,4
vgg16,PD:0247,1,0.6418740153312683,kaggle_spiral,handpd_spiral,4
vgg16,PD:0247,1,0.635717511177063,kaggle_spiral,handpd_spiral,4
vgg16,PD:0247,1,0.6285951733589172,kaggle_spiral,handpd_spiral,4
vgg16,PD:0253,1,0.5877614617347717,kaggle_spiral,handpd_spiral,4
vgg16,PD:0253,1,0.5618881583213806,kaggle_spiral,handpd_spiral,4
vgg16,PD:0253,1,0.5761452317237854,kaggle_spiral,handpd_spiral,4
vgg16,PD:0253,1,0.5926445126533508,kaggle_spiral,handpd_spiral,4
vgg16,PD:0254,1,0.5943343043327332,kaggle_spiral,handpd_spiral,4
vgg16,PD:0254,1,0.5549249053001404,kaggle_spiral,handpd_spiral,4
vgg16,PD:0254,1,0.5735589861869812,kaggle_spiral,handpd_spiral,4
vgg16,PD:0254,1,0.577342689037323,kaggle_spiral,handpd_spiral,4
vgg16,PD:0261,1,0.5854782462120056,kaggle_spiral,handpd_spiral,4
vgg16,PD:0261,1,0.5853275656700134,kaggle_spiral,handpd_spiral,4
vgg16,PD:0261,1,0.574630618095398,kaggle_spiral,handpd_spiral,4
vgg16,PD:0261,1,0.5882453322410583,kaggle_spiral,handpd_spiral,4
vgg16,PD:0268,1,0.594607949256897,kaggle_spiral,handpd_spiral,4
vgg16,PD:0268,1,0.6053752899169922,kaggle_spiral,handpd_spiral,4
vgg16,PD:0268,1,0.6081347465515137,kaggle_spiral,handpd_spiral,4
vgg16,PD:0268,1,0.6064476370811462,kaggle_spiral,handpd_spiral,4
vgg16,PD:0269,1,0.5895336270332336,kaggle_spiral,handpd_spiral,4
vgg16,PD:0269,1,0.592583954334259,kaggle_spiral,handpd_spiral,4
vgg16,PD:0269,1,0.5900041460990906,kaggle_spiral,handpd_spiral,4
vgg16,PD:0269,1,0.6108863353729248,kaggle_spiral,handpd_spiral,4
vgg16,PD:0273,1,0.5652722120285034,kaggle_spiral,handpd_spiral,4
vgg16,PD:0273,1,0.5914968848228455,kaggle_spiral,handpd_spiral,4
vgg16,PD:0273,1,0.6090498566627502,kaggle_spiral,handpd_spiral,4
vgg16,PD:0273,1,0.6080195307731628,kaggle_spiral,handpd_spiral,4
vgg16,PD:0274,1,0.5992164015769958,kaggle_spiral,handpd_spiral,4
vgg16,PD:0274,1,0.5979690551757812,kaggle_spiral,handpd_spiral,4
vgg16,PD:0274,1,0.6090428829193115,kaggle_spiral,handpd_spiral,4
vgg16,PD:0274,1,0.610543429851532,kaggle_spiral,handpd_spiral,4
vgg16,PD:0280,1,0.6285758018493652,kaggle_spiral,handpd_spiral,4
vgg16,PD:0280,1,0.5989242196083069,kaggle_spiral,handpd_spiral,4
vgg16,PD:0280,1,0.6197946071624756,kaggle_spiral,handpd_spiral,4
vgg16,PD:0280,1,0.6039605140686035,kaggle_spiral,handpd_spiral,4
vgg16,PD:0281,1,0.6286572217941284,kaggle_spiral,handpd_spiral,4
vgg16,PD:0281,1,0.6111689805984497,kaggle_spiral,handpd_spiral,4
vgg16,PD:0281,1,0.6261871457099915,kaggle_spiral,handpd_spiral,4
vgg16,PD:0281,1,0.6047185063362122,kaggle_spiral,handpd_spiral,4
resnet50,HC:0068,0,0.4181792736053467,kaggle_spiral,handpd_spiral,4
resnet50,HC:0068,0,0.40603429079055786,kaggle_spiral,handpd_spiral,4
resnet50,HC:0068,0,0.3837520182132721,kaggle_spiral,handpd_spiral,4
resnet50,HC:0068,0,0.42156782746315,kaggle_spiral,handpd_spiral,4
resnet50,HC:0092,0,0.41051843762397766,kaggle_spiral,handpd_spiral,4
resnet50,HC:0092,0,0.4166015088558197,kaggle_spiral,handpd_spiral,4
resnet50,HC:0092,0,0.41951805353164673,kaggle_spiral,handpd_spiral,4
resnet50,HC:0092,0,0.3751746416091919,kaggle_spiral,handpd_spiral,4
resnet50,HC:0098,0,0.402316689491272,kaggle_spiral,handpd_spiral,4
resnet50,HC:0098,0,0.4594128429889679,kaggle_spiral,handpd_spiral,4
resnet50,HC:0098,0,0.3817114531993866,kaggle_spiral,handpd_spiral,4
resnet50,HC:0098,0,0.424533486366272,kaggle_spiral,handpd_spiral,4
resnet50,HC:0100,0,0.42204922437667847,kaggle_spiral,handpd_spiral,4
resnet50,HC:0100,0,0.44210681319236755,kaggle_spiral,handpd_spiral,4
resnet50,HC:0100,0,0.3735724091529846,kaggle_spiral,handpd_spiral,4
resnet50,HC:0100,0,0.408284068107605,kaggle_spiral,handpd_spiral,4
resnet50,HC:0102,0,0.40852659940719604,kaggle_spiral,handpd_spiral,4
resnet50,HC:0102,0,0.3830071687698364,kaggle_spiral,handpd_spiral,4
resnet50,HC:0102,0,0.3888179063796997,kaggle_spiral,handpd_spiral,4
resnet50,HC:0102,0,0.3744613230228424,kaggle_spiral,handpd_spiral,4
resnet50,HC:0104,0,0.3846793472766876,kaggle_spiral,handpd_spiral,4
resnet50,HC:0104,0,0.41388654708862305,kaggle_spiral,handpd_spiral,4
resnet50,HC:0104,0,0.3269428610801697,kaggle_spiral,handpd_spiral,4
resnet50,HC:0104,0,0.36821863055229187,kaggle_spiral,handpd_spiral,4
resnet50,HC:0106,0,0.48670539259910583,kaggle_spiral,handpd_spiral,4
resnet50,HC:0106,0,0.4592682421207428,kaggle_spiral,handpd_spiral,4
resnet50,HC:0106,0,0.4168272018432617,kaggle_spiral,handpd_spiral,4
resnet50,HC:0106,0,0.4175810217857361,kaggle_spiral,handpd_spiral,4
resnet50,HC:0112,0,0.3823360800743103,kaggle_spiral,handpd_spiral,4
resnet50,HC:0112,0,0.39420729875564575,kaggle_spiral,handpd_spiral,4
resnet50,HC:0112,0,0.3771909177303314,kaggle_spiral,handpd_spiral,4
resnet50,HC:0112,0,0.4133358597755432,kaggle_spiral,handpd_spiral,4
resnet50,HC:0116,0,0.4426735043525696,kaggle_spiral,handpd_spiral,4
resnet50,HC:0116,0,0.3992343544960022,kaggle_spiral,handpd_spiral,4
resnet50,HC:0116,0,0.39529597759246826,kaggle_spiral,handpd_spiral,4
resnet50,HC:0116,0,0.3973168730735779,kaggle_spiral,handpd_spiral,4
resnet50,HC:0127,0,0.4117577373981476,kaggle_spiral,handpd_spiral,4
resnet50,HC:0127,0,0.4074685275554657,kaggle_spiral,handpd_spiral,4
resnet50,HC:0127,0,0.41088438034057617,kaggle_spiral,handpd_spiral,4
resnet50,HC:0127,0,0.40299665927886963,kaggle_spiral,handpd_spiral,4
resnet50,HC:0129,0,0.3650910556316376,kaggle_spiral,handpd_spiral,4
resnet50,HC:0129,0,0.3717295825481415,kaggle_spiral,handpd_spiral,4
resnet50,HC:0129,0,0.39392247796058655,kaggle_spiral,handpd_spiral,4
resnet50,HC:0129,0,0.41553500294685364,kaggle_spiral,handpd_spiral,4
resnet50,HC:0131,0,0.45664119720458984,kaggle_spiral,handpd_spiral,4
resnet50,HC:0131,0,0.3983251452445984,kaggle_spiral,handpd_spiral,4
resnet50,HC:0131,0,0.3883139491081238,kaggle_spiral,handpd_spiral,4
resnet50,HC:0131,0,0.3741740882396698,kaggle_spiral,handpd_spiral,4
resnet50,HC:0287,0,0.4799284338951111,kaggle_spiral,handpd_spiral,4
resnet50,HC:0287,0,0.44954678416252136,kaggle_spiral,handpd_spiral,4
resnet50,HC:0287,0,0.43575939536094666,kaggle_spiral,handpd_spiral,4
resnet50,HC:0287,0,0.51800137758255,kaggle_spiral,handpd_spiral,4
resnet50,HC:0289,0,0.37651485204696655,kaggle_spiral,handpd_spiral,4
resnet50,HC:0289,0,0.42124122381210327,kaggle_spiral,handpd_spiral,4
resnet50,HC:0289,0,0.41112545132637024,kaggle_spiral,handpd_spiral,4
resnet50,HC:0289,0,0.4371856451034546,kaggle_spiral,handpd_spiral,4
resnet50,HC:0293,0,0.4218366742134094,kaggle_spiral,handpd_spiral,4
resnet50,HC:0293,0,0.40926507115364075,kaggle_spiral,handpd_spiral,4
resnet50,HC:0293,0,0.4037899971008301,kaggle_spiral,handpd_spiral,4
resnet50,HC:0293,0,0.3983951807022095,kaggle_spiral,handpd_spiral,4
resnet50,HC:0295,0,0.5915773510932922,kaggle_spiral,handpd_spiral,4
resnet50,HC:0295,0,0.4897592067718506,kaggle_spiral,handpd_spiral,4
resnet50,HC:0295,0,0.43897131085395813,kaggle_spiral,handpd_spiral,4
resnet50,HC:0295,0,0.5282875895500183,kaggle_spiral,handpd_spiral,4
resnet50,HC:0297,0,0.39753100275993347,kaggle_spiral,handpd_spiral,4
resnet50,HC:0297,0,0.3808739185333252,kaggle_spiral,handpd_spiral,4
resnet50,HC:0297,0,0.4154263734817505,kaggle_spiral,handpd_spiral,4
resnet50,HC:0297,0,0.42113634943962097,kaggle_spiral,handpd_spiral,4
resnet50,HC:0305,0,0.5325110554695129,kaggle_spiral,handpd_spiral,4
resnet50,HC:0305,0,0.4490094482898712,kaggle_spiral,handpd_spiral,4
resnet50,HC:0305,0,0.4751409888267517,kaggle_spiral,handpd_spiral,4
resnet50,HC:0305,0,0.4509589970111847,kaggle_spiral,handpd_spiral,4
resnet50,PD:0002,1,0.46061721444129944,kaggle_spiral,handpd_spiral,4
resnet50,PD:0002,1,0.5045611262321472,kaggle_spiral,handpd_spiral,4
resnet50,PD:0002,1,0.5174362063407898,kaggle_spiral,handpd_spiral,4
resnet50,PD:0002,1,0.5261437892913818,kaggle_spiral,handpd_spiral,4
resnet50,PD:0003,1,0.5518563389778137,kaggle_spiral,handpd_spiral,4
resnet50,PD:0003,1,0.48996883630752563,kaggle_spiral,handpd_spiral,4
resnet50,PD:0003,1,0.48389410972595215,kaggle_spiral,handpd_spiral,4
resnet50,PD:0003,1,0.46471521258354187,kaggle_spiral,handpd_spiral,4
resnet50,PD:0004,1,0.4818996489048004,kaggle_spiral,handpd_spiral,4
resnet50,PD:0004,1,0.4618489146232605,kaggle_spiral,handpd_spiral,4
resnet50,PD:0004,1,0.5283111929893494,kaggle_spiral,handpd_spiral,4
resnet50,PD:0004,1,0.46505510807037354,kaggle_spiral,handpd_spiral,4
resnet50,PD:0005,1,0.45752039551734924,kaggle_spiral,handpd_spiral,4
resnet50,PD:0005,1,0.44392460584640503,kaggle_spiral,handpd_spiral,4
resnet50,PD:0005,1,0.4371874928474426,kaggle_spiral,handpd_spiral,4
resnet50,PD:0005,1,0.4425089955329895,kaggle_spiral,handpd_spiral,4
resnet50,PD:0009,1,0.4269268810749054,kaggle_spiral,handpd_spiral,4
resnet50,PD:0009,1,0.46391430497169495,kaggle_spiral,handpd_spiral,4
resnet50,PD:0009,1,0.45280128717422485,kaggle_spiral,handpd_spiral,4
resnet50,PD:0009,1,0.3970434367656708,kaggle_spiral,handpd_spiral,4
resnet50,PD:0010,1,0.470253050327301,kaggle_spiral,handpd_spiral,4
resnet50,PD:0010,1,0.4684384763240814,kaggle_spiral,handpd_spiral,4
resnet50,PD:0010,1,0.4001135230064392,kaggle_spiral,handpd_spiral,4
resnet50,PD:0010,1,0.4416559636592865,kaggle_spiral,handpd_spiral,4
resnet50,PD:0016,1,0.4019591808319092,kaggle_spiral,handpd_spiral,4
resnet50,PD:0016,1,0.40220507979393005,kaggle_spiral,handpd_spiral,4
resnet50,PD:0016,1,0.42433565855026245,kaggle_spiral,handpd_spiral,4
resnet50,PD:0016,1,0.45140790939331055,kaggle_spiral,handpd_spiral,4
resnet50,PD:0023,1,0.4251141846179962,kaggle_spiral,handpd_spiral,4
resnet50,PD:0023,1,0.39980435371398926,kaggle_spiral,handpd_spiral,4
resnet50,PD:0023,1,0.4410554766654968,kaggle_spiral,handpd_spiral,4
resnet50,PD:0023,1,0.3959883153438568,kaggle_spiral,handpd_spiral,4
resnet50,PD:0024,1,0.3715533912181854,kaggle_spiral,handpd_spiral,4
resnet50,PD:0024,1,0.42379510402679443,kaggle_spiral,handpd_spiral,4
resnet50,PD:0024,1,0.4281376004219055,kaggle_spiral,handpd_spiral,4
resnet50,PD:0024,1,0.41872861981391907,kaggle_spiral,handpd_spiral,4
resnet50,PD:0030,1,0.3764795958995819,kaggle_spiral,handpd_spiral,4
resnet50,PD:0030,1,0.4098382592201233,kaggle_spiral,handpd_spiral,4
resnet50,PD:0030,1,0.4039475917816162,kaggle_spiral,handpd_spiral,4
resnet50,PD:0030,1,0.44299501180648804,kaggle_spiral,handpd_spiral,4
resnet50,PD:0031,1,0.3481041193008423,kaggle_spiral,handpd_spiral,4
resnet50,PD:0031,1,0.37174198031425476,kaggle_spiral,handpd_spiral,4
resnet50,PD:0031,1,0.39583587646484375,kaggle_spiral,handpd_spiral,4
resnet50,PD:0031,1,0.41979143023490906,kaggle_spiral,handpd_spiral,4
resnet50,PD:0037,1,0.435124009847641,kaggle_spiral,handpd_spiral,4
resnet50,PD:0037,1,0.41926538944244385,kaggle_spiral,handpd_spiral,4
resnet50,PD:0037,1,0.5243161916732788,kaggle_spiral,handpd_spiral,4
resnet50,PD:0037,1,0.45060962438583374,kaggle_spiral,handpd_spiral,4
resnet50,PD:0038,1,0.47550565004348755,kaggle_spiral,handpd_spiral,4
resnet50,PD:0038,1,0.42919379472732544,kaggle_spiral,handpd_spiral,4
resnet50,PD:0038,1,0.5105474591255188,kaggle_spiral,handpd_spiral,4
resnet50,PD:0038,1,0.43613019585609436,kaggle_spiral,handpd_spiral,4
resnet50,PD:0044,1,0.4487062096595764,kaggle_spiral,handpd_spiral,4
resnet50,PD:0044,1,0.4303983151912689,kaggle_spiral,handpd_spiral,4
resnet50,PD:0044,1,0.46883365511894226,kaggle_spiral,handpd_spiral,4
resnet50,PD:0044,1,0.4849401116371155,kaggle_spiral,handpd_spiral,4
resnet50,PD:0045,1,0.48192113637924194,kaggle_spiral,handpd_spiral,4
resnet50,PD:0045,1,0.45666199922561646,kaggle_spiral,handpd_spiral,4
resnet50,PD:0045,1,0.48869726061820984,kaggle_spiral,handpd_spiral,4
resnet50,PD:0045,1,0.47062402963638306,kaggle_spiral,handpd_spiral,4
resnet50,PD:0046,1,0.48625731468200684,kaggle_spiral,handpd_spiral,4
resnet50,PD:0046,1,0.4753076136112213,kaggle_spiral,handpd_spiral,4
resnet50,PD:0046,1,0.46657875180244446,kaggle_spiral,handpd_spiral,4
resnet50,PD:0046,1,0.4809389114379883,kaggle_spiral,handpd_spiral,4
resnet50,PD:0051,1,0.4283181130886078,kaggle_spiral,handpd_spiral,4
resnet50,PD:0051,1,0.37175819277763367,kaggle_spiral,handpd_spiral,4
resnet50,PD:0051,1,0.3980787992477417,kaggle_spiral,handpd_spiral,4
resnet50,PD:0051,1,0.40616029500961304,kaggle_spiral,handpd_spiral,4
resnet50,PD:0052,1,0.4916948676109314,kaggle_spiral,handpd_spiral,4
resnet50,PD:0052,1,0.4583492875099182,kaggle_spiral,handpd_spiral,4
resnet50,PD:0052,1,0.5327196717262268,kaggle_spiral,handpd_spiral,4
resnet50,PD:0052,1,0.39993250370025635,kaggle_spiral,handpd_spiral,4
resnet50,PD:0053,1,0.45953643321990967,kaggle_spiral,handpd_spiral,4
resnet50,PD:0053,1,0.4123546779155731,kaggle_spiral,handpd_spiral,4
resnet50,PD:0053,1,0.45621752738952637,kaggle_spiral,handpd_spiral,4
resnet50,PD:0053,1,0.44819769263267517,kaggle_spiral,handpd_spiral,4
resnet50,PD:0054,1,0.4310224652290344,kaggle_spiral,handpd_spiral,4
resnet50,PD:0054,1,0.4191317558288574,kaggle_spiral,handpd_spiral,4
resnet50,PD:0054,1,0.40904179215431213,kaggle_spiral,handpd_spiral,4
resnet50,PD:0054,1,0.38884076476097107,kaggle_spiral,handpd_spiral,4
resnet50,PD:0134,1,0.4849455952644348,kaggle_spiral,handpd_spiral,4
resnet50,PD:0134,1,0.4400862455368042,kaggle_spiral,handpd_spiral,4
resnet50,PD:0134,1,0.473552405834198,kaggle_spiral,handpd_spiral,4
resnet50,PD:0134,1,0.5187722444534302,kaggle_spiral,handpd_spiral,4
resnet50,PD:0136,1,0.4602215588092804,kaggle_spiral,handpd_spiral,4
resnet50,PD:0136,1,0.4024340510368347,kaggle_spiral,handpd_spiral,4
resnet50,PD:0136,1,0.459787517786026,kaggle_spiral,handpd_spiral,4
resnet50,PD:0136,1,0.5144973993301392,kaggle_spiral,handpd_spiral,4
resnet50,PD:0138,1,0.46321508288383484,kaggle_spiral,handpd_spiral,4
resnet50,PD:0138,1,0.4505876898765564,kaggle_spiral,handpd_spiral,4
resnet50,PD:0138,1,0.4388850927352905,kaggle_spiral,handpd_spiral,4
resnet50,PD:0138,1,0.4067728519439697,kaggle_spiral,handpd_spiral,4
resnet50,PD:0139,1,0.43820908665657043,kaggle_spiral,handpd_spiral,4
resnet50,PD:0139,1,0.46712684631347656,kaggle_spiral,handpd_spiral,4
resnet50,PD:0139,1,0.4353173077106476,kaggle_spiral,handpd_spiral,4
resnet50,PD:0139,1,0.4279775321483612,kaggle_spiral,handpd_spiral,4
resnet50,PD:0143,1,0.4496704638004303,kaggle_spiral,handpd_spiral,4
resnet50,PD:0143,1,0.44064435362815857,kaggle_spiral,handpd_spiral,4
resnet50,PD:0143,1,0.4342595338821411,kaggle_spiral,handpd_spiral,4
resnet50,PD:0143,1,0.4703432321548462,kaggle_spiral,handpd_spiral,4
resnet50,PD:0148,1,0.4336676597595215,kaggle_spiral,handpd_spiral,4
resnet50,PD:0148,1,0.4791232943534851,kaggle_spiral,handpd_spiral,4
resnet50,PD:0148,1,0.47496265172958374,kaggle_spiral,handpd_spiral,4
resnet50,PD:0148,1,0.46282315254211426,kaggle_spiral,handpd_spiral,4
resnet50,PD:0149,1,0.4422784447669983,kaggle_spiral,handpd_spiral,4
resnet50,PD:0149,1,0.4600081145763397,kaggle_spiral,handpd_spiral,4
resnet50,PD:0149,1,0.4324072599411011,kaggle_spiral,handpd_spiral,4
resnet50,PD:0149,1,0.4382697641849518,kaggle_spiral,handpd_spiral,4
resnet50,PD:0153,1,0.4257678985595703,kaggle_spiral,handpd_spiral,4
resnet50,PD:0153,1,0.4364025890827179,kaggle_spiral,handpd_spiral,4
resnet50,PD:0153,1,0.4179172217845917,kaggle_spiral,handpd_spiral,4
resnet50,PD:0153,1,0.40866702795028687,kaggle_spiral,handpd_spiral,4
resnet50,PD:0157,1,0.4736398756504059,kaggle_spiral,handpd_spiral,4
resnet50,PD:0157,1,0.42715704441070557,kaggle_spiral,handpd_spiral,4
resnet50,PD:0157,1,0.490005761384964,kaggle_spiral,handpd_spiral,4
resnet50,PD:0157,1,0.46612226963043213,kaggle_spiral,handpd_spiral,4
resnet50,PD:0161,1,0.46282312273979187,kaggle_spiral,handpd_spiral,4
resnet50,PD:0161,1,0.4764464795589447,kaggle_spiral,handpd_spiral,4
resnet50,PD:0161,1,0.4574573040008545,kaggle_spiral,handpd_spiral,4
resnet50,PD:0161,1,0.47802016139030457,kaggle_spiral,handpd_spiral,4
resnet50,PD:0165,1,0.36873742938041687,kaggle_spiral,handpd_spiral,4
resnet50,PD:0165,1,0.4124072194099426,kaggle_spiral,handpd_spiral,4
resnet50,PD:0165,1,0.39436644315719604,kaggle_spiral,handpd_spiral,4
resnet50,PD:0165,1,0.36354243755340576,kaggle_spiral,handpd_spiral,4
resnet50,PD:0166,1,0.4709068834781647,kaggle_spiral,handpd_spiral,4
resnet50,PD:0166,1,0.400922954082489,kaggle_spiral,handpd_spiral,4
resnet50,PD:0166,1,0.3998338580131531,kaggle_spiral,handpd_spiral,4
resnet50,PD:0166,1,0.47686973214149475,kaggle_spiral,handpd_spiral,4
resnet50,PD:0170,1,0.4482785761356354,kaggle_spiral,handpd_spiral,4
resnet50,PD:0170,1,0.43681615591049194,kaggle_spiral,handpd_spiral,4
resnet50,PD:0170,1,0.5098121762275696,kaggle_spiral,handpd_spiral,4
resnet50,PD:0170,1,0.47222521901130676,kaggle_spiral,handpd_spiral,4
resnet50,PD:0174,1,0.5232962965965271,kaggle_spiral,handpd_spiral,4
resnet50,PD:0174,1,0.5277919173240662,kaggle_spiral,handpd_spiral,4
resnet50,PD:0174,1,0.51873779296875,kaggle_spiral,handpd_spiral,4
resnet50,PD:0174,1,0.5061893463134766,kaggle_spiral,handpd_spiral,4
resnet50,PD:0176,1,0.45764753222465515,kaggle_spiral,handpd_spiral,4
resnet50,PD:0176,1,0.4124109148979187,kaggle_spiral,handpd_spiral,4
resnet50,PD:0176,1,0.38007837533950806,kaggle_spiral,handpd_spiral,4
resnet50,PD:0176,1,0.4183789789676666,kaggle_spiral,handpd_spiral,4
resnet50,PD:0177,1,0.4542887806892395,kaggle_spiral,handpd_spiral,4
resnet50,PD:0177,1,0.4299968481063843,kaggle_spiral,handpd_spiral,4
resnet50,PD:0177,1,0.4397200644016266,kaggle_spiral,handpd_spiral,4
resnet50,PD:0177,1,0.39715924859046936,kaggle_spiral,handpd_spiral,4
resnet50,PD:0181,1,0.42542970180511475,kaggle_spiral,handpd_spiral,4
resnet50,PD:0181,1,0.39226004481315613,kaggle_spiral,handpd_spiral,4
resnet50,PD:0181,1,0.38517534732818604,kaggle_spiral,handpd_spiral,4
resnet50,PD:0181,1,0.43247324228286743,kaggle_spiral,handpd_spiral,4
resnet50,PD:0182,1,0.4115317463874817,kaggle_spiral,handpd_spiral,4
resnet50,PD:0182,1,0.4212004542350769,kaggle_spiral,handpd_spiral,4
resnet50,PD:0182,1,0.38739266991615295,kaggle_spiral,handpd_spiral,4
resnet50,PD:0182,1,0.3780583143234253,kaggle_spiral,handpd_spiral,4
resnet50,PD:0186,1,0.5292932987213135,kaggle_spiral,handpd_spiral,4
resnet50,PD:0186,1,0.4837072789669037,kaggle_spiral,handpd_spiral,4
resnet50,PD:0186,1,0.48345479369163513,kaggle_spiral,handpd_spiral,4
resnet50,PD:0186,1,0.45976486802101135,kaggle_spiral,handpd_spiral,4
resnet50,PD:0187,1,0.4105241000652313,kaggle_spiral,handpd_spiral,4
resnet50,PD:0187,1,0.3919382095336914,kaggle_spiral,handpd_spiral,4
resnet50,PD:0187,1,0.4036960005760193,kaggle_spiral,handpd_spiral,4
resnet50,PD:0187,1,0.3856936991214752,kaggle_spiral,handpd_spiral,4
resnet50,PD:0188,1,0.44448497891426086,kaggle_spiral,handpd_spiral,4
resnet50,PD:0188,1,0.4644993245601654,kaggle_spiral,handpd_spiral,4
resnet50,PD:0188,1,0.40727508068084717,kaggle_spiral,handpd_spiral,4
resnet50,PD:0188,1,0.4247839152812958,kaggle_spiral,handpd_spiral,4
resnet50,PD:0192,1,0.4520706534385681,kaggle_spiral,handpd_spiral,4
resnet50,PD:0192,1,0.4394867420196533,kaggle_spiral,handpd_spiral,4
resnet50,PD:0192,1,0.521244466304779,kaggle_spiral,handpd_spiral,4
resnet50,PD:0192,1,0.42504292726516724,kaggle_spiral,handpd_spiral,4
resnet50,PD:0196,1,0.35386040806770325,kaggle_spiral,handpd_spiral,4
resnet50,PD:0196,1,0.4431946873664856,kaggle_spiral,handpd_spiral,4
resnet50,PD:0196,1,0.409982830286026,kaggle_spiral,handpd_spiral,4
resnet50,PD:0196,1,0.39401859045028687,kaggle_spiral,handpd_spiral,4
resnet50,PD:0197,1,0.42893558740615845,kaggle_spiral,handpd_spiral,4
resnet50,PD:0197,1,0.46593576669692993,kaggle_spiral,handpd_spiral,4
resnet50,PD:0197,1,0.35649555921554565,kaggle_spiral,handpd_spiral,4
resnet50,PD:0197,1,0.37558695673942566,kaggle_spiral,handpd_spiral,4
resnet50,PD:0198,1,0.4284655749797821,kaggle_spiral,handpd_spiral,4
resnet50,PD:0198,1,0.40931230783462524,kaggle_spiral,handpd_spiral,4
resnet50,PD:0198,1,0.37991228699684143,kaggle_spiral,handpd_spiral,4
resnet50,PD:0198,1,0.3829425871372223,kaggle_spiral,handpd_spiral,4
resnet50,PD:0202,1,0.38799306750297546,kaggle_spiral,handpd_spiral,4
resnet50,PD:0202,1,0.3976864516735077,kaggle_spiral,handpd_spiral,4
resnet50,PD:0202,1,0.3894180357456207,kaggle_spiral,handpd_spiral,4
resnet50,PD:0202,1,0.4045274555683136,kaggle_spiral,handpd_spiral,4
resnet50,PD:0203,1,0.46350133419036865,kaggle_spiral,handpd_spiral,4
resnet50,PD:0203,1,0.479865163564682,kaggle_spiral,handpd_spiral,4
resnet50,PD:0203,1,0.4087770879268646,kaggle_spiral,handpd_spiral,4
resnet50,PD:0203,1,0.465114027261734,kaggle_spiral,handpd_spiral,4
resnet50,PD:0207,1,0.46286311745643616,kaggle_spiral,handpd_spiral,4
resnet50,PD:0207,1,0.4359742999076843,kaggle_spiral,handpd_spiral,4
resnet50,PD:0207,1,0.4282068610191345,kaggle_spiral,handpd_spiral,4
resnet50,PD:0207,1,0.4664731025695801,kaggle_spiral,handpd_spiral,4
resnet50,PD:0208,1,0.5296374559402466,kaggle_spiral,handpd_spiral,4
resnet50,PD:0208,1,0.47158724069595337,kaggle_spiral,handpd_spiral,4
resnet50,PD:0208,1,0.4999410808086395,kaggle_spiral,handpd_spiral,4
resnet50,PD:0208,1,0.4391520321369171,kaggle_spiral,handpd_spiral,4
resnet50,PD:0213,1,0.4735351800918579,kaggle_spiral,handpd_spiral,4
resnet50,PD:0213,1,0.4623098373413086,kaggle_spiral,handpd_spiral,4
resnet50,PD:0213,1,0.5302591323852539,kaggle_spiral,handpd_spiral,4
resnet50,PD:0213,1,0.507120668888092,kaggle_spiral,handpd_spiral,4
resnet50,PD:0214,1,0.521108090877533,kaggle_spiral,handpd_spiral,4
resnet50,PD:0214,1,0.4674501121044159,kaggle_spiral,handpd_spiral,4
resnet50,PD:0214,1,0.484551340341568,kaggle_spiral,handpd_spiral,4
resnet50,PD:0214,1,0.4840230643749237,kaggle_spiral,handpd_spiral,4
resnet50,PD:0218,1,0.3861079812049866,kaggle_spiral,handpd_spiral,4
resnet50,PD:0218,1,0.433955579996109,kaggle_spiral,handpd_spiral,4
resnet50,PD:0218,1,0.3758442997932434,kaggle_spiral,handpd_spiral,4
resnet50,PD:0218,1,0.4303537905216217,kaggle_spiral,handpd_spiral,4
resnet50,PD:0219,1,0.45826366543769836,kaggle_spiral,handpd_spiral,4
resnet50,PD:0219,1,0.4122314453125,kaggle_spiral,handpd_spiral,4
resnet50,PD:0219,1,0.4102638065814972,kaggle_spiral,handpd_spiral,4
resnet50,PD:0219,1,0.4095936119556427,kaggle_spiral,handpd_spiral,4
resnet50,PD:0223,1,0.4298137426376343,kaggle_spiral,handpd_spiral,4
resnet50,PD:0223,1,0.4214911162853241,kaggle_spiral,handpd_spiral,4
resnet50,PD:0223,1,0.4095017611980438,kaggle_spiral,handpd_spiral,4
resnet50,PD:0223,1,0.41666990518569946,kaggle_spiral,handpd_spiral,4
resnet50,PD:0228,1,0.4896482825279236,kaggle_spiral,handpd_spiral,4
resnet50,PD:0228,1,0.5305152535438538,kaggle_spiral,handpd_spiral,4
resnet50,PD:0228,1,0.49506789445877075,kaggle_spiral,handpd_spiral,4
resnet50,PD:0228,1,0.489362508058548,kaggle_spiral,handpd_spiral,4
resnet50,PD:0229,1,0.5080463886260986,kaggle_spiral,handpd_spiral,4
resnet50,PD:0229,1,0.5122760534286499,kaggle_spiral,handpd_spiral,4
resnet50,PD:0229,1,0.5048750638961792,kaggle_spiral,handpd_spiral,4
resnet50,PD:0229,1,0.5006046295166016,kaggle_spiral,handpd_spiral,4
resnet50,PD:0230,1,0.501619815826416,kaggle_spiral,handpd_spiral,4
resnet50,PD:0230,1,0.5417653918266296,kaggle_spiral,handpd_spiral,4
resnet50,PD:0230,1,0.5356298089027405,kaggle_spiral,handpd_spiral,4
resnet50,PD:0230,1,0.5351145267486572,kaggle_spiral,handpd_spiral,4
resnet50,PD:0234,1,0.4764489233493805,kaggle_spiral,handpd_spiral,4
resnet50,PD:0234,1,0.4934297800064087,kaggle_spiral,handpd_spiral,4
resnet50,PD:0234,1,0.5132171511650085,kaggle_spiral,handpd_spiral,4
resnet50,PD:0234,1,0.5413627028465271,kaggle_spiral,handpd_spiral,4
resnet50,PD:0235,1,0.506830096244812,kaggle_spiral,handpd_spiral,4
resnet50,PD:0235,1,0.5184417366981506,kaggle_spiral,handpd_spiral,4
resnet50,PD:0235,1,0.5037930607795715,kaggle_spiral,handpd_spiral,4
resnet50,PD:0235,1,0.47323909401893616,kaggle_spiral,handpd_spiral,4
resnet50,PD:0236,1,0.4484226703643799,kaggle_spiral,handpd_spiral,4
resnet50,PD:0236,1,0.46052196621894836,kaggle_spiral,handpd_spiral,4
resnet50,PD:0236,1,0.4841146469116211,kaggle_spiral,handpd_spiral,4
resnet50,PD:0236,1,0.489352285861969,kaggle_spiral,handpd_spiral,4
resnet50,PD:0240,1,0.41888099908828735,kaggle_spiral,handpd_spiral,4
resnet50,PD:0240,1,0.4235966205596924,kaggle_spiral,handpd_spiral,4
resnet50,PD:0240,1,0.4445674419403076,kaggle_spiral,handpd_spiral,4
resnet50,PD:0240,1,0.45445436239242554,kaggle_spiral,handpd_spiral,4
resnet50,PD:0241,1,0.4683018624782562,kaggle_spiral,handpd_spiral,4
resnet50,PD:0241,1,0.474090039730072,kaggle_spiral,handpd_spiral,4
resnet50,PD:0241,1,0.43561607599258423,kaggle_spiral,handpd_spiral,4
resnet50,PD:0241,1,0.45641589164733887,kaggle_spiral,handpd_spiral,4
resnet50,PD:0242,1,0.4345684349536896,kaggle_spiral,handpd_spiral,4
resnet50,PD:0242,1,0.43474435806274414,kaggle_spiral,handpd_spiral,4
resnet50,PD:0242,1,0.4470229744911194,kaggle_spiral,handpd_spiral,4
resnet50,PD:0242,1,0.5002738833427429,kaggle_spiral,handpd_spiral,4
resnet50,PD:0246,1,0.43607503175735474,kaggle_spiral,handpd_spiral,4
resnet50,PD:0246,1,0.4167751967906952,kaggle_spiral,handpd_spiral,4
resnet50,PD:0246,1,0.48844894766807556,kaggle_spiral,handpd_spiral,4
resnet50,PD:0246,1,0.48074430227279663,kaggle_spiral,handpd_spiral,4
resnet50,PD:0247,1,0.5433470606803894,kaggle_spiral,handpd_spiral,4
resnet50,PD:0247,1,0.49656257033348083,kaggle_spiral,handpd_spiral,4
resnet50,PD:0247,1,0.5196925401687622,kaggle_spiral,handpd_spiral,4
resnet50,PD:0247,1,0.5166742205619812,kaggle_spiral,handpd_spiral,4
resnet50,PD:0253,1,0.4106222093105316,kaggle_spiral,handpd_spiral,4
resnet50,PD:0253,1,0.42823687195777893,kaggle_spiral,handpd_spiral,4
resnet50,PD:0253,1,0.3893806040287018,kaggle_spiral,handpd_spiral,4
resnet50,PD:0253,1,0.4219352602958679,kaggle_spiral,handpd_spiral,4
resnet50,PD:0254,1,0.4217129051685333,kaggle_spiral,handpd_spiral,4
resnet50,PD:0254,1,0.4161142408847809,kaggle_spiral,handpd_spiral,4
resnet50,PD:0254,1,0.4075835645198822,kaggle_spiral,handpd_spiral,4
resnet50,PD:0254,1,0.4299960732460022,kaggle_spiral,handpd_spiral,4
resnet50,PD:0261,1,0.41112130880355835,kaggle_spiral,handpd_spiral,4
resnet50,PD:0261,1,0.3880370259284973,kaggle_spiral,handpd_spiral,4
resnet50,PD:0261,1,0.36623984575271606,kaggle_spiral,handpd_spiral,4
resnet50,PD:0261,1,0.39991939067840576,kaggle_spiral,handpd_spiral,4
resnet50,PD:0268,1,0.48427101969718933,kaggle_spiral,handpd_spiral,4
resnet50,PD:0268,1,0.43976423144340515,kaggle_spiral,handpd_spiral,4
resnet50,PD:0268,1,0.44995030760765076,kaggle_spiral,handpd_spiral,4
resnet50,PD:0268,1,0.45819148421287537,kaggle_spiral,handpd_spiral,4
resnet50,PD:0269,1,0.4629655182361603,kaggle_spiral,handpd_spiral,4
resnet50,PD:0269,1,0.4350047707557678,kaggle_spiral,handpd_spiral,4
resnet50,PD:0269,1,0.4380165636539459,kaggle_spiral,handpd_spiral,4
resnet50,PD:0269,1,0.4805322289466858,kaggle_spiral,handpd_spiral,4
resnet50,PD:0273,1,0.43938666582107544,kaggle_spiral,handpd_spiral,4
resnet50,PD:0273,1,0.40511617064476013,kaggle_spiral,handpd_spiral,4
resnet50,PD:0273,1,0.43655943870544434,kaggle_spiral,handpd_spiral,4
resnet50,PD:0273,1,0.45790839195251465,kaggle_spiral,handpd_spiral,4
resnet50,PD:0274,1,0.5014595985412598,kaggle_spiral,handpd_spiral,4
resnet50,PD:0274,1,0.4242115914821625,kaggle_spiral,handpd_spiral,4
resnet50,PD:0274,1,0.4455324709415436,kaggle_spiral,handpd_spiral,4
resnet50,PD:0274,1,0.4250495135784149,kaggle_spiral,handpd_spiral,4
resnet50,PD:0280,1,0.4083993434906006,kaggle_spiral,handpd_spiral,4
resnet50,PD:0280,1,0.3923611640930176,kaggle_spiral,handpd_spiral,4
resnet50,PD:0280,1,0.4287532567977905,kaggle_spiral,handpd_spiral,4
resnet50,PD:0280,1,0.41620710492134094,kaggle_spiral,handpd_spiral,4
resnet50,PD:0281,1,0.4541136920452118,kaggle_spiral,handpd_spiral,4
resnet50,PD:0281,1,0.40668708086013794,kaggle_spiral,handpd_spiral,4
resnet50,PD:0281,1,0.455343097448349,kaggle_spiral,handpd_spiral,4
resnet50,PD:0281,1,0.41804033517837524,kaggle_spiral,handpd_spiral,4
efficientnet_b0,HC:0068,0,0.5184285640716553,kaggle_spiral,handpd_spiral,4
efficientnet_b0,HC:0068,0,0.45829102396965027,kaggle_spiral,handpd_spiral,4
efficientnet_b0,HC:0068,0,0.49589693546295166,kaggle_spiral,handpd_spiral,4
efficientnet_b0,HC:0068,0,0.513355553150177,kaggle_spiral,handpd_spiral,4
efficientnet_b0,HC:0092,0,0.4849768280982971,kaggle_spiral,handpd_spiral,4
efficientnet_b0,HC:0092,0,0.509559690952301,kaggle_spiral,handpd_spiral,4
efficientnet_b0,HC:0092,0,0.5137990713119507,kaggle_spiral,handpd_spiral,4
efficientnet_b0,HC:0092,0,0.4562366008758545,kaggle_spiral,handpd_spiral,4
efficientnet_b0,HC:0098,0,0.4891447424888611,kaggle_spiral,handpd_spiral,4
efficientnet_b0,HC:0098,0,0.5102958083152771,kaggle_spiral,handpd_spiral,4
efficientnet_b0,HC:0098,0,0.5189230442047119,kaggle_spiral,handpd_spiral,4
efficientnet_b0,HC:0098,0,0.4817567467689514,kaggle_spiral,handpd_spiral,4
efficientnet_b0,HC:0100,0,0.4445185661315918,kaggle_spiral,handpd_spiral,4
efficientnet_b0,HC:0100,0,0.4995485246181488,kaggle_spiral,handpd_spiral,4
efficientnet_b0,HC:0100,0,0.4778100550174713,kaggle_spiral,handpd_spiral,4
efficientnet_b0,HC:0100,0,0.5276517271995544,kaggle_spiral,handpd_spiral,4
efficientnet_b0,HC:0102,0,0.48614048957824707,kaggle_spiral,handpd_spiral,4
efficientnet_b0,HC:0102,0,0.5085283517837524,kaggle_spiral,handpd_spiral,4
efficientnet_b0,HC:0102,0,0.4752211272716522,kaggle_spiral,handpd_spiral,4
efficientnet_b0,HC:0102,0,0.49048107862472534,kaggle_spiral,handpd_spiral,4
efficientnet_b0,HC:0104,0,0.5197516679763794,kaggle_spiral,handpd_spiral,4
efficientnet_b0,HC:0104,0,0.48492488265037537,kaggle_spiral,handpd_spiral,4
efficientnet_b0,HC:0104,0,0.44494274258613586,kaggle_spiral,handpd_spiral,4
efficientnet_b0,HC:0104,0,0.5013468861579895,kaggle_spiral,handpd_spiral,4
efficientnet_b0,HC:0106,0,0.4795825481414795,kaggle_spiral,handpd_spiral,4
efficientnet_b0,HC:0106,0,0.5356072783470154,kaggle_spiral,handpd_spiral,4
efficientnet_b0,HC:0106,0,0.4763142466545105,kaggle_spiral,handpd_spiral,4
efficientnet_b0,HC:0106,0,0.5059479475021362,kaggle_spiral,handpd_spiral,4
efficientnet_b0,HC:0112,0,0.5022537112236023,kaggle_spiral,handpd_spiral,4
efficientnet_b0,HC:0112,0,0.4958752393722534,kaggle_spiral,handpd_spiral,4
efficientnet_b0,HC:0112,0,0.4839783012866974,kaggle_spiral,handpd_spiral,4
efficientnet_b0,HC:0112,0,0.49088171124458313,kaggle_spiral,handpd_spiral,4
efficientnet_b0,HC:0116,0,0.5014500617980957,kaggle_spiral,handpd_spiral,4
efficientnet_b0,HC:0116,0,0.4643357992172241,kaggle_spiral,handpd_spiral,4
efficientnet_b0,HC:0116,0,0.49441981315612793,kaggle_spiral,handpd_spiral,4
efficientnet_b0,HC:0116,0,0.5126656889915466,kaggle_spiral,handpd_spiral,4
efficientnet_b0,HC:0127,0,0.47874876856803894,kaggle_spiral,handpd_spiral,4
efficientnet_b0,HC:0127,0,0.5186915397644043,kaggle_spiral,handpd_spiral,4
efficientnet_b0,HC:0127,0,0.5071861147880554,kaggle_spiral,handpd_spiral,4
efficientnet_b0,HC:0127,0,0.5040748715400696,kaggle_spiral,handpd_spiral,4
efficientnet_b0,HC:0129,0,0.5225370526313782,kaggle_spiral,handpd_spiral,4
efficientnet_b0,HC:0129,0,0.48626747727394104,kaggle_spiral,handpd_spiral,4
efficientnet_b0,HC:0129,0,0.488495796918869,kaggle_spiral,handpd_spiral,4
efficientnet_b0,HC:0129,0,0.4619758129119873,kaggle_spiral,handpd_spiral,4
efficientnet_b0,HC:0131,0,0.5191610455513,kaggle_spiral,handpd_spiral,4
efficientnet_b0,HC:0131,0,0.49684378504753113,kaggle_spiral,handpd_spiral,4
efficientnet_b0,HC:0131,0,0.4889863133430481,kaggle_spiral,handpd_spiral,4
efficientnet_b0,HC:0131,0,0.5015725493431091,kaggle_spiral,handpd_spiral,4
efficientnet_b0,HC:0287,0,0.5061516761779785,kaggle_spiral,handpd_spiral,4
efficientnet_b0,HC:0287,0,0.5397869944572449,kaggle_spiral,handpd_spiral,4
efficientnet_b0,HC:0287,0,0.5161802768707275,kaggle_spiral,handpd_spiral,4
efficientnet_b0,HC:0287,0,0.4777725040912628,kaggle_spiral,handpd_spiral,4
efficientnet_b0,HC:0289,0,0.5309109091758728,kaggle_spiral,handpd_spiral,4
efficientnet_b0,HC:0289,0,0.5195854306221008,kaggle_spiral,handpd_spiral,4
efficientnet_b0,HC:0289,0,0.5296279191970825,kaggle_spiral,handpd_spiral,4
efficientnet_b0,HC:0289,0,0.4620702564716339,kaggle_spiral,handpd_spiral,4
efficientnet_b0,HC:0293,0,0.46810829639434814,kaggle_spiral,handpd_spiral,4
efficientnet_b0,HC:0293,0,0.49013420939445496,kaggle_spiral,handpd_spiral,4
efficientnet_b0,HC:0293,0,0.48558491468429565,kaggle_spiral,handpd_spiral,4
efficientnet_b0,HC:0293,0,0.4744262099266052,kaggle_spiral,handpd_spiral,4
efficientnet_b0,HC:0295,0,0.5838909149169922,kaggle_spiral,handpd_spiral,4
efficientnet_b0,HC:0295,0,0.5051383972167969,kaggle_spiral,handpd_spiral,4
efficientnet_b0,HC:0295,0,0.40941688418388367,kaggle_spiral,handpd_spiral,4
efficientnet_b0,HC:0295,0,0.44435203075408936,kaggle_spiral,handpd_spiral,4
efficientnet_b0,HC:0297,0,0.5619889497756958,kaggle_spiral,handpd_spiral,4
efficientnet_b0,HC:0297,0,0.4906175136566162,kaggle_spiral,handpd_spiral,4
efficientnet_b0,HC:0297,0,0.4987422525882721,kaggle_spiral,handpd_spiral,4
efficientnet_b0,HC:0297,0,0.4486231803894043,kaggle_spiral,handpd_spiral,4
efficientnet_b0,HC:0305,0,0.6288566589355469,kaggle_spiral,handpd_spiral,4
efficientnet_b0,HC:0305,0,0.5040847659111023,kaggle_spiral,handpd_spiral,4
efficientnet_b0,HC:0305,0,0.4932793378829956,kaggle_spiral,handpd_spiral,4
efficientnet_b0,HC:0305,0,0.5132689476013184,kaggle_spiral,handpd_spiral,4
efficientnet_b0,PD:0002,1,0.6236456632614136,kaggle_spiral,handpd_spiral,4
efficientnet_b0,PD:0002,1,0.6058158874511719,kaggle_spiral,handpd_spiral,4
efficientnet_b0,PD:0002,1,0.6309808492660522,kaggle_spiral,handpd_spiral,4
efficientnet_b0,PD:0002,1,0.5779998898506165,kaggle_spiral,handpd_spiral,4
efficientnet_b0,PD:0003,1,0.672400176525116,kaggle_spiral,handpd_spiral,4
efficientnet_b0,PD:0003,1,0.5367838144302368,kaggle_spiral,handpd_spiral,4
efficientnet_b0,PD:0003,1,0.5298199653625488,kaggle_spiral,handpd_spiral,4
efficientnet_b0,PD:0003,1,0.5277785062789917,kaggle_spiral,handpd_spiral,4
efficientnet_b0,PD:0004,1,0.5821440815925598,kaggle_spiral,handpd_spiral,4
efficientnet_b0,PD:0004,1,0.5525012612342834,kaggle_spiral,handpd_spiral,4
efficientnet_b0,PD:0004,1,0.5206828117370605,kaggle_spiral,handpd_spiral,4
efficientnet_b0,PD:0004,1,0.4929795563220978,kaggle_spiral,handpd_spiral,4
efficientnet_b0,PD:0005,1,0.5157522559165955,kaggle_spiral,handpd_spiral,4
efficientnet_b0,PD:0005,1,0.4842536449432373,kaggle_spiral,handpd_spiral,4
efficientnet_b0,PD:0005,1,0.535208523273468,kaggle_spiral,handpd_spiral,4
efficientnet_b0,PD:0005,1,0.5349867939949036,kaggle_spiral,handpd_spiral,4
efficientnet_b0,PD:0009,1,0.503908097743988,kaggle_spiral,handpd_spiral,4
efficientnet_b0,PD:0009,1,0.5197017192840576,kaggle_spiral,handpd_spiral,4
efficientnet_b0,PD:0009,1,0.5113198757171631,kaggle_spiral,handpd_spiral,4
efficientnet_b0,PD:0009,1,0.4992833435535431,kaggle_spiral,handpd_spiral,4
efficientnet_b0,PD:0010,1,0.525962233543396,kaggle_spiral,handpd_spiral,4
efficientnet_b0,PD:0010,1,0.4935571849346161,kaggle_spiral,handpd_spiral,4
efficientnet_b0,PD:0010,1,0.4880835711956024,kaggle_spiral,handpd_spiral,4
efficientnet_b0,PD:0010,1,0.5118663907051086,kaggle_spiral,handpd_spiral,4
efficientnet_b0,PD:0016,1,0.5439643263816833,kaggle_spiral,handpd_spiral,4
efficientnet_b0,PD:0016,1,0.5039494037628174,kaggle_spiral,handpd_spiral,4
efficientnet_b0,PD:0016,1,0.4936950206756592,kaggle_spiral,handpd_spiral,4
efficientnet_b0,PD:0016,1,0.46472039818763733,kaggle_spiral,handpd_spiral,4
efficientnet_b0,PD:0023,1,0.48499128222465515,kaggle_spiral,handpd_spiral,4
efficientnet_b0,PD:0023,1,0.48227113485336304,kaggle_spiral,handpd_spiral,4
efficientnet_b0,PD:0023,1,0.5127993226051331,kaggle_spiral,handpd_spiral,4
efficientnet_b0,PD:0023,1,0.4973071217536926,kaggle_spiral,handpd_spiral,4
efficientnet_b0,PD:0024,1,0.5350563526153564,kaggle_spiral,handpd_spiral,4
efficientnet_b0,PD:0024,1,0.4952576160430908,kaggle_spiral,handpd_spiral,4
efficientnet_b0,PD:0024,1,0.4936150014400482,kaggle_spiral,handpd_spiral,4
efficientnet_b0,PD:0024,1,0.5101234316825867,kaggle_spiral,handpd_spiral,4
efficientnet_b0,PD:0030,1,0.5236554741859436,kaggle_spiral,handpd_spiral,4
efficientnet_b0,PD:0030,1,0.5158172845840454,kaggle_spiral,handpd_spiral,4
efficientnet_b0,PD:0030,1,0.5405964851379395,kaggle_spiral,handpd_spiral,4
efficientnet_b0,PD:0030,1,0.5043700933456421,kaggle_spiral,handpd_spiral,4
efficientnet_b0,PD:0031,1,0.5050649046897888,kaggle_spiral,handpd_spiral,4
efficientnet_b0,PD:0031,1,0.5007368326187134,kaggle_spiral,handpd_spiral,4
efficientnet_b0,PD:0031,1,0.5137063264846802,kaggle_spiral,handpd_spiral,4
efficientnet_b0,PD:0031,1,0.5164987444877625,kaggle_spiral,handpd_spiral,4
efficientnet_b0,PD:0037,1,0.43302008509635925,kaggle_spiral,handpd_spiral,4
efficientnet_b0,PD:0037,1,0.513715386390686,kaggle_spiral,handpd_spiral,4
efficientnet_b0,PD:0037,1,0.5801685452461243,kaggle_spiral,handpd_spiral,4
efficientnet_b0,PD:0037,1,0.5274444222450256,kaggle_spiral,handpd_spiral,4
efficientnet_b0,PD:0038,1,0.5736972689628601,kaggle_spiral,handpd_spiral,4
efficientnet_b0,PD:0038,1,0.5388904213905334,kaggle_spiral,handpd_spiral,4
efficientnet_b0,PD:0038,1,0.5453090667724609,kaggle_spiral,handpd_spiral,4
efficientnet_b0,PD:0038,1,0.49531325697898865,kaggle_spiral,handpd_spiral,4
efficientnet_b0,PD:0044,1,0.528398871421814,kaggle_spiral,handpd_spiral,4
efficientnet_b0,PD:0044,1,0.4723896086215973,kaggle_spiral,handpd_spiral,4
efficientnet_b0,PD:0044,1,0.4477105140686035,kaggle_spiral,handpd_spiral,4
efficientnet_b0,PD:0044,1,0.4775269627571106,kaggle_spiral,handpd_spiral,4
efficientnet_b0,PD:0045,1,0.5146612524986267,kaggle_spiral,handpd_spiral,4
efficientnet_b0,PD:0045,1,0.5043003559112549,kaggle_spiral,handpd_spiral,4
efficientnet_b0,PD:0045,1,0.5649818181991577,kaggle_spiral,handpd_spiral,4
efficientnet_b0,PD:0045,1,0.5180789828300476,kaggle_spiral,handpd_spiral,4
efficientnet_b0,PD:0046,1,0.44425684213638306,kaggle_spiral,handpd_spiral,4
efficientnet_b0,PD:0046,1,0.5224953293800354,kaggle_spiral,handpd_spiral,4
efficientnet_b0,PD:0046,1,0.4875829815864563,kaggle_spiral,handpd_spiral,4
efficientnet_b0,PD:0046,1,0.48263877630233765,kaggle_spiral,handpd_spiral,4
efficientnet_b0,PD:0051,1,0.4764825701713562,kaggle_spiral,handpd_spiral,4
efficientnet_b0,PD:0051,1,0.4898517429828644,kaggle_spiral,handpd_spiral,4
efficientnet_b0,PD:0051,1,0.509107232093811,kaggle_spiral,handpd_spiral,4
efficientnet_b0,PD:0051,1,0.5381873846054077,kaggle_spiral,handpd_spiral,4
efficientnet_b0,PD:0052,1,0.47237440943717957,kaggle_spiral,handpd_spiral,4
efficientnet_b0,PD:0052,1,0.4631446599960327,kaggle_spiral,handpd_spiral,4
efficientnet_b0,PD:0052,1,0.5261338353157043,kaggle_spiral,handpd_spiral,4
efficientnet_b0,PD:0052,1,0.4563964307308197,kaggle_spiral,handpd_spiral,4
efficientnet_b0,PD:0053,1,0.5553819537162781,kaggle_spiral,handpd_spiral,4
efficientnet_b0,PD:0053,1,0.5417504906654358,kaggle_spiral,handpd_spiral,4
efficientnet_b0,PD:0053,1,0.5439866185188293,kaggle_spiral,handpd_spiral,4
efficientnet_b0,PD:0053,1,0.4774641692638397,kaggle_spiral,handpd_spiral,4
efficientnet_b0,PD:0054,1,0.5309885740280151,kaggle_spiral,handpd_spiral,4
efficientnet_b0,PD:0054,1,0.5522857308387756,kaggle_spiral,handpd_spiral,4
efficientnet_b0,PD:0054,1,0.5185493230819702,kaggle_spiral,handpd_spiral,4
efficientnet_b0,PD:0054,1,0.4775986075401306,kaggle_spiral,handpd_spiral,4
efficientnet_b0,PD:0134,1,0.5168991088867188,kaggle_spiral,handpd_spiral,4
efficientnet_b0,PD:0134,1,0.5351755023002625,kaggle_spiral,handpd_spiral,4
efficientnet_b0,PD:0134,1,0.4805024266242981,kaggle_spiral,handpd_spiral,4
efficientnet_b0,PD:0134,1,0.5229406356811523,kaggle_spiral,handpd_spiral,4
efficientnet_b0,PD:0136,1,0.47546979784965515,kaggle_spiral,handpd_spiral,4
efficientnet_b0,PD:0136,1,0.5024530291557312,kaggle_spiral,handpd_spiral,4
efficientnet_b0,PD:0136,1,0.38703858852386475,kaggle_spiral,handpd_spiral,4
efficientnet_b0,PD:0136,1,0.5119949579238892,kaggle_spiral,handpd_spiral,4
efficientnet_b0,PD:0138,1,0.4915764331817627,kaggle_spiral,handpd_spiral,4
efficientnet_b0,PD:0138,1,0.456999272108078,kaggle_spiral,handpd_spiral,4
efficientnet_b0,PD:0138,1,0.5369808077812195,kaggle_spiral,handpd_spiral,4
efficientnet_b0,PD:0138,1,0.5638057589530945,kaggle_spiral,handpd_spiral,4
efficientnet_b0,PD:0139,1,0.5219903588294983,kaggle_spiral,handpd_spiral,4
efficientnet_b0,PD:0139,1,0.5369319915771484,kaggle_spiral,handpd_spiral,4
efficientnet_b0,PD:0139,1,0.4959270656108856,kaggle_spiral,handpd_spiral,4
efficientnet_b0,PD:0139,1,0.5021346211433411,kaggle_spiral,handpd_spiral,4
efficientnet_b0,PD:0143,1,0.4716199040412903,kaggle_spiral,handpd_spiral,4
efficientnet_b0,PD:0143,1,0.5175873041152954,kaggle_spiral,handpd_spiral,4
efficientnet_b0,PD:0143,1,0.4966124892234802,kaggle_spiral,handpd_spiral,4
efficientnet_b0,PD:0143,1,0.4872739315032959,kaggle_spiral,handpd_spiral,4
efficientnet_b0,PD:0148,1,0.45112431049346924,kaggle_spiral,handpd_spiral,4
efficientnet_b0,PD:0148,1,0.5092524886131287,kaggle_spiral,handpd_spiral,4
efficientnet_b0,PD:0148,1,0.46982911229133606,kaggle_spiral,handpd_spiral,4
efficientnet_b0,PD:0148,1,0.5712838172912598,kaggle_spiral,handpd_spiral,4
efficientnet_b0,PD:0149,1,0.504948079586029,kaggle_spiral,handpd_spiral,4
efficientnet_b0,PD:0149,1,0.5418944954872131,kaggle_spiral,handpd_spiral,4
efficientnet_b0,PD:0149,1,0.5416737794876099,kaggle_spiral,handpd_spiral,4
efficientnet_b0,PD:0149,1,0.5327237248420715,kaggle_spiral,handpd_spiral,4
efficientnet_b0,PD:0153,1,0.5095785856246948,kaggle_spiral,handpd_spiral,4
efficientnet_b0,PD:0153,1,0.5156052708625793,kaggle_spiral,handpd_spiral,4
efficientnet_b0,PD:0153,1,0.5068548321723938,kaggle_spiral,handpd_spiral,4
efficientnet_b0,PD:0153,1,0.5245374441146851,kaggle_spiral,handpd_spiral,4
efficientnet_b0,PD:0157,1,0.5066131949424744,kaggle_spiral,handpd_spiral,4
efficientnet_b0,PD:0157,1,0.5234513878822327,kaggle_spiral,handpd_spiral,4
efficientnet_b0,PD:0157,1,0.47804659605026245,kaggle_spiral,handpd_spiral,4
efficientnet_b0,PD:0157,1,0.524927020072937,kaggle_spiral,handpd_spiral,4
efficientnet_b0,PD:0161,1,0.5367568135261536,kaggle_spiral,handpd_spiral,4
efficientnet_b0,PD:0161,1,0.476531445980072,kaggle_spiral,handpd_spiral,4
efficientnet_b0,PD:0161,1,0.5665980577468872,kaggle_spiral,handpd_spiral,4
efficientnet_b0,PD:0161,1,0.47689515352249146,kaggle_spiral,handpd_spiral,4
efficientnet_b0,PD:0165,1,0.5064362287521362,kaggle_spiral,handpd_spiral,4
efficientnet_b0,PD:0165,1,0.5308800339698792,kaggle_spiral,handpd_spiral,4
efficientnet_b0,PD:0165,1,0.5120680332183838,kaggle_spiral,handpd_spiral,4
efficientnet_b0,PD:0165,1,0.48799028992652893,kaggle_spiral,handpd_spiral,4
efficientnet_b0,PD:0166,1,0.5095900893211365,kaggle_spiral,handpd_spiral,4
efficientnet_b0,PD:0166,1,0.5299546718597412,kaggle_spiral,handpd_spiral,4
efficientnet_b0,PD:0166,1,0.5032163262367249,kaggle_spiral,handpd_spiral,4
efficientnet_b0,PD:0166,1,0.5181437730789185,kaggle_spiral,handpd_spiral,4
efficientnet_b0,PD:0170,1,0.5389367938041687,kaggle_spiral,handpd_spiral,4
efficientnet_b0,PD:0170,1,0.5198999643325806,kaggle_spiral,handpd_spiral,4
efficientnet_b0,PD:0170,1,0.5889427065849304,kaggle_spiral,handpd_spiral,4
efficientnet_b0,PD:0170,1,0.511106550693512,kaggle_spiral,handpd_spiral,4
efficientnet_b0,PD:0174,1,0.5401280522346497,kaggle_spiral,handpd_spiral,4
efficientnet_b0,PD:0174,1,0.5610090494155884,kaggle_spiral,handpd_spiral,4
efficientnet_b0,PD:0174,1,0.4878338575363159,kaggle_spiral,handpd_spiral,4
efficientnet_b0,PD:0174,1,0.4827440083026886,kaggle_spiral,handpd_spiral,4
efficientnet_b0,PD:0176,1,0.5164353251457214,kaggle_spiral,handpd_spiral,4
efficientnet_b0,PD:0176,1,0.5321409106254578,kaggle_spiral,handpd_spiral,4
efficientnet_b0,PD:0176,1,0.518109917640686,kaggle_spiral,handpd_spiral,4
efficientnet_b0,PD:0176,1,0.49764564633369446,kaggle_spiral,handpd_spiral,4
efficientnet_b0,PD:0177,1,0.537006139755249,kaggle_spiral,handpd_spiral,4
efficientnet_b0,PD:0177,1,0.5298189520835876,kaggle_spiral,handpd_spiral,4
efficientnet_b0,PD:0177,1,0.49776917695999146,kaggle_spiral,handpd_spiral,4
efficientnet_b0,PD:0177,1,0.46227261424064636,kaggle_spiral,handpd_spiral,4
efficientnet_b0,PD:0181,1,0.5363770723342896,kaggle_spiral,handpd_spiral,4
efficientnet_b0,PD:0181,1,0.4552500247955322,kaggle_spiral,handpd_spiral,4
efficientnet_b0,PD:0181,1,0.45828282833099365,kaggle_spiral,handpd_spiral,4
efficientnet_b0,PD:0181,1,0.49118736386299133,kaggle_spiral,handpd_spiral,4
efficientnet_b0,PD:0182,1,0.455959290266037,kaggle_spiral,handpd_spiral,4
efficientnet_b0,PD:0182,1,0.503025233745575,kaggle_spiral,handpd_spiral,4
efficientnet_b0,PD:0182,1,0.47168272733688354,kaggle_spiral,handpd_spiral,4
efficientnet_b0,PD:0182,1,0.4972449541091919,kaggle_spiral,handpd_spiral,4
efficientnet_b0,PD:0186,1,0.47133222222328186,kaggle_spiral,handpd_spiral,4
efficientnet_b0,PD:0186,1,0.4670318365097046,kaggle_spiral,handpd_spiral,4
efficientnet_b0,PD:0186,1,0.49720874428749084,kaggle_spiral,handpd_spiral,4
efficientnet_b0,PD:0186,1,0.43725404143333435,kaggle_spiral,handpd_spiral,4
efficientnet_b0,PD:0187,1,0.5419719219207764,kaggle_spiral,handpd_spiral,4
efficientnet_b0,PD:0187,1,0.4670284688472748,kaggle_spiral,handpd_spiral,4
efficientnet_b0,PD:0187,1,0.5236642360687256,kaggle_spiral,handpd_spiral,4
efficientnet_b0,PD:0187,1,0.4697917401790619,kaggle_spiral,handpd_spiral,4
efficientnet_b0,PD:0188,1,0.5287070274353027,kaggle_spiral,handpd_spiral,4
efficientnet_b0,PD:0188,1,0.4762040674686432,kaggle_spiral,handpd_spiral,4
efficientnet_b0,PD:0188,1,0.5073526501655579,kaggle_spiral,handpd_spiral,4
efficientnet_b0,PD:0188,1,0.4734250605106354,kaggle_spiral,handpd_spiral,4
efficientnet_b0,PD:0192,1,0.5311693549156189,kaggle_spiral,handpd_spiral,4
efficientnet_b0,PD:0192,1,0.49130338430404663,kaggle_spiral,handpd_spiral,4
efficientnet_b0,PD:0192,1,0.5262293815612793,kaggle_spiral,handpd_spiral,4
efficientnet_b0,PD:0192,1,0.47952431440353394,kaggle_spiral,handpd_spiral,4
efficientnet_b0,PD:0196,1,0.49667808413505554,kaggle_spiral,handpd_spiral,4
efficientnet_b0,PD:0196,1,0.53369140625,kaggle_spiral,handpd_spiral,4
efficientnet_b0,PD:0196,1,0.546044647693634,kaggle_spiral,handpd_spiral,4
efficientnet_b0,PD:0196,1,0.5220089554786682,kaggle_spiral,handpd_spiral,4
efficientnet_b0,PD:0197,1,0.5195786356925964,kaggle_spiral,handpd_spiral,4
efficientnet_b0,PD:0197,1,0.47844797372817993,kaggle_spiral,handpd_spiral,4
efficientnet_b0,PD:0197,1,0.49323832988739014,kaggle_spiral,handpd_spiral,4
efficientnet_b0,PD:0197,1,0.5294553637504578,kaggle_spiral,handpd_spiral,4
efficientnet_b0,PD:0198,1,0.5124358534812927,kaggle_spiral,handpd_spiral,4
efficientnet_b0,PD:0198,1,0.4725475311279297,kaggle_spiral,handpd_spiral,4
efficientnet_b0,PD:0198,1,0.4758106470108032,kaggle_spiral,handpd_spiral,4
efficientnet_b0,PD:0198,1,0.4603855311870575,kaggle_spiral,handpd_spiral,4
efficientnet_b0,PD:0202,1,0.5204569101333618,kaggle_spiral,handpd_spiral,4
efficientnet_b0,PD:0202,1,0.4886683523654938,kaggle_spiral,handpd_spiral,4
efficientnet_b0,PD:0202,1,0.5030121207237244,kaggle_spiral,handpd_spiral,4
efficientnet_b0,PD:0202,1,0.5059434175491333,kaggle_spiral,handpd_spiral,4
efficientnet_b0,PD:0203,1,0.4993014931678772,kaggle_spiral,handpd_spiral,4
efficientnet_b0,PD:0203,1,0.5370093584060669,kaggle_spiral,handpd_spiral,4
efficientnet_b0,PD:0203,1,0.4705086946487427,kaggle_spiral,handpd_spiral,4
efficientnet_b0,PD:0203,1,0.5034220814704895,kaggle_spiral,handpd_spiral,4
efficientnet_b0,PD:0207,1,0.4674927890300751,kaggle_spiral,handpd_spiral,4
efficientnet_b0,PD:0207,1,0.47963184118270874,kaggle_spiral,handpd_spiral,4
efficientnet_b0,PD:0207,1,0.5013940930366516,kaggle_spiral,handpd_spiral,4
efficientnet_b0,PD:0207,1,0.4682413637638092,kaggle_spiral,handpd_spiral,4
efficientnet_b0,PD:0208,1,0.4501829147338867,kaggle_spiral,handpd_spiral,4
efficientnet_b0,PD:0208,1,0.5149011015892029,kaggle_spiral,handpd_spiral,4
efficientnet_b0,PD:0208,1,0.48616862297058105,kaggle_spiral,handpd_spiral,4
efficientnet_b0,PD:0208,1,0.4663999080657959,kaggle_spiral,handpd_spiral,4
efficientnet_b0,PD:0213,1,0.5695824027061462,kaggle_spiral,handpd_spiral,4
efficientnet_b0,PD:0213,1,0.518268883228302,kaggle_spiral,handpd_spiral,4
efficientnet_b0,PD:0213,1,0.5561573505401611,kaggle_spiral,handpd_spiral,4
efficientnet_b0,PD:0213,1,0.4876415431499481,kaggle_spiral,handpd_spiral,4
efficientnet_b0,PD:0214,1,0.4594981372356415,kaggle_spiral,handpd_spiral,4
efficientnet_b0,PD:0214,1,0.5544115900993347,kaggle_spiral,handpd_spiral,4
efficientnet_b0,PD:0214,1,0.46839866042137146,kaggle_spiral,handpd_spiral,4
efficientnet_b0,PD:0214,1,0.5212680697441101,kaggle_spiral,handpd_spiral,4
efficientnet_b0,PD:0218,1,0.4706430733203888,kaggle_spiral,handpd_spiral,4
efficientnet_b0,PD:0218,1,0.4876810312271118,kaggle_spiral,handpd_spiral,4
efficientnet_b0,PD:0218,1,0.4869579076766968,kaggle_spiral,handpd_spiral,4
efficientnet_b0,PD:0218,1,0.5064755082130432,kaggle_spiral,handpd_spiral,4
efficientnet_b0,PD:0219,1,0.5343806743621826,kaggle_spiral,handpd_spiral,4
efficientnet_b0,PD:0219,1,0.5320473313331604,kaggle_spiral,handpd_spiral,4
efficientnet_b0,PD:0219,1,0.49424612522125244,kaggle_spiral,handpd_spiral,4
efficientnet_b0,PD:0219,1,0.5252150297164917,kaggle_spiral,handpd_spiral,4
efficientnet_b0,PD:0223,1,0.5041313171386719,kaggle_spiral,handpd_spiral,4
efficientnet_b0,PD:0223,1,0.5252323150634766,kaggle_spiral,handpd_spiral,4
efficientnet_b0,PD:0223,1,0.5506061911582947,kaggle_spiral,handpd_spiral,4
efficientnet_b0,PD:0223,1,0.4938330054283142,kaggle_spiral,handpd_spiral,4
efficientnet_b0,PD:0228,1,0.5428450107574463,kaggle_spiral,handpd_spiral,4
efficientnet_b0,PD:0228,1,0.5169260501861572,kaggle_spiral,handpd_spiral,4
efficientnet_b0,PD:0228,1,0.5176258087158203,kaggle_spiral,handpd_spiral,4
efficientnet_b0,PD:0228,1,0.5817287564277649,kaggle_spiral,handpd_spiral,4
efficientnet_b0,PD:0229,1,0.5291336178779602,kaggle_spiral,handpd_spiral,4
efficientnet_b0,PD:0229,1,0.5492773056030273,kaggle_spiral,handpd_spiral,4
efficientnet_b0,PD:0229,1,0.6144880056381226,kaggle_spiral,handpd_spiral,4
efficientnet_b0,PD:0229,1,0.5090333223342896,kaggle_spiral,handpd_spiral,4
efficientnet_b0,PD:0230,1,0.6289013624191284,kaggle_spiral,handpd_spiral,4
efficientnet_b0,PD:0230,1,0.6194418668746948,kaggle_spiral,handpd_spiral,4
efficientnet_b0,PD:0230,1,0.6870044469833374,kaggle_spiral,handpd_spiral,4
efficientnet_b0,PD:0230,1,0.7628943920135498,kaggle_spiral,handpd_spiral,4
efficientnet_b0,PD:0234,1,0.4724552631378174,kaggle_spiral,handpd_spiral,4
efficientnet_b0,PD:0234,1,0.5456290245056152,kaggle_spiral,handpd_spiral,4
efficientnet_b0,PD:0234,1,0.6061601638793945,kaggle_spiral,handpd_spiral,4
efficientnet_b0,PD:0234,1,0.5236595273017883,kaggle_spiral,handpd_spiral,4
efficientnet_b0,PD:0235,1,0.6569458842277527,kaggle_spiral,handpd_spiral,4
efficientnet_b0,PD:0235,1,0.5514073967933655,kaggle_spiral,handpd_spiral,4
efficientnet_b0,PD:0235,1,0.6014299988746643,kaggle_spiral,handpd_spiral,4
efficientnet_b0,PD:0235,1,0.5126051902770996,kaggle_spiral,handpd_spiral,4
efficientnet_b0,PD:0236,1,0.536733865737915,kaggle_spiral,handpd_spiral,4
efficientnet_b0,PD:0236,1,0.5432578325271606,kaggle_spiral,handpd_spiral,4
efficientnet_b0,PD:0236,1,0.5552891492843628,kaggle_spiral,handpd_spiral,4
efficientnet_b0,PD:0236,1,0.49638041853904724,kaggle_spiral,handpd_spiral,4
efficientnet_b0,PD:0240,1,0.5214481353759766,kaggle_spiral,handpd_spiral,4
efficientnet_b0,PD:0240,1,0.5074503421783447,kaggle_spiral,handpd_spiral,4
efficientnet_b0,PD:0240,1,0.48864904046058655,kaggle_spiral,handpd_spiral,4
efficientnet_b0,PD:0240,1,0.5029057860374451,kaggle_spiral,handpd_spiral,4
efficientnet_b0,PD:0241,1,0.5361356139183044,kaggle_spiral,handpd_spiral,4
efficientnet_b0,PD:0241,1,0.5289757251739502,kaggle_spiral,handpd_spiral,4
efficientnet_b0,PD:0241,1,0.5388537645339966,kaggle_spiral,handpd_spiral,4
efficientnet_b0,PD:0241,1,0.4665880799293518,kaggle_spiral,handpd_spiral,4
efficientnet_b0,PD:0242,1,0.568706750869751,kaggle_spiral,handpd_spiral,4
efficientnet_b0,PD:0242,1,0.5792774558067322,kaggle_spiral,handpd_spiral,4
efficientnet_b0,PD:0242,1,0.4830700755119324,kaggle_spiral,handpd_spiral,4
efficientnet_b0,PD:0242,1,0.5406919717788696,kaggle_spiral,handpd_spiral,4
efficientnet_b0,PD:0246,1,0.52059006690979,kaggle_spiral,handpd_spiral,4
efficientnet_b0,PD:0246,1,0.46918338537216187,kaggle_spiral,handpd_spiral,4
efficientnet_b0,PD:0246,1,0.534857451915741,kaggle_spiral,handpd_spiral,4
efficientnet_b0,PD:0246,1,0.5165756940841675,kaggle_spiral,handpd_spiral,4
efficientnet_b0,PD:0247,1,0.48038986325263977,kaggle_spiral,handpd_spiral,4
efficientnet_b0,PD:0247,1,0.557403564453125,kaggle_spiral,handpd_spiral,4
efficientnet_b0,PD:0247,1,0.5479000806808472,kaggle_spiral,handpd_spiral,4
efficientnet_b0,PD:0247,1,0.47481709718704224,kaggle_spiral,handpd_spiral,4
efficientnet_b0,PD:0253,1,0.451715886592865,kaggle_spiral,handpd_spiral,4
efficientnet_b0,PD:0253,1,0.5282802581787109,kaggle_spiral,handpd_spiral,4
efficientnet_b0,PD:0253,1,0.4589936435222626,kaggle_spiral,handpd_spiral,4
efficientnet_b0,PD:0253,1,0.46010980010032654,kaggle_spiral,handpd_spiral,4
efficientnet_b0,PD:0254,1,0.48403725028038025,kaggle_spiral,handpd_spiral,4
efficientnet_b0,PD:0254,1,0.5130283832550049,kaggle_spiral,handpd_spiral,4
efficientnet_b0,PD:0254,1,0.5006977319717407,kaggle_spiral,handpd_spiral,4
efficientnet_b0,PD:0254,1,0.4767422676086426,kaggle_spiral,handpd_spiral,4
efficientnet_b0,PD:0261,1,0.5480295419692993,kaggle_spiral,handpd_spiral,4
efficientnet_b0,PD:0261,1,0.4886559844017029,kaggle_spiral,handpd_spiral,4
efficientnet_b0,PD:0261,1,0.4877297580242157,kaggle_spiral,handpd_spiral,4
efficientnet_b0,PD:0261,1,0.5075244307518005,kaggle_spiral,handpd_spiral,4
efficientnet_b0,PD:0268,1,0.532830536365509,kaggle_spiral,handpd_spiral,4
efficientnet_b0,PD:0268,1,0.5154651403427124,kaggle_spiral,handpd_spiral,4
efficientnet_b0,PD:0268,1,0.5492508411407471,kaggle_spiral,handpd_spiral,4
efficientnet_b0,PD:0268,1,0.48194923996925354,kaggle_spiral,handpd_spiral,4
efficientnet_b0,PD:0269,1,0.5292341709136963,kaggle_spiral,handpd_spiral,4
efficientnet_b0,PD:0269,1,0.5153260827064514,kaggle_spiral,handpd_spiral,4
efficientnet_b0,PD:0269,1,0.5312886834144592,kaggle_spiral,handpd_spiral,4
efficientnet_b0,PD:0269,1,0.5413544178009033,kaggle_spiral,handpd_spiral,4
efficientnet_b0,PD:0273,1,0.5695513486862183,kaggle_spiral,handpd_spiral,4
efficientnet_b0,PD:0273,1,0.495967835187912,kaggle_spiral,handpd_spiral,4
efficientnet_b0,PD:0273,1,0.4977305829524994,kaggle_spiral,handpd_spiral,4
efficientnet_b0,PD:0273,1,0.4847051501274109,kaggle_spiral,handpd_spiral,4
efficientnet_b0,PD:0274,1,0.5202870965003967,kaggle_spiral,handpd_spiral,4
efficientnet_b0,PD:0274,1,0.4587801694869995,kaggle_spiral,handpd_spiral,4
efficientnet_b0,PD:0274,1,0.5188583135604858,kaggle_spiral,handpd_spiral,4
efficientnet_b0,PD:0274,1,0.4138204753398895,kaggle_spiral,handpd_spiral,4
efficientnet_b0,PD:0280,1,0.489201158285141,kaggle_spiral,handpd_spiral,4
efficientnet_b0,PD:0280,1,0.5135425329208374,kaggle_spiral,handpd_spiral,4
efficientnet_b0,PD:0280,1,0.49550914764404297,kaggle_spiral,handpd_spiral,4
efficientnet_b0,PD:0280,1,0.5257372856140137,kaggle_spiral,handpd_spiral,4
efficientnet_b0,PD:0281,1,0.5105034112930298,kaggle_spiral,handpd_spiral,4
efficientnet_b0,PD:0281,1,0.5489803552627563,kaggle_spiral,handpd_spiral,4
efficientnet_b0,PD:0281,1,0.49600526690483093,kaggle_spiral,handpd_spiral,4
efficientnet_b0,PD:0281,1,0.5404566526412964,kaggle_spiral,handpd_spiral,4
vgg16,HC:0068,0,0.5698451399803162,kaggle_spiral,handpd_spiral,5
vgg16,HC:0068,0,0.56682950258255,kaggle_spiral,handpd_spiral,5
vgg16,HC:0068,0,0.5642173290252686,kaggle_spiral,handpd_spiral,5
vgg16,HC:0068,0,0.576410174369812,kaggle_spiral,handpd_spiral,5
vgg16,HC:0092,0,0.5842941403388977,kaggle_spiral,handpd_spiral,5
vgg16,HC:0092,0,0.5790348649024963,kaggle_spiral,handpd_spiral,5
vgg16,HC:0092,0,0.5808685421943665,kaggle_spiral,handpd_spiral,5
vgg16,HC:0092,0,0.5823131203651428,kaggle_spiral,handpd_spiral,5
vgg16,HC:0098,0,0.5893149375915527,kaggle_spiral,handpd_spiral,5
vgg16,HC:0098,0,0.5945651531219482,kaggle_spiral,handpd_spiral,5
vgg16,HC:0098,0,0.5957648754119873,kaggle_spiral,handpd_spiral,5
vgg16,HC:0098,0,0.5952668190002441,kaggle_spiral,handpd_spiral,5
vgg16,HC:0100,0,0.589347243309021,kaggle_spiral,handpd_spiral,5
vgg16,HC:0100,0,0.5923588275909424,kaggle_spiral,handpd_spiral,5
vgg16,HC:0100,0,0.5876477956771851,kaggle_spiral,handpd_spiral,5
vgg16,HC:0100,0,0.5797458291053772,kaggle_spiral,handpd_spiral,5
vgg16,HC:0102,0,0.5721993446350098,kaggle_spiral,handpd_spiral,5
vgg16,HC:0102,0,0.5793223977088928,kaggle_spiral,handpd_spiral,5
vgg16,HC:0102,0,0.5752429366111755,kaggle_spiral,handpd_spiral,5
vgg16,HC:0102,0,0.5745746493339539,kaggle_spiral,handpd_spiral,5
vgg16,HC:0104,0,0.5714338421821594,kaggle_spiral,handpd_spiral,5
vgg16,HC:0104,0,0.5777416825294495,kaggle_spiral,handpd_spiral,5
vgg16,HC:0104,0,0.574773907661438,kaggle_spiral,handpd_spiral,5
vgg16,HC:0104,0,0.5652581453323364,kaggle_spiral,handpd_spiral,5
vgg16,HC:0106,0,0.5802485942840576,kaggle_spiral,handpd_spiral,5
vgg16,HC:0106,0,0.592798113822937,kaggle_spiral,handpd_spiral,5
vgg16,HC:0106,0,0.5878060460090637,kaggle_spiral,handpd_spiral,5
vgg16,HC:0106,0,0.5779560804367065,kaggle_spiral,handpd_spiral,5
vgg16,HC:0112,0,0.5781855583190918,kaggle_spiral,handpd_spiral,5
vgg16,HC:0112,0,0.577610969543457,kaggle_spiral,handpd_spiral,5
vgg16,HC:0112,0,0.580268383026123,kaggle_spiral,handpd_spiral,5
vgg16,HC:0112,0,0.5730674862861633,kaggle_spiral,handpd_spiral,5
vgg16,HC:0116,0,0.5911849141120911,kaggle_spiral,handpd_spiral,5
vgg16,HC:0116,0,0.570574939250946,kaggle_spiral,handpd_spiral,5
vgg16,HC:0116,0,0.5733965039253235,kaggle_spiral,handpd_spiral,5
vgg16,HC:0116,0,0.5874209403991699,kaggle_spiral,handpd_spiral,5
vgg16,HC:0127,0,0.5677091479301453,kaggle_spiral,handpd_spiral,5
vgg16,HC:0127,0,0.5696913599967957,kaggle_spiral,handpd_spiral,5
vgg16,HC:0127,0,0.5861399173736572,kaggle_spiral,handpd_spiral,5
vgg16,HC:0127,0,0.5699124336242676,kaggle_spiral,handpd_spiral,5
vgg16,HC:0129,0,0.5690900683403015,kaggle_spiral,handpd_spiral,5
vgg16,HC:0129,0,0.5632142424583435,kaggle_spiral,handpd_spiral,5
vgg16,HC:0129,0,0.566484808921814,kaggle_spiral,handpd_spiral,5
vgg16,HC:0129,0,0.5662901401519775,kaggle_spiral,handpd_spiral,5
vgg16,HC:0131,0,0.5900213718414307,kaggle_spiral,handpd_spiral,5
vgg16,HC:0131,0,0.5800142288208008,kaggle_spiral,handpd_spiral,5
vgg16,HC:0131,0,0.5833085179328918,kaggle_spiral,handpd_spiral,5
vgg16,HC:0131,0,0.5798503756523132,kaggle_spiral,handpd_spiral,5
vgg16,HC:0287,0,0.6099388599395752,kaggle_spiral,handpd_spiral,5
vgg16,HC:0287,0,0.5990185737609863,kaggle_spiral,handpd_spiral,5
vgg16,HC:0287,0,0.5993854999542236,kaggle_spiral,handpd_spiral,5
vgg16,HC:0287,0,0.5895215272903442,kaggle_spiral,handpd_spiral,5
vgg16,HC:0289,0,0.5856514573097229,kaggle_spiral,handpd_spiral,5
vgg16,HC:0289,0,0.582037091255188,kaggle_spiral,handpd_spiral,5
vgg16,HC:0289,0,0.5800552368164062,kaggle_spiral,handpd_spiral,5
vgg16,HC:0289,0,0.5935297608375549,kaggle_spiral,handpd_spiral,5
vgg16,HC:0293,0,0.5907793641090393,kaggle_spiral,handpd_spiral,5
vgg16,HC:0293,0,0.5861208438873291,kaggle_spiral,handpd_spiral,5
vgg16,HC:0293,0,0.5778791904449463,kaggle_spiral,handpd_spiral,5
vgg16,HC:0293,0,0.5809958577156067,kaggle_spiral,handpd_spiral,5
vgg16,HC:0295,0,0.6047465801239014,kaggle_spiral,handpd_spiral,5
vgg16,HC:0295,0,0.618524432182312,kaggle_spiral,handpd_spiral,5
vgg16,HC:0295,0,0.6062538623809814,kaggle_spiral,handpd_spiral,5
vgg16,HC:0295,0,0.6199207901954651,kaggle_spiral,handpd_spiral,5
vgg16,HC:0297,0,0.6005146503448486,kaggle_spiral,handpd_spiral,5
vgg16,HC:0297,0,0.5803521871566772,kaggle_spiral,handpd_spiral,5
vgg16,HC:0297,0,0.5840202569961548,kaggle_spiral,handpd_spiral,5
vgg16,HC:0297,0,0.5948964953422546,kaggle_spiral,handpd_spiral,5
vgg16,HC:0305,0,0.6205386519432068,kaggle_spiral,handpd_spiral,5
vgg16,HC:0305,0,0.5951532125473022,kaggle_spiral,handpd_spiral,5
vgg16,HC:0305,0,0.6322538256645203,kaggle_spiral,handpd_spiral,5
vgg16,HC:0305,0,0.6170960068702698,kaggle_spiral,handpd_spiral,5
vgg16,PD:0002,1,0.6430783867835999,kaggle_spiral,handpd_spiral,5
vgg16,PD:0002,1,0.6333524584770203,kaggle_spiral,handpd_spiral,5
vgg16,PD:0002,1,0.6561160683631897,kaggle_spiral,handpd_spiral,5
vgg16,PD:0002,1,0.6425853967666626,kaggle_spiral,handpd_spiral,5
vgg16,PD:0003,1,0.6479007005691528,kaggle_spiral,handpd_spiral,5
vgg16,PD:0003,1,0.61638343334198,kaggle_spiral,handpd_spiral,5
vgg16,PD:0003,1,0.6158084273338318,kaggle_spiral,handpd_spiral,5
vgg16,PD:0003,1,0.6090765595436096,kaggle_spiral,handpd_spiral,5
vgg16,PD:0004,1,0.6052790880203247,kaggle_spiral,handpd_spiral,5
vgg16,PD:0004,1,0.6135995388031006,kaggle_spiral,handpd_spiral,5
vgg16,PD:0004,1,0.6261522769927979,kaggle_spiral,handpd_spiral,5
vgg16,PD:0004,1,0.6212828159332275,kaggle_spiral,handpd_spiral,5
vgg16,PD:0005,1,0.5980945229530334,kaggle_spiral,handpd_spiral,5
vgg16,PD:0005,1,0.5973227024078369,kaggle_spiral,handpd_spiral,5
vgg16,PD:0005,1,0.5878440737724304,kaggle_spiral,handpd_spiral,5
vgg16,PD:0005,1,0.59824138879776,kaggle_spiral,handpd_spiral,5
vgg16,PD:0009,1,0.6192513704299927,kaggle_spiral,handpd_spiral,5
vgg16,PD:0009,1,0.5982200503349304,kaggle_spiral,handpd_spiral,5
vgg16,PD:0009,1,0.5929198861122131,kaggle_spiral,handpd_spiral,5
vgg16,PD:0009,1,0.5899674296379089,kaggle_spiral,handpd_spiral,5
vgg16,PD:0010,1,0.5947675704956055,kaggle_spiral,handpd_spiral,5
vgg16,PD:0010,1,0.6057533621788025,kaggle_spiral,handpd_spiral,5
vgg16,PD:0010,1,0.5922677516937256,kaggle_spiral,handpd_spiral,5
vgg16,PD:0010,1,0.5944989323616028,kaggle_spiral,handpd_spiral,5
vgg16,PD:0016,1,0.6110062003135681,kaggle_spiral,handpd_spiral,5
vgg16,PD:0016,1,0.6219409108161926,kaggle_spiral,handpd_spiral,5
vgg16,PD:0016,1,0.6180159449577332,kaggle_spiral,handpd_spiral,5
vgg16,PD:0016,1,0.6155340671539307,kaggle_spiral,handpd_spiral,5
vgg16,PD:0023,1,0.5909233093261719,kaggle_spiral,handpd_spiral,5
vgg16,PD:0023,1,0.5915240049362183,kaggle_spiral,handpd_spiral,5
vgg16,PD:0023,1,0.5884041786193848,kaggle_spiral,handpd_spiral,5
vgg16,PD:0023,1,0.5856643915176392,kaggle_spiral,handpd_spiral,5
vgg16,PD:0024,1,0.581045389175415,kaggle_spiral,handpd_spiral,5
vgg16,PD:0024,1,0.5746684074401855,kaggle_spiral,handpd_spiral,5
vgg16,PD:0024,1,0.5885318517684937,kaggle_spiral,handpd_spiral,5
vgg16,PD:0024,1,0.5907629132270813,kaggle_spiral,handpd_spiral,5
vgg16,PD:0030,1,0.5792030096054077,kaggle_spiral,handpd_spiral,5
vgg16,PD:0030,1,0.5922812819480896,kaggle_spiral,handpd_spiral,5
vgg16,PD:0030,1,0.5901010632514954,kaggle_spiral,handpd_spiral,5
vgg16,PD:0030,1,0.5851635932922363,kaggle_spiral,handpd_spiral,5
vgg16,PD:0031,1,0.5813864469528198,kaggle_spiral,handpd_spiral,5
vgg16,PD:0031,1,0.58336341381073,kaggle_spiral,handpd_spiral,5
vgg16,PD:0031,1,0.5867062211036682,kaggle_spiral,handpd_spiral,5
vgg16,PD:0031,1,0.5751631855964661,kaggle_spiral,handpd_spiral,5
vgg16,PD:0037,1,0.6158281564712524,kaggle_spiral,handpd_spiral,5
vgg16,PD:0037,1,0.6038572788238525,kaggle_spiral,handpd_spiral,5
vgg16,PD:0037,1,0.612818717956543,kaggle_spiral,handpd_spiral,5
vgg16,PD:0037,1,0.6278101801872253,kaggle_spiral,handpd_spiral,5
vgg16,PD:0038,1,0.6500368118286133,kaggle_spiral,handpd_spiral,5
vgg16,PD:0038,1,0.6064215302467346,kaggle_spiral,handpd_spiral,5
vgg16,PD:0038,1,0.5993234515190125,kaggle_spiral,handpd_spiral,5
vgg16,PD:0038,1,0.6253126263618469,kaggle_spiral,handpd_spiral,5
vgg16,PD:0044,1,0.5965663194656372,kaggle_spiral,handpd_spiral,5
vgg16,PD:0044,1,0.6060473322868347,kaggle_spiral,handpd_spiral,5
vgg16,PD:0044,1,0.6031033396720886,kaggle_spiral,handpd_spiral,5
vgg16,PD:0044,1,0.6024301052093506,kaggle_spiral,handpd_spiral,5
vgg16,PD:0045,1,0.614054262638092,kaggle_spiral,handpd_spiral,5
vgg16,PD:0045,1,0.6318819522857666,kaggle_spiral,handpd_spiral,5
vgg16,PD:0045,1,0.6188077926635742,kaggle_spiral,handpd_spiral,5
vgg16,PD:0045,1,0.6089253425598145,kaggle_spiral,handpd_spiral,5
vgg16,PD:0046,1,0.6136300563812256,kaggle_spiral,handpd_spiral,5
vgg16,PD:0046,1,0.6074968576431274,kaggle_spiral,handpd_spiral,5
vgg16,PD:0046,1,0.6005860567092896,kaggle_spiral,handpd_spiral,5
vgg16,PD:0046,1,0.6051034331321716,kaggle_spiral,handpd_spiral,5
vgg16,PD:0051,1,0.6015315651893616,kaggle_spiral,handpd_spiral,5
vgg16,PD:0051,1,0.5930402874946594,kaggle_spiral,handpd_spiral,5
vgg16,PD:0051,1,0.5994581580162048,kaggle_spiral,handpd_spiral,5
vgg16,PD:0051,1,0.6043593287467957,kaggle_spiral,handpd_spiral,5
vgg16,PD:0052,1,0.5992559790611267,kaggle_spiral,handpd_spiral,5
vgg16,PD:0052,1,0.5958550572395325,kaggle_spiral,handpd_spiral,5
vgg16,PD:0052,1,0.6084861755371094,kaggle_spiral,handpd_spiral,5
vgg16,PD:0052,1,0.5925541520118713,kaggle_spiral,handpd_spiral,5
vgg16,PD:0053,1,0.601224958896637,kaggle_spiral,handpd_spiral,5
vgg16,PD:0053,1,0.5917056798934937,kaggle_spiral,handpd_spiral,5
vgg16,PD:0053,1,0.6050459742546082,kaggle_spiral,handpd_spiral,5
vgg16,PD:0053,1,0.6035507917404175,kaggle_spiral,handpd_spiral,5
vgg16,PD:0054,1,0.604964017868042,kaggle_spiral,handpd_spiral,5
vgg16,PD:0054,1,0.5959101319313049,kaggle_spiral,handpd_spiral,5
vgg16,PD:0054,1,0.5836183428764343,kaggle_spiral,handpd_spiral,5
vgg16,PD:0054,1,0.5927433967590332,kaggle_spiral,handpd_spiral,5
vgg16,PD:0134,1,0.6036758422851562,kaggle_spiral,handpd_spiral,5
vgg16,PD:0134,1,0.5841370820999146,kaggle_spiral,handpd_spiral,5
vgg16,PD:0134,1,0.5904785394668579,kaggle_spiral,handpd_spiral,5
vgg16,PD:0134,1,0.598625898361206,kaggle_spiral,handpd_spiral,5
vgg16,PD:0136,1,0.6043877005577087,kaggle_spiral,handpd_spiral,5
vgg16,PD:0136,1,0.6119553446769714,kaggle_spiral,handpd_spiral,5
vgg16,PD:0136,1,0.6038345098495483,kaggle_spiral,handpd_spiral,5
vgg16,PD:0136,1,0.6170464158058167,kaggle_spiral,handpd_spiral,5
vgg16,PD:0138,1,0.6134520173072815,kaggle_spiral,handpd_spiral,5
vgg16,PD:0138,1,0.5984023213386536,kaggle_spiral,handpd_spiral,5
vgg16,PD:0138,1,0.5904154777526855,kaggle_spiral,handpd_spiral,5
vgg16,PD:0138,1,0.5856264233589172,kaggle_spiral,handpd_spiral,5
vgg16,PD:0139,1,0.5938667058944702,kaggle_spiral,handpd_spiral,5
vgg16,PD:0139,1,0.5857697129249573,kaggle_spiral,handpd_spiral,5
vgg16,PD:0139,1,0.5955674648284912,kaggle_spiral,handpd_spiral,5
vgg16,PD:0139,1,0.5957944989204407,kaggle_spiral,handpd_spiral,5
vgg16,PD:0143,1,0.5984438061714172,kaggle_spiral,handpd_spiral,5
vgg16,PD:0143,1,0.6121447682380676,kaggle_spiral,handpd_spiral,5
vgg16,PD:0143,1,0.6119693517684937,kaggle_spiral,handpd_spiral,5
vgg16,PD:0143,1,0.6143215894699097,kaggle_spiral,handpd_spiral,5
vgg16,PD:0148,1,0.595373272895813,kaggle_spiral,handpd_spiral,5
vgg16,PD:0148,1,0.5992008447647095,kaggle_spiral,handpd_spiral,5
vgg16,PD:0148,1,0.600706160068512,kaggle_spiral,handpd_spiral,5
vgg16,PD:0148,1,0.6084079146385193,kaggle_spiral,handpd_spiral,5
vgg16,PD:0149,1,0.5945212244987488,kaggle_spiral,handpd_spiral,5
vgg16,PD:0149,1,0.5964300036430359,kaggle_spiral,handpd_spiral,5
vgg16,PD:0149,1,0.6022151112556458,kaggle_spiral,handpd_spiral,5
vgg16,PD:0149,1,0.60756516456604,kaggle_spiral,handpd_spiral,5
vgg16,PD:0153,1,0.5928490161895752,kaggle_spiral,handpd_spiral,5
vgg16,PD:0153,1,0.5944494009017944,kaggle_spiral,handpd_spiral,5
vgg16,PD:0153,1,0.5784608721733093,kaggle_spiral,handpd_spiral,5
vgg16,PD:0153,1,0.5820934772491455,kaggle_spiral,handpd_spiral,5
vgg16,PD:0157,1,0.6010280847549438,kaggle_spiral,handpd_spiral,5
vgg16,PD:0157,1,0.6095314621925354,kaggle_spiral,handpd_spiral,5
vgg16,PD:0157,1,0.6120853424072266,kaggle_spiral,handpd_spiral,5
vgg16,PD:0157,1,0.6103323698043823,kaggle_spiral,handpd_spiral,5
vgg16,PD:0161,1,0.6176456212997437,kaggle_spiral,handpd_spiral,5
vgg16,PD:0161,1,0.6256359219551086,kaggle_spiral,handpd_spiral,5
vgg16,PD:0161,1,0.6221730709075928,kaggle_spiral,handpd_spiral,5
vgg16,PD:0161,1,0.6285620331764221,kaggle_spiral,handpd_spiral,5
vgg16,PD:0165,1,0.5786798000335693,kaggle_spiral,handpd_spiral,5
vgg16,PD:0165,1,0.577202320098877,kaggle_spiral,handpd_spiral,5
vgg16,PD:0165,1,0.5751256942749023,kaggle_spiral,handpd_spiral,5
vgg16,PD:0165,1,0.5757501721382141,kaggle_spiral,handpd_spiral,5
vgg16,PD:0166,1,0.5956414341926575,kaggle_spiral,handpd_spiral,5
vgg16,PD:0166,1,0.5876679420471191,kaggle_spiral,handpd_spiral,5
vgg16,PD:0166,1,0.5922644138336182,kaggle_spiral,handpd_spiral,5
vgg16,PD:0166,1,0.5866349339485168,kaggle_spiral,handpd_spiral,5
vgg16,PD:0170,1,0.6377947330474854,kaggle_spiral,handpd_spiral,5
vgg16,PD:0170,1,0.6297803521156311,kaggle_spiral,handpd_spiral,5
vgg16,PD:0170,1,0.6553035974502563,kaggle_spiral,handpd_spiral,5
vgg16,PD:0170,1,0.6379916667938232,kaggle_spiral,handpd_spiral,5
vgg16,PD:0174,1,0.61442631483078,kaggle_spiral,handpd_spiral,5
vgg16,PD:0174,1,0.6348800659179688,kaggle_spiral,handpd_spiral,5
vgg16,PD:0174,1,0.6071062684059143,kaggle_spiral,handpd_spiral,5
vgg16,PD:0174,1,0.6060513854026794,kaggle_spiral,handpd_spiral,5
vgg16,PD:0176,1,0.6158544421195984,kaggle_spiral,handpd_spiral,5
vgg16,PD:0176,1,0.6078075170516968,kaggle_spiral,handpd_spiral,5
vgg16,PD:0176,1,0.6109114289283752,kaggle_spiral,handpd_spiral,5
vgg16,PD:0176,1,0.6167400479316711,kaggle_spiral,handpd_spiral,5
vgg16,PD:0177,1,0.6058315634727478,kaggle_spiral,handpd_spiral,5
vgg16,PD:0177,1,0.5853747725486755,kaggle_spiral,handpd_spiral,5
vgg16,PD:0177,1,0.5998314619064331,kaggle_spiral,handpd_spiral,5
vgg16,PD:0177,1,0.6027199625968933,kaggle_spiral,handpd_spiral,5
vgg16,PD:0181,1,0.5931372046470642,kaggle_spiral,handpd_spiral,5
vgg16,PD:0181,1,0.5963772535324097,kaggle_spiral,handpd_spiral,5
vgg16,PD:0181,1,0.5978173017501831,kaggle_spiral,handpd_spiral,5
vgg16,PD:0181,1,0.6026346683502197,kaggle_spiral,handpd_spiral,5
vgg16,PD:0182,1,0.610368013381958,kaggle_spiral,handpd_spiral,5
vgg16,PD:0182,1,0.5994686484336853,kaggle_spiral,handpd_spiral,5
vgg16,PD:0182,1,0.5999976396560669,kaggle_spiral,handpd_spiral,5
vgg16,PD:0182,1,0.6097009181976318,kaggle_spiral,handpd_spiral,5
vgg16,PD:0186,1,0.6160975694656372,kaggle_spiral,handpd_spiral,5
vgg16,PD:0186,1,0.6013791561126709,kaggle_spiral,handpd_spiral,5
vgg16,PD:0186,1,0.5910346508026123,kaggle_spiral,handpd_spiral,5
vgg16,PD:0186,1,0.606571614742279,kaggle_spiral,handpd_spiral,5
vgg16,PD:0187,1,0.583116888999939,kaggle_spiral,handpd_spiral,5
vgg16,PD:0187,1,0.5924952626228333,kaggle_spiral,handpd_spiral,5
vgg16,PD:0187,1,0.5767359137535095,kaggle_spiral,handpd_spiral,5
vgg16,PD:0187,1,0.5876159071922302,kaggle_spiral,handpd_spiral,5
vgg16,PD:0188,1,0.5870563387870789,kaggle_spiral,handpd_spiral,5
vgg16,PD:0188,1,0.5788478851318359,kaggle_spiral,handpd_spiral,5
vgg16,PD:0188,1,0.5968957543373108,kaggle_spiral,handpd_spiral,5
vgg16,PD:0188,1,0.5779246091842651,kaggle_spiral,handpd_spiral,5
vgg16,PD:0192,1,0.5943845510482788,kaggle_spiral,handpd_spiral,5
vgg16,PD:0192,1,0.5781429409980774,kaggle_spiral,handpd_spiral,5
vgg16,PD:0192,1,0.5986186861991882,kaggle_spiral,handpd_spiral,5
vgg16,PD:0192,1,0.5942529439926147,kaggle_spiral,handpd_spiral,5
vgg16,PD:0196,1,0.5935201048851013,kaggle_spiral,handpd_spiral,5
vgg16,PD:0196,1,0.6079732179641724,kaggle_spiral,handpd_spiral,5
vgg16,PD:0196,1,0.5988869071006775,kaggle_spiral,handpd_spiral,5
vgg16,PD:0196,1,0.5914033055305481,kaggle_spiral,handpd_spiral,5
vgg16,PD:0197,1,0.5999735593795776,kaggle_spiral,handpd_spiral,5
vgg16,PD:0197,1,0.5906570553779602,kaggle_spiral,handpd_spiral,5
vgg16,PD:0197,1,0.5922976732254028,kaggle_spiral,handpd_spiral,5
vgg16,PD:0197,1,0.5861222743988037,kaggle_spiral,handpd_spiral,5
vgg16,PD:0198,1,0.5934140682220459,kaggle_spiral,handpd_spiral,5
vgg16,PD:0198,1,0.5926124453544617,kaggle_spiral,handpd_spiral,5
vgg16,PD:0198,1,0.6044660210609436,kaggle_spiral,handpd_spiral,5
vgg16,PD:0198,1,0.603856086730957,kaggle_spiral,handpd_spiral,5
vgg16,PD:0202,1,0.5762230753898621,kaggle_spiral,handpd_spiral,5
vgg16,PD:0202,1,0.5806906223297119,kaggle_spiral,handpd_spiral,5
vgg16,PD:0202,1,0.5889938473701477,kaggle_spiral,handpd_spiral,5
vgg16,PD:0202,1,0.5885956287384033,kaggle_spiral,handpd_spiral,5
vgg16,PD:0203,1,0.598966658115387,kaggle_spiral,handpd_spiral,5
vgg16,PD:0203,1,0.5902983546257019,kaggle_spiral,handpd_spiral,5
vgg16,PD:0203,1,0.5993602871894836,kaggle_spiral,handpd_spiral,5
vgg16,PD:0203,1,0.6101933121681213,kaggle_spiral,handpd_spiral,5
vgg16,PD:0207,1,0.5992893576622009,kaggle_spiral,handpd_spiral,5
vgg16,PD:0207,1,0.588444709777832,kaggle_spiral,handpd_spiral,5
vgg16,PD:0207,1,0.5851715803146362,kaggle_spiral,handpd_spiral,5
vgg16,PD:0207,1,0.6035479307174683,kaggle_spiral,handpd_spiral,5
vgg16,PD:0208,1,0.5985308885574341,kaggle_spiral,handpd_spiral,5
vgg16,PD:0208,1,0.5876790285110474,kaggle_spiral,handpd_spiral,5
vgg16,PD:0208,1,0.5878963470458984,kaggle_spiral,handpd_spiral,5
vgg16,PD:0208,1,0.5898934602737427,kaggle_spiral,handpd_spiral,5
vgg16,PD:0213,1,0.6069455146789551,kaggle_spiral,handpd_spiral,5
vgg16,PD:0213,1,0.609442412853241,kaggle_spiral,handpd_spiral,5
vgg16,PD:0213,1,0.6246272921562195,kaggle_spiral,handpd_spiral,5
vgg16,PD:0213,1,0.6146642565727234,kaggle_spiral,handpd_spiral,5
vgg16,PD:0214,1,0.6201476454734802,kaggle_spiral,handpd_spiral,5
vgg16,PD:0214,1,0.6369404196739197,kaggle_spiral,handpd_spiral,5
vgg16,PD:0214,1,0.6123188734054565,kaggle_spiral,handpd_spiral,5
vgg16,PD:0214,1,0.6235379576683044,kaggle_spiral,handpd_spiral,5
vgg16,PD:0218,1,0.5807986259460449,kaggle_spiral,handpd_spiral,5
vgg16,PD:0218,1,0.5972433090209961,kaggle_spiral,handpd_spiral,5
vgg16,PD:0218,1,0.5967151522636414,kaggle_spiral,handpd_spiral,5
vgg16,PD:0218,1,0.5934021472930908,kaggle_spiral,handpd_spiral,5
vgg16,PD:0219,1,0.5822638869285583,kaggle_spiral,handpd_spiral,5
vgg16,PD:0219,1,0.5729394555091858,kaggle_spiral,handpd_spiral,5
vgg16,PD:0219,1,0.5795965790748596,kaggle_spiral,handpd_spiral,5
vgg16,PD:0219,1,0.5803007483482361,kaggle_spiral,handpd_spiral,5
vgg16,PD:0223,1,0.5796880125999451,kaggle_spiral,handpd_spiral,5
vgg16,PD:0223,1,0.587681770324707,kaggle_spiral,handpd_spiral,5
vgg16,PD:0223,1,0.5984601378440857,kaggle_spiral,handpd_spiral,5
vgg16,PD:0223,1,0.6013226509094238,kaggle_spiral,handpd_spiral,5
vgg16,PD:0228,1,0.6283154487609863,kaggle_spiral,handpd_spiral,5
vgg16,PD:0228,1,0.6422887444496155,kaggle_spiral,handpd_spiral,5
vgg16,PD:0228,1,0.6198885440826416,kaggle_spiral,handpd_spiral,5
vgg16,PD:0228,1,0.6158417463302612,kaggle_spiral,handpd_spiral,5
vgg16,PD:0229,1,0.6593879461288452,kaggle_spiral,handpd_spiral,5
vgg16,PD:0229,1,0.6506954431533813,kaggle_spiral,handpd_spiral,5
vgg16,PD:0229,1,0.6590278744697571,kaggle_spiral,handpd_spiral,5
vgg16,PD:0229,1,0.6347342133522034,kaggle_spiral,handpd_spiral,5
vgg16,PD:0230,1,0.6377102732658386,kaggle_spiral,handpd_spiral,5
vgg16,PD:0230,1,0.6377668976783752,kaggle_spiral,handpd_spiral,5
vgg16,PD:0230,1,0.6289243698120117,kaggle_spiral,handpd_spiral,5
vgg16,PD:0230,1,0.6588937044143677,kaggle_spiral,handpd_spiral,5
vgg16,PD:0234,1,0.6129636764526367,kaggle_spiral,handpd_spiral,5
vgg16,PD:0234,1,0.6270149350166321,kaggle_spiral,handpd_spiral,5
vgg16,PD:0234,1,0.6219426393508911,kaggle_spiral,handpd_spiral,5
vgg16,PD:0234,1,0.6113035082817078,kaggle_spiral,handpd_spiral,5
vgg16,PD:0235,1,0.6566704511642456,kaggle_spiral,handpd_spiral,5
vgg16,PD:0235,1,0.6486721038818359,kaggle_spiral,handpd_spiral,5
vgg16,PD:0235,1,0.6226012706756592,kaggle_spiral,handpd_spiral,5
vgg16,PD:0235,1,0.652158260345459,kaggle_spiral,handpd_spiral,5
vgg16,PD:0236,1,0.6270338296890259,kaggle_spiral,handpd_spiral,5
vgg16,PD:0236,1,0.6224668622016907,kaggle_spiral,handpd_spiral,5
vgg16,PD:0236,1,0.6327139735221863,kaggle_spiral,handpd_spiral,5
vgg16,PD:0236,1,0.6189815402030945,kaggle_spiral,handpd_spiral,5
vgg16,PD:0240,1,0.6180614233016968,kaggle_spiral,handpd_spiral,5
vgg16,PD:0240,1,0.5963278412818909,kaggle_spiral,handpd_spiral,5
vgg16,PD:0240,1,0.6049377918243408,kaggle_spiral,handpd_spiral,5
vgg16,PD:0240,1,0.5905607342720032,kaggle_spiral,handpd_spiral,5
vgg16,PD:0241,1,0.6041079759597778,kaggle_spiral,handpd_spiral,5
vgg16,PD:0241,1,0.6121631860733032,kaggle_spiral,handpd_spiral,5
vgg16,PD:0241,1,0.6208332180976868,kaggle_spiral,handpd_spiral,5
vgg16,PD:0241,1,0.6273940801620483,kaggle_spiral,handpd_spiral,5
vgg16,PD:0242,1,0.6153069138526917,kaggle_spiral,handpd_spiral,5
vgg16,PD:0242,1,0.6249129176139832,kaggle_spiral,handpd_spiral,5
vgg16,PD:0242,1,0.6222090721130371,kaggle_spiral,handpd_spiral,5
vgg16,PD:0242,1,0.6284231543540955,kaggle_spiral,handpd_spiral,5
vgg16,PD:0246,1,0.6036176085472107,kaggle_spiral,handpd_spiral,5
vgg16,PD:0246,1,0.6023640632629395,kaggle_spiral,handpd_spiral,5
vgg16,PD:0246,1,0.6002176403999329,kaggle_spiral,handpd_spiral,5
vgg16,PD:0246,1,0.6067920923233032,kaggle_spiral,handpd_spiral,5
vgg16,PD:0247,1,0.6009496450424194,kaggle_spiral,handpd_spiral,5
vgg16,PD:0247,1,0.6069381237030029,kaggle_spiral,handpd_spiral,5
vgg16,PD:0247,1,0.6015660166740417,kaggle_spiral,handpd_spiral,5
vgg16,PD:0247,1,0.6020551919937134,kaggle_spiral,handpd_spiral,5
vgg16,PD:0253,1,0.6049835085868835,kaggle_spiral,handpd_spiral,5
vgg16,PD:0253,1,0.5762462615966797,kaggle_spiral,handpd_spiral,5
vgg16,PD:0253,1,0.5861712694168091,kaggle_spiral,handpd_spiral,5
vgg16,PD:0253,1,0.5901638865470886,kaggle_spiral,handpd_spiral,5
vgg16,PD:0254,1,0.61055988073349,kaggle_spiral,handpd_spiral,5
vgg16,PD:0254,1,0.5995975732803345,kaggle_spiral,handpd_spiral,5
vgg16,PD:0254,1,0.5925740003585815,kaggle_spiral,handpd_spiral,5
vgg16,PD:0254,1,0.5910636782646179,kaggle_spiral,handpd_spiral,5
vgg16,PD:0261,1,0.5885501503944397,kaggle_spiral,handpd_spiral,5
vgg16,PD:0261,1,0.5844337344169617,kaggle_spiral,handpd_spiral,5
vgg16,PD:0261,1,0.5715400576591492,kaggle_spiral,handpd_spiral,5
vgg16,PD:0261,1,0.5879737734794617,kaggle_spiral,handpd_spiral,5
vgg16,PD:0268,1,0.6193955540657043,kaggle_spiral,handpd_spiral,5
vgg16,PD:0268,1,0.5997664928436279,kaggle_spiral,handpd_spiral,5
vgg16,PD:0268,1,0.603356659412384,kaggle_spiral,handpd_spiral,5
vgg16,PD:0268,1,0.6085816621780396,kaggle_spiral,handpd_spiral,5
vgg16,PD:0269,1,0.5948517918586731,kaggle_spiral,handpd_spiral,5
vgg16,PD:0269,1,0.5937541723251343,kaggle_spiral,handpd_spiral,5
vgg16,PD:0269,1,0.5852891802787781,kaggle_spiral,handpd_spiral,5
vgg16,PD:0269,1,0.5905231237411499,kaggle_spiral,handpd_spiral,5
vgg16,PD:0273,1,0.605344295501709,kaggle_spiral,handpd_spiral,5
vgg16,PD:0273,1,0.6069943904876709,kaggle_spiral,handpd_spiral,5
vgg16,PD:0273,1,0.6223697066307068,kaggle_spiral,handpd_spiral,5
vgg16,PD:0273,1,0.6072909832000732,kaggle_spiral,handpd_spiral,5
vgg16,PD:0274,1,0.6064065098762512,kaggle_spiral,handpd_spiral,5
vgg16,PD:0274,1,0.6043362021446228,kaggle_spiral,handpd_spiral,5
vgg16,PD:0274,1,0.6026972532272339,kaggle_spiral,handpd_spiral,5
vgg16,PD:0274,1,0.606304407119751,kaggle_spiral,handpd_spiral,5
vgg16,PD:0280,1,0.6086761951446533,kaggle_spiral,handpd_spiral,5
vgg16,PD:0280,1,0.5961989760398865,kaggle_spiral,handpd_spiral,5
vgg16,PD:0280,1,0.6026647090911865,kaggle_spiral,handpd_spiral,5
vgg16,PD:0280,1,0.5982142686843872,kaggle_spiral,handpd_spiral,5
vgg16,PD:0281,1,0.6127750873565674,kaggle_spiral,handpd_spiral,5
vgg16,PD:0281,1,0.5957273244857788,kaggle_spiral,handpd_spiral,5
vgg16,PD:0281,1,0.5946707725524902,kaggle_spiral,handpd_spiral,5
vgg16,PD:0281,1,0.5915321111679077,kaggle_spiral,handpd_spiral,5
resnet50,HC:0068,0,0.46220800280570984,kaggle_spiral,handpd_spiral,5
resnet50,HC:0068,0,0.4711075723171234,kaggle_spiral,handpd_spiral,5
resnet50,HC:0068,0,0.460418701171875,kaggle_spiral,handpd_spiral,5
resnet50,HC:0068,0,0.48939254879951477,kaggle_spiral,handpd_spiral,5
resnet50,HC:0092,0,0.4266839027404785,kaggle_spiral,handpd_spiral,5
resnet50,HC:0092,0,0.42460140585899353,kaggle_spiral,handpd_spiral,5
resnet50,HC:0092,0,0.4484175741672516,kaggle_spiral,handpd_spiral,5
resnet50,HC:0092,0,0.45093125104904175,kaggle_spiral,handpd_spiral,5
resnet50,HC:0098,0,0.43198421597480774,kaggle_spiral,handpd_spiral,5
resnet50,HC:0098,0,0.45018601417541504,kaggle_spiral,handpd_spiral,5
resnet50,HC:0098,0,0.46621567010879517,kaggle_spiral,handpd_spiral,5
resnet50,HC:0098,0,0.48338478803634644,kaggle_spiral,handpd_spiral,5
resnet50,HC:0100,0,0.5085563063621521,kaggle_spiral,handpd_spiral,5
resnet50,HC:0100,0,0.4887416362762451,kaggle_spiral,handpd_spiral,5
resnet50,HC:0100,0,0.49148035049438477,kaggle_spiral,handpd_spiral,5
resnet50,HC:0100,0,0.47000300884246826,kaggle_spiral,handpd_spiral,5
resnet50,HC:0102,0,0.4457838833332062,kaggle_spiral,handpd_spiral,5
resnet50,HC:0102,0,0.45663973689079285,kaggle_spiral,handpd_spiral,5
resnet50,HC:0102,0,0.5062124133110046,kaggle_spiral,handpd_spiral,5
resnet50,HC:0102,0,0.4324539005756378,kaggle_spiral,handpd_spiral,5
resnet50,HC:0104,0,0.41560325026512146,kaggle_spiral,handpd_spiral,5
resnet50,HC:0104,0,0.4674133062362671,kaggle_spiral,handpd_spiral,5
resnet50,HC:0104,0,0.41528409719467163,kaggle_spiral,handpd_spiral,5
resnet50,HC:0104,0,0.46139034628868103,kaggle_spiral,handpd_spiral,5
resnet50,HC:0106,0,0.4785921275615692,kaggle_spiral,handpd_spiral,5
resnet50,HC:0106,0,0.4481155276298523,kaggle_spiral,handpd_spiral,5
resnet50,HC:0106,0,0.4675184190273285,kaggle_spiral,handpd_spiral,5
resnet50,HC:0106,0,0.5050336122512817,kaggle_spiral,handpd_spiral,5
resnet50,HC:0112,0,0.4403081238269806,kaggle_spiral,handpd_spiral,5
resnet50,HC:0112,0,0.4615824818611145,kaggle_spiral,handpd_spiral,5
resnet50,HC:0112,0,0.4745299518108368,kaggle_spiral,handpd_spiral,5
resnet50,HC:0112,0,0.4972343146800995,kaggle_spiral,handpd_spiral,5
resnet50,HC:0116,0,0.48242637515068054,kaggle_spiral,handpd_spiral,5
resnet50,HC:0116,0,0.4366495609283447,kaggle_spiral,handpd_spiral,5
resnet50,HC:0116,0,0.45937326550483704,kaggle_spiral,handpd_spiral,5
resnet50,HC:0116,0,0.45176130533218384,kaggle_spiral,handpd_spiral,5
resnet50,HC:0127,0,0.4958080053329468,kaggle_spiral,handpd_spiral,5
resnet50,HC:0127,0,0.43445274233818054,kaggle_spiral,handpd_spiral,5
resnet50,HC:0127,0,0.5034312605857849,kaggle_spiral,handpd_spiral,5
resnet50,HC:0127,0,0.47797274589538574,kaggle_spiral,handpd_spiral,5
resnet50,HC:0129,0,0.5116657018661499,kaggle_spiral,handpd_spiral,5
resnet50,HC:0129,0,0.46842291951179504,kaggle_spiral,handpd_spiral,5
resnet50,HC:0129,0,0.4689902365207672,kaggle_spiral,handpd_spiral,5
resnet50,HC:0129,0,0.4865506589412689,kaggle_spiral,handpd_spiral,5
resnet50,HC:0131,0,0.48505714535713196,kaggle_spiral,handpd_spiral,5
resnet50,HC:0131,0,0.5008206367492676,kaggle_spiral,handpd_spiral,5
resnet50,HC:0131,0,0.46027615666389465,kaggle_spiral,handpd_spiral,5
resnet50,HC:0131,0,0.4779399335384369,kaggle_spiral,handpd_spiral,5
resnet50,HC:0287,0,0.4662809371948242,kaggle_spiral,handpd_spiral,5
resnet50,HC:0287,0,0.46952247619628906,kaggle_spiral,handpd_spiral,5
resnet50,HC:0287,0,0.41177666187286377,kaggle_spiral,handpd_spiral,5
resnet50,HC:0287,0,0.4647733271121979,kaggle_spiral,handpd_spiral,5
resnet50,HC:0289,0,0.4748561382293701,kaggle_spiral,handpd_spiral,5
resnet50,HC:0289,0,0.4468224048614502,kaggle_spiral,handpd_spiral,5
resnet50,HC:0289,0,0.4667051434516907,kaggle_spiral,handpd_spiral,5
resnet50,HC:0289,0,0.45764273405075073,kaggle_spiral,handpd_spiral,5
resnet50,HC:0293,0,0.455338716506958,kaggle_spiral,handpd_spiral,5
resnet50,HC:0293,0,0.444350004196167,kaggle_spiral,handpd_spiral,5
resnet50,HC:0293,0,0.4588617980480194,kaggle_spiral,handpd_spiral,5
resnet50,HC:0293,0,0.4812622666358948,kaggle_spiral,handpd_spiral,5
resnet50,HC:0295,0,0.5392364859580994,kaggle_spiral,handpd_spiral,5
resnet50,HC:0295,0,0.5277059078216553,kaggle_spiral,handpd_spiral,5
resnet50,HC:0295,0,0.43542447686195374,kaggle_spiral,handpd_spiral,5
resnet50,HC:0295,0,0.548649787902832,kaggle_spiral,handpd_spiral,5
resnet50,HC:0297,0,0.43397894501686096,kaggle_spiral,handpd_spiral,5
resnet50,HC:0297,0,0.45851683616638184,kaggle_spiral,handpd_spiral,5
resnet50,HC:0297,0,0.4855949878692627,kaggle_spiral,handpd_spiral,5
resnet50,HC:0297,0,0.45812955498695374,kaggle_spiral,handpd_spiral,5
resnet50,HC:0305,0,0.6045584678649902,kaggle_spiral,handpd_spiral,5
resnet50,HC:0305,0,0.4871646761894226,kaggle_spiral,handpd_spiral,5
resnet50,HC:0305,0,0.46831321716308594,kaggle_spiral,handpd_spiral,5
resnet50,HC:0305,0,0.5331438779830933,kaggle_spiral,handpd_spiral,5
resnet50,PD:0002,1,0.554311215877533,kaggle_spiral,handpd_spiral,5
resnet50,PD:0002,1,0.5517842769622803,kaggle_spiral,handpd_spiral,5
resnet50,PD:0002,1,0.5557161569595337,kaggle_spiral,handpd_spiral,5
resnet50,PD:0002,1,0.5179775953292847,kaggle_spiral,handpd_spiral,5
resnet50,PD:0003,1,0.5861340165138245,kaggle_spiral,handpd_spiral,5
resnet50,PD:0003,1,0.5136626362800598,kaggle_spiral,handpd_spiral,5
resnet50,PD:0003,1,0.5375035405158997,kaggle_spiral,handpd_spiral,5
resnet50,PD:0003,1,0.5175493359565735,kaggle_spiral,handpd_spiral,5
resnet50,PD:0004,1,0.5103955268859863,kaggle_spiral,handpd_spiral,5
resnet50,PD:0004,1,0.5528325438499451,kaggle_spiral,handpd_spiral,5
resnet50,PD:0004,1,0.4716193974018097,kaggle_spiral,handpd_spiral,5
resnet50,PD:0004,1,0.48067396879196167,kaggle_spiral,handpd_spiral,5
resnet50,PD:0005,1,0.4897511601448059,kaggle_spiral,handpd_spiral,5
resnet50,PD:0005,1,0.5369508266448975,kaggle_spiral,handpd_spiral,5
resnet50,PD:0005,1,0.4965713918209076,kaggle_spiral,handpd_spiral,5
resnet50,PD:0005,1,0.5204249024391174,kaggle_spiral,handpd_spiral,5
resnet50,PD:0009,1,0.4712313711643219,kaggle_spiral,handpd_spiral,5
resnet50,PD:0009,1,0.4504512548446655,kaggle_spiral,handpd_spiral,5
resnet50,PD:0009,1,0.4706405699253082,kaggle_spiral,handpd_spiral,5
resnet50,PD:0009,1,0.48155054450035095,kaggle_spiral,handpd_spiral,5
resnet50,PD:0010,1,0.48369860649108887,kaggle_spiral,handpd_spiral,5
resnet50,PD:0010,1,0.5001780390739441,kaggle_spiral,handpd_spiral,5
resnet50,PD:0010,1,0.45474979281425476,kaggle_spiral,handpd_spiral,5
resnet50,PD:0010,1,0.4963814914226532,kaggle_spiral,handpd_spiral,5
resnet50,PD:0016,1,0.5125919580459595,kaggle_spiral,handpd_spiral,5
resnet50,PD:0016,1,0.490424245595932,kaggle_spiral,handpd_spiral,5
resnet50,PD:0016,1,0.5351595878601074,kaggle_spiral,handpd_spiral,5
resnet50,PD:0016,1,0.524188220500946,kaggle_spiral,handpd_spiral,5
resnet50,PD:0023,1,0.49482354521751404,kaggle_spiral,handpd_spiral,5
resnet50,PD:0023,1,0.48023009300231934,kaggle_spiral,handpd_spiral,5
resnet50,PD:0023,1,0.4696536064147949,kaggle_spiral,handpd_spiral,5
resnet50,PD:0023,1,0.4787571430206299,kaggle_spiral,handpd_spiral,5
resnet50,PD:0024,1,0.4650408923625946,kaggle_spiral,handpd_spiral,5
resnet50,PD:0024,1,0.5096835494041443,kaggle_spiral,handpd_spiral,5
resnet50,PD:0024,1,0.4875752925872803,kaggle_spiral,handpd_spiral,5
resnet50,PD:0024,1,0.48828867077827454,kaggle_spiral,handpd_spiral,5
resnet50,PD:0030,1,0.4562007784843445,kaggle_spiral,handpd_spiral,5
resnet50,PD:0030,1,0.44905275106430054,kaggle_spiral,handpd_spiral,5
resnet50,PD:0030,1,0.48801761865615845,kaggle_spiral,handpd_spiral,5
resnet50,PD:0030,1,0.5006616711616516,kaggle_spiral,handpd_spiral,5
resnet50,PD:0031,1,0.42836445569992065,kaggle_spiral,handpd_spiral,5
resnet50,PD:0031,1,0.4487599730491638,kaggle_spiral,handpd_spiral,5
resnet50,PD:0031,1,0.4813545048236847,kaggle_spiral,handpd_spiral,5
resnet50,PD:0031,1,0.47684502601623535,kaggle_spiral,handpd_spiral,5
resnet50,PD:0037,1,0.43798723816871643,kaggle_spiral,handpd_spiral,5
resnet50,PD:0037,1,0.4782176613807678,kaggle_spiral,handpd_spiral,5
resnet50,PD:0037,1,0.5356969237327576,kaggle_spiral,handpd_spiral,5
resnet50,PD:0037,1,0.519555926322937,kaggle_spiral,handpd_spiral,5
resnet50,PD:0038,1,0.5661383867263794,kaggle_spiral,handpd_spiral,5
resnet50,PD:0038,1,0.4544455409049988,kaggle_spiral,handpd_spiral,5
resnet50,PD:0038,1,0.490621417760849,kaggle_spiral,handpd_spiral,5
resnet50,PD:0038,1,0.5041743516921997,kaggle_spiral,handpd_spiral,5
resnet50,PD:0044,1,0.5196443200111389,kaggle_spiral,handpd_spiral,5
resnet50,PD:0044,1,0.5199508666992188,kaggle_spiral,handpd_spiral,5
resnet50,PD:0044,1,0.4873119294643402,kaggle_spiral,handpd_spiral,5
resnet50,PD:0044,1,0.4996200203895569,kaggle_spiral,handpd_spiral,5
resnet50,PD:0045,1,0.5449403524398804,kaggle_spiral,handpd_spiral,5
resnet50,PD:0045,1,0.5236757397651672,kaggle_spiral,handpd_spiral,5
resnet50,PD:0045,1,0.5205409526824951,kaggle_spiral,handpd_spiral,5
resnet50,PD:0045,1,0.5496624708175659,kaggle_spiral,handpd_spiral,5
resnet50,PD:0046,1,0.565707266330719,kaggle_spiral,handpd_spiral,5
resnet50,PD:0046,1,0.4787539839744568,kaggle_spiral,handpd_spiral,5
resnet50,PD:0046,1,0.4776095449924469,kaggle_spiral,handpd_spiral,5
resnet50,PD:0046,1,0.4823649227619171,kaggle_spiral,handpd_spiral,5
resnet50,PD:0051,1,0.4580698013305664,kaggle_spiral,handpd_spiral,5
resnet50,PD:0051,1,0.4710407257080078,kaggle_spiral,handpd_spiral,5
resnet50,PD:0051,1,0.47223398089408875,kaggle_spiral,handpd_spiral,5
resnet50,PD:0051,1,0.4160121977329254,kaggle_spiral,handpd_spiral,5
resnet50,PD:0052,1,0.48272615671157837,kaggle_spiral,handpd_spiral,5
resnet50,PD:0052,1,0.489706426858902,kaggle_spiral,handpd_spiral,5
resnet50,PD:0052,1,0.5131641030311584,kaggle_spiral,handpd_spiral,5
resnet50,PD:0052,1,0.48303863406181335,kaggle_spiral,handpd_spiral,5
resnet50,PD:0053,1,0.5029515624046326,kaggle_spiral,handpd_spiral,5
resnet50,PD:0053,1,0.5378066301345825,kaggle_spiral,handpd_spiral,5
resnet50,PD:0053,1,0.4874841868877411,kaggle_spiral,handpd_spiral,5
resnet50,PD:0053,1,0.48906898498535156,kaggle_spiral,handpd_spiral,5
resnet50,PD:0054,1,0.5283398628234863,kaggle_spiral,handpd_spiral,5
resnet50,PD:0054,1,0.40549230575561523,kaggle_spiral,handpd_spiral,5
resnet50,PD:0054,1,0.44939684867858887,kaggle_spiral,handpd_spiral,5
resnet50,PD:0054,1,0.5265548825263977,kaggle_spiral,handpd_spiral,5
resnet50,PD:0134,1,0.5023422241210938,kaggle_spiral,handpd_spiral,5
resnet50,PD:0134,1,0.4588368833065033,kaggle_spiral,handpd_spiral,5
resnet50,PD:0134,1,0.4402969777584076,kaggle_spiral,handpd_spiral,5
resnet50,PD:0134,1,0.45953088998794556,kaggle_spiral,handpd_spiral,5
resnet50,PD:0136,1,0.5350514054298401,kaggle_spiral,handpd_spiral,5
resnet50,PD:0136,1,0.4964078366756439,kaggle_spiral,handpd_spiral,5
resnet50,PD:0136,1,0.484394907951355,kaggle_spiral,handpd_spiral,5
resnet50,PD:0136,1,0.5013973712921143,kaggle_spiral,handpd_spiral,5
resnet50,PD:0138,1,0.4116736352443695,kaggle_spiral,handpd_spiral,5
resnet50,PD:0138,1,0.46171191334724426,kaggle_spiral,handpd_spiral,5
resnet50,PD:0138,1,0.43673527240753174,kaggle_spiral,handpd_spiral,5
resnet50,PD:0138,1,0.4378906488418579,kaggle_spiral,handpd_spiral,5
resnet50,PD:0139,1,0.44806867837905884,kaggle_spiral,handpd_spiral,5
resnet50,PD:0139,1,0.4423311650753021,kaggle_spiral,handpd_spiral,5
resnet50,PD:0139,1,0.4864891469478607,kaggle_spiral,handpd_spiral,5
resnet50,PD:0139,1,0.45554980635643005,kaggle_spiral,handpd_spiral,5
resnet50,PD:0143,1,0.48429185152053833,kaggle_spiral,handpd_spiral,5
resnet50,PD:0143,1,0.47853100299835205,kaggle_spiral,handpd_spiral,5
resnet50,PD:0143,1,0.5045091509819031,kaggle_spiral,handpd_spiral,5
resnet50,PD:0143,1,0.5137749314308167,kaggle_spiral,handpd_spiral,5
resnet50,PD:0148,1,0.4627854526042938,kaggle_spiral,handpd_spiral,5
resnet50,PD:0148,1,0.46991273760795593,kaggle_spiral,handpd_spiral,5
resnet50,PD:0148,1,0.4577276408672333,kaggle_spiral,handpd_spiral,5
resnet50,PD:0148,1,0.5046257972717285,kaggle_spiral,handpd_spiral,5
resnet50,PD:0149,1,0.44895312190055847,kaggle_spiral,handpd_spiral,5
resnet50,PD:0149,1,0.49672362208366394,kaggle_spiral,handpd_spiral,5
resnet50,PD:0149,1,0.47993236780166626,kaggle_spiral,handpd_spiral,5
resnet50,PD:0149,1,0.47236716747283936,kaggle_spiral,handpd_spiral,5
resnet50,PD:0153,1,0.4989281892776489,kaggle_spiral,handpd_spiral,5
resnet50,PD:0153,1,0.45760226249694824,kaggle_spiral,handpd_spiral,5
resnet50,PD:0153,1,0.44692176580429077,kaggle_spiral,handpd_spiral,5
resnet50,PD:0153,1,0.4876874089241028,kaggle_spiral,handpd_spiral,5
resnet50,PD:0157,1,0.5252425074577332,kaggle_spiral,handpd_spiral,5
resnet50,PD:0157,1,0.5024171471595764,kaggle_spiral,handpd_spiral,5
resnet50,PD:0157,1,0.5009725093841553,kaggle_spiral,handpd_spiral,5
resnet50,PD:0157,1,0.45450517535209656,kaggle_spiral,handpd_spiral,5
resnet50,PD:0161,1,0.5080866813659668,kaggle_spiral,handpd_spiral,5
resnet50,PD:0161,1,0.4849417507648468,kaggle_spiral,handpd_spiral,5
resnet50,PD:0161,1,0.4287964701652527,kaggle_spiral,handpd_spiral,5
resnet50,PD:0161,1,0.5548267960548401,kaggle_spiral,handpd_spiral,5
resnet50,PD:0165,1,0.4352148175239563,kaggle_spiral,handpd_spiral,5
resnet50,PD:0165,1,0.49365779757499695,kaggle_spiral,handpd_spiral,5
resnet50,PD:0165,1,0.4782477617263794,kaggle_spiral,handpd_spiral,5
resnet50,PD:0165,1,0.4313501715660095,kaggle_spiral,handpd_spiral,5
resnet50,PD:0166,1,0.5104365348815918,kaggle_spiral,handpd_spiral,5
resnet50,PD:0166,1,0.4612516760826111,kaggle_spiral,handpd_spiral,5
resnet50,PD:0166,1,0.46457988023757935,kaggle_spiral,handpd_spiral,5
resnet50,PD:0166,1,0.5013566613197327,kaggle_spiral,handpd_spiral,5
resnet50,PD:0170,1,0.5059186816215515,kaggle_spiral,handpd_spiral,5
resnet50,PD:0170,1,0.5000362992286682,kaggle_spiral,handpd_spiral,5
resnet50,PD:0170,1,0.5145540237426758,kaggle_spiral,handpd_spiral,5
resnet50,PD:0170,1,0.5601437091827393,kaggle_spiral,handpd_spiral,5
resnet50,PD:0174,1,0.5007282495498657,kaggle_spiral,handpd_spiral,5
resnet50,PD:0174,1,0.5274603962898254,kaggle_spiral,handpd_spiral,5
resnet50,PD:0174,1,0.5394997596740723,kaggle_spiral,handpd_spiral,5
resnet50,PD:0174,1,0.5327247381210327,kaggle_spiral,handpd_spiral,5
resnet50,PD:0176,1,0.5211412906646729,kaggle_spiral,handpd_spiral,5
resnet50,PD:0176,1,0.4702799618244171,kaggle_spiral,handpd_spiral,5
resnet50,PD:0176,1,0.4619462490081787,kaggle_spiral,handpd_spiral,5
resnet50,PD:0176,1,0.5022596120834351,kaggle_spiral,handpd_spiral,5
resnet50,PD:0177,1,0.5376098155975342,kaggle_spiral,handpd_spiral,5
resnet50,PD:0177,1,0.4506550431251526,kaggle_spiral,handpd_spiral,5
resnet50,PD:0177,1,0.4585513472557068,kaggle_spiral,handpd_spiral,5
resnet50,PD:0177,1,0.47954580187797546,kaggle_spiral,handpd_spiral,5
resnet50,PD:0181,1,0.478465735912323,kaggle_spiral,handpd_spiral,5
resnet50,PD:0181,1,0.46612367033958435,kaggle_spiral,handpd_spiral,5
resnet50,PD:0181,1,0.4793824553489685,kaggle_spiral,handpd_spiral,5
resnet50,PD:0181,1,0.4885607361793518,kaggle_spiral,handpd_spiral,5
resnet50,PD:0182,1,0.455960750579834,kaggle_spiral,handpd_spiral,5
resnet50,PD:0182,1,0.52208411693573,kaggle_spiral,handpd_spiral,5
resnet50,PD:0182,1,0.45341020822525024,kaggle_spiral,handpd_spiral,5
resnet50,PD:0182,1,0.5181112885475159,kaggle_spiral,handpd_spiral,5
resnet50,PD:0186,1,0.5527979135513306,kaggle_spiral,handpd_spiral,5
resnet50,PD:0186,1,0.4876474440097809,kaggle_spiral,handpd_spiral,5
resnet50,PD:0186,1,0.5483928918838501,kaggle_spiral,handpd_spiral,5
resnet50,PD:0186,1,0.5004315972328186,kaggle_spiral,handpd_spiral,5
resnet50,PD:0187,1,0.5036464333534241,kaggle_spiral,handpd_spiral,5
resnet50,PD:0187,1,0.49154263734817505,kaggle_spiral,handpd_spiral,5
resnet50,PD:0187,1,0.48415225744247437,kaggle_spiral,handpd_spiral,5
resnet50,PD:0187,1,0.500115692615509,kaggle_spiral,handpd_spiral,5
resnet50,PD:0188,1,0.46177002787590027,kaggle_spiral,handpd_spiral,5
resnet50,PD:0188,1,0.46626585721969604,kaggle_spiral,handpd_spiral,5
resnet50,PD:0188,1,0.48624956607818604,kaggle_spiral,handpd_spiral,5
resnet50,PD:0188,1,0.4904082715511322,kaggle_spiral,handpd_spiral,5
resnet50,PD:0192,1,0.5163010358810425,kaggle_spiral,handpd_spiral,5
resnet50,PD:0192,1,0.522024929523468,kaggle_spiral,handpd_spiral,5
resnet50,PD:0192,1,0.5118028521537781,kaggle_spiral,handpd_spiral,5
resnet50,PD:0192,1,0.5168323516845703,kaggle_spiral,handpd_spiral,5
resnet50,PD:0196,1,0.49082040786743164,kaggle_spiral,handpd_spiral,5
resnet50,PD:0196,1,0.47494059801101685,kaggle_spiral,handpd_spiral,5
resnet50,PD:0196,1,0.46379902958869934,kaggle_spiral,handpd_spiral,5
resnet50,PD:0196,1,0.4646950662136078,kaggle_spiral,handpd_spiral,5
resnet50,PD:0197,1,0.49545979499816895,kaggle_spiral,handpd_spiral,5
resnet50,PD:0197,1,0.5139402747154236,kaggle_spiral,handpd_spiral,5
resnet50,PD:0197,1,0.424680233001709,kaggle_spiral,handpd_spiral,5
resnet50,PD:0197,1,0.4618742763996124,kaggle_spiral,handpd_spiral,5
resnet50,PD:0198,1,0.418537974357605,kaggle_spiral,handpd_spiral,5
resnet50,PD:0198,1,0.4680768847465515,kaggle_spiral,handpd_spiral,5
resnet50,PD:0198,1,0.4429123103618622,kaggle_spiral,handpd_spiral,5
resnet50,PD:0198,1,0.4410867393016815,kaggle_spiral,handpd_spiral,5
resnet50,PD:0202,1,0.4324067234992981,kaggle_spiral,handpd_spiral,5
resnet50,PD:0202,1,0.4937487840652466,kaggle_spiral,handpd_spiral,5
resnet50,PD:0202,1,0.4485825002193451,kaggle_spiral,handpd_spiral,5
resnet50,PD:0202,1,0.4481925070285797,kaggle_spiral,handpd_spiral,5
resnet50,PD:0203,1,0.4517112076282501,kaggle_spiral,handpd_spiral,5
resnet50,PD:0203,1,0.4716251492500305,kaggle_spiral,handpd_spiral,5
resnet50,PD:0203,1,0.43501776456832886,kaggle_spiral,handpd_spiral,5
resnet50,PD:0203,1,0.5025519728660583,kaggle_spiral,handpd_spiral,5
resnet50,PD:0207,1,0.46833160519599915,kaggle_spiral,handpd_spiral,5
resnet50,PD:0207,1,0.4716184735298157,kaggle_spiral,handpd_spiral,5
resnet50,PD:0207,1,0.4813111424446106,kaggle_spiral,handpd_spiral,5
resnet50,PD:0207,1,0.5011581778526306,kaggle_spiral,handpd_spiral,5
resnet50,PD:0208,1,0.46446582674980164,kaggle_spiral,handpd_spiral,5
resnet50,PD:0208,1,0.454476922750473,kaggle_spiral,handpd_spiral,5
resnet50,PD:0208,1,0.4998456537723541,kaggle_spiral,handpd_spiral,5
resnet50,PD:0208,1,0.4844790995121002,kaggle_spiral,handpd_spiral,5
resnet50,PD:0213,1,0.5212799310684204,kaggle_spiral,handpd_spiral,5
resnet50,PD:0213,1,0.4323963224887848,kaggle_spiral,handpd_spiral,5
resnet50,PD:0213,1,0.528820276260376,kaggle_spiral,handpd_spiral,5
resnet50,PD:0213,1,0.5029133558273315,kaggle_spiral,handpd_spiral,5
resnet50,PD:0214,1,0.5446244478225708,kaggle_spiral,handpd_spiral,5
resnet50,PD:0214,1,0.572784960269928,kaggle_spiral,handpd_spiral,5
resnet50,PD:0214,1,0.4813182055950165,kaggle_spiral,handpd_spiral,5
resnet50,PD:0214,1,0.5417699217796326,kaggle_spiral,handpd_spiral,5
resnet50,PD:0218,1,0.43084976077079773,kaggle_spiral,handpd_spiral,5
resnet50,PD:0218,1,0.41973206400871277,kaggle_spiral,handpd_spiral,5
resnet50,PD:0218,1,0.40711209177970886,kaggle_spiral,handpd_spiral,5
resnet50,PD:0218,1,0.49558091163635254,kaggle_spiral,handpd_spiral,5
resnet50,PD:0219,1,0.4555337727069855,kaggle_spiral,handpd_spiral,5
resnet50,PD:0219,1,0.4767383337020874,kaggle_spiral,handpd_spiral,5
resnet50,PD:0219,1,0.43879392743110657,kaggle_spiral,handpd_spiral,5
resnet50,PD:0219,1,0.5073700547218323,kaggle_spiral,handpd_spiral,5
resnet50,PD:0223,1,0.4182577133178711,kaggle_spiral,handpd_spiral,5
resnet50,PD:0223,1,0.4038485884666443,kaggle_spiral,handpd_spiral,5
resnet50,PD:0223,1,0.47799283266067505,kaggle_spiral,handpd_spiral,5
resnet50,PD:0223,1,0.479562908411026,kaggle_spiral,handpd_spiral,5
resnet50,PD:0228,1,0.49471524357795715,kaggle_spiral,handpd_spiral,5
resnet50,PD:0228,1,0.5378446578979492,kaggle_spiral,handpd_spiral,5
resnet50,PD:0228,1,0.5365861654281616,kaggle_spiral,handpd_spiral,5
resnet50,PD:0228,1,0.540045440196991,kaggle_spiral,handpd_spiral,5
resnet50,PD:0229,1,0.5410670042037964,kaggle_spiral,handpd_spiral,5
resnet50,PD:0229,1,0.4940270483493805,kaggle_spiral,handpd_spiral,5
resnet50,PD:0229,1,0.5191287994384766,kaggle_spiral,handpd_spiral,5
resnet50,PD:0229,1,0.5103433728218079,kaggle_spiral,handpd_spiral,5
resnet50,PD:0230,1,0.5730928182601929,kaggle_spiral,handpd_spiral,5
resnet50,PD:0230,1,0.5580585598945618,kaggle_spiral,handpd_spiral,5
resnet50,PD:0230,1,0.5579406023025513,kaggle_spiral,handpd_spiral,5
resnet50,PD:0230,1,0.5176928043365479,kaggle_spiral,handpd_spiral,5
resnet50,PD:0234,1,0.4722467362880707,kaggle_spiral,handpd_spiral,5
resnet50,PD:0234,1,0.48039066791534424,kaggle_spiral,handpd_spiral,5
resnet50,PD:0234,1,0.5045576095581055,kaggle_spiral,handpd_spiral,5
resnet50,PD:0234,1,0.5490781664848328,kaggle_spiral,handpd_spiral,5
resnet50,PD:0235,1,0.5602176189422607,kaggle_spiral,handpd_spiral,5
resnet50,PD:0235,1,0.5677046179771423,kaggle_spiral,handpd_spiral,5
resnet50,PD:0235,1,0.5158865451812744,kaggle_spiral,handpd_spiral,5
resnet50,PD:0235,1,0.5643473267555237,kaggle_spiral,handpd_spiral,5
resnet50,PD:0236,1,0.4979610741138458,kaggle_spiral,handpd_spiral,5
resnet50,PD:0236,1,0.48942434787750244,kaggle_spiral,handpd_spiral,5
resnet50,PD:0236,1,0.5237912535667419,kaggle_spiral,handpd_spiral,5
resnet50,PD:0236,1,0.5203949213027954,kaggle_spiral,handpd_spiral,5
resnet50,PD:0240,1,0.4462762475013733,kaggle_spiral,handpd_spiral,5
resnet50,PD:0240,1,0.5115678906440735,kaggle_spiral,handpd_spiral,5
resnet50,PD:0240,1,0.44316715002059937,kaggle_spiral,handpd_spiral,5
resnet50,PD:0240,1,0.48187899589538574,kaggle_spiral,handpd_spiral,5
resnet50,PD:0241,1,0.4278269410133362,kaggle_spiral,handpd_spiral,5
resnet50,PD:0241,1,0.49870923161506653,kaggle_spiral,handpd_spiral,5
resnet50,PD:0241,1,0.5287100076675415,kaggle_spiral,handpd_spiral,5
resnet50,PD:0241,1,0.4854459762573242,kaggle_spiral,handpd_spiral,5
resnet50,PD:0242,1,0.5194867253303528,kaggle_spiral,handpd_spiral,5
resnet50,PD:0242,1,0.5208359360694885,kaggle_spiral,handpd_spiral,5
resnet50,PD:0242,1,0.5177157521247864,kaggle_spiral,handpd_spiral,5
resnet50,PD:0242,1,0.5393295884132385,kaggle_spiral,handpd_spiral,5
resnet50,PD:0246,1,0.47078004479408264,kaggle_spiral,handpd_spiral,5
resnet50,PD:0246,1,0.4760880768299103,kaggle_spiral,handpd_spiral,5
resnet50,PD:0246,1,0.4895175099372864,kaggle_spiral,handpd_spiral,5
resnet50,PD:0246,1,0.5212096571922302,kaggle_spiral,handpd_spiral,5
resnet50,PD:0247,1,0.5703058242797852,kaggle_spiral,handpd_spiral,5
resnet50,PD:0247,1,0.5641242861747742,kaggle_spiral,handpd_spiral,5
resnet50,PD:0247,1,0.5767250657081604,kaggle_spiral,handpd_spiral,5
resnet50,PD:0247,1,0.5901188850402832,kaggle_spiral,handpd_spiral,5
resnet50,PD:0253,1,0.5092742443084717,kaggle_spiral,handpd_spiral,5
resnet50,PD:0253,1,0.4291214346885681,kaggle_spiral,handpd_spiral,5
resnet50,PD:0253,1,0.48192298412323,kaggle_spiral,handpd_spiral,5
resnet50,PD:0253,1,0.45461660623550415,kaggle_spiral,handpd_spiral,5
resnet50,PD:0254,1,0.5068299770355225,kaggle_spiral,handpd_spiral,5
resnet50,PD:0254,1,0.4348140358924866,kaggle_spiral,handpd_spiral,5
resnet50,PD:0254,1,0.4490092992782593,kaggle_spiral,handpd_spiral,5
resnet50,PD:0254,1,0.4843873083591461,kaggle_spiral,handpd_spiral,5
resnet50,PD:0261,1,0.48562026023864746,kaggle_spiral,handpd_spiral,5
resnet50,PD:0261,1,0.4774685204029083,kaggle_spiral,handpd_spiral,5
resnet50,PD:0261,1,0.4430324137210846,kaggle_spiral,handpd_spiral,5
resnet50,PD:0261,1,0.452663779258728,kaggle_spiral,handpd_spiral,5
resnet50,PD:0268,1,0.45868295431137085,kaggle_spiral,handpd_spiral,5
resnet50,PD:0268,1,0.44797760248184204,kaggle_spiral,handpd_spiral,5
resnet50,PD:0268,1,0.47453221678733826,kaggle_spiral,handpd_spiral,5
resnet50,PD:0268,1,0.5131579041481018,kaggle_spiral,handpd_spiral,5
resnet50,PD:0269,1,0.4899435341358185,kaggle_spiral,handpd_spiral,5
resnet50,PD:0269,1,0.5016639828681946,kaggle_spiral,handpd_spiral,5
resnet50,PD:0269,1,0.47916534543037415,kaggle_spiral,handpd_spiral,5
resnet50,PD:0269,1,0.4924759864807129,kaggle_spiral,handpd_spiral,5
resnet50,PD:0273,1,0.4546928405761719,kaggle_spiral,handpd_spiral,5
resnet50,PD:0273,1,0.47007977962493896,kaggle_spiral,handpd_spiral,5
resnet50,PD:0273,1,0.46252089738845825,kaggle_spiral,handpd_spiral,5
resnet50,PD:0273,1,0.4857455790042877,kaggle_spiral,handpd_spiral,5
resnet50,PD:0274,1,0.5233618021011353,kaggle_spiral,handpd_spiral,5
resnet50,PD:0274,1,0.5056795477867126,kaggle_spiral,handpd_spiral,5
resnet50,PD:0274,1,0.45396482944488525,kaggle_spiral,handpd_spiral,5
resnet50,PD:0274,1,0.4685042202472687,kaggle_spiral,handpd_spiral,5
resnet50,PD:0280,1,0.48366719484329224,kaggle_spiral,handpd_spiral,5
resnet50,PD:0280,1,0.48007437586784363,kaggle_spiral,handpd_spiral,5
resnet50,PD:0280,1,0.4950076639652252,kaggle_spiral,handpd_spiral,5
resnet50,PD:0280,1,0.48916172981262207,kaggle_spiral,handpd_spiral,5
resnet50,PD:0281,1,0.49216389656066895,kaggle_spiral,handpd_spiral,5
resnet50,PD:0281,1,0.4701557159423828,kaggle_spiral,handpd_spiral,5
resnet50,PD:0281,1,0.49059054255485535,kaggle_spiral,handpd_spiral,5
resnet50,PD:0281,1,0.4402812421321869,kaggle_spiral,handpd_spiral,5
efficientnet_b0,HC:0068,0,0.39098358154296875,kaggle_spiral,handpd_spiral,5
efficientnet_b0,HC:0068,0,0.37900081276893616,kaggle_spiral,handpd_spiral,5
efficientnet_b0,HC:0068,0,0.3717178404331207,kaggle_spiral,handpd_spiral,5
efficientnet_b0,HC:0068,0,0.3795423209667206,kaggle_spiral,handpd_spiral,5
efficientnet_b0,HC:0092,0,0.41233986616134644,kaggle_spiral,handpd_spiral,5
efficientnet_b0,HC:0092,0,0.42525210976600647,kaggle_spiral,handpd_spiral,5
efficientnet_b0,HC:0092,0,0.40332868695259094,kaggle_spiral,handpd_spiral,5
efficientnet_b0,HC:0092,0,0.4199620485305786,kaggle_spiral,handpd_spiral,5
efficientnet_b0,HC:0098,0,0.41625604033470154,kaggle_spiral,handpd_spiral,5
efficientnet_b0,HC:0098,0,0.39626601338386536,kaggle_spiral,handpd_spiral,5
efficientnet_b0,HC:0098,0,0.43562886118888855,kaggle_spiral,handpd_spiral,5
efficientnet_b0,HC:0098,0,0.42351657152175903,kaggle_spiral,handpd_spiral,5
efficientnet_b0,HC:0100,0,0.39148470759391785,kaggle_spiral,handpd_spiral,5
efficientnet_b0,HC:0100,0,0.40587490797042847,kaggle_spiral,handpd_spiral,5
efficientnet_b0,HC:0100,0,0.39684534072875977,kaggle_spiral,handpd_spiral,5
efficientnet_b0,HC:0100,0,0.38147175312042236,kaggle_spiral,handpd_spiral,5
efficientnet_b0,HC:0102,0,0.3715006411075592,kaggle_spiral,handpd_spiral,5
efficientnet_b0,HC:0102,0,0.3930619955062866,kaggle_spiral,handpd_spiral,5
efficientnet_b0,HC:0102,0,0.43156471848487854,kaggle_spiral,handpd_spiral,5
efficientnet_b0,HC:0102,0,0.4160504937171936,kaggle_spiral,handpd_spiral,5
efficientnet_b0,HC:0104,0,0.41476941108703613,kaggle_spiral,handpd_spiral,5
efficientnet_b0,HC:0104,0,0.45498886704444885,kaggle_spiral,handpd_spiral,5
efficientnet_b0,HC:0104,0,0.37956759333610535,kaggle_spiral,handpd_spiral,5
efficientnet_b0,HC:0104,0,0.39688172936439514,kaggle_spiral,handpd_spiral,5
efficientnet_b0,HC:0106,0,0.4019095301628113,kaggle_spiral,handpd_spiral,5
efficientnet_b0,HC:0106,0,0.3968813419342041,kaggle_spiral,handpd_spiral,5
efficientnet_b0,HC:0106,0,0.39972278475761414,kaggle_spiral,handpd_spiral,5
efficientnet_b0,HC:0106,0,0.3643812835216522,kaggle_spiral,handpd_spiral,5
efficientnet_b0,HC:0112,0,0.40158170461654663,kaggle_spiral,handpd_spiral,5
efficientnet_b0,HC:0112,0,0.38090336322784424,kaggle_spiral,handpd_spiral,5
efficientnet_b0,HC:0112,0,0.3971545696258545,kaggle_spiral,handpd_spiral,5
efficientnet_b0,HC:0112,0,0.35081684589385986,kaggle_spiral,handpd_spiral,5
efficientnet_b0,HC:0116,0,0.39598986506462097,kaggle_spiral,handpd_spiral,5
efficientnet_b0,HC:0116,0,0.383884996175766,kaggle_spiral,handpd_spiral,5
efficientnet_b0,HC:0116,0,0.3808644115924835,kaggle_spiral,handpd_spiral,5
efficientnet_b0,HC:0116,0,0.4275195598602295,kaggle_spiral,handpd_spiral,5
efficientnet_b0,HC:0127,0,0.391426682472229,kaggle_spiral,handpd_spiral,5
efficientnet_b0,HC:0127,0,0.388755738735199,kaggle_spiral,handpd_spiral,5
efficientnet_b0,HC:0127,0,0.39890536665916443,kaggle_spiral,handpd_spiral,5
efficientnet_b0,HC:0127,0,0.3378053903579712,kaggle_spiral,handpd_spiral,5
efficientnet_b0,HC:0129,0,0.398293137550354,kaggle_spiral,handpd_spiral,5
efficientnet_b0,HC:0129,0,0.3867727518081665,kaggle_spiral,handpd_spiral,5
efficientnet_b0,HC:0129,0,0.3565812408924103,kaggle_spiral,handpd_spiral,5
efficientnet_b0,HC:0129,0,0.36723947525024414,kaggle_spiral,handpd_spiral,5
efficientnet_b0,HC:0131,0,0.4132949709892273,kaggle_spiral,handpd_spiral,5
efficientnet_b0,HC:0131,0,0.4447527527809143,kaggle_spiral,handpd_spiral,5
efficientnet_b0,HC:0131,0,0.39957430958747864,kaggle_spiral,handpd_spiral,5
efficientnet_b0,HC:0131,0,0.39500030875205994,kaggle_spiral,handpd_spiral,5
efficientnet_b0,HC:0287,0,0.6112982630729675,kaggle_spiral,handpd_spiral,5
efficientnet_b0,HC:0287,0,0.4266717731952667,kaggle_spiral,handpd_spiral,5
efficientnet_b0,HC:0287,0,0.5252090692520142,kaggle_spiral,handpd_spiral,5
efficientnet_b0,HC:0287,0,0.5674570202827454,kaggle_spiral,handpd_spiral,5
efficientnet_b0,HC:0289,0,0.41426563262939453,kaggle_spiral,handpd_spiral,5
efficientnet_b0,HC:0289,0,0.41183555126190186,kaggle_spiral,handpd_spiral,5
efficientnet_b0,HC:0289,0,0.4556191563606262,kaggle_spiral,handpd_spiral,5
efficientnet_b0,HC:0289,0,0.4344326853752136,kaggle_spiral,handpd_spiral,5
efficientnet_b0,HC:0293,0,0.3948564827442169,kaggle_spiral,handpd_spiral,5
efficientnet_b0,HC:0293,0,0.5070593357086182,kaggle_spiral,handpd_spiral,5
efficientnet_b0,HC:0293,0,0.4360091984272003,kaggle_spiral,handpd_spiral,5
efficientnet_b0,HC:0293,0,0.41997626423835754,kaggle_spiral,handpd_spiral,5
efficientnet_b0,HC:0295,0,0.4859701097011566,kaggle_spiral,handpd_spiral,5
efficientnet_b0,HC:0295,0,0.5089306831359863,kaggle_spiral,handpd_spiral,5
efficientnet_b0,HC:0295,0,0.4146710932254791,kaggle_spiral,handpd_spiral,5
efficientnet_b0,HC:0295,0,0.471248984336853,kaggle_spiral,handpd_spiral,5
efficientnet_b0,HC:0297,0,0.4790380597114563,kaggle_spiral,handpd_spiral,5
efficientnet_b0,HC:0297,0,0.43432164192199707,kaggle_spiral,handpd_spiral,5
efficientnet_b0,HC:0297,0,0.49443519115448,kaggle_spiral,handpd_spiral,5
efficientnet_b0,HC:0297,0,0.48477718234062195,kaggle_spiral,handpd_spiral,5
efficientnet_b0,HC:0305,0,0.7309536337852478,kaggle_spiral,handpd_spiral,5
efficientnet_b0,HC:0305,0,0.5662526488304138,kaggle_spiral,handpd_spiral,5
efficientnet_b0,HC:0305,0,0.5363107919692993,kaggle_spiral,handpd_spiral,5
efficientnet_b0,HC:0305,0,0.5496907234191895,kaggle_spiral,handpd_spiral,5
efficientnet_b0,PD:0002,1,0.7063959240913391,kaggle_spiral,handpd_spiral,5
efficientnet_b0,PD:0002,1,0.6597378253936768,kaggle_spiral,handpd_spiral,5
efficientnet_b0,PD:0002,1,0.7444343566894531,kaggle_spiral,handpd_spiral,5
efficientnet_b0,PD:0002,1,0.6985930800437927,kaggle_spiral,handpd_spiral,5
efficientnet_b0,PD:0003,1,0.6484768986701965,kaggle_spiral,handpd_spiral,5
efficientnet_b0,PD:0003,1,0.5155574083328247,kaggle_spiral,handpd_spiral,5
efficientnet_b0,PD:0003,1,0.5278737545013428,kaggle_spiral,handpd_spiral,5
efficientnet_b0,PD:0003,1,0.5734238624572754,kaggle_spiral,handpd_spiral,5
efficientnet_b0,PD:0004,1,0.5689336657524109,kaggle_spiral,handpd_spiral,5
efficientnet_b0,PD:0004,1,0.4691393971443176,kaggle_spiral,handpd_spiral,5
efficientnet_b0,PD:0004,1,0.5534731149673462,kaggle_spiral,handpd_spiral,5
efficientnet_b0,PD:0004,1,0.6149445176124573,kaggle_spiral,handpd_spiral,5
efficientnet_b0,PD:0005,1,0.44770023226737976,kaggle_spiral,handpd_spiral,5
efficientnet_b0,PD:0005,1,0.3839535117149353,kaggle_spiral,handpd_spiral,5
efficientnet_b0,PD:0005,1,0.4258154630661011,kaggle_spiral,handpd_spiral,5
efficientnet_b0,PD:0005,1,0.4011252522468567,kaggle_spiral,handpd_spiral,5
efficientnet_b0,PD:0009,1,0.4123372435569763,kaggle_spiral,handpd_spiral,5
efficientnet_b0,PD:0009,1,0.4250117242336273,kaggle_spiral,handpd_spiral,5
efficientnet_b0,PD:0009,1,0.3701084554195404,kaggle_spiral,handpd_spiral,5
efficientnet_b0,PD:0009,1,0.370447039604187,kaggle_spiral,handpd_spiral,5
efficientnet_b0,PD:0010,1,0.4575517475605011,kaggle_spiral,handpd_spiral,5
efficientnet_b0,PD:0010,1,0.46046003699302673,kaggle_spiral,handpd_spiral,5
efficientnet_b0,PD:0010,1,0.43945372104644775,kaggle_spiral,handpd_spiral,5
efficientnet_b0,PD:0010,1,0.4480814039707184,kaggle_spiral,handpd_spiral,5
efficientnet_b0,PD:0016,1,0.529869019985199,kaggle_spiral,handpd_spiral,5
efficientnet_b0,PD:0016,1,0.6042500138282776,kaggle_spiral,handpd_spiral,5
efficientnet_b0,PD:0016,1,0.5646910667419434,kaggle_spiral,handpd_spiral,5
efficientnet_b0,PD:0016,1,0.5922598838806152,kaggle_spiral,handpd_spiral,5
efficientnet_b0,PD:0023,1,0.4687475562095642,kaggle_spiral,handpd_spiral,5
efficientnet_b0,PD:0023,1,0.44307446479797363,kaggle_spiral,handpd_spiral,5
efficientnet_b0,PD:0023,1,0.4091493487358093,kaggle_spiral,handpd_spiral,5
efficientnet_b0,PD:0023,1,0.4185138940811157,kaggle_spiral,handpd_spiral,5
efficientnet_b0,PD:0024,1,0.4430021643638611,kaggle_spiral,handpd_spiral,5
efficientnet_b0,PD:0024,1,0.44778260588645935,kaggle_spiral,handpd_spiral,5
efficientnet_b0,PD:0024,1,0.4668387770652771,kaggle_spiral,handpd_spiral,5
efficientnet_b0,PD:0024,1,0.4446125626564026,kaggle_spiral,handpd_spiral,5
efficientnet_b0,PD:0030,1,0.43284085392951965,kaggle_spiral,handpd_spiral,5
efficientnet_b0,PD:0030,1,0.41044074296951294,kaggle_spiral,handpd_spiral,5
efficientnet_b0,PD:0030,1,0.46123215556144714,kaggle_spiral,handpd_spiral,5
efficientnet_b0,PD:0030,1,0.42940986156463623,kaggle_spiral,handpd_spiral,5
efficientnet_b0,PD:0031,1,0.4431309401988983,kaggle_spiral,handpd_spiral,5
efficientnet_b0,PD:0031,1,0.4318711757659912,kaggle_spiral,handpd_spiral,5
efficientnet_b0,PD:0031,1,0.42935365438461304,kaggle_spiral,handpd_spiral,5
efficientnet_b0,PD:0031,1,0.40043169260025024,kaggle_spiral,handpd_spiral,5
efficientnet_b0,PD:0037,1,0.5089768767356873,kaggle_spiral,handpd_spiral,5
efficientnet_b0,PD:0037,1,0.5027505159378052,kaggle_spiral,handpd_spiral,5
efficientnet_b0,PD:0037,1,0.435605525970459,kaggle_spiral,handpd_spiral,5
efficientnet_b0,PD:0037,1,0.4734750986099243,kaggle_spiral,handpd_spiral,5
efficientnet_b0,PD:0038,1,0.5850329399108887,kaggle_spiral,handpd_spiral,5
efficientnet_b0,PD:0038,1,0.48473092913627625,kaggle_spiral,handpd_spiral,5
efficientnet_b0,PD:0038,1,0.5553860664367676,kaggle_spiral,handpd_spiral,5
efficientnet_b0,PD:0038,1,0.56238853931427,kaggle_spiral,handpd_spiral,5
efficientnet_b0,PD:0044,1,0.5235927104949951,kaggle_spiral,handpd_spiral,5
efficientnet_b0,PD:0044,1,0.526688277721405,kaggle_spiral,handpd_spiral,5
efficientnet_b0,PD:0044,1,0.50941401720047,kaggle_spiral,handpd_spiral,5
efficientnet_b0,PD:0044,1,0.522321343421936,kaggle_spiral,handpd_spiral,5
efficientnet_b0,PD:0045,1,0.5354036688804626,kaggle_spiral,handpd_spiral,5
efficientnet_b0,PD:0045,1,0.49977949261665344,kaggle_spiral,handpd_spiral,5
efficientnet_b0,PD:0045,1,0.5456898212432861,kaggle_spiral,handpd_spiral,5
efficientnet_b0,PD:0045,1,0.5216007232666016,kaggle_spiral,handpd_spiral,5
efficientnet_b0,PD:0046,1,0.5003006458282471,kaggle_spiral,handpd_spiral,5
efficientnet_b0,PD:0046,1,0.6245560646057129,kaggle_spiral,handpd_spiral,5
efficientnet_b0,PD:0046,1,0.46922072768211365,kaggle_spiral,handpd_spiral,5
efficientnet_b0,PD:0046,1,0.544795036315918,kaggle_spiral,handpd_spiral,5
efficientnet_b0,PD:0051,1,0.4451269507408142,kaggle_spiral,handpd_spiral,5
efficientnet_b0,PD:0051,1,0.4318159520626068,kaggle_spiral,handpd_spiral,5
efficientnet_b0,PD:0051,1,0.5080230832099915,kaggle_spiral,handpd_spiral,5
efficientnet_b0,PD:0051,1,0.44442880153656006,kaggle_spiral,handpd_spiral,5
efficientnet_b0,PD:0052,1,0.4088859558105469,kaggle_spiral,handpd_spiral,5
efficientnet_b0,PD:0052,1,0.5273199677467346,kaggle_spiral,handpd_spiral,5
efficientnet_b0,PD:0052,1,0.4611677825450897,kaggle_spiral,handpd_spiral,5
efficientnet_b0,PD:0052,1,0.4733903706073761,kaggle_spiral,handpd_spiral,5
efficientnet_b0,PD:0053,1,0.47612670063972473,kaggle_spiral,handpd_spiral,5
efficientnet_b0,PD:0053,1,0.4857375919818878,kaggle_spiral,handpd_spiral,5
efficientnet_b0,PD:0053,1,0.5426820516586304,kaggle_spiral,handpd_spiral,5
efficientnet_b0,PD:0053,1,0.4740963876247406,kaggle_spiral,handpd_spiral,5
efficientnet_b0,PD:0054,1,0.506912112236023,kaggle_spiral,handpd_spiral,5
efficientnet_b0,PD:0054,1,0.45808878540992737,kaggle_spiral,handpd_spiral,5
efficientnet_b0,PD:0054,1,0.4747466444969177,kaggle_spiral,handpd_spiral,5
efficientnet_b0,PD:0054,1,0.5621487498283386,kaggle_spiral,handpd_spiral,5
efficientnet_b0,PD:0134,1,0.5241044163703918,kaggle_spiral,handpd_spiral,5
efficientnet_b0,PD:0134,1,0.4832591414451599,kaggle_spiral,handpd_spiral,5
efficientnet_b0,PD:0134,1,0.5024567246437073,kaggle_spiral,handpd_spiral,5
efficientnet_b0,PD:0134,1,0.5643756985664368,kaggle_spiral,handpd_spiral,5
efficientnet_b0,PD:0136,1,0.5775713920593262,kaggle_spiral,handpd_spiral,5
efficientnet_b0,PD:0136,1,0.44751206040382385,kaggle_spiral,handpd_spiral,5
efficientnet_b0,PD:0136,1,0.49846965074539185,kaggle_spiral,handpd_spiral,5
efficientnet_b0,PD:0136,1,0.5670779943466187,kaggle_spiral,handpd_spiral,5
efficientnet_b0,PD:0138,1,0.4465503692626953,kaggle_spiral,handpd_spiral,5
efficientnet_b0,PD:0138,1,0.4357309341430664,kaggle_spiral,handpd_spiral,5
efficientnet_b0,PD:0138,1,0.4513488709926605,kaggle_spiral,handpd_spiral,5
efficientnet_b0,PD:0138,1,0.43345388770103455,kaggle_spiral,handpd_spiral,5
efficientnet_b0,PD:0139,1,0.5044339299201965,kaggle_spiral,handpd_spiral,5
efficientnet_b0,PD:0139,1,0.4437049329280853,kaggle_spiral,handpd_spiral,5
efficientnet_b0,PD:0139,1,0.3989204466342926,kaggle_spiral,handpd_spiral,5
efficientnet_b0,PD:0139,1,0.43539106845855713,kaggle_spiral,handpd_spiral,5
efficientnet_b0,PD:0143,1,0.4755626916885376,kaggle_spiral,handpd_spiral,5
efficientnet_b0,PD:0143,1,0.4577524662017822,kaggle_spiral,handpd_spiral,5
efficientnet_b0,PD:0143,1,0.4380372166633606,kaggle_spiral,handpd_spiral,5
efficientnet_b0,PD:0143,1,0.4241391122341156,kaggle_spiral,handpd_spiral,5
efficientnet_b0,PD:0148,1,0.5347822904586792,kaggle_spiral,handpd_spiral,5
efficientnet_b0,PD:0148,1,0.44832056760787964,kaggle_spiral,handpd_spiral,5
efficientnet_b0,PD:0148,1,0.5198081135749817,kaggle_spiral,handpd_spiral,5
efficientnet_b0,PD:0148,1,0.5075462460517883,kaggle_spiral,handpd_spiral,5
efficientnet_b0,PD:0149,1,0.4971744120121002,kaggle_spiral,handpd_spiral,5
efficientnet_b0,PD:0149,1,0.4408071041107178,kaggle_spiral,handpd_spiral,5
efficientnet_b0,PD:0149,1,0.528721809387207,kaggle_spiral,handpd_spiral,5
efficientnet_b0,PD:0149,1,0.5205353498458862,kaggle_spiral,handpd_spiral,5
efficientnet_b0,PD:0153,1,0.4167044758796692,kaggle_spiral,handpd_spiral,5
efficientnet_b0,PD:0153,1,0.4066341519355774,kaggle_spiral,handpd_spiral,5
efficientnet_b0,PD:0153,1,0.42110055685043335,kaggle_spiral,handpd_spiral,5
efficientnet_b0,PD:0153,1,0.45175105333328247,kaggle_spiral,handpd_spiral,5
efficientnet_b0,PD:0157,1,0.5204905271530151,kaggle_spiral,handpd_spiral,5
efficientnet_b0,PD:0157,1,0.39348751306533813,kaggle_spiral,handpd_spiral,5
efficientnet_b0,PD:0157,1,0.44285422563552856,kaggle_spiral,handpd_spiral,5
efficientnet_b0,PD:0157,1,0.39832860231399536,kaggle_spiral,handpd_spiral,5
efficientnet_b0,PD:0161,1,0.45117560029029846,kaggle_spiral,handpd_spiral,5
efficientnet_b0,PD:0161,1,0.4755069613456726,kaggle_spiral,handpd_spiral,5
efficientnet_b0,PD:0161,1,0.46750888228416443,kaggle_spiral,handpd_spiral,5
efficientnet_b0,PD:0161,1,0.4393920600414276,kaggle_spiral,handpd_spiral,5
efficientnet_b0,PD:0165,1,0.41337916254997253,kaggle_spiral,handpd_spiral,5
efficientnet_b0,PD:0165,1,0.3921397626399994,kaggle_spiral,handpd_spiral,5
efficientnet_b0,PD:0165,1,0.41680294275283813,kaggle_spiral,handpd_spiral,5
efficientnet_b0,PD:0165,1,0.4367828071117401,kaggle_spiral,handpd_spiral,5
efficientnet_b0,PD:0166,1,0.4942086935043335,kaggle_spiral,handpd_spiral,5
efficientnet_b0,PD:0166,1,0.4222394824028015,kaggle_spiral,handpd_spiral,5
efficientnet_b0,PD:0166,1,0.3897060453891754,kaggle_spiral,handpd_spiral,5
efficientnet_b0,PD:0166,1,0.4160939157009125,kaggle_spiral,handpd_spiral,5
efficientnet_b0,PD:0170,1,0.49249282479286194,kaggle_spiral,handpd_spiral,5
efficientnet_b0,PD:0170,1,0.5083102583885193,kaggle_spiral,handpd_spiral,5
efficientnet_b0,PD:0170,1,0.6173195838928223,kaggle_spiral,handpd_spiral,5
efficientnet_b0,PD:0170,1,0.601259171962738,kaggle_spiral,handpd_spiral,5
efficientnet_b0,PD:0174,1,0.48108577728271484,kaggle_spiral,handpd_spiral,5
efficientnet_b0,PD:0174,1,0.5922577977180481,kaggle_spiral,handpd_spiral,5
efficientnet_b0,PD:0174,1,0.5950729250907898,kaggle_spiral,handpd_spiral,5
efficientnet_b0,PD:0174,1,0.6744498610496521,kaggle_spiral,handpd_spiral,5
efficientnet_b0,PD:0176,1,0.6312186121940613,kaggle_spiral,handpd_spiral,5
efficientnet_b0,PD:0176,1,0.5867817401885986,kaggle_spiral,handpd_spiral,5
efficientnet_b0,PD:0176,1,0.5256558656692505,kaggle_spiral,handpd_spiral,5
efficientnet_b0,PD:0176,1,0.5356230735778809,kaggle_spiral,handpd_spiral,5
efficientnet_b0,PD:0177,1,0.582843542098999,kaggle_spiral,handpd_spiral,5
efficientnet_b0,PD:0177,1,0.5178369283676147,kaggle_spiral,handpd_spiral,5
efficientnet_b0,PD:0177,1,0.46853429079055786,kaggle_spiral,handpd_spiral,5
efficientnet_b0,PD:0177,1,0.46363580226898193,kaggle_spiral,handpd_spiral,5
efficientnet_b0,PD:0181,1,0.4519730806350708,kaggle_spiral,handpd_spiral,5
efficientnet_b0,PD:0181,1,0.5140482187271118,kaggle_spiral,handpd_spiral,5
efficientnet_b0,PD:0181,1,0.48703277111053467,kaggle_spiral,handpd_spiral,5
efficientnet_b0,PD:0181,1,0.5150160193443298,kaggle_spiral,handpd_spiral,5
efficientnet_b0,PD:0182,1,0.5392431020736694,kaggle_spiral,handpd_spiral,5
efficientnet_b0,PD:0182,1,0.5119598507881165,kaggle_spiral,handpd_spiral,5
efficientnet_b0,PD:0182,1,0.4742269814014435,kaggle_spiral,handpd_spiral,5
efficientnet_b0,PD:0182,1,0.5869805812835693,kaggle_spiral,handpd_spiral,5
efficientnet_b0,PD:0186,1,0.44668564200401306,kaggle_spiral,handpd_spiral,5
efficientnet_b0,PD:0186,1,0.42660290002822876,kaggle_spiral,handpd_spiral,5
efficientnet_b0,PD:0186,1,0.5040552616119385,kaggle_spiral,handpd_spiral,5
efficientnet_b0,PD:0186,1,0.3893563747406006,kaggle_spiral,handpd_spiral,5
efficientnet_b0,PD:0187,1,0.43391355872154236,kaggle_spiral,handpd_spiral,5
efficientnet_b0,PD:0187,1,0.40923649072647095,kaggle_spiral,handpd_spiral,5
efficientnet_b0,PD:0187,1,0.3833155930042267,kaggle_spiral,handpd_spiral,5
efficientnet_b0,PD:0187,1,0.36487215757369995,kaggle_spiral,handpd_spiral,5
efficientnet_b0,PD:0188,1,0.39527133107185364,kaggle_spiral,handpd_spiral,5
efficientnet_b0,PD:0188,1,0.4135458469390869,kaggle_spiral,handpd_spiral,5
efficientnet_b0,PD:0188,1,0.37642645835876465,kaggle_spiral,handpd_spiral,5
efficientnet_b0,PD:0188,1,0.3682636320590973,kaggle_spiral,handpd_spiral,5
efficientnet_b0,PD:0192,1,0.49006155133247375,kaggle_spiral,handpd_spiral,5
efficientnet_b0,PD:0192,1,0.5308288335800171,kaggle_spiral,handpd_spiral,5
efficientnet_b0,PD:0192,1,0.48539474606513977,kaggle_spiral,handpd_spiral,5
efficientnet_b0,PD:0192,1,0.4737774431705475,kaggle_spiral,handpd_spiral,5
efficientnet_b0,PD:0196,1,0.45947912335395813,kaggle_spiral,handpd_spiral,5
efficientnet_b0,PD:0196,1,0.4338115453720093,kaggle_spiral,handpd_spiral,5
efficientnet_b0,PD:0196,1,0.44980376958847046,kaggle_spiral,handpd_spiral,5
efficientnet_b0,PD:0196,1,0.4668598473072052,kaggle_spiral,handpd_spiral,5
efficientnet_b0,PD:0197,1,0.43946415185928345,kaggle_spiral,handpd_spiral,5
efficientnet_b0,PD:0197,1,0.4074699878692627,kaggle_spiral,handpd_spiral,5
efficientnet_b0,PD:0197,1,0.4418979287147522,kaggle_spiral,handpd_spiral,5
efficientnet_b0,PD:0197,1,0.45087000727653503,kaggle_spiral,handpd_spiral,5
efficientnet_b0,PD:0198,1,0.4904074966907501,kaggle_spiral,handpd_spiral,5
efficientnet_b0,PD:0198,1,0.4835677146911621,kaggle_spiral,handpd_spiral,5
efficientnet_b0,PD:0198,1,0.48424410820007324,kaggle_spiral,handpd_spiral,5
efficientnet_b0,PD:0198,1,0.513953447341919,kaggle_spiral,handpd_spiral,5
efficientnet_b0,PD:0202,1,0.4128636121749878,kaggle_spiral,handpd_spiral,5
efficientnet_b0,PD:0202,1,0.4381489157676697,kaggle_spiral,handpd_spiral,5
efficientnet_b0,PD:0202,1,0.4390040934085846,kaggle_spiral,handpd_spiral,5
efficientnet_b0,PD:0202,1,0.446061909198761,kaggle_spiral,handpd_spiral,5
efficientnet_b0,PD:0203,1,0.4776715338230133,kaggle_spiral,handpd_spiral,5
efficientnet_b0,PD:0203,1,0.5098830461502075,kaggle_spiral,handpd_spiral,5
efficientnet_b0,PD:0203,1,0.42478540539741516,kaggle_spiral,handpd_spiral,5
efficientnet_b0,PD:0203,1,0.5058870315551758,kaggle_spiral,handpd_spiral,5
efficientnet_b0,PD:0207,1,0.4543336033821106,kaggle_spiral,handpd_spiral,5
efficientnet_b0,PD:0207,1,0.45626744627952576,kaggle_spiral,handpd_spiral,5
efficientnet_b0,PD:0207,1,0.43694016337394714,kaggle_spiral,handpd_spiral,5
efficientnet_b0,PD:0207,1,0.4452335834503174,kaggle_spiral,handpd_spiral,5
efficientnet_b0,PD:0208,1,0.4388680160045624,kaggle_spiral,handpd_spiral,5
efficientnet_b0,PD:0208,1,0.4192591905593872,kaggle_spiral,handpd_spiral,5
efficientnet_b0,PD:0208,1,0.42088449001312256,kaggle_spiral,handpd_spiral,5
efficientnet_b0,PD:0208,1,0.42828622460365295,kaggle_spiral,handpd_spiral,5
efficientnet_b0,PD:0213,1,0.5595965385437012,kaggle_spiral,handpd_spiral,5
efficientnet_b0,PD:0213,1,0.50225430727005,kaggle_spiral,handpd_spiral,5
efficientnet_b0,PD:0213,1,0.6136593818664551,kaggle_spiral,handpd_spiral,5
efficientnet_b0,PD:0213,1,0.5917432904243469,kaggle_spiral,handpd_spiral,5
efficientnet_b0,PD:0214,1,0.5015111565589905,kaggle_spiral,handpd_spiral,5
efficientnet_b0,PD:0214,1,0.5945703983306885,kaggle_spiral,handpd_spiral,5
efficientnet_b0,PD:0214,1,0.4899141192436218,kaggle_spiral,handpd_spiral,5
efficientnet_b0,PD:0214,1,0.6327590942382812,kaggle_spiral,handpd_spiral,5
efficientnet_b0,PD:0218,1,0.4653254449367523,kaggle_spiral,handpd_spiral,5
efficientnet_b0,PD:0218,1,0.4334906339645386,kaggle_spiral,handpd_spiral,5
efficientnet_b0,PD:0218,1,0.3690374195575714,kaggle_spiral,handpd_spiral,5
efficientnet_b0,PD:0218,1,0.36851444840431213,kaggle_spiral,handpd_spiral,5
efficientnet_b0,PD:0219,1,0.4505016803741455,kaggle_spiral,handpd_spiral,5
efficientnet_b0,PD:0219,1,0.4610632359981537,kaggle_spiral,handpd_spiral,5
efficientnet_b0,PD:0219,1,0.44538411498069763,kaggle_spiral,handpd_spiral,5
efficientnet_b0,PD:0219,1,0.47263652086257935,kaggle_spiral,handpd_spiral,5
efficientnet_b0,PD:0223,1,0.4755624234676361,kaggle_spiral,handpd_spiral,5
efficientnet_b0,PD:0223,1,0.42687317728996277,kaggle_spiral,handpd_spiral,5
efficientnet_b0,PD:0223,1,0.4326653778553009,kaggle_spiral,handpd_spiral,5
efficientnet_b0,PD:0223,1,0.44539472460746765,kaggle_spiral,handpd_spiral,5
efficientnet_b0,PD:0228,1,0.5004929304122925,kaggle_spiral,handpd_spiral,5
efficientnet_b0,PD:0228,1,0.5573052763938904,kaggle_spiral,handpd_spiral,5
efficientnet_b0,PD:0228,1,0.5217224955558777,kaggle_spiral,handpd_spiral,5
efficientnet_b0,PD:0228,1,0.5629895925521851,kaggle_spiral,handpd_spiral,5
efficientnet_b0,PD:0229,1,0.5602278709411621,kaggle_spiral,handpd_spiral,5
efficientnet_b0,PD:0229,1,0.5071211457252502,kaggle_spiral,handpd_spiral,5
efficientnet_b0,PD:0229,1,0.5549836158752441,kaggle_spiral,handpd_spiral,5
efficientnet_b0,PD:0229,1,0.4719952344894409,kaggle_spiral,handpd_spiral,5
efficientnet_b0,PD:0230,1,0.7667388916015625,kaggle_spiral,handpd_spiral,5
efficientnet_b0,PD:0230,1,0.6616343855857849,kaggle_spiral,handpd_spiral,5
efficientnet_b0,PD:0230,1,0.7174561619758606,kaggle_spiral,handpd_spiral,5
efficientnet_b0,PD:0230,1,0.7703580856323242,kaggle_spiral,handpd_spiral,5
efficientnet_b0,PD:0234,1,0.5439223647117615,kaggle_spiral,handpd_spiral,5
efficientnet_b0,PD:0234,1,0.5722206234931946,kaggle_spiral,handpd_spiral,5
efficientnet_b0,PD:0234,1,0.5538292527198792,kaggle_spiral,handpd_spiral,5
efficientnet_b0,PD:0234,1,0.4540591239929199,kaggle_spiral,handpd_spiral,5
efficientnet_b0,PD:0235,1,0.7341307997703552,kaggle_spiral,handpd_spiral,5
efficientnet_b0,PD:0235,1,0.6373809576034546,kaggle_spiral,handpd_spiral,5
efficientnet_b0,PD:0235,1,0.5692805647850037,kaggle_spiral,handpd_spiral,5
efficientnet_b0,PD:0235,1,0.6045882105827332,kaggle_spiral,handpd_spiral,5
efficientnet_b0,PD:0236,1,0.6254053711891174,kaggle_spiral,handpd_spiral,5
efficientnet_b0,PD:0236,1,0.5856232047080994,kaggle_spiral,handpd_spiral,5
efficientnet_b0,PD:0236,1,0.6470875144004822,kaggle_spiral,handpd_spiral,5
efficientnet_b0,PD:0236,1,0.6066939234733582,kaggle_spiral,handpd_spiral,5
efficientnet_b0,PD:0240,1,0.5530925393104553,kaggle_spiral,handpd_spiral,5
efficientnet_b0,PD:0240,1,0.48936036229133606,kaggle_spiral,handpd_spiral,5
efficientnet_b0,PD:0240,1,0.40680888295173645,kaggle_spiral,handpd_spiral,5
efficientnet_b0,PD:0240,1,0.5017377138137817,kaggle_spiral,handpd_spiral,5
efficientnet_b0,PD:0241,1,0.5328481793403625,kaggle_spiral,handpd_spiral,5
efficientnet_b0,PD:0241,1,0.5632447600364685,kaggle_spiral,handpd_spiral,5
efficientnet_b0,PD:0241,1,0.6378032565116882,kaggle_spiral,handpd_spiral,5
efficientnet_b0,PD:0241,1,0.5056251883506775,kaggle_spiral,handpd_spiral,5
efficientnet_b0,PD:0242,1,0.5291138291358948,kaggle_spiral,handpd_spiral,5
efficientnet_b0,PD:0242,1,0.5220084190368652,kaggle_spiral,handpd_spiral,5
efficientnet_b0,PD:0242,1,0.5991501808166504,kaggle_spiral,handpd_spiral,5
efficientnet_b0,PD:0242,1,0.5690745711326599,kaggle_spiral,handpd_spiral,5
efficientnet_b0,PD:0246,1,0.5195277333259583,kaggle_spiral,handpd_spiral,5
efficientnet_b0,PD:0246,1,0.53230220079422,kaggle_spiral,handpd_spiral,5
efficientnet_b0,PD:0246,1,0.45863670110702515,kaggle_spiral,handpd_spiral,5
efficientnet_b0,PD:0246,1,0.4886808693408966,kaggle_spiral,handpd_spiral,5
efficientnet_b0,PD:0247,1,0.6240758299827576,kaggle_spiral,handpd_spiral,5
efficientnet_b0,PD:0247,1,0.5299420356750488,kaggle_spiral,handpd_spiral,5
efficientnet_b0,PD:0247,1,0.6305935978889465,kaggle_spiral,handpd_spiral,5
efficientnet_b0,PD:0247,1,0.6180317401885986,kaggle_spiral,handpd_spiral,5
efficientnet_b0,PD:0253,1,0.49726009368896484,kaggle_spiral,handpd_spiral,5
efficientnet_b0,PD:0253,1,0.4133061468601227,kaggle_spiral,handpd_spiral,5
efficientnet_b0,PD:0253,1,0.4425644874572754,kaggle_spiral,handpd_spiral,5
efficientnet_b0,PD:0253,1,0.4561569392681122,kaggle_spiral,handpd_spiral,5
efficientnet_b0,PD:0254,1,0.5353633165359497,kaggle_spiral,handpd_spiral,5
efficientnet_b0,PD:0254,1,0.42972877621650696,kaggle_spiral,handpd_spiral,5
efficientnet_b0,PD:0254,1,0.4539669156074524,kaggle_spiral,handpd_spiral,5
efficientnet_b0,PD:0254,1,0.4187864661216736,kaggle_spiral,handpd_spiral,5
efficientnet_b0,PD:0261,1,0.4111446142196655,kaggle_spiral,handpd_spiral,5
efficientnet_b0,PD:0261,1,0.44145092368125916,kaggle_spiral,handpd_spiral,5
efficientnet_b0,PD:0261,1,0.3987380266189575,kaggle_spiral,handpd_spiral,5
efficientnet_b0,PD:0261,1,0.3672884702682495,kaggle_spiral,handpd_spiral,5
efficientnet_b0,PD:0268,1,0.5009310245513916,kaggle_spiral,handpd_spiral,5
efficientnet_b0,PD:0268,1,0.3963686525821686,kaggle_spiral,handpd_spiral,5
efficientnet_b0,PD:0268,1,0.4284805953502655,kaggle_spiral,handpd_spiral,5
efficientnet_b0,PD:0268,1,0.5194352269172668,kaggle_spiral,handpd_spiral,5
efficientnet_b0,PD:0269,1,0.4360693395137787,kaggle_spiral,handpd_spiral,5
efficientnet_b0,PD:0269,1,0.4545263350009918,kaggle_spiral,handpd_spiral,5
efficientnet_b0,PD:0269,1,0.4762508273124695,kaggle_spiral,handpd_spiral,5
efficientnet_b0,PD:0269,1,0.4821080267429352,kaggle_spiral,handpd_spiral,5
efficientnet_b0,PD:0273,1,0.4378874897956848,kaggle_spiral,handpd_spiral,5
efficientnet_b0,PD:0273,1,0.47903692722320557,kaggle_spiral,handpd_spiral,5
efficientnet_b0,PD:0273,1,0.42582520842552185,kaggle_spiral,handpd_spiral,5
efficientnet_b0,PD:0273,1,0.4317018985748291,kaggle_spiral,handpd_spiral,5
efficientnet_b0,PD:0274,1,0.4581596255302429,kaggle_spiral,handpd_spiral,5
efficientnet_b0,PD:0274,1,0.41605573892593384,kaggle_spiral,handpd_spiral,5
efficientnet_b0,PD:0274,1,0.5004310607910156,kaggle_spiral,handpd_spiral,5
efficientnet_b0,PD:0274,1,0.4481271505355835,kaggle_spiral,handpd_spiral,5
efficientnet_b0,PD:0280,1,0.43796688318252563,kaggle_spiral,handpd_spiral,5
efficientnet_b0,PD:0280,1,0.467340886592865,kaggle_spiral,handpd_spiral,5
efficientnet_b0,PD:0280,1,0.45670169591903687,kaggle_spiral,handpd_spiral,5
efficientnet_b0,PD:0280,1,0.42895078659057617,kaggle_spiral,handpd_spiral,5
efficientnet_b0,PD:0281,1,0.4549638032913208,kaggle_spiral,handpd_spiral,5
efficientnet_b0,PD:0281,1,0.43924179673194885,kaggle_spiral,handpd_spiral,5
efficientnet_b0,PD:0281,1,0.5251131057739258,kaggle_spiral,handpd_spiral,5
efficientnet_b0,PD:0281,1,0.5013523101806641,kaggle_spiral,handpd_spiral,5
